ticker,date,div
AAPB,2023-12-27,4.306
AAPB,2025-12-29,1.409
AAPD,2023-09-19,0.193
AAPD,2023-12-21,0.264
AAPD,2024-03-19,0.176
AAPD,2024-06-25,0.212
AAPD,2024-09-24,0.147
AAPD,2024-12-23,0.161
AAPD,2025-03-25,0.118
AAPD,2025-06-24,0.121
AAPD,2025-09-23,0.125
AAPD,2025-12-23,0.108
AAPD,2026-03-24,0.084
AAPD,2026-06-23,0.079
AAPD,2026-09-22,0.178
AAPU,2023-09-19,0.146
AAPU,2023-12-21,0.272
AAPU,2024-03-19,0.084
AAPU,2024-06-25,0.198
AAPU,2024-09-24,0.282
AAPU,2024-12-12,4.63
AAPU,2024-12-23,0.295
AAPU,2025-03-25,0.243
AAPU,2025-06-24,0.084
AAPU,2025-09-23,0.221
AAPU,2025-12-10,2.172
AAPU,2025-12-23,0.186
AAPU,2026-03-24,0.173
AAPU,2026-06-23,0.218
AAPU,2026-09-22,0.189
AAPX,2024-12-24,6.926
AAPX,2025-12-24,0.203
AAXJ,2023-12-20,1.108
AAXJ,2024-06-11,0.265
AAXJ,2024-12-17,1.074
AAXJ,2025-06-16,0.56
AAXJ,2025-12-16,1.125
AAXJ,2026-06-15,0.421
ABI,2025-07-10,0.015
ABI,2025-08-06,0.083
ABI,2025-09-08,0.133
ABI,2025-10-09,0.147
ABI,2025-11-07,0.123
ABI,2025-12-11,0.247
ABI,2026-01-08,0.023
ABI,2026-02-09,0.127
ABI,2026-03-10,0.13
ABI,2026-04-09,0.136
ABI,2026-05-08,0.126
ABI,2026-06-09,0.123
ABI,2026-07-09,0.139
ABI,2026-08-07,0.122
ABI,2026-09-09,0.126
ABND,2023-09-01,0.196
ABND,2023-10-02,0.208
ABND,2023-11-01,0.224
ABND,2023-12-01,0.192
ABND,2023-12-18,0.207
ABND,2024-02-01,0.193
ABND,2024-03-01,0.191
ABND,2024-04-01,0.177
ABND,2024-05-01,0.225
ABND,2024-06-03,0.213
ABND,2024-07-01,0.206
ABND,2024-08-01,0.234
ABND,2024-09-03,0.208
ABND,2024-10-01,0.259
ABND,2024-11-01,0.23
ABND,2024-12-02,0.209
ABND,2024-12-17,0.249
ABND,2025-02-03,0.21
ABND,2025-03-03,0.207
ABND,2025-04-01,0.205
ABND,2025-05-01,0.23
ABND,2025-06-02,0.208
ABND,2025-07-01,0.227
ABND,2025-08-01,0.206
ABND,2025-09-02,0.193
ABND,2025-10-01,0.233
ABND,2025-11-03,0.196
ABND,2025-12-01,0.186
ABND,2025-12-16,0.237
ABND,2026-02-05,0.203
ABND,2026-03-05,0.189
ABND,2026-04-07,0.205
ABND,2026-05-06,0.172
ABND,2026-06-04,0.164
ABND,2026-07-07,0.179
ABND,2026-08-06,0.206
ABND,2026-09-04,0.165
ACII,2025-11-28,0.188
ACII,2025-12-31,0.188
ACII,2026-01-30,0.188
ACII,2026-02-27,0.188
ACII,2026-03-31,0.188
ACII,2026-04-30,0.188
ACII,2026-05-29,0.188
ACII,2026-06-30,0.196
ACII,2026-07-31,0.198
ACII,2026-08-31,0.208
ACIO,2023-09-27,0.052
ACIO,2023-12-27,0.069
ACIO,2024-03-26,0.053
ACIO,2024-06-27,0.047
ACIO,2024-09-27,0.043
ACIO,2024-12-30,0.034
ACIO,2025-03-28,0.05
ACIO,2025-06-27,0.052
ACIO,2025-09-29,0.027
ACIO,2025-12-30,0.034
ACIO,2026-03-30,0.065
ACIO,2026-06-29,0.048
ACIO,2026-09-29,0.035
ACLO,2024-12-02,0.06
ACLO,2024-12-18,0.221
ACLO,2024-12-30,0.014
ACLO,2025-02-03,0.22
ACLO,2025-03-03,0.21
ACLO,2025-04-01,0.21
ACLO,2025-05-01,0.2
ACLO,2025-06-02,0.19
ACLO,2025-07-01,0.19
ACLO,2025-08-01,0.2
ACLO,2025-09-02,0.19
ACLO,2025-10-01,0.18
ACLO,2025-11-03,0.22
ACLO,2025-12-01,0.22
ACLO,2025-12-17,0.22
ACLO,2026-02-02,0.21
ACLO,2026-03-02,0.21
ACLO,2026-04-01,0.21
ACLO,2026-05-01,0.21
ACLO,2026-06-01,0.21
ACLO,2026-07-01,0.19
ACLO,2026-08-03,0.19
ACLO,2026-09-01,0.19
ACLO,2026-10-01,0.19
ACWI,2023-12-20,0.962
ACWI,2024-06-11,0.935
ACWI,2024-12-17,1.066
ACWI,2025-06-16,0.961
ACWI,2025-12-16,1.235
ACWI,2026-06-15,1.01
ACWV,2023-12-20,1.555
ACWV,2024-06-11,0.914
ACWV,2024-12-17,1.631
ACWV,2025-06-16,1.181
ACWV,2025-12-16,1.297
ACWV,2026-06-15,1.067
ACWX,2023-12-20,0.714
ACWX,2024-06-11,0.784
ACWX,2024-12-17,0.767
ACWX,2025-06-16,0.847
ACWX,2025-12-16,1.049
ACWX,2026-06-15,0.852
ACYN,2026-05-01,0.178
ACYN,2026-06-01,0.186
ACYN,2026-07-01,0.179
ACYN,2026-08-03,0.188
ACYN,2026-09-01,0.173
ACYN,2026-10-01,0.173
ACYQ,2026-09-01,0.372
ACYS,2026-07-01,0.123
ACYS,2026-08-03,0.135
ACYS,2026-09-01,0.133
ACYS,2026-10-01,0.133
AFDM,2023-09-22,0.168
AFDM,2023-12-22,0.157
AFDM,2024-03-21,0.257
AFDM,2024-06-27,1.037
AFDM,2024-09-26,0.757
AFDM,2024-12-13,1.151
AFDM,2025-03-27,0.299
AFDM,2025-06-26,1.098
AFDM,2025-09-25,0.385
AFDM,2025-12-12,0.996
AFDM,2026-03-26,0.349
AFDM,2026-06-25,1.07
AFDM,2026-09-24,0.682
AFIF,2023-09-14,0.044
AFIF,2023-10-17,0.047
AFIF,2023-11-15,0.049
AFIF,2023-12-14,0.09
AFIF,2024-01-18,0.023
AFIF,2024-02-15,0.048
AFIF,2024-03-14,0.044
AFIF,2024-04-18,0.048
AFIF,2024-05-16,0.042
AFIF,2024-06-13,0.04
AFIF,2024-07-18,0.052
AFIF,2024-08-15,0.042
AFIF,2024-09-19,0.051
AFIF,2024-10-17,0.04
AFIF,2024-11-14,0.036
AFIF,2024-12-12,0.046
AFIF,2025-01-22,0.012
AFIF,2025-02-14,0.026
AFIF,2025-03-14,0.029
AFIF,2025-04-17,0.029
AFIF,2025-05-16,0.034
AFIF,2025-06-13,0.023
AFIF,2025-07-18,0.01
AFIF,2025-08-15,0.011
AFIF,2025-09-17,0.022
AFIF,2025-10-17,0.017
AFIF,2025-11-14,0.012
AFIF,2025-12-12,0.108
AFIF,2026-01-22,0.021
AFIF,2026-02-13,0.022
AFIF,2026-03-20,0.036
AFIF,2026-04-17,0.03
AFIF,2026-05-15,0.025
AFIF,2026-06-18,0.036
AFIF,2026-07-17,0.012
AFIF,2026-08-26,0.027
AFIF,2026-09-25,0.036
AFK,2023-12-18,0.314
AFK,2025-12-22,0.272
AFLG,2023-12-22,0.284
AFLG,2024-03-21,0.023
AFLG,2024-06-27,0.025
AFLG,2024-09-26,0.018
AFLG,2024-12-13,0.118
AFLG,2025-03-27,0.07
AFLG,2025-06-26,0.065
AFLG,2025-09-25,0.014
AFLG,2025-12-12,0.18
AFLG,2026-03-26,0.05
AFLG,2026-06-25,0.067
AFLG,2026-09-24,0.017
AFMC,2023-12-22,0.185
AFMC,2024-03-21,0.022
AFMC,2024-06-27,0.028
AFMC,2024-09-26,0.022
AFMC,2024-12-13,0.132
AFMC,2025-03-27,0.076
AFMC,2025-06-26,0.081
AFMC,2025-09-25,0.017
AFMC,2025-12-12,0.157
AFMC,2026-03-26,0.057
AFMC,2026-06-25,0.052
AFMC,2026-09-24,0.018
AGG,2023-09-01,0.26
AGG,2023-10-02,0.257
AGG,2023-11-01,0.277
AGG,2023-12-01,0.274
AGG,2023-12-14,0.282
AGG,2024-02-01,0.293
AGG,2024-03-01,0.286
AGG,2024-04-01,0.29
AGG,2024-05-01,0.295
AGG,2024-06-03,0.302
AGG,2024-07-01,0.301
AGG,2024-08-01,0.304
AGG,2024-09-03,0.312
AGG,2024-10-01,0.307
AGG,2024-11-01,0.31
AGG,2024-12-02,0.312
AGG,2024-12-18,0.316
AGG,2025-02-03,0.322
AGG,2025-03-03,0.304
AGG,2025-04-01,0.325
AGG,2025-05-01,0.321
AGG,2025-06-02,0.323
AGG,2025-07-01,0.319
AGG,2025-08-01,0.33
AGG,2025-09-02,0.327
AGG,2025-10-01,0.325
AGG,2025-11-03,0.327
AGG,2025-12-01,0.326
AGG,2025-12-19,0.334
AGG,2026-02-02,0.325
AGG,2026-03-02,0.316
AGG,2026-04-01,0.337
AGG,2026-05-01,0.33
AGG,2026-06-01,0.331
AGG,2026-07-01,0.331
AGG,2026-08-03,0.338
AGG,2026-09-01,0.337
AGG,2026-10-01,0.334
AGGH,2023-09-27,0.2
AGGH,2023-10-26,0.2
AGGH,2023-11-27,0.2
AGGH,2023-12-26,0.2
AGGH,2024-01-26,0.2
AGGH,2024-02-26,0.2
AGGH,2024-03-25,0.2
AGGH,2024-04-25,0.14
AGGH,2024-05-24,0.14
AGGH,2024-06-25,0.2
AGGH,2024-07-26,0.14
AGGH,2024-08-27,0.14
AGGH,2024-09-25,0.13
AGGH,2024-10-28,0.13
AGGH,2024-11-25,0.12
AGGH,2024-12-23,0.11
AGGH,2025-01-28,0.13
AGGH,2025-02-25,0.13
AGGH,2025-03-26,0.13
AGGH,2025-04-25,0.13
AGGH,2025-05-27,0.13
AGGH,2025-06-25,0.13
AGGH,2025-07-28,0.13
AGGH,2025-08-26,0.13
AGGH,2025-09-25,0.13
AGGH,2025-10-28,0.13
AGGH,2025-11-21,0.13
AGGH,2025-12-23,0.13
AGGH,2026-01-27,0.13
AGGH,2026-02-24,0.12
AGGH,2026-03-26,0.12
AGGH,2026-04-27,0.12
AGGH,2026-05-26,0.12
AGGH,2026-06-25,0.12
AGGH,2026-07-28,0.12
AGGH,2026-08-26,0.12
AGGH,2026-09-25,0.12
AGGM,2023-09-01,0.239
AGGM,2023-10-02,0.264
AGGM,2023-11-01,0.358
AGGM,2023-12-01,0.354
AGGM,2023-12-14,0.35
AGGM,2024-02-01,0.35
AGGM,2024-03-01,0.336
AGGM,2024-04-01,0.385
AGGM,2024-05-01,0.334
AGGM,2024-06-03,0.329
AGGM,2024-07-01,0.328
AGGM,2024-08-01,0.329
AGGM,2024-09-03,0.328
AGGM,2024-10-01,0.324
AGGM,2024-11-01,0.329
AGGM,2024-12-02,0.325
AGGM,2024-12-18,0.332
AGGM,2025-02-03,0.332
AGGM,2025-03-03,0.393
AGGM,2025-04-01,0.325
AGGM,2025-05-01,0.319
AGGM,2025-06-02,0.325
AGGM,2025-07-01,0.336
AGGM,2025-08-01,0.339
AGGM,2025-09-02,0.32
AGGM,2025-10-01,0.314
AGGM,2025-11-03,0.335
AGGM,2025-12-01,0.316
AGGM,2025-12-19,0.33
AGGM,2026-02-02,0.323
AGGM,2026-03-02,0.31
AGGM,2026-04-01,0.342
AGGM,2026-05-01,0.332
AGGM,2026-06-01,0.316
AGGM,2026-07-01,0.327
AGGM,2026-08-03,0.34
AGGM,2026-09-01,0.38
AGGM,2026-10-01,0.286
AGGY,2023-09-25,0.14
AGGY,2023-10-25,0.14
AGGY,2023-11-24,0.15
AGGY,2023-12-22,0.19
AGGY,2024-01-25,0.15
AGGY,2024-02-23,0.15
AGGY,2024-03-22,0.15
AGGY,2024-04-24,0.15
AGGY,2024-05-24,0.15
AGGY,2024-06-25,0.155
AGGY,2024-07-26,0.155
AGGY,2024-08-27,0.155
AGGY,2024-09-25,0.16
AGGY,2024-10-28,0.16
AGGY,2024-11-25,0.16
AGGY,2024-12-26,0.185
AGGY,2025-01-28,0.16
AGGY,2025-02-25,0.155
AGGY,2025-03-26,0.18
AGGY,2025-04-25,0.16
AGGY,2025-05-27,0.175
AGGY,2025-06-25,0.15
AGGY,2025-07-28,0.165
AGGY,2025-08-26,0.165
AGGY,2025-09-25,0.155
AGGY,2025-10-28,0.16
AGGY,2025-11-24,0.17
AGGY,2025-12-26,0.179
AGGY,2026-01-27,0.16
AGGY,2026-02-24,0.14
AGGY,2026-03-26,0.175
AGGY,2026-04-27,0.16
AGGY,2026-05-26,0.17
AGGY,2026-06-25,0.15
AGGY,2026-07-28,0.17
AGGY,2026-08-26,0.18
AGGY,2026-09-25,0.18
AGIX,2024-12-17,0.11
AGIX,2025-12-22,0.438
AGOX,2023-12-28,0.066
AGOX,2024-12-20,1.071
AGOX,2025-12-18,0.921
AGZ,2023-09-01,0.257
AGZ,2023-10-02,0.292
AGZ,2023-11-01,0.306
AGZ,2023-12-01,0.301
AGZ,2023-12-14,0.315
AGZ,2024-02-01,0.306
AGZ,2024-03-01,0.298
AGZ,2024-04-01,0.309
AGZ,2024-05-01,0.304
AGZ,2024-06-03,0.311
AGZ,2024-07-01,0.3
AGZ,2024-08-01,0.308
AGZ,2024-09-03,0.327
AGZ,2024-10-01,0.314
AGZ,2024-11-01,0.329
AGZ,2024-12-02,0.321
AGZ,2024-12-18,0.33
AGZ,2025-02-03,0.343
AGZ,2025-03-03,0.33
AGZ,2025-04-01,0.363
AGZ,2025-05-01,0.344
AGZ,2025-06-02,0.356
AGZ,2025-07-01,0.334
AGZ,2025-08-01,0.356
AGZ,2025-09-02,0.344
AGZ,2025-10-01,0.355
AGZ,2025-11-03,0.351
AGZ,2025-12-01,0.325
AGZ,2025-12-19,0.333
AGZ,2026-02-02,0.342
AGZ,2026-03-02,0.319
AGZ,2026-04-01,0.342
AGZ,2026-05-01,0.313
AGZ,2026-06-01,0.338
AGZ,2026-07-01,0.316
AGZ,2026-08-03,0.327
AGZ,2026-09-01,0.309
AGZ,2026-10-01,0.327
AGZD,2023-09-25,0.07
AGZD,2023-10-25,0.07
AGZD,2023-11-24,0.07
AGZD,2023-12-07,0.507
AGZD,2023-12-22,0.125
AGZD,2024-01-25,0.065
AGZD,2024-02-23,0.065
AGZD,2024-03-22,0.069
AGZD,2024-04-24,0.07
AGZD,2024-05-24,0.07
AGZD,2024-06-25,0.07
AGZD,2024-07-26,0.07
AGZD,2024-08-27,0.07
AGZD,2024-09-25,0.075
AGZD,2024-10-28,0.08
AGZD,2024-11-25,0.08
AGZD,2024-12-26,0.105
AGZD,2025-01-28,0.075
AGZD,2025-02-25,0.075
AGZD,2025-03-26,0.075
AGZD,2025-04-25,0.08
AGZD,2025-05-27,0.08
AGZD,2025-06-25,0.075
AGZD,2025-07-28,0.075
AGZD,2025-08-26,0.075
AGZD,2025-09-25,0.075
AGZD,2025-10-28,0.095
AGZD,2025-11-24,0.065
AGZD,2025-12-26,0.082
AGZD,2026-01-27,0.065
AGZD,2026-02-24,0.07
AGZD,2026-03-26,0.08
AGZD,2026-04-27,0.07
AGZD,2026-05-26,0.075
AGZD,2026-06-25,0.075
AGZD,2026-07-28,0.07
AGZD,2026-08-26,0.08
AGZD,2026-09-25,0.095
AHLT,2023-12-21,0.825
AHLT,2025-12-22,0.447
AIA,2023-12-20,0.992
AIA,2024-06-11,0.378
AIA,2024-12-17,1.51
AIA,2025-06-16,0.816
AIA,2025-12-16,1.625
AIA,2026-06-15,0.515
AIPI,2024-07-26,1.48
AIPI,2024-08-27,1.457
AIPI,2024-09-26,1.479
AIPI,2024-10-24,1.47
AIPI,2024-11-26,1.51
AIPI,2024-12-24,1.486
AIPI,2025-01-29,1.448
AIPI,2025-02-26,1.355
AIPI,2025-03-26,1.28
AIPI,2025-04-23,1.102
AIPI,2025-05-28,1.233
AIPI,2025-06-25,1.274
AIPI,2025-07-23,1.271
AIPI,2025-08-27,1.231
AIPI,2025-09-24,1.248
AIPI,2025-10-29,1.303
AIPI,2025-11-25,1.201
AIPI,2025-12-24,1.208
AIPI,2026-01-28,1.162
AIPI,2026-02-25,1.038
AIPI,2026-03-25,1.023
AIPI,2026-04-22,1.052
AIPI,2026-05-27,0.259
AIPI,2026-06-03,0.264
AIPI,2026-06-10,0.253
AIPI,2026-06-17,0.25
AIPI,2026-06-24,0.244
AIPI,2026-07-01,0.249
AIPI,2026-07-08,0.248
AIPI,2026-07-15,0.244
AIPI,2026-07-22,0.235
AIPI,2026-07-29,0.232
AIPI,2026-08-05,0.235
AIPI,2026-08-12,0.249
AIPI,2026-08-19,0.25
AIPI,2026-08-26,0.242
AIPI,2026-09-02,0.251
AIPI,2026-09-09,0.249
AIPI,2026-09-16,0.245
AIPI,2026-09-23,0.252
AIPI,2026-09-30,0.25
AIPO,2025-12-30,0.003
AIQ,2023-12-28,0.019
AIQ,2024-06-27,0.043
AIQ,2024-12-30,0.011
AIQ,2025-06-27,0.049
AIQ,2025-12-30,0.045
AIRR,2023-09-22,0.019
AIRR,2023-12-22,0.045
AIRR,2024-03-21,0.01
AIRR,2024-06-27,0.033
AIRR,2024-09-26,0.042
AIRR,2024-12-13,0.056
AIRR,2025-03-27,0.075
AIRR,2025-06-26,0.066
AIRR,2025-09-25,0.014
AIRR,2025-12-12,0.028
AIRR,2026-03-26,0.067
ALAI,2024-12-18,0.173
ALAI,2025-12-18,0.541
ALLW,2025-12-29,1.285
AMDD,2025-03-25,0.87
AMDD,2025-06-24,1.72
AMDD,2025-09-23,1.03
AMDD,2025-12-23,1.57
AMDD,2026-03-24,1.14
AMDD,2026-06-23,0.25
AMDD,2026-09-22,0.242
AMDG,2025-12-30,2.968
AMDW,2025-08-04,0.599
AMDW,2025-08-11,1.368
AMDW,2025-08-18,1.135
AMDW,2025-08-25,0.641
AMDW,2025-09-02,0.389
AMDW,2025-09-08,0.425
AMDW,2025-09-15,0.301
AMDW,2025-09-22,0.535
AMDW,2025-09-29,0.703
AMDW,2025-10-06,0.79
AMDW,2025-10-14,1.19
AMDW,2025-10-20,1.367
AMDW,2025-10-27,1.491
AMDW,2025-11-03,1.082
AMDW,2025-11-10,1.044
AMDW,2025-11-17,0.564
AMDW,2025-11-24,0.977
AMDW,2025-12-01,0.27
AMDW,2025-12-08,0.776
AMDW,2025-12-15,0.691
AMDW,2025-12-22,0.564
AMDW,2025-12-29,0.649
AMDW,2026-01-05,0.628
AMDW,2026-01-12,0.646
AMDW,2026-01-20,0.232
AMDW,2026-01-26,0.724
AMDW,2026-02-02,0.864
AMDW,2026-02-09,0.349
AMDW,2026-02-17,0.216
AMDW,2026-02-23,0.479
AMDW,2026-03-02,0.386
AMDW,2026-03-09,0.454
AMDW,2026-03-16,0.382
AMDW,2026-03-23,0.443
AMDW,2026-03-30,0.522
AMDW,2026-04-06,0.46
AMDW,2026-04-13,0.623
AMDW,2026-04-20,0.705
AMDW,2026-04-27,0.806
AMDW,2026-05-04,1.188
AMDW,2026-05-11,1.079
AMDW,2026-05-18,1.734
AMDW,2026-05-26,0.885
AMDW,2026-06-01,1.819
AMDW,2026-06-08,2.078
AMDW,2026-06-15,0.902
AMDW,2026-06-22,2.03
AMDW,2026-06-29,1.844
AMDW,2026-07-06,1.32
AMDW,2026-07-13,1.427
AMDW,2026-07-20,1.951
AMDW,2026-07-27,0.845
AMDW,2026-08-03,1.648
AMDW,2026-08-10,0.797
AMDW,2026-08-17,1.1
AMDW,2026-08-24,1.326
AMDW,2026-08-31,0.573
AMDW,2026-09-08,0.749
AMDW,2026-09-14,0.923
AMDW,2026-09-21,1.196
AMDW,2026-09-28,1.341
AMDY,2023-11-08,5.59
AMDY,2023-12-07,2.215
AMDY,2024-01-05,7.055
AMDY,2024-02-07,8.37
AMDY,2024-03-06,6.87
AMDY,2024-04-04,5.565
AMDY,2024-05-06,2.555
AMDY,2024-06-06,4.505
AMDY,2024-07-05,3.675
AMDY,2024-08-07,2.155
AMDY,2024-09-06,4.645
AMDY,2024-10-17,4.605
AMDY,2024-11-14,4.07
AMDY,2024-12-12,1.52
AMDY,2025-01-08,1.7
AMDY,2025-02-06,1.905
AMDY,2025-03-06,1.265
AMDY,2025-04-03,1.385
AMDY,2025-05-01,1.685
AMDY,2025-05-29,2.115
AMDY,2025-06-26,2.315
AMDY,2025-07-24,2.83
AMDY,2025-08-21,2.72
AMDY,2025-09-18,1.22
AMDY,2025-10-16,4.75
AMDY,2025-10-23,0.95
AMDY,2025-10-30,1.16
AMDY,2025-11-06,0.605
AMDY,2025-11-13,0.735
AMDY,2025-11-20,0.9
AMDY,2025-11-28,0.55
AMDY,2025-12-04,0.77
AMDY,2025-12-11,0.304
AMDY,2025-12-18,0.427
AMDY,2025-12-26,0.412
AMDY,2026-01-02,0.38
AMDY,2026-01-08,0.398
AMDY,2026-01-15,0.321
AMDY,2026-01-22,0.354
AMDY,2026-01-29,0.547
AMDY,2026-02-05,0.347
AMDY,2026-02-12,0.35
AMDY,2026-02-19,0.279
AMDY,2026-02-26,0.304
AMDY,2026-03-05,0.328
AMDY,2026-03-12,0.306
AMDY,2026-03-19,0.321
AMDY,2026-03-26,0.329
AMDY,2026-04-02,0.327
AMDY,2026-04-09,0.498
AMDY,2026-04-16,0.698
AMDY,2026-04-23,0.868
AMDY,2026-04-30,0.945
AMDY,2026-05-07,0.914
AMDY,2026-05-14,1.094
AMDY,2026-05-21,0.974
AMDY,2026-05-28,1.159
AMDY,2026-06-04,1.173
AMDY,2026-06-11,0.671
AMDY,2026-06-18,1.051
AMDY,2026-06-25,0.882
AMDY,2026-07-02,0.797
AMDY,2026-07-09,0.875
AMDY,2026-07-16,0.853
AMDY,2026-07-23,0.721
AMDY,2026-07-30,0.631
AMDY,2026-08-06,0.675
AMDY,2026-08-13,0.564
AMDY,2026-08-20,0.609
AMDY,2026-08-27,0.484
AMDY,2026-09-03,0.487
AMDY,2026-09-10,0.376
AMDY,2026-09-17,0.391
AMDY,2026-09-24,0.779
AMDY,2026-10-01,0.987
AMJB,2024-02-28,0.423
AMJB,2024-05-29,0.454
AMJB,2024-08-28,0.442
AMJB,2024-11-29,0.45
AMJB,2025-03-03,0.475
AMJB,2025-05-29,0.484
AMJB,2025-08-28,0.489
AMJB,2025-12-01,0.501
AMJB,2026-03-02,0.506
AMJB,2026-05-29,0.508
AMJB,2026-08-28,0.496
AMLP,2023-11-09,0.88
AMLP,2024-02-08,0.88
AMLP,2024-05-09,0.94
AMLP,2024-08-08,0.94
AMLP,2024-11-13,0.95
AMLP,2025-02-12,0.97
AMLP,2025-05-14,0.98
AMLP,2025-08-13,0.98
AMLP,2025-11-12,1.0
AMLP,2026-02-11,1.01
AMLP,2026-05-13,1.03
AMLP,2026-08-12,1.03
AMUU,2025-06-24,0.103
AMUU,2025-09-23,0.238
AMUU,2025-12-10,6.702
AMUU,2025-12-23,0.317
AMUU,2026-03-24,0.225
AMUU,2026-06-23,0.676
AMUU,2026-09-22,0.171
AMZA,2023-09-20,0.24
AMZA,2023-10-20,0.24
AMZA,2023-11-20,0.24
AMZA,2023-12-20,0.24
AMZA,2024-01-22,0.26
AMZA,2024-02-21,0.26
AMZA,2024-03-20,0.26
AMZA,2024-04-22,0.26
AMZA,2024-05-20,0.26
AMZA,2024-06-20,0.26
AMZA,2024-07-22,0.26
AMZA,2024-08-20,0.26
AMZA,2024-09-20,0.26
AMZA,2024-10-21,0.26
AMZA,2024-11-20,0.26
AMZA,2024-12-20,0.26
AMZA,2025-01-21,0.29
AMZA,2025-02-20,0.29
AMZA,2025-03-20,0.29
AMZA,2025-04-21,0.29
AMZA,2025-05-20,0.29
AMZA,2025-06-20,0.29
AMZA,2025-07-21,0.29
AMZA,2025-08-20,0.29
AMZA,2025-09-22,0.29
AMZA,2025-10-20,0.29
AMZA,2025-11-20,0.29
AMZA,2025-12-22,0.29
AMZA,2026-01-20,0.34
AMZA,2026-02-20,0.34
AMZA,2026-03-20,0.34
AMZA,2026-04-20,0.34
AMZA,2026-05-20,0.34
AMZA,2026-06-22,0.34
AMZA,2026-07-20,0.34
AMZA,2026-08-20,0.34
AMZA,2026-09-21,0.34
AMZD,2023-09-19,0.447
AMZD,2023-12-21,0.208
AMZD,2024-03-19,0.167
AMZD,2024-06-25,0.174
AMZD,2024-09-24,0.141
AMZD,2024-12-23,0.112
AMZD,2025-03-25,0.104
AMZD,2025-06-24,0.068
AMZD,2025-09-23,0.115
AMZD,2025-12-23,0.077
AMZD,2026-03-24,0.054
AMZD,2026-06-23,0.062
AMZD,2026-09-22,0.045
AMZU,2023-09-19,0.162
AMZU,2023-12-08,0.343
AMZU,2023-12-21,0.214
AMZU,2024-03-19,0.212
AMZU,2024-06-25,0.253
AMZU,2024-09-24,0.304
AMZU,2024-12-12,0.541
AMZU,2024-12-23,0.282
AMZU,2025-03-25,0.201
AMZU,2025-06-24,0.265
AMZU,2025-09-23,0.222
AMZU,2025-12-10,1.203
AMZU,2025-12-23,0.25
AMZU,2026-03-24,0.169
AMZU,2026-06-23,0.172
AMZU,2026-09-22,0.191
AMZY,2023-09-08,0.471
AMZY,2023-10-06,0.634
AMZY,2023-11-08,0.544
AMZY,2023-12-07,0.469
AMZY,2024-01-05,0.368
AMZY,2024-02-07,0.684
AMZY,2024-03-06,0.643
AMZY,2024-04-04,0.697
AMZY,2024-05-06,0.973
AMZY,2024-06-06,0.954
AMZY,2024-07-05,0.765
AMZY,2024-08-07,0.474
AMZY,2024-09-06,0.656
AMZY,2024-10-24,0.763
AMZY,2024-11-21,1.173
AMZY,2024-12-19,0.862
AMZY,2025-01-16,0.401
AMZY,2025-02-13,0.548
AMZY,2025-03-13,0.418
AMZY,2025-04-10,0.488
AMZY,2025-05-08,0.796
AMZY,2025-06-05,0.596
AMZY,2025-07-03,0.59
AMZY,2025-07-31,0.642
AMZY,2025-08-28,0.49
AMZY,2025-09-25,0.46
AMZY,2025-10-16,0.255
AMZY,2025-10-23,0.096
AMZY,2025-10-30,0.201
AMZY,2025-11-06,0.294
AMZY,2025-11-13,0.107
AMZY,2025-11-20,0.085
AMZY,2025-11-28,0.083
AMZY,2025-12-04,0.195
AMZY,2025-12-11,0.083
AMZY,2025-12-18,0.081
AMZY,2025-12-26,0.079
AMZY,2026-01-02,0.065
AMZY,2026-01-08,0.066
AMZY,2026-01-15,0.096
AMZY,2026-01-22,0.061
AMZY,2026-01-29,0.065
AMZY,2026-02-05,0.075
AMZY,2026-02-12,0.078
AMZY,2026-02-19,0.088
AMZY,2026-02-26,0.093
AMZY,2026-03-05,0.098
AMZY,2026-03-12,0.084
AMZY,2026-03-19,0.084
AMZY,2026-03-26,0.078
AMZY,2026-04-02,0.077
AMZY,2026-04-09,0.079
AMZY,2026-04-16,0.149
AMZY,2026-04-23,0.163
AMZY,2026-04-30,0.21
AMZY,2026-05-07,0.212
AMZY,2026-05-14,0.144
AMZY,2026-05-21,0.101
AMZY,2026-05-28,0.094
AMZY,2026-06-04,0.069
AMZY,2026-06-11,0.065
AMZY,2026-06-18,0.067
AMZY,2026-06-25,0.065
AMZY,2026-07-02,0.067
AMZY,2026-07-09,0.064
AMZY,2026-07-16,0.072
AMZY,2026-07-23,0.075
AMZY,2026-07-30,0.071
AMZY,2026-08-06,0.145
AMZY,2026-08-13,0.134
AMZY,2026-08-20,0.085
AMZY,2026-08-27,0.084
AMZY,2026-09-03,0.061
AMZY,2026-09-10,0.051
AMZY,2026-09-17,0.051
AMZY,2026-09-24,0.056
AMZY,2026-10-01,0.049
ANGL,2023-09-01,0.135
ANGL,2023-10-02,0.136
ANGL,2023-11-01,0.135
ANGL,2023-12-01,0.122
ANGL,2023-12-27,0.141
ANGL,2024-02-01,0.145
ANGL,2024-03-01,0.138
ANGL,2024-04-01,0.152
ANGL,2024-05-01,0.151
ANGL,2024-06-03,0.156
ANGL,2024-07-01,0.151
ANGL,2024-08-01,0.157
ANGL,2024-09-03,0.15
ANGL,2024-10-01,0.144
ANGL,2024-11-01,0.157
ANGL,2024-12-02,0.145
ANGL,2024-12-27,0.156
ANGL,2025-02-03,0.156
ANGL,2025-03-03,0.136
ANGL,2025-04-01,0.158
ANGL,2025-05-01,0.151
ANGL,2025-06-02,0.155
ANGL,2025-07-01,0.144
ANGL,2025-08-01,0.157
ANGL,2025-09-02,0.15
ANGL,2025-10-01,0.147
ANGL,2025-11-03,0.162
ANGL,2025-11-28,0.147
ANGL,2025-12-29,0.16
ANGL,2026-02-02,0.159
ANGL,2026-03-02,0.141
ANGL,2026-04-01,0.175
ANGL,2026-05-01,0.156
ANGL,2026-06-01,0.154
ANGL,2026-07-01,0.171
ANGL,2026-08-03,0.168
ANGL,2026-09-01,0.159
ANGL,2026-10-01,0.158
AOA,2023-10-03,0.225
AOA,2023-12-22,0.627
AOA,2024-04-02,0.205
AOA,2024-07-02,0.547
AOA,2024-10-02,0.267
AOA,2024-12-20,0.741
AOA,2025-04-02,0.218
AOA,2025-07-02,0.621
AOA,2025-10-02,0.254
AOA,2025-12-23,0.856
AOA,2026-04-02,0.276
AOA,2026-07-02,0.676
AOA,2026-10-02,0.297
AOK,2023-09-05,0.059
AOK,2023-10-03,0.088
AOK,2023-11-02,0.062
AOK,2023-12-04,0.064
AOK,2023-12-22,0.288
AOK,2024-02-02,0.058
AOK,2024-03-04,0.065
AOK,2024-04-02,0.09
AOK,2024-05-02,0.069
AOK,2024-06-04,0.069
AOK,2024-07-02,0.151
AOK,2024-08-02,0.075
AOK,2024-09-04,0.073
AOK,2024-10-02,0.1
AOK,2024-11-04,0.075
AOK,2024-12-03,0.075
AOK,2024-12-20,0.305
AOK,2025-02-04,0.079
AOK,2025-03-04,0.075
AOK,2025-04-02,0.099
AOK,2025-05-02,0.077
AOK,2025-06-03,0.081
AOK,2025-07-02,0.175
AOK,2025-08-04,0.081
AOK,2025-09-03,0.076
AOK,2025-10-02,0.103
AOK,2025-11-04,0.083
AOK,2025-12-02,0.079
AOK,2025-12-23,0.309
AOK,2026-02-03,0.095
AOK,2026-03-03,0.078
AOK,2026-04-02,0.12
AOK,2026-05-04,0.081
AOK,2026-06-02,0.076
AOK,2026-07-02,0.202
AOK,2026-08-04,0.085
AOK,2026-09-02,0.085
AOK,2026-10-02,0.126
AOM,2023-10-03,0.215
AOM,2023-12-22,0.448
AOM,2024-04-02,0.221
AOM,2024-07-02,0.337
AOM,2024-10-02,0.261
AOM,2024-12-20,0.527
AOM,2025-04-02,0.247
AOM,2025-07-02,0.374
AOM,2025-10-02,0.268
AOM,2025-12-23,0.533
AOM,2026-04-02,0.31
AOM,2026-07-02,0.407
AOM,2026-10-02,0.299
AOR,2023-10-03,0.222
AOR,2023-12-22,0.524
AOR,2024-04-02,0.221
AOR,2024-07-02,0.424
AOR,2024-10-02,0.27
AOR,2024-12-20,0.608
AOR,2025-04-02,0.248
AOR,2025-07-02,0.47
AOR,2025-10-02,0.268
AOR,2025-12-23,0.669
AOR,2026-04-02,0.309
AOR,2026-07-02,0.522
AOR,2026-10-02,0.315
APCB,2023-09-01,0.091
APCB,2023-10-02,0.084
APCB,2023-11-01,0.097
APCB,2023-12-01,0.089
APCB,2024-02-01,0.142
APCB,2024-03-01,0.085
APCB,2024-04-02,0.101
APCB,2024-05-01,0.053
APCB,2024-06-03,0.097
APCB,2024-07-01,0.094
APCB,2024-08-01,0.109
APCB,2024-09-03,0.1
APCB,2024-10-01,0.101
APCB,2024-11-01,0.102
APCB,2024-12-02,0.096
APCB,2024-12-23,0.294
APCB,2025-02-03,0.059
APCB,2025-03-03,0.096
APCB,2025-04-01,0.105
APCB,2025-05-01,0.1
APCB,2025-06-02,0.103
APCB,2025-07-01,0.105
APCB,2025-08-01,0.105
APCB,2025-09-02,0.1
APCB,2025-10-01,0.071
APCB,2025-11-03,0.106
APCB,2025-11-28,0.092
APCB,2025-12-23,0.249
APCB,2026-02-02,0.042
APCB,2026-03-02,0.096
APCB,2026-04-01,0.109
APCB,2026-05-01,0.101
APCB,2026-06-01,0.099
APCB,2026-07-01,0.107
APCB,2026-08-03,0.101
APCB,2026-09-01,0.076
APCB,2026-10-01,0.026
APIE,2023-12-26,0.167
APIE,2024-12-23,0.599
APIE,2025-12-23,1.318
APLU,2024-12-27,0.107
APLU,2025-01-27,0.018
APLU,2025-02-24,0.099
APLU,2025-03-25,0.091
APLU,2025-04-24,0.1
APLU,2025-05-23,0.089
APLU,2025-06-24,0.097
APLU,2025-07-25,0.101
APLU,2025-08-25,0.106
APLU,2025-09-24,0.107
APLU,2025-10-27,0.084
APLU,2025-11-24,0.095
APLU,2025-12-15,0.15
APLU,2025-12-22,0.143
APLU,2026-01-27,0.069
APLU,2026-02-24,0.098
APLU,2026-03-25,0.083
APLU,2026-05-22,0.092
APLU,2026-06-24,0.094
APLU,2026-07-24,0.11
APLU,2026-08-25,0.089
APLU,2026-09-24,0.104
APPX,2025-12-26,9.975
APUE,2023-12-26,0.119
APUE,2024-12-23,0.282
APUE,2025-12-23,0.347
ARGT,2023-12-28,0.526
ARGT,2024-06-27,0.213
ARGT,2024-12-30,0.953
ARGT,2025-06-27,0.07
ARGT,2025-12-30,0.701
ARGT,2026-06-29,0.329
ARKF,2025-12-26,0.043
ARKK,2023-09-08,0.364
ARKQ,2025-12-26,0.306
ARKW,2025-12-26,2.352
ARKY,2026-09-24,0.27
ARMG,2025-12-30,0.277
ARMW,2025-11-03,1.171
ARMW,2025-11-10,0.728
ARMW,2025-11-17,0.353
ARMW,2025-11-24,0.345
ARMW,2025-12-01,0.383
ARMW,2025-12-08,0.509
ARMW,2025-12-15,0.5
ARMW,2025-12-22,0.281
ARMW,2025-12-29,0.166
ARMW,2026-01-05,0.281
ARMW,2026-01-12,0.342
ARMW,2026-01-20,0.229
ARMW,2026-01-26,0.185
ARMW,2026-02-02,0.384
ARMW,2026-02-09,0.155
ARMW,2026-02-17,0.413
ARMW,2026-02-23,0.335
ARMW,2026-03-02,0.306
ARMW,2026-03-09,0.331
ARMW,2026-03-16,0.158
ARMW,2026-03-23,0.299
ARMW,2026-03-30,0.439
ARMW,2026-04-06,0.514
ARMW,2026-04-13,0.445
ARMW,2026-04-20,0.364
ARMW,2026-04-27,0.586
ARMW,2026-05-04,1.14
ARMW,2026-05-11,0.43
ARMW,2026-05-18,0.657
ARMW,2026-05-26,0.61
ARMW,2026-06-01,1.6
ARMW,2026-06-08,1.992
ARMW,2026-06-15,1.33
ARMW,2026-06-22,2.157
ARMW,2026-06-29,2.647
ARMW,2026-07-06,0.47
ARMW,2026-07-13,0.995
ARMW,2026-07-20,1.29
ARMW,2026-07-27,0.493
ARMW,2026-08-03,0.785
ARMW,2026-08-10,0.499
ARMW,2026-08-17,1.008
ARMW,2026-08-24,0.646
ARMW,2026-08-31,0.303
ARMW,2026-09-08,0.462
ARMW,2026-09-14,0.642
ARMW,2026-09-21,0.667
ARMW,2026-09-28,0.675
ARTY,2023-12-20,0.15
ARTY,2024-06-11,0.118
ARTY,2024-12-17,0.07
ARTY,2026-06-15,0.043
ASCE,2025-12-22,0.058
ASHR,2023-12-15,0.593
ASHR,2024-12-20,0.299
ASHR,2025-12-19,0.758
ASMG,2025-12-30,2.531
ASMU,2026-03-24,0.053
ASMU,2026-06-23,0.133
ASMU,2026-09-22,0.215
ATFV,2023-12-20,0.002
ATFV,2024-12-18,0.041
ATFV,2025-12-18,0.071
AUSF,2023-11-07,0.18
AUSF,2024-02-07,0.18
AUSF,2024-05-07,0.23
AUSF,2024-08-07,0.27
AUSF,2024-11-07,0.285
AUSF,2024-12-30,0.141
AUSF,2025-02-07,0.285
AUSF,2025-05-07,0.29
AUSF,2025-08-07,0.295
AUSF,2025-11-07,0.295
AUSF,2025-12-30,0.125
AUSF,2026-02-04,0.307
AUSF,2026-05-06,0.325
AUSF,2026-08-05,0.325
AVDE,2023-12-18,0.772
AVDE,2024-06-24,1.172
AVDE,2024-12-17,0.85
AVDE,2025-06-24,1.248
AVDE,2025-12-16,0.943
AVDE,2026-03-10,0.097
AVDE,2026-06-09,1.166
AVDE,2026-09-08,0.325
AVDS,2023-12-18,0.375
AVDS,2024-06-24,0.818
AVDS,2024-12-17,0.775
AVDS,2025-06-24,0.781
AVDS,2025-12-16,0.874
AVDS,2026-03-10,0.032
AVDS,2026-06-09,0.845
AVDS,2026-09-08,0.277
AVDV,2023-12-18,0.888
AVDV,2024-06-24,1.184
AVDV,2024-12-17,1.621
AVDV,2025-06-24,1.445
AVDV,2025-12-16,1.423
AVDV,2026-03-10,0.121
AVDV,2026-06-09,1.387
AVDV,2026-09-08,0.536
AVEM,2023-12-18,1.141
AVEM,2024-06-24,0.569
AVEM,2024-12-17,1.296
AVEM,2025-06-24,0.722
AVEM,2025-12-16,1.165
AVEM,2026-03-10,0.059
AVEM,2026-06-09,0.531
AVEM,2026-09-08,0.648
AVES,2023-12-18,1.326
AVES,2024-06-24,0.477
AVES,2024-12-17,1.412
AVES,2025-06-24,0.744
AVES,2025-12-16,1.104
AVES,2026-03-10,0.066
AVES,2026-06-09,0.444
AVES,2026-09-08,0.617
AVGB,2025-06-24,0.388
AVGB,2025-09-23,0.328
AVGB,2025-12-16,1.055
AVGB,2026-06-09,0.271
AVGB,2026-09-08,0.501
AVGE,2023-12-20,0.679
AVGE,2024-06-26,0.629
AVGE,2024-12-19,0.759
AVGE,2025-06-26,0.703
AVGE,2025-12-18,0.733
AVGE,2026-03-12,0.163
AVGE,2026-06-11,0.493
AVGE,2026-09-10,0.334
AVGG,2025-12-30,0.611
AVGV,2023-12-20,0.641
AVGV,2024-06-26,0.667
AVGV,2024-12-19,0.751
AVGV,2025-06-26,0.715
AVGV,2025-12-18,0.731
AVGV,2026-03-12,0.165
AVGV,2026-06-11,0.493
AVGV,2026-09-10,0.322
AVGX,2024-12-31,0.262
AVGX,2025-12-30,0.775
AVIG,2023-09-01,0.151
AVIG,2023-10-02,0.14
AVIG,2023-11-01,0.158
AVIG,2023-12-01,0.15
AVIG,2023-12-18,0.165
AVIG,2024-02-01,0.151
AVIG,2024-03-01,0.154
AVIG,2024-04-01,0.143
AVIG,2024-05-01,0.17
AVIG,2024-06-03,0.163
AVIG,2024-07-01,0.149
AVIG,2024-08-01,0.173
AVIG,2024-09-03,0.156
AVIG,2024-10-01,0.137
AVIG,2024-11-01,0.17
AVIG,2024-12-02,0.148
AVIG,2024-12-17,0.179
AVIG,2025-02-03,0.145
AVIG,2025-03-03,0.146
AVIG,2025-04-01,0.144
AVIG,2025-05-01,0.17
AVIG,2025-06-02,0.152
AVIG,2025-07-01,0.151
AVIG,2025-08-01,0.167
AVIG,2025-09-02,0.139
AVIG,2025-10-01,0.158
AVIG,2025-11-03,0.15
AVIG,2025-12-01,0.133
AVIG,2025-12-16,0.174
AVIG,2026-02-05,0.16
AVIG,2026-03-05,0.143
AVIG,2026-04-07,0.16
AVIG,2026-05-06,0.135
AVIG,2026-06-04,0.134
AVIG,2026-07-07,0.146
AVIG,2026-08-06,0.157
AVIG,2026-09-04,0.136
AVIV,2023-12-18,0.801
AVIV,2024-06-24,1.144
AVIV,2024-12-17,0.651
AVIV,2025-06-24,1.114
AVIV,2025-12-16,1.028
AVIV,2026-03-10,0.099
AVIV,2026-06-09,0.87
AVIV,2026-09-08,0.273
AVL,2024-12-23,0.078
AVL,2025-03-25,0.131
AVL,2025-06-24,0.19
AVL,2025-09-23,0.142
AVL,2025-12-10,12.181
AVL,2025-12-23,0.158
AVL,2026-03-24,0.256
AVL,2026-06-23,0.2
AVL,2026-09-22,0.198
AVLC,2023-12-18,0.21
AVLC,2024-03-21,0.177
AVLC,2024-06-24,0.174
AVLC,2024-09-23,0.155
AVLC,2024-12-17,0.228
AVLC,2025-03-25,0.178
AVLC,2025-06-24,0.198
AVLC,2025-09-23,0.136
AVLC,2025-12-16,0.216
AVLC,2026-03-10,0.154
AVLC,2026-06-09,0.225
AVLC,2026-09-08,0.191
AVLV,2023-09-21,0.234
AVLV,2023-12-18,0.304
AVLV,2024-03-21,0.22
AVLV,2024-06-24,0.26
AVLV,2024-09-23,0.273
AVLV,2024-12-17,0.304
AVLV,2025-03-25,0.267
AVLV,2025-06-24,0.281
AVLV,2025-09-23,0.179
AVLV,2025-12-16,0.282
AVLV,2026-03-10,0.23
AVLV,2026-06-09,0.283
AVLV,2026-09-08,0.232
AVMC,2023-12-18,0.138
AVMC,2024-03-21,0.145
AVMC,2024-06-24,0.159
AVMC,2024-09-23,0.129
AVMC,2024-12-17,0.229
AVMC,2025-03-25,0.188
AVMC,2025-06-24,0.207
AVMC,2025-09-23,0.168
AVMC,2025-12-16,0.229
AVMC,2026-03-10,0.146
AVMC,2026-06-09,0.214
AVMC,2026-09-08,0.186
AVMU,2023-09-01,0.099
AVMU,2023-10-02,0.097
AVMU,2023-11-01,0.107
AVMU,2023-12-01,0.101
AVMU,2023-12-18,0.109
AVMU,2024-02-01,0.129
AVMU,2024-03-01,0.125
AVMU,2024-04-01,0.113
AVMU,2024-05-01,0.137
AVMU,2024-06-03,0.126
AVMU,2024-07-01,0.119
AVMU,2024-08-01,0.137
AVMU,2024-09-03,0.125
AVMU,2024-10-01,0.126
AVMU,2024-11-01,0.141
AVMU,2024-12-02,0.124
AVMU,2024-12-17,0.133
AVMU,2025-02-03,0.14
AVMU,2025-03-03,0.131
AVMU,2025-04-01,0.127
AVMU,2025-05-01,0.144
AVMU,2025-06-02,0.132
AVMU,2025-07-01,0.131
AVMU,2025-08-01,0.145
AVMU,2025-09-02,0.126
AVMU,2025-10-01,0.146
AVMU,2025-11-03,0.134
AVMU,2025-12-01,0.123
AVMU,2025-12-16,0.14
AVMU,2026-02-05,0.157
AVMU,2026-03-05,0.129
AVMU,2026-04-07,0.145
AVMU,2026-05-06,0.12
AVMU,2026-06-04,0.123
AVMU,2026-07-07,0.129
AVMU,2026-08-06,0.138
AVMU,2026-09-04,0.12
AVMV,2023-12-18,0.138
AVMV,2024-03-21,0.199
AVMV,2024-06-24,0.199
AVMV,2024-09-23,0.166
AVMV,2024-12-17,0.288
AVMV,2025-03-25,0.226
AVMV,2025-06-24,0.214
AVMV,2025-09-23,0.168
AVMV,2025-12-16,0.245
AVMV,2026-03-10,0.182
AVMV,2026-06-09,0.249
AVMV,2026-09-08,0.203
AVNM,2023-12-20,0.908
AVNM,2024-06-26,0.937
AVNM,2024-12-19,0.986
AVNM,2025-06-26,1.018
AVNM,2025-12-18,1.014
AVNM,2026-03-12,0.081
AVNM,2026-06-11,0.846
AVNM,2026-09-10,0.406
AVRE,2023-09-21,0.417
AVRE,2023-12-18,0.488
AVRE,2024-03-21,0.264
AVRE,2024-06-24,0.355
AVRE,2024-09-23,0.657
AVRE,2024-12-17,0.397
AVRE,2025-03-25,0.274
AVRE,2025-06-24,0.399
AVRE,2025-09-23,0.65
AVRE,2025-12-16,0.55
AVRE,2026-03-10,0.038
AVRE,2026-06-09,0.39
AVRE,2026-09-08,0.401
AVS,2024-12-12,0.442
AVS,2024-12-23,0.072
AVS,2025-03-25,0.171
AVS,2025-06-24,0.052
AVS,2025-09-23,0.045
AVS,2025-12-23,0.131
AVS,2026-03-24,0.059
AVS,2026-06-23,0.036
AVS,2026-09-22,0.043
AVSC,2023-09-20,0.132
AVSC,2023-09-21,0.168
AVSC,2023-12-18,0.161
AVSC,2024-03-21,0.131
AVSC,2024-06-24,0.187
AVSC,2024-09-23,0.125
AVSC,2024-12-17,0.196
AVSC,2025-03-25,0.139
AVSC,2025-06-24,0.179
AVSC,2025-09-23,0.178
AVSC,2025-12-16,0.187
AVSC,2026-03-10,0.088
AVSC,2026-06-09,0.218
AVSC,2026-09-08,0.208
AVSD,2023-12-18,0.572
AVSD,2024-06-24,1.04
AVSD,2024-12-17,0.77
AVSD,2025-06-24,1.141
AVSD,2025-12-16,0.745
AVSD,2026-03-10,0.066
AVSD,2026-06-09,1.059
AVSD,2026-09-08,0.327
AVSF,2023-09-01,0.16
AVSF,2023-10-02,0.154
AVSF,2023-11-01,0.168
AVSF,2023-12-01,0.163
AVSF,2023-12-18,0.173
AVSF,2024-02-01,0.159
AVSF,2024-03-01,0.156
AVSF,2024-04-01,0.142
AVSF,2024-05-01,0.188
AVSF,2024-06-03,0.176
AVSF,2024-07-01,0.162
AVSF,2024-08-01,0.185
AVSF,2024-09-03,0.166
AVSF,2024-10-01,0.161
AVSF,2024-11-01,0.162
AVSF,2024-12-02,0.155
AVSF,2024-12-17,0.189
AVSF,2025-02-03,0.164
AVSF,2025-03-03,0.166
AVSF,2025-04-01,0.163
AVSF,2025-05-01,0.182
AVSF,2025-06-02,0.164
AVSF,2025-07-01,0.163
AVSF,2025-08-01,0.181
AVSF,2025-09-02,0.158
AVSF,2025-10-01,0.18
AVSF,2025-11-03,0.169
AVSF,2025-12-01,0.15
AVSF,2025-12-16,0.193
AVSF,2026-02-05,0.184
AVSF,2026-03-05,0.156
AVSF,2026-04-07,0.193
AVSF,2026-05-06,0.148
AVSF,2026-06-04,0.153
AVSF,2026-07-07,0.163
AVSF,2026-08-06,0.175
AVSF,2026-09-04,0.147
AVUQ,2025-06-24,0.095
AVUQ,2025-09-23,0.038
AVUQ,2025-12-16,0.057
AVUQ,2026-03-10,0.041
AVUQ,2026-06-09,0.065
AVUQ,2026-09-08,0.043
AVUS,2023-09-21,0.267
AVUS,2023-12-18,0.343
AVUS,2024-03-21,0.262
AVUS,2024-06-24,0.298
AVUS,2024-09-23,0.327
AVUS,2024-12-17,0.342
AVUS,2025-03-25,0.296
AVUS,2025-06-24,0.309
AVUS,2025-09-23,0.28
AVUS,2025-12-16,0.325
AVUS,2026-03-10,0.244
AVUS,2026-06-09,0.336
AVUS,2026-09-08,0.294
AVUV,2023-09-21,0.358
AVUV,2023-12-18,0.438
AVUV,2024-03-21,0.307
AVUV,2024-06-24,0.428
AVUV,2024-09-23,0.387
AVUV,2024-12-17,0.435
AVUV,2025-03-25,0.339
AVUV,2025-06-24,0.435
AVUV,2025-09-23,0.457
AVUV,2025-12-16,0.381
AVUV,2026-03-10,0.28
AVUV,2026-06-09,0.443
AVUV,2026-09-08,0.414
AVXC,2024-06-24,0.275
AVXC,2024-12-17,0.387
AVXC,2025-06-24,0.38
AVXC,2025-12-16,0.877
AVXC,2026-03-10,0.019
AVXC,2026-06-09,0.443
AVXC,2026-09-08,0.448
AVXX,2025-12-30,0.435
BAB,2023-09-18,0.083
BAB,2023-10-23,0.086
BAB,2023-11-20,0.086
BAB,2023-12-18,0.086
BAB,2024-01-22,0.083
BAB,2024-02-20,0.081
BAB,2024-03-18,0.084
BAB,2024-04-22,0.093
BAB,2024-05-20,0.09
BAB,2024-06-24,0.086
BAB,2024-07-22,0.084
BAB,2024-08-19,0.081
BAB,2024-09-23,0.087
BAB,2024-10-21,0.088
BAB,2024-11-18,0.091
BAB,2024-12-23,0.089
BAB,2025-01-21,0.088
BAB,2025-02-24,0.085
BAB,2025-03-24,0.093
BAB,2025-04-21,0.088
BAB,2025-05-19,0.088
BAB,2025-06-23,0.09
BAB,2025-07-21,0.091
BAB,2025-08-18,0.09
BAB,2025-09-22,0.092
BAB,2025-10-20,0.092
BAB,2025-11-24,0.085
BAB,2025-12-22,0.094
BAB,2026-01-20,0.092
BAB,2026-02-23,0.089
BAB,2026-03-23,0.095
BAB,2026-04-20,0.091
BAB,2026-05-18,0.098
BAB,2026-06-22,0.096
BAB,2026-07-20,0.1
BAB,2026-08-24,0.1
BAB,2026-09-21,0.104
BAFE,2024-12-30,0.016
BAFE,2025-12-30,0.081
BAI,2025-06-16,0.004
BAI,2025-12-16,0.593
BALI,2023-11-01,0.203
BALI,2023-12-01,0.156
BALI,2023-12-14,0.208
BALI,2024-02-01,0.163
BALI,2024-03-01,0.18
BALI,2024-04-01,0.142
BALI,2024-05-01,0.196
BALI,2024-06-03,0.13
BALI,2024-07-01,0.169
BALI,2024-08-01,0.19
BALI,2024-09-03,0.226
BALI,2024-10-01,0.202
BALI,2024-11-01,0.127
BALI,2024-12-02,0.231
BALI,2024-12-18,0.2
BALI,2025-02-03,0.173
BALI,2025-03-03,0.206
BALI,2025-04-01,0.255
BALI,2025-05-01,0.382
BALI,2025-06-02,0.234
BALI,2025-07-01,0.203
BALI,2025-08-01,0.203
BALI,2025-09-02,0.186
BALI,2025-10-01,0.189
BALI,2025-11-03,0.195
BALI,2025-12-01,0.25
BALI,2025-12-30,0.222
BALI,2026-02-02,0.179
BALI,2026-03-02,0.197
BALI,2026-04-01,0.346
BALI,2026-05-01,0.219
BALI,2026-06-01,0.216
BALI,2026-07-01,0.267
BALI,2026-08-03,0.189
BALI,2026-09-01,0.214
BALI,2026-10-01,0.177
BAMG,2023-11-29,0.012
BAMG,2023-12-26,0.022
BAMG,2024-08-30,0.007
BAMG,2024-11-29,0.015
BAMG,2024-12-27,0.404
BAMG,2026-08-28,0.004
BAMV,2023-11-29,0.027
BAMV,2023-12-26,0.027
BAMV,2024-02-28,0.06
BAMV,2024-05-31,0.087
BAMV,2024-08-30,0.098
BAMV,2024-11-29,0.105
BAMV,2024-12-27,0.768
BAMV,2025-02-28,0.086
BAMV,2025-05-28,0.09
BAMV,2025-08-29,0.104
BAMV,2025-11-28,0.102
BAMV,2025-12-26,0.046
BAMV,2026-02-27,0.069
BAMV,2026-05-28,0.129
BAMV,2026-08-28,0.106
BBAG,2023-09-01,0.158
BBAG,2023-10-02,0.152
BBAG,2023-11-01,0.155
BBAG,2023-12-01,0.154
BBAG,2023-12-28,0.161
BBAG,2024-02-01,0.169
BBAG,2024-03-01,0.158
BBAG,2024-04-01,0.158
BBAG,2024-05-01,0.156
BBAG,2024-06-03,0.163
BBAG,2024-07-01,0.158
BBAG,2024-08-01,0.169
BBAG,2024-09-03,0.159
BBAG,2024-10-01,0.15
BBAG,2024-11-01,0.162
BBAG,2024-12-02,0.146
BBAG,2024-12-31,0.174
BBAG,2025-02-03,0.158
BBAG,2025-03-03,0.153
BBAG,2025-04-01,0.191
BBAG,2025-05-01,0.157
BBAG,2025-06-02,0.157
BBAG,2025-07-01,0.166
BBAG,2025-08-01,0.166
BBAG,2025-09-02,0.169
BBAG,2025-10-01,0.164
BBAG,2025-11-03,0.163
BBAG,2025-12-01,0.163
BBAG,2025-12-31,0.185
BBAG,2026-02-02,0.158
BBAG,2026-03-02,0.157
BBAG,2026-04-01,0.165
BBAG,2026-05-01,0.167
BBAG,2026-06-01,0.171
BBAG,2026-07-01,0.166
BBAG,2026-08-03,0.173
BBAG,2026-09-01,0.167
BBAG,2026-10-01,0.165
BBAX,2023-09-19,0.41
BBAX,2023-12-19,0.621
BBAX,2024-03-19,0.399
BBAX,2024-06-25,0.517
BBAX,2024-09-24,0.705
BBAX,2024-12-24,0.39
BBAX,2025-03-25,0.447
BBAX,2025-06-24,0.495
BBAX,2025-09-23,0.683
BBAX,2025-12-23,0.55
BBAX,2026-03-24,0.484
BBAX,2026-06-23,0.534
BBAX,2026-09-22,0.789
BBBI,2024-03-01,0.255
BBBI,2024-04-01,0.189
BBBI,2024-05-01,0.21
BBBI,2024-06-03,0.218
BBBI,2024-07-01,0.211
BBBI,2024-08-01,0.218
BBBI,2024-09-03,0.167
BBBI,2024-10-01,0.207
BBBI,2024-11-01,0.216
BBBI,2024-12-02,0.208
BBBI,2024-12-30,0.205
BBBI,2025-02-03,0.184
BBBI,2025-03-03,0.198
BBBI,2025-04-01,0.227
BBBI,2025-05-01,0.254
BBBI,2025-06-02,0.219
BBBI,2025-07-01,0.182
BBBI,2025-08-01,0.222
BBBI,2025-09-02,0.219
BBBI,2025-10-01,0.213
BBBI,2025-11-03,0.221
BBBI,2025-12-01,0.211
BBBI,2025-12-30,0.202
BBBI,2026-02-02,0.173
BBBI,2026-03-02,0.186
BBBI,2026-04-01,0.209
BBBI,2026-05-01,0.206
BBBI,2026-06-01,0.214
BBBI,2026-07-01,0.208
BBBI,2026-08-03,0.215
BBBI,2026-09-01,0.215
BBCA,2023-09-19,0.397
BBCA,2023-12-19,0.559
BBCA,2024-03-19,0.238
BBCA,2024-06-25,0.431
BBCA,2024-09-24,0.431
BBCA,2024-12-24,0.57
BBCA,2025-03-25,0.215
BBCA,2025-06-24,0.43
BBCA,2025-09-23,0.437
BBCA,2025-12-23,0.621
BBCA,2026-03-24,0.265
BBCA,2026-06-23,0.449
BBCA,2026-09-22,0.418
BBEM,2023-09-19,0.606
BBEM,2023-12-19,0.339
BBEM,2024-03-19,0.049
BBEM,2024-06-25,0.456
BBEM,2024-09-24,0.5
BBEM,2024-12-24,0.386
BBEM,2025-03-25,0.173
BBEM,2025-06-24,0.491
BBEM,2025-09-23,0.607
BBEM,2025-12-15,1.516
BBEM,2025-12-23,0.943
BBEM,2026-03-24,0.145
BBEM,2026-06-23,0.449
BBEM,2026-09-22,0.461
BBEU,2023-09-19,0.303
BBEU,2023-12-19,0.256
BBEU,2024-03-19,0.199
BBEU,2024-06-25,1.028
BBEU,2024-09-24,0.288
BBEU,2024-12-24,0.79
BBEU,2025-03-25,0.194
BBEU,2025-06-24,1.139
BBEU,2025-09-23,0.265
BBEU,2025-12-23,0.478
BBEU,2026-03-24,0.287
BBEU,2026-06-23,1.247
BBEU,2026-09-22,0.279
BBH,2023-12-18,0.713
BBH,2024-12-23,1.252
BBH,2025-12-22,0.957
BBHY,2023-09-01,0.244
BBHY,2023-10-02,0.266
BBHY,2023-11-01,0.274
BBHY,2023-12-01,0.25
BBHY,2023-12-28,0.28
BBHY,2024-02-01,0.227
BBHY,2024-03-01,0.242
BBHY,2024-04-01,0.257
BBHY,2024-05-01,0.251
BBHY,2024-06-03,0.298
BBHY,2024-07-01,0.28
BBHY,2024-08-01,0.258
BBHY,2024-09-03,0.313
BBHY,2024-10-01,0.283
BBHY,2024-11-01,0.282
BBHY,2024-12-02,0.295
BBHY,2024-12-31,0.322
BBHY,2025-02-03,0.25
BBHY,2025-03-03,0.286
BBHY,2025-04-01,0.382
BBHY,2025-05-01,0.353
BBHY,2025-06-02,0.254
BBHY,2025-07-01,0.204
BBHY,2025-08-01,0.281
BBHY,2025-09-02,0.287
BBHY,2025-10-01,0.266
BBHY,2025-11-03,0.28
BBHY,2025-12-01,0.268
BBHY,2025-12-31,0.258
BBHY,2026-02-02,0.27
BBHY,2026-03-02,0.277
BBHY,2026-04-01,0.263
BBHY,2026-05-01,0.269
BBHY,2026-06-01,0.264
BBHY,2026-07-01,0.269
BBHY,2026-08-03,0.27
BBHY,2026-09-01,0.268
BBHY,2026-10-01,0.242
BBIN,2023-09-19,0.223
BBIN,2023-12-19,0.623
BBIN,2024-03-19,0.199
BBIN,2024-06-25,0.883
BBIN,2024-09-24,0.263
BBIN,2024-12-24,0.602
BBIN,2025-03-25,0.207
BBIN,2025-06-24,0.954
BBIN,2025-09-23,0.276
BBIN,2025-12-23,1.358
BBIN,2026-03-24,0.256
BBIN,2026-06-23,0.982
BBIN,2026-09-22,0.311
BBJP,2023-12-19,1.601
BBJP,2024-12-24,1.535
BBJP,2025-12-23,3.537
BBLU,2023-12-20,0.174
BBLU,2024-12-19,0.181
BBLU,2025-12-16,0.191
BBMC,2023-09-19,0.275
BBMC,2023-12-19,0.423
BBMC,2024-03-19,0.159
BBMC,2024-06-25,0.289
BBMC,2024-09-24,0.274
BBMC,2024-12-24,0.535
BBMC,2025-03-25,0.196
BBMC,2025-06-24,0.277
BBMC,2025-09-23,0.363
BBMC,2025-12-23,0.491
BBMC,2026-03-24,0.227
BBMC,2026-06-23,0.326
BBMC,2026-09-22,0.363
BBRE,2023-09-19,0.729
BBRE,2023-12-19,0.937
BBRE,2024-03-19,0.54
BBRE,2024-06-25,0.796
BBRE,2024-09-24,0.723
BBRE,2024-12-24,0.925
BBRE,2025-03-25,0.507
BBRE,2025-06-24,0.741
BBRE,2025-09-23,0.728
BBRE,2025-12-23,1.022
BBRE,2026-03-24,0.405
BBRE,2026-06-23,0.684
BBRE,2026-09-22,0.816
BBSC,2023-09-19,0.283
BBSC,2023-12-19,0.358
BBSC,2024-03-19,0.152
BBSC,2024-06-25,0.18
BBSC,2024-09-24,0.205
BBSC,2024-12-24,0.34
BBSC,2025-03-25,0.117
BBSC,2025-06-24,0.172
BBSC,2025-09-23,0.238
BBSC,2025-12-23,0.31
BBSC,2026-03-24,0.167
BBSC,2026-06-23,0.189
BBSC,2026-09-22,0.246
BBUS,2023-09-19,0.281
BBUS,2023-12-19,0.408
BBUS,2024-03-19,0.24
BBUS,2024-06-25,0.323
BBUS,2024-09-24,0.308
BBUS,2024-12-24,0.409
BBUS,2025-03-25,0.277
BBUS,2025-06-24,0.313
BBUS,2025-09-23,0.344
BBUS,2025-12-23,0.39
BBUS,2026-03-24,0.288
BBUS,2026-06-23,0.343
BBUS,2026-09-22,0.351
BCD,2023-12-15,1.38
BCD,2024-12-19,1.128
BCD,2025-12-30,5.329
BCI,2023-12-15,0.761
BCI,2024-12-19,0.651
BCI,2025-12-30,3.22
BCLO,2025-03-03,0.323
BCLO,2025-04-01,0.308
BCLO,2025-05-01,0.3
BCLO,2025-06-02,0.298
BCLO,2025-07-01,0.274
BCLO,2025-08-01,0.296
BCLO,2025-09-02,0.28
BCLO,2025-10-01,0.288
BCLO,2025-11-03,0.292
BCLO,2025-12-01,0.266
BCLO,2025-12-19,0.276
BCLO,2026-02-02,0.27
BCLO,2026-03-02,0.241
BCLO,2026-04-01,0.267
BCLO,2026-05-01,0.258
BCLO,2026-06-01,0.264
BCLO,2026-07-01,0.255
BCLO,2026-08-03,0.257
BCLO,2026-09-01,0.266
BCLO,2026-10-01,0.229
BCPL,2026-02-02,0.086
BCPL,2026-03-02,0.086
BCPL,2026-04-01,0.067
BCPL,2026-05-01,0.074
BCPL,2026-06-01,0.074
BCPL,2026-07-01,0.09
BCPL,2026-08-03,0.099
BCPL,2026-09-01,0.098
BCTK,2026-09-22,0.049
BDBT,2025-07-30,0.068
BDBT,2025-08-28,0.083
BDBT,2025-09-29,0.082
BDBT,2025-10-30,0.078
BDBT,2025-11-25,0.083
BDBT,2025-12-30,0.168
BDBT,2026-02-25,0.085
BDBT,2026-03-27,0.079
BDBT,2026-04-28,0.079
BDBT,2026-05-27,0.081
BDBT,2026-06-26,0.082
BDBT,2026-07-29,0.082
BDBT,2026-08-27,0.087
BDVL,2025-12-16,0.692
BDVL,2026-06-15,0.224
BDYN,2025-12-16,0.557
BEDY,2025-12-29,0.025
BEDY,2026-02-02,0.184
BEDY,2026-03-02,0.189
BEDY,2026-04-01,0.178
BEDY,2026-05-01,0.186
BEDY,2026-06-01,0.19
BEDY,2026-07-01,0.195
BEDY,2026-08-03,0.197
BEDY,2026-09-01,0.201
BEDY,2026-10-01,0.192
BFRZ,2025-06-30,0.014
BFRZ,2025-09-30,0.017
BFRZ,2025-12-31,0.023
BFRZ,2026-03-31,0.015
BFRZ,2026-06-30,0.016
BFRZ,2026-09-30,0.012
BGDV,2024-12-31,0.022
BGDV,2025-01-30,0.014
BGDV,2025-02-27,0.014
BGDV,2025-03-28,0.051
BGDV,2025-04-29,0.02
BGDV,2025-05-29,0.017
BGDV,2025-06-27,0.036
BGDV,2025-07-30,0.021
BGDV,2025-08-28,0.016
BGDV,2025-09-29,0.036
BGDV,2025-10-30,0.018
BGDV,2025-11-26,0.023
BGDV,2025-12-31,0.041
BGDV,2026-01-29,0.007
BGDV,2026-02-26,0.017
BGDV,2026-03-26,0.049
BGDV,2026-04-29,0.013
BGDV,2026-05-28,0.024
BGDV,2026-06-29,0.024
BGDV,2026-07-30,0.024
BGDV,2026-08-28,0.024
BGIG,2023-09-27,0.01
BGIG,2023-10-27,0.051
BGIG,2023-11-28,0.049
BGIG,2023-12-28,0.09
BGIG,2024-01-29,0.05
BGIG,2024-02-27,0.05
BGIG,2024-03-26,0.05
BGIG,2024-04-26,0.048
BGIG,2024-05-30,0.05
BGIG,2024-06-27,0.05
BGIG,2024-07-30,0.05
BGIG,2024-08-29,0.048
BGIG,2024-09-27,0.046
BGIG,2024-10-30,0.046
BGIG,2024-11-27,0.046
BGIG,2024-12-31,0.06
BGIG,2025-01-30,0.049
BGIG,2025-02-27,0.051
BGIG,2025-03-28,0.051
BGIG,2025-04-29,0.051
BGIG,2025-05-29,0.052
BGIG,2025-06-27,0.052
BGIG,2025-07-30,0.052
BGIG,2025-08-28,0.051
BGIG,2025-09-29,0.051
BGIG,2025-10-30,0.051
BGIG,2025-11-26,0.051
BGIG,2025-12-31,0.05
BGIG,2026-01-29,0.051
BGIG,2026-02-26,0.051
BGIG,2026-03-26,0.052
BGIG,2026-04-29,0.052
BGIG,2026-05-28,0.052
BGIG,2026-06-29,0.052
BGIG,2026-07-30,0.052
BGIG,2026-08-28,0.052
BGRN,2023-09-01,0.139
BGRN,2023-10-02,0.139
BGRN,2023-11-01,0.145
BGRN,2023-12-01,0.151
BGRN,2023-12-14,0.151
BGRN,2024-02-01,0.147
BGRN,2024-03-01,0.148
BGRN,2024-04-01,0.15
BGRN,2024-05-01,0.154
BGRN,2024-06-03,0.156
BGRN,2024-07-01,0.152
BGRN,2024-08-01,0.164
BGRN,2024-09-03,0.164
BGRN,2024-10-01,0.165
BGRN,2024-11-01,0.163
BGRN,2024-12-02,0.164
BGRN,2024-12-18,0.168
BGRN,2025-02-03,0.167
BGRN,2025-03-03,0.166
BGRN,2025-04-01,0.171
BGRN,2025-05-01,0.169
BGRN,2025-06-02,0.165
BGRN,2025-07-01,0.167
BGRN,2025-08-01,0.168
BGRN,2025-09-02,0.169
BGRN,2025-10-01,0.167
BGRN,2025-11-03,0.17
BGRN,2025-12-01,0.168
BGRN,2025-12-19,0.17
BGRN,2026-02-02,0.17
BGRN,2026-03-02,0.169
BGRN,2026-04-01,0.167
BGRN,2026-05-01,0.172
BGRN,2026-06-01,0.172
BGRN,2026-07-01,0.168
BGRN,2026-08-03,0.173
BGRN,2026-09-01,0.174
BGRN,2026-10-01,0.176
BHYB,2023-12-01,0.295
BHYB,2023-12-21,0.107
BHYB,2024-02-01,0.317
BHYB,2024-03-01,0.305
BHYB,2024-04-01,0.313
BHYB,2024-05-01,0.307
BHYB,2024-06-03,0.318
BHYB,2024-07-01,0.306
BHYB,2024-08-01,0.312
BHYB,2024-09-03,0.321
BHYB,2024-10-01,0.306
BHYB,2024-11-01,0.285
BHYB,2024-12-02,0.281
BHYB,2024-12-23,0.395
BHYB,2025-02-03,0.313
BHYB,2025-03-03,0.285
BHYB,2025-04-01,0.314
BHYB,2025-05-01,0.306
BHYB,2025-06-02,0.311
BHYB,2025-07-01,0.296
BHYB,2025-08-01,0.305
BHYB,2025-09-02,0.273
BHYB,2025-10-01,0.295
BHYB,2025-11-03,0.298
BHYB,2025-12-01,0.294
BHYB,2025-12-22,0.292
BHYB,2026-02-02,0.277
BHYB,2026-03-02,0.26
BHYB,2026-04-01,0.301
BHYB,2026-05-01,0.258
BHYB,2026-06-01,0.273
BHYB,2026-07-01,0.285
BHYB,2026-08-03,0.27
BHYB,2026-09-01,0.268
BHYB,2026-10-01,0.283
BIBL,2023-09-22,0.074
BIBL,2023-12-14,0.118
BIBL,2024-03-27,0.084
BIBL,2024-06-25,0.095
BIBL,2024-09-25,0.1
BIBL,2024-12-16,0.078
BIBL,2025-03-27,0.125
BIBL,2025-06-26,0.12
BIBL,2025-09-26,0.114
BIBL,2025-12-17,0.096
BIBL,2026-03-27,0.2
BIBL,2026-06-26,0.105
BIDD,2024-12-30,0.031
BIDD,2025-03-18,0.01
BIDD,2025-06-16,0.307
BIDD,2025-09-16,0.069
BIDD,2025-12-15,0.403
BIDD,2026-03-17,0.019
BIDD,2026-06-15,1.826
BIDD,2026-09-15,0.083
BIL,2023-09-01,0.405
BIL,2023-10-02,0.394
BIL,2023-11-01,0.408
BIL,2023-12-01,0.419
BIL,2023-12-18,0.421
BIL,2024-02-01,0.406
BIL,2024-03-01,0.355
BIL,2024-04-01,0.405
BIL,2024-05-01,0.388
BIL,2024-06-03,0.405
BIL,2024-07-01,0.392
BIL,2024-08-01,0.402
BIL,2024-09-03,0.396
BIL,2024-10-01,0.371
BIL,2024-11-01,0.359
BIL,2024-12-02,0.335
BIL,2024-12-19,0.383
BIL,2025-02-03,0.326
BIL,2025-03-03,0.289
BIL,2025-04-01,0.321
BIL,2025-05-01,0.312
BIL,2025-06-02,0.316
BIL,2025-07-01,0.306
BIL,2025-08-01,0.319
BIL,2025-09-02,0.322
BIL,2025-10-01,0.311
BIL,2025-11-03,0.303
BIL,2025-12-01,0.281
BIL,2025-12-18,0.365
BIL,2026-02-02,0.274
BIL,2026-03-02,0.243
BIL,2026-04-01,0.264
BIL,2026-05-01,0.27
BIL,2026-06-01,0.269
BIL,2026-07-01,0.268
BIL,2026-08-03,0.273
BIL,2026-09-01,0.28
BIL,2026-10-01,0.263
BILS,2023-09-01,0.435
BILS,2023-10-02,0.425
BILS,2023-11-01,0.446
BILS,2023-12-01,0.434
BILS,2023-12-18,0.434
BILS,2024-02-01,0.454
BILS,2024-03-01,0.404
BILS,2024-04-01,0.43
BILS,2024-05-01,0.417
BILS,2024-06-03,0.434
BILS,2024-07-01,0.424
BILS,2024-08-01,0.437
BILS,2024-09-03,0.429
BILS,2024-10-01,0.408
BILS,2024-11-01,0.395
BILS,2024-12-02,0.367
BILS,2024-12-19,0.368
BILS,2025-02-03,0.365
BILS,2025-03-03,0.322
BILS,2025-04-01,0.352
BILS,2025-05-01,0.337
BILS,2025-06-02,0.347
BILS,2025-07-01,0.334
BILS,2025-08-01,0.346
BILS,2025-09-02,0.346
BILS,2025-10-01,0.329
BILS,2025-11-03,0.326
BILS,2025-12-01,0.306
BILS,2025-12-18,0.337
BILS,2026-02-02,0.302
BILS,2026-03-02,0.272
BILS,2026-04-01,0.289
BILS,2026-05-01,0.291
BILS,2026-06-01,0.301
BILS,2026-07-01,0.293
BILS,2026-08-03,0.306
BILS,2026-09-01,0.314
BILS,2026-10-01,0.31
BILZ,2023-09-01,0.4
BILZ,2023-10-02,0.284
BILZ,2023-11-01,0.47
BILZ,2023-12-01,0.283
BILZ,2023-12-28,0.403
BILZ,2024-02-01,0.406
BILZ,2024-03-01,0.397
BILZ,2024-04-01,0.434
BILZ,2024-05-01,0.456
BILZ,2024-06-03,0.43
BILZ,2024-07-01,0.41
BILZ,2024-08-01,0.49
BILZ,2024-09-03,0.395
BILZ,2024-10-01,0.38
BILZ,2024-11-01,0.38
BILZ,2024-12-02,0.4
BILZ,2024-12-31,0.41
BILZ,2025-02-03,0.33
BILZ,2025-03-03,0.3
BILZ,2025-04-01,0.35
BILZ,2025-05-01,0.32
BILZ,2025-06-02,0.38
BILZ,2025-07-01,0.36
BILZ,2025-08-01,0.37
BILZ,2025-09-02,0.37
BILZ,2025-10-01,0.4
BILZ,2025-11-03,0.38
BILZ,2025-12-01,0.34
BILZ,2025-12-31,0.32
BILZ,2026-02-02,0.32
BILZ,2026-03-02,0.31
BILZ,2026-04-01,0.31
BILZ,2026-05-01,0.31
BILZ,2026-06-01,0.31
BILZ,2026-07-01,0.31
BILZ,2026-08-03,0.31
BILZ,2026-09-01,0.31
BINC,2023-09-01,0.17
BINC,2023-10-02,0.238
BINC,2023-11-01,0.234
BINC,2023-12-01,0.143
BINC,2023-12-14,0.398
BINC,2024-02-01,0.072
BINC,2024-03-01,0.237
BINC,2024-04-01,0.204
BINC,2024-05-01,0.238
BINC,2024-06-03,0.253
BINC,2024-07-01,0.248
BINC,2024-08-01,0.262
BINC,2024-09-03,0.252
BINC,2024-10-01,0.364
BINC,2024-11-01,0.24
BINC,2024-12-02,0.237
BINC,2024-12-18,0.584
BINC,2025-02-03,0.235
BINC,2025-03-03,0.223
BINC,2025-04-01,0.236
BINC,2025-05-01,0.241
BINC,2025-06-02,0.232
BINC,2025-07-01,0.237
BINC,2025-08-01,0.231
BINC,2025-09-02,0.23
BINC,2025-10-01,0.218
BINC,2025-11-03,0.222
BINC,2025-12-01,0.359
BINC,2025-12-19,0.428
BINC,2026-02-02,0.223
BINC,2026-03-02,0.213
BINC,2026-04-01,0.235
BINC,2026-05-01,0.22
BINC,2026-06-01,0.239
BINC,2026-07-01,0.228
BINC,2026-08-03,0.23
BINC,2026-09-01,0.228
BINC,2026-10-01,0.232
BINT,2025-09-29,0.108
BINT,2025-12-30,0.198
BINT,2026-03-27,0.018
BINT,2026-06-26,0.238
BINV,2023-12-27,0.08
BINV,2024-03-26,0.029
BINV,2024-06-27,0.429
BINV,2024-09-27,0.1
BINV,2024-12-30,0.158
BINV,2025-03-28,0.018
BINV,2025-06-27,0.495
BINV,2025-09-29,0.127
BINV,2025-12-30,0.253
BINV,2026-03-30,0.004
BINV,2026-06-29,0.546
BINV,2026-09-29,0.171
BITA,2026-07-02,0.52
BITA,2026-08-04,0.799
BITA,2026-09-02,0.657
BITA,2026-10-02,0.726
BITI,2023-09-01,0.29
BITI,2023-10-02,0.225
BITI,2023-11-01,0.17
BITI,2023-12-01,0.205
BITI,2023-12-20,0.19
BITI,2024-02-01,0.09
BITI,2024-03-01,0.095
BITI,2024-04-01,0.075
BITI,2024-05-01,0.1
BITI,2024-06-03,0.1
BITI,2024-07-01,0.08
BITI,2024-08-01,0.095
BITI,2024-09-03,0.085
BITI,2024-10-01,0.075
BITI,2024-11-01,0.065
BITI,2024-12-02,0.028
BITI,2024-12-23,0.051
BITI,2025-02-03,0.025
BITI,2025-03-03,0.031
BITI,2025-04-01,0.038
BITI,2025-05-01,0.035
BITI,2025-06-02,0.029
BITI,2025-07-01,0.034
BITI,2025-08-01,0.032
BITI,2025-09-02,0.03
BITI,2025-10-01,0.033
BITI,2025-11-03,0.023
BITI,2025-12-01,0.019
BITI,2025-12-24,0.042
BITI,2026-02-02,0.314
BITI,2026-03-02,0.953
BITI,2026-04-01,0.591
BITI,2026-05-01,0.197
BITI,2026-06-01,0.238
BITI,2026-07-01,1.449
BITI,2026-08-03,1.329
BITI,2026-09-01,0.376
BITI,2026-10-01,0.039
BITO,2023-09-01,0.005
BITO,2023-10-02,0.074
BITO,2023-11-01,0.14
BITO,2023-12-01,0.127
BITO,2023-12-20,0.147
BITO,2024-02-01,0.356
BITO,2024-03-01,0.726
BITO,2024-04-01,1.145
BITO,2024-05-01,1.681
BITO,2024-06-03,1.768
BITO,2024-07-01,1.503
BITO,2024-08-01,1.447
BITO,2024-09-03,1.209
BITO,2024-10-01,1.091
BITO,2024-11-01,0.994
BITO,2024-12-02,0.996
BITO,2024-12-23,1.113
BITO,2025-02-03,0.937
BITO,2025-03-03,0.72
BITO,2025-04-01,0.361
BITO,2025-05-01,0.545
BITO,2025-06-02,0.997
BITO,2025-07-01,0.777
BITO,2025-08-01,1.209
BITO,2025-09-02,0.861
BITO,2025-10-01,0.756
BITO,2025-11-03,0.838
BITO,2025-12-01,0.776
BITO,2025-12-24,0.743
BITO,2026-02-02,0.01
BITO,2026-03-02,0.014
BITO,2026-04-01,0.006
BITO,2026-05-01,0.016
BITO,2026-06-01,0.014
BITO,2026-07-01,0.01
BITO,2026-08-03,0.014
BITO,2026-09-01,0.011
BITO,2026-10-01,0.017
BITQ,2023-12-26,0.175
BITQ,2024-12-30,0.152
BITU,2024-05-01,0.015
BITU,2024-06-03,0.018
BITU,2024-07-01,0.015
BITU,2024-08-01,0.008
BITU,2024-12-23,0.005
BITU,2025-02-03,1.214
BITU,2025-03-03,0.791
BITU,2025-06-02,0.575
BITU,2025-07-01,0.177
BITU,2025-08-01,0.966
BITU,2025-09-02,0.492
BITU,2025-10-01,0.327
BITU,2025-11-03,0.401
BITU,2025-12-01,0.427
BITU,2025-12-24,5.725
BITU,2026-02-02,0.03
BITU,2026-03-02,0.023
BITU,2026-04-01,0.013
BITU,2026-05-01,0.015
BITU,2026-06-01,0.013
BITU,2026-07-01,0.014
BITU,2026-08-03,0.019
BITU,2026-09-01,0.015
BITU,2026-10-01,0.009
BITX,2024-05-22,0.968
BITX,2024-06-25,0.857
BITX,2024-07-24,0.684
BITX,2024-08-28,0.626
BITX,2024-09-26,0.63
BITX,2024-10-29,0.589
BITX,2024-11-26,0.609
BITX,2024-12-16,0.577
BITX,2025-01-29,0.092
BITX,2025-02-26,0.058
BITX,2025-03-27,0.532
BITX,2025-04-28,0.542
BITX,2025-05-28,0.522
BITX,2025-06-26,0.542
BITX,2025-07-29,0.613
BITX,2025-08-27,0.619
BITX,2025-09-26,0.615
BITX,2025-10-29,0.57
BITX,2025-11-25,0.569
BITX,2025-12-15,0.744
BITX,2026-01-21,0.031
BITX,2026-02-18,0.02
BITX,2026-03-18,0.017
BITX,2026-04-22,0.015
BITX,2026-05-20,0.021
BITX,2026-06-17,0.018
BITX,2026-07-22,0.014
BITX,2026-08-19,0.013
BITX,2026-09-23,0.021
BIV,2023-09-01,0.207
BIV,2023-10-02,0.206
BIV,2023-11-01,0.216
BIV,2023-12-01,0.213
BIV,2023-12-22,0.225
BIV,2024-02-01,0.226
BIV,2024-03-01,0.211
BIV,2024-04-01,0.234
BIV,2024-05-01,0.228
BIV,2024-06-03,0.238
BIV,2024-07-01,0.234
BIV,2024-08-01,0.242
BIV,2024-09-03,0.243
BIV,2024-10-01,0.236
BIV,2024-11-01,0.247
BIV,2024-12-02,0.241
BIV,2024-12-24,0.253
BIV,2025-02-03,0.253
BIV,2025-03-03,0.233
BIV,2025-04-01,0.261
BIV,2025-05-01,0.253
BIV,2025-06-02,0.266
BIV,2025-07-01,0.258
BIV,2025-08-01,0.265
BIV,2025-09-02,0.266
BIV,2025-10-01,0.26
BIV,2025-11-03,0.269
BIV,2025-12-01,0.264
BIV,2025-12-18,0.277
BIV,2026-02-02,0.274
BIV,2026-03-02,0.251
BIV,2026-04-01,0.281
BIV,2026-05-01,0.274
BIV,2026-06-01,0.282
BIV,2026-07-01,0.275
BIV,2026-08-03,0.286
BIV,2026-09-01,0.285
BIV,2026-10-01,0.28
BIZD,2023-10-02,0.437
BIZD,2023-12-27,0.468
BIZD,2024-04-01,0.458
BIZD,2024-07-01,0.453
BIZD,2024-10-01,0.463
BIZD,2024-12-27,0.445
BIZD,2025-04-01,0.43
BIZD,2025-07-01,0.439
BIZD,2025-10-01,0.401
BIZD,2025-12-29,0.402
BIZD,2026-04-01,0.482
BIZD,2026-07-01,0.239
BIZD,2026-10-01,0.437
BKAG,2023-09-01,0.126
BKAG,2023-10-02,0.119
BKAG,2023-11-01,0.137
BKAG,2023-12-01,0.131
BKAG,2023-12-27,0.088
BKAG,2024-02-01,0.146
BKAG,2024-03-01,0.139
BKAG,2024-04-01,0.148
BKAG,2024-05-01,0.145
BKAG,2024-06-03,0.151
BKAG,2024-07-01,0.136
BKAG,2024-08-01,0.155
BKAG,2024-09-03,0.154
BKAG,2024-10-01,0.139
BKAG,2024-11-01,0.148
BKAG,2024-12-02,0.133
BKAG,2024-12-27,0.164
BKAG,2025-02-03,0.143
BKAG,2025-03-03,0.138
BKAG,2025-04-01,0.137
BKAG,2025-05-01,0.16
BKAG,2025-06-02,0.149
BKAG,2025-07-01,0.141
BKAG,2025-08-01,0.156
BKAG,2025-09-02,0.142
BKAG,2025-10-01,0.156
BKAG,2025-11-03,0.149
BKAG,2025-12-01,0.205
BKAG,2025-12-29,0.093
BKAG,2026-02-02,0.139
BKAG,2026-03-02,0.138
BKAG,2026-04-01,0.166
BKAG,2026-05-01,0.146
BKAG,2026-06-01,0.14
BKAG,2026-07-01,0.156
BKAG,2026-08-03,0.146
BKAG,2026-09-01,0.141
BKAG,2026-10-01,0.243
BKCH,2023-12-28,0.887
BKCH,2024-06-27,0.145
BKCH,2024-12-30,3.755
BKCH,2025-06-27,0.059
BKCH,2025-12-30,1.218
BKDV,2024-12-27,0.068
BKDV,2025-12-29,0.179
BKGI,2023-10-02,0.273
BKGI,2023-12-27,0.248
BKGI,2024-04-01,0.3
BKGI,2024-07-01,0.349
BKGI,2024-10-01,0.308
BKGI,2024-12-27,0.413
BKGI,2025-04-01,0.066
BKGI,2025-07-01,0.477
BKGI,2025-10-01,0.302
BKGI,2025-12-29,0.224
BKGI,2026-04-01,0.21
BKGI,2026-07-01,0.572
BKGI,2026-10-01,0.286
BKHY,2023-09-01,0.289
BKHY,2023-10-02,0.432
BKHY,2023-11-01,0.351
BKHY,2023-12-01,0.264
BKHY,2023-12-27,0.207
BKHY,2024-02-01,0.245
BKHY,2024-03-01,0.284
BKHY,2024-04-01,0.302
BKHY,2024-05-01,0.302
BKHY,2024-06-03,0.293
BKHY,2024-07-01,0.274
BKHY,2024-08-01,0.308
BKHY,2024-09-03,0.317
BKHY,2024-10-01,0.285
BKHY,2024-11-01,0.295
BKHY,2024-12-02,0.264
BKHY,2024-12-27,0.335
BKHY,2025-02-03,0.295
BKHY,2025-03-03,0.266
BKHY,2025-04-01,0.258
BKHY,2025-05-01,0.403
BKHY,2025-06-02,0.231
BKHY,2025-07-01,0.251
BKHY,2025-08-01,0.338
BKHY,2025-09-02,0.274
BKHY,2025-10-01,0.299
BKHY,2025-11-03,0.277
BKHY,2025-12-01,0.248
BKHY,2025-12-29,0.388
BKHY,2026-02-02,0.263
BKHY,2026-03-02,0.245
BKHY,2026-04-01,0.426
BKHY,2026-05-01,0.276
BKHY,2026-06-01,0.255
BKHY,2026-07-01,0.271
BKHY,2026-08-03,0.277
BKHY,2026-09-01,0.257
BKHY,2026-10-01,0.283
BKIE,2023-10-02,0.148333
BKIE,2023-12-27,0.103
BKIE,2024-04-01,0.189
BKIE,2024-07-01,0.262333
BKIE,2024-10-01,0.155667
BKIE,2024-12-27,0.192667
BKIE,2025-04-01,0.134333
BKIE,2025-07-01,0.307
BKIE,2025-10-01,0.174667
BKIE,2025-12-29,0.347667
BKIE,2026-04-01,0.254333
BKIE,2026-07-01,0.29
BKLC,2023-10-02,0.102333
BKLC,2023-12-27,0.115333
BKLC,2024-04-01,0.110667
BKLC,2024-07-01,0.112333
BKLC,2024-10-01,0.113667
BKLC,2024-12-27,0.119
BKLC,2025-04-01,0.111333
BKLC,2025-07-01,0.109333
BKLC,2025-10-01,0.108667
BKLC,2025-12-29,0.130667
BKLC,2026-04-01,0.139
BKLC,2026-07-01,0.127667
BKLN,2023-09-18,0.17
BKLN,2023-10-23,0.15
BKLN,2023-11-20,0.162
BKLN,2023-12-18,0.147
BKLN,2024-01-22,0.137
BKLN,2024-02-20,0.138
BKLN,2024-03-18,0.146
BKLN,2024-04-22,0.147
BKLN,2024-05-20,0.157
BKLN,2024-06-24,0.144
BKLN,2024-07-22,0.153
BKLN,2024-08-19,0.163
BKLN,2024-09-23,0.17
BKLN,2024-10-21,0.165
BKLN,2024-11-18,0.132
BKLN,2024-12-23,0.12
BKLN,2025-01-21,0.124
BKLN,2025-02-24,0.112
BKLN,2025-03-24,0.108
BKLN,2025-04-21,0.125
BKLN,2025-05-19,0.165
BKLN,2025-06-23,0.116
BKLN,2025-07-21,0.119
BKLN,2025-08-18,0.123
BKLN,2025-09-22,0.125
BKLN,2025-10-20,0.12
BKLN,2025-11-24,0.12
BKLN,2025-12-22,0.103
BKLN,2026-01-20,0.108
BKLN,2026-02-23,0.101
BKLN,2026-03-23,0.116
BKLN,2026-04-20,0.105
BKLN,2026-05-18,0.101
BKLN,2026-06-22,0.101
BKLN,2026-07-20,0.109
BKLN,2026-08-24,0.113
BKLN,2026-09-21,0.115
BKMC,2023-10-02,0.116333
BKMC,2023-12-27,0.114667
BKMC,2024-04-01,0.121667
BKMC,2024-07-01,0.104667
BKMC,2024-10-01,0.115333
BKMC,2024-12-27,0.179667
BKMC,2025-04-01,0.11
BKMC,2025-07-01,0.109667
BKMC,2025-10-01,0.116333
BKMC,2025-12-29,0.155
BKMC,2026-04-01,0.174333
BKMC,2026-07-01,0.126
BKMI,2026-02-02,0.043
BKMI,2026-03-02,0.045
BKMI,2026-04-01,0.047
BKMI,2026-05-01,0.054
BKMI,2026-06-01,0.069
BKMI,2026-07-01,0.077
BKMI,2026-08-03,0.076
BKMI,2026-09-01,0.07
BKMI,2026-10-01,0.07
BKMS,2026-02-02,0.041
BKMS,2026-03-02,0.056
BKMS,2026-04-01,0.061
BKMS,2026-05-01,0.062
BKMS,2026-06-01,0.062
BKMS,2026-07-01,0.065
BKMS,2026-08-03,0.078
BKMS,2026-09-01,0.064
BKMS,2026-10-01,0.065
BKUI,2023-09-01,0.199
BKUI,2023-10-02,0.186
BKUI,2023-11-01,0.207
BKUI,2023-12-01,0.186
BKUI,2023-12-27,0.141
BKUI,2024-02-01,0.206
BKUI,2024-03-01,0.201
BKUI,2024-04-01,0.212
BKUI,2024-05-01,0.205
BKUI,2024-06-03,0.221
BKUI,2024-07-01,0.199
BKUI,2024-08-01,0.237
BKUI,2024-09-03,0.227
BKUI,2024-10-01,0.219
BKUI,2024-11-01,0.208
BKUI,2024-12-02,0.182
BKUI,2024-12-27,0.219
BKUI,2025-02-03,0.19
BKUI,2025-03-03,0.175
BKUI,2025-04-01,0.174
BKUI,2025-05-01,0.199
BKUI,2025-06-02,0.186
BKUI,2025-07-01,0.178
BKUI,2025-08-01,0.205
BKUI,2025-09-02,0.178
BKUI,2025-10-01,0.19
BKUI,2025-11-03,0.185
BKUI,2025-12-01,0.164
BKUI,2025-12-29,0.207
BKUI,2026-02-02,0.165
BKUI,2026-03-02,0.16
BKUI,2026-04-01,0.138
BKUI,2026-05-01,0.166
BKUI,2026-06-01,0.155
BKUI,2026-07-01,0.175
BKUI,2026-08-03,0.174
BKUI,2026-09-01,0.159
BKUI,2026-10-01,0.136
BLCR,2023-12-20,0.036
BLCR,2024-03-21,0.05
BLCR,2024-06-11,0.057
BLCR,2024-09-25,0.073
BLCR,2024-12-17,0.065
BLCR,2025-03-18,0.027
BLCR,2025-06-16,0.032
BLCR,2025-09-16,0.049
BLCR,2025-12-16,0.031
BLCR,2026-03-17,0.004
BLCR,2026-06-15,0.058
BLCR,2026-09-15,0.066
BLGR,2025-09-29,0.047
BLGR,2025-12-30,0.002
BLGR,2026-03-27,0.026
BLGR,2026-06-26,0.029
BLOK,2023-12-27,0.344
BLOK,2024-12-30,2.59
BLOK,2025-12-30,0.408
BLOK,2026-06-29,0.08
BLOX,2025-07-03,0.144
BLOX,2025-07-11,0.147
BLOX,2025-07-18,0.153
BLOX,2025-07-25,0.162
BLOX,2025-08-01,0.156
BLOX,2025-08-08,0.148
BLOX,2025-08-15,0.158
BLOX,2025-08-22,0.147
BLOX,2025-08-29,0.137
BLOX,2025-09-05,0.148
BLOX,2025-09-12,0.153
BLOX,2025-09-19,0.164
BLOX,2025-09-26,0.164
BLOX,2025-10-03,0.168
BLOX,2025-10-10,0.184
BLOX,2025-10-17,0.181
BLOX,2025-10-24,0.174
BLOX,2025-10-31,0.185
BLOX,2025-11-07,0.163
BLOX,2025-11-14,0.153
BLOX,2025-11-21,0.132
BLOX,2025-11-28,0.13
BLOX,2025-12-05,0.132
BLOX,2025-12-12,0.142
BLOX,2025-12-19,0.12
BLOX,2025-12-26,0.129
BLOX,2026-01-02,0.125
BLOX,2026-01-09,0.134
BLOX,2026-01-16,0.138
BLOX,2026-01-23,0.132
BLOX,2026-01-30,0.133
BLOX,2026-02-06,0.114
BLOX,2026-02-13,0.108
BLOX,2026-02-20,0.104
BLOX,2026-02-27,0.107
BLOX,2026-03-06,0.101
BLOX,2026-03-13,0.1
BLOX,2026-03-20,0.106
BLOX,2026-03-27,0.098
BLOX,2026-04-06,0.089
BLOX,2026-04-10,0.093
BLOX,2026-04-17,0.108
BLOX,2026-04-24,0.108
BLOX,2026-05-01,0.107
BLOX,2026-05-08,0.117
BLOX,2026-05-15,0.121
BLOX,2026-05-22,0.111
BLOX,2026-05-29,0.119
BLOX,2026-06-05,0.124
BLOX,2026-06-12,0.111
BLOX,2026-06-22,0.117
BLOX,2026-06-26,0.116
BLOX,2026-07-06,0.108
BLOX,2026-07-10,0.099
BLOX,2026-07-17,0.098
BLOX,2026-07-24,0.1
BLOX,2026-07-31,0.092
BLOX,2026-08-07,0.094
BLOX,2026-08-14,0.089
BLOX,2026-08-21,0.087
BLOX,2026-08-28,0.098
BLOX,2026-09-04,0.09
BLOX,2026-09-11,0.1
BLOX,2026-09-18,0.091
BLOX,2026-09-25,0.104
BLOX,2026-10-02,0.096
BLUC,2025-09-29,0.081
BLUC,2025-12-30,0.052
BLUC,2026-03-27,0.028
BLUC,2026-06-26,0.036
BLUX,2025-09-29,0.117
BLUX,2025-12-30,0.087
BLUX,2026-03-27,0.061
BLUX,2026-06-26,0.078
BLV,2023-09-01,0.261
BLV,2023-10-02,0.25
BLV,2023-11-01,0.264
BLV,2023-12-01,0.256
BLV,2023-12-22,0.262
BLV,2024-02-01,0.278
BLV,2024-03-01,0.246
BLV,2024-04-01,0.281
BLV,2024-05-01,0.26
BLV,2024-05-17,0.281
BLV,2024-06-03,0.27
BLV,2024-07-01,0.268
BLV,2024-08-01,0.267
BLV,2024-09-03,0.265
BLV,2024-10-01,0.258
BLV,2024-11-01,0.271
BLV,2024-12-02,0.265
BLV,2024-12-24,0.275
BLV,2025-02-03,0.27
BLV,2025-03-03,0.25
BLV,2025-04-01,0.276
BLV,2025-05-01,0.26
BLV,2025-06-02,0.276
BLV,2025-07-01,0.275
BLV,2025-08-01,0.28
BLV,2025-09-02,0.274
BLV,2025-10-01,0.265
BLV,2025-11-03,0.272
BLV,2025-12-01,0.268
BLV,2025-12-18,0.279
BLV,2026-02-02,0.277
BLV,2026-03-02,0.251
BLV,2026-04-01,0.284
BLV,2026-05-01,0.274
BLV,2026-06-01,0.282
BLV,2026-07-01,0.272
BLV,2026-08-03,0.281
BLV,2026-09-01,0.281
BLV,2026-10-01,0.273
BMOP,2026-02-02,0.05
BMOP,2026-03-02,0.076
BMOP,2026-04-01,0.053
BMOP,2026-05-01,0.058
BMOP,2026-06-01,0.062
BMOP,2026-07-01,0.08
BMOP,2026-08-03,0.084
BMOP,2026-09-01,0.079
BMOP,2026-10-01,0.084
BND,2023-09-01,0.196
BND,2023-10-02,0.192
BND,2023-11-01,0.203
BND,2023-12-01,0.201
BND,2023-12-22,0.211
BND,2024-02-01,0.212
BND,2024-03-01,0.202
BND,2024-04-01,0.216
BND,2024-05-01,0.214
BND,2024-06-03,0.219
BND,2024-07-01,0.221
BND,2024-08-01,0.224
BND,2024-09-03,0.226
BND,2024-10-01,0.221
BND,2024-11-01,0.228
BND,2024-12-02,0.223
BND,2024-12-24,0.233
BND,2025-02-03,0.235
BND,2025-03-03,0.219
BND,2025-04-01,0.24
BND,2025-05-01,0.236
BND,2025-06-02,0.24
BND,2025-07-01,0.235
BND,2025-08-01,0.242
BND,2025-09-02,0.243
BND,2025-10-01,0.237
BND,2025-11-03,0.244
BND,2025-12-01,0.239
BND,2025-12-18,0.247
BND,2026-02-02,0.245
BND,2026-03-02,0.228
BND,2026-04-01,0.25
BND,2026-05-01,0.242
BND,2026-06-01,0.247
BND,2026-07-01,0.244
BND,2026-08-03,0.252
BND,2026-09-01,0.253
BND,2026-10-01,0.249
BNDI,2023-09-20,0.206
BNDI,2023-10-25,0.208
BNDI,2023-11-22,0.215
BNDI,2023-12-20,0.222
BNDI,2024-01-24,0.215
BNDI,2024-02-21,0.213
BNDI,2024-03-20,0.207
BNDI,2024-04-24,0.199
BNDI,2024-05-22,0.197
BNDI,2024-06-26,0.199
BNDI,2024-07-24,0.204
BNDI,2024-08-21,0.233
BNDI,2024-09-25,0.235
BNDI,2024-10-23,0.229
BNDI,2024-11-20,0.227
BNDI,2024-12-24,0.225
BNDI,2025-01-22,0.229
BNDI,2025-02-26,0.231
BNDI,2025-03-26,0.226
BNDI,2025-04-23,0.216
BNDI,2025-05-21,0.219
BNDI,2025-06-25,0.221
BNDI,2025-07-23,0.221
BNDI,2025-08-20,0.227
BNDI,2025-09-24,0.229
BNDI,2025-10-22,0.231
BNDI,2025-11-26,0.23
BNDI,2025-12-24,0.229
BNDI,2026-01-14,0.229
BNDI,2026-02-11,0.229
BNDI,2026-03-11,0.229
BNDI,2026-04-15,0.228
BNDI,2026-05-13,0.227
BNDI,2026-06-10,0.225
BNDI,2026-07-15,0.224
BNDI,2026-08-12,0.223
BNDI,2026-09-09,0.222
BNDS,2025-01-30,0.334
BNDS,2025-02-27,0.334
BNDS,2025-03-28,0.334
BNDS,2025-04-29,0.334
BNDS,2025-05-29,0.334
BNDS,2025-06-27,0.334
BNDS,2025-07-30,0.334
BNDS,2025-08-28,0.334
BNDS,2025-09-29,0.334
BNDS,2025-10-30,0.334
BNDS,2025-11-26,0.334
BNDS,2025-12-30,0.338
BNDS,2026-01-29,0.34
BNDS,2026-02-26,0.34
BNDS,2026-03-30,0.34
BNDS,2026-04-29,0.34
BNDS,2026-05-28,0.34
BNDS,2026-06-29,0.34
BNDS,2026-07-30,0.34
BNDS,2026-08-27,0.34
BNDW,2023-09-01,0.15
BNDW,2023-10-02,0.147
BNDW,2023-11-01,0.157
BNDW,2023-12-01,0.157
BNDW,2023-12-22,1.022
BNDW,2024-02-01,0.16
BNDW,2024-03-01,0.156
BNDW,2024-04-01,0.167
BNDW,2024-05-01,0.165
BNDW,2024-06-03,0.172
BNDW,2024-07-01,0.17
BNDW,2024-08-01,0.176
BNDW,2024-09-03,0.18
BNDW,2024-10-01,0.173
BNDW,2024-11-01,0.177
BNDW,2024-12-02,0.176
BNDW,2024-12-24,0.789
BNDW,2025-02-03,0.186
BNDW,2025-03-03,0.172
BNDW,2025-04-01,0.19
BNDW,2025-05-01,0.186
BNDW,2025-06-02,0.188
BNDW,2025-07-01,0.184
BNDW,2025-08-01,0.187
BNDW,2025-09-02,0.194
BNDW,2025-10-01,0.184
BNDW,2025-11-03,0.192
BNDW,2025-12-01,0.187
BNDW,2025-12-18,0.782
BNDW,2026-02-02,0.195
BNDW,2026-03-02,0.177
BNDW,2026-04-01,0.196
BNDW,2026-05-01,0.194
BNDW,2026-06-01,0.197
BNDW,2026-07-01,0.194
BNDW,2026-08-03,0.201
BNDW,2026-09-01,0.206
BNDW,2026-10-01,0.197
BNDX,2023-09-01,0.079
BNDX,2023-10-02,0.079
BNDX,2023-11-01,0.084
BNDX,2023-12-01,0.087
BNDX,2023-12-22,1.357
BNDX,2024-02-01,0.086
BNDX,2024-03-01,0.085
BNDX,2024-04-01,0.091
BNDX,2024-05-01,0.089
BNDX,2024-06-03,0.096
BNDX,2024-07-01,0.093
BNDX,2024-08-01,0.101
BNDX,2024-09-03,0.101
BNDX,2024-10-01,0.097
BNDX,2024-11-01,0.098
BNDX,2024-12-02,0.098
BNDX,2024-12-24,1.014
BNDX,2025-02-03,0.103
BNDX,2025-03-03,0.095
BNDX,2025-04-01,0.108
BNDX,2025-05-01,0.104
BNDX,2025-06-02,0.107
BNDX,2025-07-01,0.104
BNDX,2025-08-01,0.107
BNDX,2025-09-02,0.109
BNDX,2025-10-01,0.105
BNDX,2025-11-03,0.109
BNDX,2025-12-01,0.104
BNDX,2025-12-18,0.969
BNDX,2026-02-02,0.112
BNDX,2026-03-02,0.1
BNDX,2026-04-01,0.112
BNDX,2026-05-01,0.113
BNDX,2026-06-01,0.114
BNDX,2026-07-01,0.111
BNDX,2026-08-03,0.119
BNDX,2026-09-01,0.121
BNDX,2026-10-01,0.114
BOAT,2023-09-26,0.55
BOAT,2023-12-26,0.748
BOAT,2024-03-25,0.314
BOAT,2024-06-26,0.663
BOAT,2024-09-26,0.486
BOAT,2024-12-27,2.42
BOAT,2025-03-27,0.419
BOAT,2025-06-27,0.765
BOAT,2025-09-29,0.514
BOAT,2025-12-30,0.851
BOAT,2026-03-27,0.428
BOAT,2026-06-29,1.006
BOEU,2025-06-24,0.097
BOEU,2025-09-23,0.139
BOEU,2025-12-10,0.12
BOEU,2025-12-23,0.195
BOEU,2026-03-24,0.162
BOEU,2026-06-23,0.149
BOEU,2026-09-22,0.145
BOND,2023-09-01,0.33
BOND,2023-10-02,0.34
BOND,2023-11-01,0.32
BOND,2023-12-01,0.325
BOND,2023-12-28,0.34
BOND,2024-02-01,0.345
BOND,2024-03-01,0.36
BOND,2024-04-01,0.37
BOND,2024-05-01,0.375
BOND,2024-06-03,0.38
BOND,2024-07-01,0.37
BOND,2024-08-01,0.39
BOND,2024-09-03,0.39
BOND,2024-10-01,0.39
BOND,2024-11-01,0.39
BOND,2024-12-02,0.39
BOND,2024-12-31,0.39
BOND,2025-02-03,0.39
BOND,2025-03-03,0.38
BOND,2025-04-01,0.38
BOND,2025-05-01,0.4
BOND,2025-06-02,0.4
BOND,2025-07-01,0.39
BOND,2025-08-01,0.4
BOND,2025-09-02,0.4
BOND,2025-10-01,0.4
BOND,2025-11-03,0.42
BOND,2025-12-01,0.4
BOND,2025-12-31,0.4
BOND,2026-02-02,0.4
BOND,2026-03-02,0.39
BOND,2026-04-01,0.37
BOND,2026-05-01,0.38
BOND,2026-06-01,0.4
BOND,2026-07-01,0.39
BOND,2026-08-03,0.4
BOND,2026-09-01,0.4
BOND,2026-10-01,0.4
BOTZ,2023-12-28,0.004
BOTZ,2024-06-27,0.043
BOTZ,2025-06-27,0.079
BOTZ,2025-12-30,0.158
BOTZ,2026-06-29,0.018
BOXX,2024-08-13,0.291
BRHY,2024-08-01,0.39
BRHY,2024-09-03,0.301
BRHY,2024-10-01,0.259
BRHY,2024-11-01,0.301
BRHY,2024-12-02,0.481
BRHY,2024-12-18,0.434
BRHY,2025-02-03,0.296
BRHY,2025-03-03,0.26
BRHY,2025-04-01,0.273
BRHY,2025-05-01,0.294
BRHY,2025-06-02,0.299
BRHY,2025-07-01,0.403
BRHY,2025-08-01,0.283
BRHY,2025-09-02,0.276
BRHY,2025-10-01,0.244
BRHY,2025-11-03,0.297
BRHY,2025-12-01,0.895
BRHY,2025-12-19,0.276
BRHY,2026-02-02,0.281
BRHY,2026-03-02,0.266
BRHY,2026-04-01,0.272
BRHY,2026-05-01,0.279
BRHY,2026-07-01,0.257
BRHY,2026-08-03,0.27
BRHY,2026-09-01,0.272
BRHY,2026-10-01,0.26
BRIE,2025-12-16,0.072
BRIE,2026-07-31,0.037
BRKU,2025-03-25,0.087
BRKU,2025-06-24,0.154
BRKU,2025-09-23,0.154
BRKU,2025-12-23,0.211
BRKU,2026-03-24,0.112
BRKU,2026-06-23,0.112
BRKU,2026-09-22,0.114
BRTR,2023-12-28,0.111
BRTR,2024-02-01,0.19
BRTR,2024-03-01,0.201
BRTR,2024-04-01,0.21
BRTR,2024-05-01,0.197
BRTR,2024-06-03,0.215
BRTR,2024-07-01,0.196
BRTR,2024-08-01,0.213
BRTR,2024-09-03,0.204
BRTR,2024-10-01,0.265
BRTR,2024-11-01,0.205
BRTR,2024-12-02,0.476
BRTR,2024-12-18,0.182
BRTR,2025-02-03,0.2
BRTR,2025-03-03,0.182
BRTR,2025-04-01,0.222
BRTR,2025-05-01,0.207
BRTR,2025-06-02,0.201
BRTR,2025-07-01,0.208
BRTR,2025-08-01,0.201
BRTR,2025-09-02,0.184
BRTR,2025-10-01,0.208
BRTR,2025-11-03,0.209
BRTR,2025-12-01,0.251
BRTR,2025-12-19,0.194
BRTR,2026-02-02,0.188
BRTR,2026-03-02,0.186
BRTR,2026-04-01,0.185
BRTR,2026-05-01,0.189
BRTR,2026-06-01,0.166
BRTR,2026-07-01,0.191
BRTR,2026-08-03,0.191
BRTR,2026-09-01,0.195
BRTR,2026-10-01,0.19
BRZU,2023-09-19,0.31
BRZU,2023-12-21,1.785
BRZU,2024-03-19,0.33
BRZU,2024-06-25,1.393
BRZU,2024-09-24,0.401
BRZU,2024-12-23,1.492
BRZU,2025-03-25,0.031
BRZU,2025-06-24,0.77
BRZU,2025-09-23,0.01
BRZU,2025-12-23,1.094
BRZU,2026-03-24,0.247
BRZU,2026-06-23,0.429
BRZU,2026-09-22,0.257
BSCQ,2023-09-18,0.057
BSCQ,2023-10-23,0.058
BSCQ,2023-11-20,0.06
BSCQ,2023-12-18,0.063
BSCQ,2024-01-22,0.06
BSCQ,2024-02-20,0.059
BSCQ,2024-03-18,0.059
BSCQ,2024-04-22,0.062
BSCQ,2024-05-20,0.066
BSCQ,2024-06-24,0.067
BSCQ,2024-07-22,0.069
BSCQ,2024-08-19,0.071
BSCQ,2024-09-23,0.067
BSCQ,2024-10-21,0.068
BSCQ,2024-11-18,0.068
BSCQ,2024-12-23,0.069
BSCQ,2025-01-21,0.067
BSCQ,2025-02-24,0.067
BSCQ,2025-03-24,0.067
BSCQ,2025-04-21,0.067
BSCQ,2025-05-19,0.069
BSCQ,2025-06-23,0.068
BSCQ,2025-07-21,0.068
BSCQ,2025-08-18,0.069
BSCQ,2025-09-22,0.068
BSCQ,2025-10-20,0.068
BSCQ,2025-11-24,0.067
BSCQ,2025-12-22,0.068
BSCQ,2026-01-20,0.068
BSCQ,2026-02-23,0.067
BSCQ,2026-03-23,0.065
BSCQ,2026-04-20,0.065
BSCQ,2026-05-18,0.066
BSCQ,2026-06-22,0.065
BSCQ,2026-07-20,0.064
BSCQ,2026-08-24,0.062
BSCQ,2026-09-21,0.066
BSCR,2023-09-18,0.062
BSCR,2023-10-23,0.062
BSCR,2023-11-20,0.063
BSCR,2023-12-18,0.068
BSCR,2024-01-22,0.064
BSCR,2024-02-20,0.064
BSCR,2024-03-18,0.067
BSCR,2024-04-22,0.069
BSCR,2024-05-20,0.071
BSCR,2024-06-24,0.072
BSCR,2024-07-22,0.073
BSCR,2024-08-19,0.074
BSCR,2024-09-23,0.069
BSCR,2024-10-21,0.07
BSCR,2024-11-18,0.07
BSCR,2024-12-23,0.069
BSCR,2025-01-21,0.07
BSCR,2025-02-24,0.066
BSCR,2025-03-24,0.066
BSCR,2025-04-21,0.068
BSCR,2025-05-19,0.071
BSCR,2025-06-23,0.072
BSCR,2025-07-21,0.074
BSCR,2025-08-18,0.074
BSCR,2025-09-22,0.07
BSCR,2025-10-20,0.069
BSCR,2025-11-24,0.07
BSCR,2025-12-22,0.072
BSCR,2026-01-20,0.07
BSCR,2026-02-23,0.068
BSCR,2026-03-23,0.067
BSCR,2026-04-20,0.067
BSCR,2026-05-18,0.071
BSCR,2026-06-22,0.069
BSCR,2026-07-20,0.069
BSCR,2026-08-24,0.069
BSCR,2026-09-21,0.07
BSCS,2023-09-18,0.066
BSCS,2023-10-23,0.067
BSCS,2023-11-20,0.07
BSCS,2023-12-18,0.073
BSCS,2024-01-22,0.069
BSCS,2024-02-20,0.07
BSCS,2024-03-18,0.074
BSCS,2024-04-22,0.077
BSCS,2024-05-20,0.078
BSCS,2024-06-24,0.079
BSCS,2024-07-22,0.081
BSCS,2024-08-19,0.082
BSCS,2024-09-23,0.075
BSCS,2024-10-21,0.076
BSCS,2024-11-18,0.076
BSCS,2024-12-23,0.078
BSCS,2025-01-21,0.075
BSCS,2025-02-24,0.073
BSCS,2025-03-24,0.075
BSCS,2025-04-21,0.076
BSCS,2025-05-19,0.079
BSCS,2025-06-23,0.078
BSCS,2025-07-21,0.079
BSCS,2025-08-18,0.079
BSCS,2025-09-22,0.076
BSCS,2025-10-20,0.076
BSCS,2025-11-24,0.077
BSCS,2025-12-22,0.075
BSCS,2026-01-20,0.075
BSCS,2026-02-23,0.073
BSCS,2026-03-23,0.073
BSCS,2026-04-20,0.073
BSCS,2026-05-18,0.076
BSCS,2026-06-22,0.075
BSCS,2026-07-20,0.076
BSCS,2026-08-24,0.076
BSCS,2026-09-21,0.074
BSCT,2023-09-18,0.062
BSCT,2023-10-23,0.062
BSCT,2023-11-20,0.065
BSCT,2023-12-18,0.065
BSCT,2024-01-22,0.062
BSCT,2024-02-20,0.064
BSCT,2024-03-18,0.062
BSCT,2024-04-22,0.069
BSCT,2024-05-20,0.073
BSCT,2024-06-24,0.072
BSCT,2024-07-22,0.074
BSCT,2024-08-19,0.075
BSCT,2024-09-23,0.069
BSCT,2024-10-21,0.069
BSCT,2024-11-18,0.069
BSCT,2024-12-23,0.071
BSCT,2025-01-21,0.068
BSCT,2025-02-24,0.067
BSCT,2025-03-24,0.069
BSCT,2025-04-21,0.071
BSCT,2025-05-19,0.074
BSCT,2025-06-23,0.072
BSCT,2025-07-21,0.074
BSCT,2025-08-18,0.078
BSCT,2025-09-22,0.071
BSCT,2025-10-20,0.07
BSCT,2025-11-24,0.07
BSCT,2025-12-22,0.07
BSCT,2026-01-20,0.069
BSCT,2026-02-23,0.067
BSCT,2026-03-23,0.068
BSCT,2026-04-20,0.07
BSCT,2026-05-18,0.072
BSCT,2026-06-22,0.07
BSCT,2026-07-20,0.07
BSCT,2026-08-24,0.07
BSCT,2026-09-21,0.069
BSCU,2023-09-18,0.058
BSCU,2023-10-23,0.057
BSCU,2023-11-20,0.057
BSCU,2023-12-18,0.065
BSCU,2024-01-22,0.057
BSCU,2024-02-20,0.058
BSCU,2024-03-18,0.061
BSCU,2024-04-22,0.065
BSCU,2024-05-20,0.067
BSCU,2024-06-24,0.068
BSCU,2024-07-22,0.069
BSCU,2024-08-19,0.071
BSCU,2024-09-23,0.061
BSCU,2024-10-21,0.063
BSCU,2024-11-18,0.065
BSCU,2024-12-23,0.064
BSCU,2025-01-21,0.06
BSCU,2025-02-24,0.061
BSCU,2025-03-24,0.062
BSCU,2025-04-21,0.064
BSCU,2025-05-19,0.067
BSCU,2025-06-23,0.067
BSCU,2025-07-21,0.067
BSCU,2025-08-18,0.069
BSCU,2025-09-22,0.064
BSCU,2025-10-20,0.063
BSCU,2025-11-24,0.064
BSCU,2025-12-22,0.063
BSCU,2026-01-20,0.062
BSCU,2026-02-23,0.062
BSCU,2026-03-23,0.062
BSCU,2026-04-20,0.062
BSCU,2026-05-18,0.065
BSCU,2026-06-22,0.064
BSCU,2026-07-20,0.064
BSCU,2026-08-24,0.065
BSCU,2026-09-21,0.063
BSCV,2023-09-18,0.063
BSCV,2023-10-23,0.064
BSCV,2023-11-20,0.06
BSCV,2023-12-18,0.066
BSCV,2024-01-22,0.061
BSCV,2024-02-20,0.061
BSCV,2024-03-18,0.064
BSCV,2024-04-22,0.066
BSCV,2024-05-20,0.067
BSCV,2024-06-24,0.069
BSCV,2024-07-22,0.069
BSCV,2024-08-19,0.067
BSCV,2024-09-23,0.064
BSCV,2024-10-21,0.066
BSCV,2024-11-18,0.066
BSCV,2024-12-23,0.062
BSCV,2025-01-21,0.061
BSCV,2025-02-24,0.063
BSCV,2025-03-24,0.064
BSCV,2025-04-21,0.065
BSCV,2025-05-19,0.069
BSCV,2025-06-23,0.067
BSCV,2025-07-21,0.066
BSCV,2025-08-18,0.066
BSCV,2025-09-22,0.064
BSCV,2025-10-20,0.064
BSCV,2025-11-24,0.064
BSCV,2025-12-22,0.063
BSCV,2026-01-20,0.062
BSCV,2026-02-23,0.062
BSCV,2026-03-23,0.062
BSCV,2026-04-20,0.063
BSCV,2026-05-18,0.066
BSCV,2026-06-22,0.064
BSCV,2026-07-20,0.065
BSCV,2026-08-24,0.067
BSCV,2026-09-21,0.063
BSCW,2023-09-18,0.082
BSCW,2023-10-23,0.072
BSCW,2023-11-20,0.078
BSCW,2023-12-18,0.109
BSCW,2024-01-22,0.081
BSCW,2024-02-20,0.079
BSCW,2024-03-18,0.079
BSCW,2024-04-22,0.081
BSCW,2024-05-20,0.087
BSCW,2024-06-24,0.091
BSCW,2024-07-22,0.092
BSCW,2024-08-19,0.092
BSCW,2024-09-23,0.083
BSCW,2024-10-21,0.084
BSCW,2024-11-18,0.083
BSCW,2024-12-23,0.086
BSCW,2025-01-21,0.081
BSCW,2025-02-24,0.081
BSCW,2025-03-24,0.082
BSCW,2025-04-21,0.084
BSCW,2025-05-19,0.089
BSCW,2025-06-23,0.086
BSCW,2025-07-21,0.084
BSCW,2025-08-18,0.085
BSCW,2025-09-22,0.083
BSCW,2025-10-20,0.084
BSCW,2025-11-24,0.082
BSCW,2025-12-22,0.083
BSCW,2026-01-20,0.08
BSCW,2026-02-23,0.079
BSCW,2026-03-23,0.08
BSCW,2026-04-20,0.081
BSCW,2026-05-18,0.084
BSCW,2026-06-22,0.083
BSCW,2026-07-20,0.083
BSCW,2026-08-24,0.084
BSCW,2026-09-21,0.079
BSCX,2023-10-23,0.091
BSCX,2023-11-20,0.098
BSCX,2023-12-18,0.04
BSCX,2024-01-22,0.056
BSCX,2024-02-20,0.072
BSCX,2024-03-18,0.088
BSCX,2024-04-22,0.088
BSCX,2024-05-20,0.09
BSCX,2024-06-24,0.093
BSCX,2024-07-22,0.097
BSCX,2024-08-19,0.094
BSCX,2024-09-23,0.084
BSCX,2024-10-21,0.088
BSCX,2024-11-18,0.089
BSCX,2024-12-23,0.091
BSCX,2025-01-21,0.086
BSCX,2025-02-24,0.084
BSCX,2025-03-24,0.079
BSCX,2025-04-21,0.085
BSCX,2025-05-19,0.092
BSCX,2025-06-23,0.088
BSCX,2025-07-21,0.087
BSCX,2025-08-18,0.091
BSCX,2025-09-22,0.086
BSCX,2025-10-20,0.086
BSCX,2025-11-24,0.084
BSCX,2025-12-22,0.087
BSCX,2026-01-20,0.085
BSCX,2026-02-23,0.083
BSCX,2026-03-23,0.083
BSCX,2026-04-20,0.084
BSCX,2026-05-18,0.087
BSCX,2026-06-22,0.084
BSCX,2026-07-20,0.088
BSCX,2026-08-24,0.091
BSCX,2026-09-21,0.085
BSCY,2024-07-22,0.1
BSCY,2024-08-19,0.126
BSCY,2024-09-23,0.061
BSCY,2024-10-21,0.043
BSCY,2024-11-18,0.078
BSCY,2024-12-23,0.084
BSCY,2025-01-21,0.071
BSCY,2025-02-24,0.075
BSCY,2025-03-24,0.084
BSCY,2025-04-21,0.087
BSCY,2025-05-19,0.09
BSCY,2025-06-23,0.088
BSCY,2025-07-21,0.089
BSCY,2025-08-18,0.096
BSCY,2025-09-22,0.083
BSCY,2025-10-20,0.079
BSCY,2025-11-24,0.084
BSCY,2025-12-22,0.081
BSCY,2026-01-20,0.082
BSCY,2026-02-23,0.081
BSCY,2026-03-23,0.08
BSCY,2026-04-20,0.077
BSCY,2026-05-18,0.088
BSCY,2026-06-22,0.088
BSCY,2026-07-20,0.089
BSCY,2026-08-24,0.092
BSCY,2026-09-21,0.081
BSCZ,2025-07-21,0.087
BSCZ,2025-08-18,0.087
BSCZ,2025-09-22,0.067
BSCZ,2025-10-20,0.074
BSCZ,2025-11-24,0.071
BSCZ,2025-12-22,0.068
BSCZ,2026-01-20,0.068
BSCZ,2026-02-23,0.067
BSCZ,2026-03-23,0.077
BSCZ,2026-04-20,0.084
BSCZ,2026-05-18,0.086
BSCZ,2026-06-22,0.087
BSCZ,2026-07-20,0.091
BSCZ,2026-08-24,0.094
BSCZ,2026-09-21,0.076
BSJQ,2023-09-18,0.124
BSJQ,2023-10-23,0.129
BSJQ,2023-11-20,0.137
BSJQ,2023-12-18,0.138
BSJQ,2024-01-22,0.126
BSJQ,2024-02-20,0.123
BSJQ,2024-03-18,0.125
BSJQ,2024-04-22,0.126
BSJQ,2024-05-20,0.134
BSJQ,2024-06-24,0.129
BSJQ,2024-07-22,0.135
BSJQ,2024-08-19,0.134
BSJQ,2024-09-23,0.125
BSJQ,2024-10-21,0.124
BSJQ,2024-11-18,0.125
BSJQ,2024-12-23,0.125
BSJQ,2025-01-21,0.119
BSJQ,2025-02-24,0.122
BSJQ,2025-03-24,0.121
BSJQ,2025-04-21,0.12
BSJQ,2025-05-19,0.132
BSJQ,2025-06-23,0.122
BSJQ,2025-07-21,0.119
BSJQ,2025-08-18,0.12
BSJQ,2025-09-22,0.116
BSJQ,2025-10-20,0.112
BSJQ,2025-11-24,0.111
BSJQ,2025-12-22,0.11
BSJQ,2026-01-20,0.112
BSJQ,2026-02-23,0.099
BSJQ,2026-03-23,0.106
BSJQ,2026-04-20,0.104
BSJQ,2026-05-18,0.111
BSJQ,2026-06-22,0.108
BSJQ,2026-07-20,0.1
BSJQ,2026-08-24,0.078
BSJQ,2026-09-21,0.088
BSJR,2023-09-18,0.119
BSJR,2023-10-23,0.12
BSJR,2023-11-20,0.126
BSJR,2023-12-18,0.127
BSJR,2024-01-22,0.118
BSJR,2024-02-20,0.123
BSJR,2024-03-18,0.123
BSJR,2024-04-22,0.125
BSJR,2024-05-20,0.129
BSJR,2024-06-24,0.126
BSJR,2024-07-22,0.131
BSJR,2024-08-19,0.141
BSJR,2024-09-23,0.116
BSJR,2024-10-21,0.126
BSJR,2024-11-18,0.128
BSJR,2024-12-23,0.125
BSJR,2025-01-21,0.122
BSJR,2025-02-24,0.119
BSJR,2025-03-24,0.12
BSJR,2025-04-21,0.124
BSJR,2025-05-19,0.127
BSJR,2025-06-23,0.119
BSJR,2025-07-21,0.118
BSJR,2025-08-18,0.111
BSJR,2025-09-22,0.108
BSJR,2025-10-20,0.113
BSJR,2025-11-24,0.108
BSJR,2025-12-22,0.111
BSJR,2026-01-20,0.105
BSJR,2026-02-23,0.098
BSJR,2026-03-23,0.094
BSJR,2026-04-20,0.099
BSJR,2026-05-18,0.101
BSJR,2026-06-22,0.098
BSJR,2026-07-20,0.099
BSJR,2026-08-24,0.098
BSJR,2026-09-21,0.094
BSJS,2023-09-18,0.124
BSJS,2023-10-23,0.119
BSJS,2023-11-20,0.135
BSJS,2023-12-18,0.132
BSJS,2024-01-22,0.114
BSJS,2024-02-20,0.114
BSJS,2024-03-18,0.12
BSJS,2024-04-22,0.128
BSJS,2024-05-20,0.135
BSJS,2024-06-24,0.131
BSJS,2024-07-22,0.136
BSJS,2024-08-19,0.129
BSJS,2024-09-23,0.118
BSJS,2024-10-21,0.135
BSJS,2024-11-18,0.136
BSJS,2024-12-23,0.131
BSJS,2025-01-21,0.124
BSJS,2025-02-24,0.118
BSJS,2025-03-24,0.117
BSJS,2025-04-21,0.117
BSJS,2025-05-19,0.126
BSJS,2025-06-23,0.124
BSJS,2025-07-21,0.124
BSJS,2025-08-18,0.117
BSJS,2025-09-22,0.117
BSJS,2025-10-20,0.113
BSJS,2025-11-24,0.112
BSJS,2025-12-22,0.118
BSJS,2026-01-20,0.111
BSJS,2026-02-23,0.106
BSJS,2026-03-23,0.105
BSJS,2026-04-20,0.108
BSJS,2026-05-18,0.112
BSJS,2026-06-22,0.109
BSJS,2026-07-20,0.109
BSJS,2026-08-24,0.109
BSJS,2026-09-21,0.105
BSJT,2023-09-18,0.113
BSJT,2023-10-23,0.114
BSJT,2023-11-20,0.12
BSJT,2023-12-18,0.109
BSJT,2024-01-22,0.107
BSJT,2024-02-20,0.111
BSJT,2024-03-18,0.115
BSJT,2024-04-22,0.109
BSJT,2024-05-20,0.122
BSJT,2024-06-24,0.125
BSJT,2024-07-22,0.115
BSJT,2024-08-19,0.134
BSJT,2024-09-23,0.116
BSJT,2024-10-21,0.123
BSJT,2024-11-18,0.116
BSJT,2024-12-23,0.132
BSJT,2025-01-21,0.116
BSJT,2025-02-24,0.117
BSJT,2025-03-24,0.117
BSJT,2025-04-21,0.124
BSJT,2025-05-19,0.127
BSJT,2025-06-23,0.128
BSJT,2025-07-21,0.128
BSJT,2025-08-18,0.125
BSJT,2025-09-22,0.118
BSJT,2025-10-20,0.119
BSJT,2025-11-24,0.122
BSJT,2025-12-22,0.116
BSJT,2026-01-20,0.116
BSJT,2026-02-23,0.112
BSJT,2026-03-23,0.111
BSJT,2026-04-20,0.117
BSJT,2026-05-18,0.12
BSJT,2026-06-22,0.11
BSJT,2026-07-20,0.114
BSJT,2026-08-24,0.111
BSJT,2026-09-21,0.111
BSJU,2023-09-18,0.147
BSJU,2023-10-23,0.151
BSJU,2023-11-20,0.138
BSJU,2023-12-18,0.148
BSJU,2024-01-22,0.137
BSJU,2024-02-20,0.137
BSJU,2024-03-18,0.13
BSJU,2024-04-22,0.144
BSJU,2024-05-20,0.153
BSJU,2024-06-24,0.161
BSJU,2024-07-22,0.168
BSJU,2024-08-19,0.159
BSJU,2024-09-23,0.139
BSJU,2024-10-21,0.155
BSJU,2024-11-18,0.159
BSJU,2024-12-23,0.175
BSJU,2025-01-21,0.14
BSJU,2025-02-24,0.14
BSJU,2025-03-24,0.136
BSJU,2025-04-21,0.143
BSJU,2025-05-19,0.144
BSJU,2025-06-23,0.149
BSJU,2025-07-21,0.144
BSJU,2025-08-18,0.147
BSJU,2025-09-22,0.139
BSJU,2025-10-20,0.147
BSJU,2025-11-24,0.15
BSJU,2025-12-22,0.125
BSJU,2026-01-20,0.135
BSJU,2026-02-23,0.135
BSJU,2026-03-23,0.14
BSJU,2026-04-20,0.148
BSJU,2026-05-18,0.152
BSJU,2026-06-22,0.148
BSJU,2026-07-20,0.148
BSJU,2026-08-24,0.151
BSJU,2026-09-21,0.139
BSMQ,2023-09-18,0.048
BSMQ,2023-10-23,0.049
BSMQ,2023-11-20,0.049
BSMQ,2023-12-18,0.052
BSMQ,2024-01-22,0.052
BSMQ,2024-02-20,0.049
BSMQ,2024-03-18,0.053
BSMQ,2024-04-22,0.054
BSMQ,2024-05-20,0.054
BSMQ,2024-06-24,0.055
BSMQ,2024-07-22,0.058
BSMQ,2024-08-19,0.057
BSMQ,2024-09-23,0.054
BSMQ,2024-10-21,0.055
BSMQ,2024-11-18,0.056
BSMQ,2024-12-23,0.054
BSMQ,2025-01-21,0.055
BSMQ,2025-02-24,0.053
BSMQ,2025-03-24,0.053
BSMQ,2025-04-21,0.053
BSMQ,2025-05-19,0.057
BSMQ,2025-06-23,0.056
BSMQ,2025-07-21,0.058
BSMQ,2025-08-18,0.056
BSMQ,2025-09-22,0.053
BSMQ,2025-10-20,0.052
BSMQ,2025-11-24,0.051
BSMQ,2025-12-22,0.052
BSMQ,2026-01-20,0.054
BSMQ,2026-02-23,0.055
BSMQ,2026-03-23,0.057
BSMQ,2026-04-20,0.055
BSMQ,2026-05-18,0.053
BSMQ,2026-06-22,0.054
BSMQ,2026-07-20,0.057
BSMQ,2026-08-24,0.055
BSMQ,2026-09-21,0.053
BSMR,2023-09-18,0.051
BSMR,2023-10-23,0.054
BSMR,2023-11-20,0.054
BSMR,2023-12-18,0.056
BSMR,2024-01-22,0.051
BSMR,2024-02-20,0.052
BSMR,2024-03-18,0.054
BSMR,2024-04-22,0.056
BSMR,2024-05-20,0.056
BSMR,2024-06-24,0.053
BSMR,2024-07-22,0.054
BSMR,2024-08-19,0.059
BSMR,2024-09-23,0.055
BSMR,2024-10-21,0.056
BSMR,2024-11-18,0.056
BSMR,2024-12-23,0.053
BSMR,2025-01-21,0.055
BSMR,2025-02-24,0.053
BSMR,2025-03-24,0.054
BSMR,2025-04-21,0.056
BSMR,2025-05-19,0.058
BSMR,2025-06-23,0.057
BSMR,2025-07-21,0.06
BSMR,2025-08-18,0.054
BSMR,2025-09-22,0.053
BSMR,2025-10-20,0.052
BSMR,2025-11-24,0.052
BSMR,2025-12-22,0.052
BSMR,2026-01-20,0.053
BSMR,2026-02-23,0.052
BSMR,2026-03-23,0.052
BSMR,2026-04-20,0.051
BSMR,2026-05-18,0.055
BSMR,2026-06-22,0.055
BSMR,2026-07-20,0.055
BSMR,2026-08-24,0.055
BSMR,2026-09-21,0.053
BSMS,2023-09-18,0.05
BSMS,2023-10-23,0.052
BSMS,2023-11-20,0.051
BSMS,2023-12-18,0.055
BSMS,2024-01-22,0.054
BSMS,2024-02-20,0.052
BSMS,2024-03-18,0.054
BSMS,2024-04-22,0.056
BSMS,2024-05-20,0.057
BSMS,2024-06-24,0.056
BSMS,2024-07-22,0.055
BSMS,2024-08-19,0.054
BSMS,2024-09-23,0.055
BSMS,2024-10-21,0.057
BSMS,2024-11-18,0.055
BSMS,2024-12-23,0.052
BSMS,2025-01-21,0.054
BSMS,2025-02-24,0.053
BSMS,2025-03-24,0.055
BSMS,2025-04-21,0.055
BSMS,2025-05-19,0.057
BSMS,2025-06-23,0.056
BSMS,2025-07-21,0.058
BSMS,2025-08-18,0.057
BSMS,2025-09-22,0.052
BSMS,2025-10-20,0.052
BSMS,2025-11-24,0.054
BSMS,2025-12-22,0.053
BSMS,2026-01-20,0.054
BSMS,2026-02-23,0.053
BSMS,2026-03-23,0.053
BSMS,2026-04-20,0.052
BSMS,2026-05-18,0.056
BSMS,2026-06-22,0.056
BSMS,2026-07-20,0.056
BSMS,2026-08-24,0.058
BSMS,2026-09-21,0.053
BSMT,2023-09-18,0.05
BSMT,2023-10-23,0.051
BSMT,2023-11-20,0.049
BSMT,2023-12-18,0.054
BSMT,2024-01-22,0.052
BSMT,2024-02-20,0.048
BSMT,2024-03-18,0.051
BSMT,2024-04-22,0.053
BSMT,2024-05-20,0.055
BSMT,2024-06-24,0.056
BSMT,2024-07-22,0.056
BSMT,2024-08-19,0.057
BSMT,2024-09-23,0.054
BSMT,2024-10-21,0.055
BSMT,2024-11-18,0.052
BSMT,2024-12-23,0.052
BSMT,2025-01-21,0.053
BSMT,2025-02-24,0.053
BSMT,2025-03-24,0.054
BSMT,2025-04-21,0.054
BSMT,2025-05-19,0.057
BSMT,2025-06-23,0.055
BSMT,2025-07-21,0.058
BSMT,2025-08-18,0.055
BSMT,2025-09-22,0.052
BSMT,2025-10-20,0.051
BSMT,2025-11-24,0.051
BSMT,2025-12-22,0.05
BSMT,2026-01-20,0.051
BSMT,2026-02-23,0.05
BSMT,2026-03-23,0.052
BSMT,2026-04-20,0.053
BSMT,2026-05-18,0.054
BSMT,2026-06-22,0.053
BSMT,2026-07-20,0.054
BSMT,2026-08-24,0.055
BSMT,2026-09-21,0.052
BSMU,2023-09-18,0.049
BSMU,2023-10-23,0.048
BSMU,2023-11-20,0.053
BSMU,2023-12-18,0.055
BSMU,2024-01-22,0.05
BSMU,2024-02-20,0.05
BSMU,2024-03-18,0.053
BSMU,2024-04-22,0.054
BSMU,2024-05-20,0.055
BSMU,2024-06-24,0.054
BSMU,2024-07-22,0.056
BSMU,2024-08-19,0.051
BSMU,2024-09-23,0.052
BSMU,2024-10-21,0.055
BSMU,2024-11-18,0.054
BSMU,2024-12-23,0.052
BSMU,2025-01-21,0.051
BSMU,2025-02-24,0.051
BSMU,2025-03-24,0.052
BSMU,2025-04-21,0.053
BSMU,2025-05-19,0.055
BSMU,2025-06-23,0.055
BSMU,2025-07-21,0.056
BSMU,2025-08-18,0.053
BSMU,2025-09-22,0.05
BSMU,2025-10-20,0.05
BSMU,2025-11-24,0.049
BSMU,2025-12-22,0.049
BSMU,2026-01-20,0.049
BSMU,2026-02-23,0.049
BSMU,2026-03-23,0.051
BSMU,2026-04-20,0.051
BSMU,2026-05-18,0.053
BSMU,2026-06-22,0.053
BSMU,2026-07-20,0.053
BSMU,2026-08-24,0.054
BSMU,2026-09-21,0.052
BSMV,2023-09-18,0.047
BSMV,2023-10-23,0.048
BSMV,2023-11-20,0.044
BSMV,2023-12-18,0.054
BSMV,2024-01-22,0.053
BSMV,2024-02-20,0.052
BSMV,2024-03-18,0.054
BSMV,2024-04-22,0.055
BSMV,2024-05-20,0.056
BSMV,2024-06-24,0.056
BSMV,2024-07-22,0.057
BSMV,2024-08-19,0.056
BSMV,2024-09-23,0.053
BSMV,2024-10-21,0.054
BSMV,2024-11-18,0.054
BSMV,2024-12-23,0.05
BSMV,2025-01-21,0.05
BSMV,2025-02-24,0.05
BSMV,2025-03-24,0.052
BSMV,2025-04-21,0.053
BSMV,2025-05-19,0.056
BSMV,2025-06-23,0.055
BSMV,2025-07-21,0.055
BSMV,2025-08-18,0.046
BSMV,2025-09-22,0.051
BSMV,2025-10-20,0.05
BSMV,2025-11-24,0.051
BSMV,2025-12-22,0.05
BSMV,2026-01-20,0.047
BSMV,2026-02-23,0.049
BSMV,2026-03-23,0.051
BSMV,2026-04-20,0.051
BSMV,2026-05-18,0.053
BSMV,2026-06-22,0.053
BSMV,2026-07-20,0.053
BSMV,2026-08-24,0.055
BSMV,2026-09-21,0.051
BSMW,2023-09-18,0.067
BSMW,2023-10-23,0.061
BSMW,2023-11-20,0.054
BSMW,2023-12-18,0.061
BSMW,2024-01-22,0.078
BSMW,2024-02-20,0.068
BSMW,2024-03-18,0.069
BSMW,2024-04-22,0.072
BSMW,2024-05-20,0.074
BSMW,2024-06-24,0.073
BSMW,2024-07-22,0.074
BSMW,2024-08-19,0.075
BSMW,2024-09-23,0.069
BSMW,2024-10-21,0.075
BSMW,2024-11-18,0.076
BSMW,2024-12-23,0.269
BSMW,2025-01-21,0.067
BSMW,2025-02-24,0.066
BSMW,2025-03-24,0.068
BSMW,2025-04-21,0.069
BSMW,2025-05-19,0.071
BSMW,2025-06-23,0.071
BSMW,2025-07-21,0.069
BSMW,2025-08-18,0.07
BSMW,2025-09-22,0.068
BSMW,2025-10-20,0.067
BSMW,2025-11-24,0.066
BSMW,2025-12-22,0.063
BSMW,2026-01-20,0.066
BSMW,2026-02-23,0.066
BSMW,2026-03-23,0.067
BSMW,2026-04-20,0.068
BSMW,2026-05-18,0.062
BSMW,2026-06-22,0.07
BSMW,2026-07-20,0.073
BSMW,2026-08-24,0.074
BSMW,2026-09-21,0.067
BSMY,2024-10-21,0.056
BSMY,2024-11-18,0.087
BSMY,2024-12-23,0.05
BSMY,2025-01-21,0.05
BSMY,2025-02-24,0.058
BSMY,2025-03-24,0.065
BSMY,2025-04-21,0.063
BSMY,2025-05-19,0.078
BSMY,2025-06-23,0.082
BSMY,2025-07-21,0.064
BSMY,2025-08-18,0.061
BSMY,2025-09-22,0.066
BSMY,2025-10-20,0.076
BSMY,2025-11-24,0.079
BSMY,2025-12-22,0.074
BSMY,2026-01-20,0.071
BSMY,2026-02-23,0.07
BSMY,2026-03-23,0.074
BSMY,2026-04-20,0.076
BSMY,2026-05-18,0.074
BSMY,2026-06-22,0.073
BSMY,2026-07-20,0.075
BSMY,2026-08-24,0.074
BSMY,2026-09-21,0.074
BSSX,2023-10-23,0.089
BSSX,2023-11-20,0.081
BSSX,2023-12-18,0.082
BSSX,2024-01-22,0.071
BSSX,2024-02-20,0.072
BSSX,2024-03-18,0.061
BSSX,2024-04-22,0.07
BSSX,2024-05-20,0.067
BSSX,2024-06-24,0.074
BSSX,2024-07-22,0.075
BSSX,2024-08-19,0.071
BSSX,2024-09-23,0.068
BSSX,2024-10-21,0.072
BSSX,2024-11-18,0.074
BSSX,2024-12-23,0.072
BSSX,2025-01-21,0.066
BSSX,2025-02-24,0.066
BSSX,2025-03-24,0.07
BSSX,2025-04-21,0.069
BSSX,2025-05-19,0.075
BSSX,2025-06-23,0.075
BSSX,2025-07-21,0.075
BSSX,2025-08-18,0.067
BSSX,2025-09-22,0.069
BSSX,2025-10-20,0.072
BSSX,2025-11-24,0.074
BSSX,2025-12-22,0.067
BSSX,2026-01-20,0.067
BSSX,2026-02-23,0.07
BSSX,2026-03-23,0.071
BSSX,2026-04-20,0.071
BSSX,2026-05-18,0.071
BSSX,2026-06-22,0.072
BSSX,2026-07-20,0.074
BSSX,2026-08-24,0.075
BSSX,2026-09-21,0.068
BSV,2023-09-01,0.171
BSV,2023-10-02,0.172
BSV,2023-11-01,0.186
BSV,2023-12-01,0.185
BSV,2023-12-22,0.195
BSV,2024-02-01,0.198
BSV,2024-03-01,0.188
BSV,2024-04-01,0.204
BSV,2024-05-01,0.202
BSV,2024-06-03,0.22
BSV,2024-07-01,0.217
BSV,2024-08-01,0.227
BSV,2024-09-03,0.229
BSV,2024-10-01,0.223
BSV,2024-11-01,0.234
BSV,2024-12-02,0.231
BSV,2024-12-24,0.24
BSV,2025-02-03,0.247
BSV,2025-03-03,0.224
BSV,2025-04-01,0.25
BSV,2025-05-01,0.236
BSV,2025-06-02,0.258
BSV,2025-07-01,0.251
BSV,2025-08-01,0.259
BSV,2025-09-02,0.26
BSV,2025-10-01,0.253
BSV,2025-11-03,0.265
BSV,2025-12-01,0.25
BSV,2025-12-18,0.267
BSV,2026-02-02,0.266
BSV,2026-03-02,0.242
BSV,2026-04-01,0.267
BSV,2026-05-01,0.259
BSV,2026-06-01,0.267
BSV,2026-07-01,0.261
BSV,2026-08-03,0.266
BSV,2026-09-01,0.268
BSV,2026-10-01,0.268
BSVO,2023-12-20,0.3
BSVO,2024-12-19,0.348
BSVO,2025-12-16,0.354
BTAL,2023-12-27,1.041
BTAL,2024-12-30,0.645
BTAL,2025-12-30,0.358
BTCI,2024-10-23,1.125
BTCI,2024-11-20,1.408
BTCI,2024-12-24,1.458
BTCI,2025-01-22,1.572
BTCI,2025-02-26,1.432
BTCI,2025-03-26,1.335
BTCI,2025-04-23,1.259
BTCI,2025-05-21,1.515
BTCI,2025-06-25,1.398
BTCI,2025-07-23,1.472
BTCI,2025-08-20,1.415
BTCI,2025-09-24,1.34
BTCI,2025-10-22,1.3
BTCI,2025-11-26,1.018
BTCI,2025-12-24,0.997
BTCI,2026-01-21,1.043
BTCI,2026-02-18,0.761
BTCI,2026-03-18,0.78
BTCI,2026-04-22,0.798
BTCI,2026-05-20,0.793
BTCI,2026-06-16,0.653
BTCI,2026-07-22,0.646
BTCI,2026-08-19,0.629
BTCI,2026-09-16,0.718
BTCL,2024-12-24,2.116
BTCL,2025-12-24,0.49
BTCU,2026-06-23,0.043
BTCU,2026-09-22,0.163
BTCZ,2024-12-24,0.005
BTCZ,2025-12-24,0.001
BUCK,2023-09-27,0.1
BUCK,2023-10-26,0.1
BUCK,2023-11-27,0.1
BUCK,2023-12-26,0.11
BUCK,2024-01-26,0.2
BUCK,2024-02-26,0.25
BUCK,2024-03-25,0.25
BUCK,2024-04-25,0.14
BUCK,2024-05-24,0.14
BUCK,2024-06-25,0.2
BUCK,2024-07-26,0.2
BUCK,2024-08-27,0.2
BUCK,2024-09-25,0.2
BUCK,2024-10-28,0.14
BUCK,2024-11-25,0.14
BUCK,2024-12-23,0.109
BUCK,2025-01-28,0.15
BUCK,2025-02-25,0.15
BUCK,2025-03-26,0.15
BUCK,2025-04-25,0.15
BUCK,2025-05-27,0.15
BUCK,2025-06-25,0.15
BUCK,2025-07-28,0.15
BUCK,2025-08-26,0.15
BUCK,2025-09-25,0.15
BUCK,2025-10-28,0.15
BUCK,2025-11-21,0.15
BUCK,2025-12-23,0.15
BUCK,2026-01-27,0.15
BUCK,2026-02-24,0.14
BUCK,2026-03-26,0.14
BUCK,2026-04-27,0.14
BUCK,2026-05-26,0.12
BUCK,2026-06-25,0.12
BUCK,2026-07-28,0.12
BUCK,2026-08-26,0.12
BUFP,2024-12-27,0.005
BUFP,2025-12-30,0.002
BUG,2023-12-28,0.031
BUG,2024-12-30,0.03
BUG,2025-12-30,0.012
BUXX,2023-09-27,0.11
BUXX,2023-10-27,0.068
BUXX,2023-11-28,0.091
BUXX,2023-12-20,0.12
BUXX,2024-01-29,0.073
BUXX,2024-02-27,0.09
BUXX,2024-03-26,0.093
BUXX,2024-04-26,0.091
BUXX,2024-05-30,0.112
BUXX,2024-06-27,0.086
BUXX,2024-07-30,0.101
BUXX,2024-08-29,0.085
BUXX,2024-09-27,0.118
BUXX,2024-10-30,0.085
BUXX,2024-11-27,0.072
BUXX,2024-12-30,0.117
BUXX,2025-01-30,0.062
BUXX,2025-02-27,0.074
BUXX,2025-03-28,0.085
BUXX,2025-04-29,0.088
BUXX,2025-05-29,0.079
BUXX,2025-06-27,0.083
BUXX,2025-07-30,0.068
BUXX,2025-08-28,0.12
BUXX,2025-09-29,0.075
BUXX,2025-10-30,0.085
BUXX,2025-11-26,0.065
BUXX,2025-12-30,0.117
BUXX,2026-01-29,0.053
BUXX,2026-02-26,0.077
BUXX,2026-03-30,0.065
BUXX,2026-04-29,0.077
BUXX,2026-05-28,0.072
BUXX,2026-06-29,0.078
BUXX,2026-07-30,0.064
BUXX,2026-08-27,0.083
BUYW,2023-09-21,0.067
BUYW,2023-10-19,0.067
BUYW,2023-11-21,0.067
BUYW,2023-12-21,0.067
BUYW,2024-01-25,0.068
BUYW,2024-02-22,0.068
BUYW,2024-03-21,0.068
BUYW,2024-04-24,0.068
BUYW,2024-05-23,0.069
BUYW,2024-06-20,0.069
BUYW,2024-07-25,0.069
BUYW,2024-08-22,0.07
BUYW,2024-09-19,0.07
BUYW,2024-10-24,0.07
BUYW,2024-11-21,0.07
BUYW,2024-12-19,0.07
BUYW,2025-01-24,0.071
BUYW,2025-02-21,0.071
BUYW,2025-03-25,0.069
BUYW,2025-04-25,0.067
BUYW,2025-05-23,0.069
BUYW,2025-06-24,0.07
BUYW,2025-07-25,0.071
BUYW,2025-08-22,0.071
BUYW,2025-09-23,0.071
BUYW,2025-10-24,0.071
BUYW,2025-11-21,0.071
BUYW,2025-12-23,0.072
BUYW,2026-01-22,0.072
BUYW,2026-02-19,0.071
BUYW,2026-03-26,0.071
BUYW,2026-04-23,0.072
BUYW,2026-05-21,0.072
BUYW,2026-06-25,0.072
BUYW,2026-07-24,0.073
BUYW,2026-08-26,0.073
BUYW,2026-09-24,0.073
BUZZ,2023-12-18,0.097
BUZZ,2024-12-23,0.125
BVAL,2025-09-29,0.16
BVAL,2025-12-30,0.044
BVAL,2026-03-27,0.097
BVAL,2026-06-26,0.113
BWX,2023-09-01,0.032
BWX,2023-10-02,0.031
BWX,2023-11-01,0.031
BWX,2023-12-01,0.031
BWX,2023-12-18,0.028
BWX,2024-02-01,0.038
BWX,2024-03-01,0.036
BWX,2024-04-01,0.036
BWX,2024-05-01,0.034
BWX,2024-06-03,0.035
BWX,2024-07-01,0.034
BWX,2024-08-01,0.037
BWX,2024-09-03,0.036
BWX,2024-10-01,0.039
BWX,2024-11-01,0.039
BWX,2024-12-02,0.036
BWX,2024-12-19,0.026
BWX,2025-02-03,0.039
BWX,2025-03-03,0.034
BWX,2025-04-01,0.039
BWX,2025-05-01,0.034
BWX,2025-06-02,0.042
BWX,2025-07-01,0.041
BWX,2025-08-01,0.046
BWX,2025-09-02,0.043
BWX,2025-10-01,0.042
BWX,2025-11-03,0.043
BWX,2025-12-01,0.041
BWX,2025-12-18,0.051
BWX,2026-02-02,0.038
BWX,2026-03-02,0.041
BWX,2026-04-01,0.045
BWX,2026-05-01,0.044
BWX,2026-06-01,0.045
BWX,2026-07-01,0.044
BWX,2026-08-03,0.045
BWX,2026-09-01,0.044
BWX,2026-10-01,0.043
BWZ,2023-09-01,0.042
BWZ,2023-10-02,0.045
BWZ,2023-11-01,0.044
BWZ,2023-12-01,0.046
BWZ,2023-12-18,0.047
BWZ,2024-02-01,0.049
BWZ,2024-03-01,0.045
BWZ,2024-04-01,0.049
BWZ,2024-05-01,0.05
BWZ,2024-06-03,0.052
BWZ,2024-07-01,0.051
BWZ,2024-08-01,0.053
BWZ,2024-09-03,0.055
BWZ,2024-10-01,0.056
BWZ,2024-11-01,0.064
BWZ,2024-12-02,0.052
BWZ,2024-12-19,0.051
BWZ,2025-02-03,0.052
BWZ,2025-03-03,0.047
BWZ,2025-04-01,0.048
BWZ,2025-05-01,0.039
BWZ,2025-06-02,0.044
BWZ,2025-07-01,0.05
BWZ,2025-08-01,0.048
BWZ,2025-09-02,0.051
BWZ,2025-10-01,0.047
BWZ,2025-11-03,0.044
BWZ,2025-12-01,0.043
BWZ,2025-12-18,0.05
BWZ,2026-02-02,0.046
BWZ,2026-03-02,0.043
BWZ,2026-04-01,0.049
BWZ,2026-05-01,0.045
BWZ,2026-06-01,0.05
BWZ,2026-07-01,0.049
BWZ,2026-08-03,0.049
BWZ,2026-09-01,0.05
BWZ,2026-10-01,0.05
BYLD,2023-09-05,0.09
BYLD,2023-10-03,0.09
BYLD,2023-11-02,0.083
BYLD,2023-12-04,0.094
BYLD,2023-12-22,0.086
BYLD,2024-02-02,0.086
BYLD,2024-03-04,0.089
BYLD,2024-04-02,0.092
BYLD,2024-05-02,0.091
BYLD,2024-06-04,0.105
BYLD,2024-07-02,0.104
BYLD,2024-08-02,0.1
BYLD,2024-09-04,0.103
BYLD,2024-10-02,0.1
BYLD,2024-11-04,0.104
BYLD,2024-12-03,0.1
BYLD,2024-12-20,0.104
BYLD,2025-02-04,0.107
BYLD,2025-03-04,0.098
BYLD,2025-04-02,0.1
BYLD,2025-05-02,0.1
BYLD,2025-06-03,0.101
BYLD,2025-07-02,0.099
BYLD,2025-08-04,0.101
BYLD,2025-09-03,0.102
BYLD,2025-10-02,0.1
BYLD,2025-11-04,0.102
BYLD,2025-12-02,0.1
BYLD,2025-12-23,0.101
BYLD,2026-02-03,0.104
BYLD,2026-03-03,0.097
BYLD,2026-04-02,0.103
BYLD,2026-05-04,0.102
BYLD,2026-06-02,0.098
BYLD,2026-07-02,0.099
BYLD,2026-08-04,0.101
BYLD,2026-09-02,0.091
BYLD,2026-10-02,0.094
CAIE,2025-08-01,0.386
CAIE,2025-09-02,0.306
CAIE,2025-10-01,0.328
CAIE,2025-11-03,0.326
CAIE,2025-12-01,0.325
CAIE,2025-12-23,0.325
CAIE,2026-02-02,0.325
CAIE,2026-03-02,0.32
CAIE,2026-04-01,0.317
CAIE,2026-05-01,0.32
CAIE,2026-06-01,0.319
CAIE,2026-07-01,0.318
CAIE,2026-08-03,0.313
CAIE,2026-09-01,0.313
CAIE,2026-10-01,0.314
CAIQ,2025-12-23,0.394
CAIQ,2026-02-02,0.375
CAIQ,2026-03-02,0.381
CAIQ,2026-04-01,0.378
CAIQ,2026-05-01,0.379
CAIQ,2026-06-01,0.379
CAIQ,2026-07-01,0.378
CAIQ,2026-08-03,0.381
CAIQ,2026-09-01,0.382
CAIQ,2026-10-01,0.382
CALF,2023-09-21,0.151
CALF,2023-12-27,0.164
CALF,2024-03-21,0.082
CALF,2024-06-27,0.101
CALF,2024-09-26,0.146
CALF,2024-12-27,0.142
CALF,2025-03-06,0.066
CALF,2025-06-05,0.078
CALF,2025-09-04,0.16
CALF,2025-12-30,0.331
CALF,2026-03-05,0.071
CALF,2026-06-04,0.045
CALF,2026-09-03,0.192
CALI,2023-09-01,0.162
CALI,2023-10-02,0.146
CALI,2023-11-01,0.131
CALI,2023-12-01,0.126
CALI,2023-12-14,0.126
CALI,2024-02-01,0.138
CALI,2024-03-01,0.131
CALI,2024-04-01,0.134
CALI,2024-05-01,0.124
CALI,2024-06-03,0.136
CALI,2024-07-01,0.133
CALI,2024-08-01,0.128
CALI,2024-09-03,0.128
CALI,2024-10-01,0.142
CALI,2024-11-01,0.129
CALI,2024-12-02,0.128
CALI,2024-12-18,0.125
CALI,2025-02-03,0.104
CALI,2025-03-03,0.106
CALI,2025-04-01,0.118
CALI,2025-05-01,0.119
CALI,2025-06-02,0.106
CALI,2025-07-01,0.099
CALI,2025-08-01,0.107
CALI,2025-09-02,0.106
CALI,2025-10-01,0.116
CALI,2025-11-03,0.115
CALI,2025-12-01,0.115
CALI,2025-12-19,0.114
CALI,2026-02-02,0.083
CALI,2026-03-02,0.099
CALI,2026-04-01,0.106
CALI,2026-05-01,0.116
CALI,2026-06-01,0.096
CALI,2026-07-01,0.105
CALI,2026-08-03,0.101
CALI,2026-09-01,0.1
CALI,2026-10-01,0.104
CAM,2025-11-03,0.066
CAM,2025-12-01,0.073
CAM,2025-12-31,0.078
CAM,2026-02-02,0.076
CAM,2026-03-02,0.074
CAM,2026-04-01,0.072
CAM,2026-05-01,0.065
CAM,2026-06-01,0.06
CAM,2026-07-01,0.059
CAM,2026-08-03,0.062
CAM,2026-09-01,0.063
CANC,2023-12-13,0.149
CANC,2024-12-11,0.728
CANC,2025-12-10,0.02
CAPE,2023-10-02,0.057
CAPE,2023-12-22,0.107
CAPE,2024-04-01,0.072
CAPE,2024-07-01,0.087
CAPE,2024-10-01,0.076
CAPE,2024-12-23,0.134
CAPE,2025-04-01,0.081
CAPE,2025-07-01,0.105
CAPE,2025-10-01,0.116
CAPE,2025-12-23,0.148
CAPE,2026-04-01,0.076
CAPE,2026-07-01,0.111
CAPE,2026-10-01,0.171
CARY,2023-09-01,0.085
CARY,2023-10-02,0.093
CARY,2023-11-01,0.115
CARY,2023-12-01,0.103
CARY,2023-12-28,0.117
CARY,2024-01-31,0.112
CARY,2024-02-29,0.074
CARY,2024-03-28,0.108
CARY,2024-04-30,0.112
CARY,2024-05-31,0.116
CARY,2024-06-28,0.111
CARY,2024-07-31,0.133
CARY,2024-08-30,0.107
CARY,2024-09-30,0.09
CARY,2024-10-31,0.113
CARY,2024-11-29,0.093
CARY,2024-12-31,0.209
CARY,2025-01-31,0.09
CARY,2025-02-28,0.094
CARY,2025-03-31,0.088
CARY,2025-04-30,0.11
CARY,2025-05-30,0.101
CARY,2025-06-30,0.096
CARY,2025-07-31,0.11
CARY,2025-08-29,0.091
CARY,2025-09-30,0.126
CARY,2025-10-31,0.101
CARY,2025-11-28,0.091
CARY,2025-12-31,0.048
CARY,2026-01-30,0.068
CARY,2026-02-27,0.08
CARY,2026-03-31,0.107
CARY,2026-04-30,0.093
CARY,2026-05-29,0.088
CARY,2026-06-30,0.1
CARY,2026-07-31,0.1
CARY,2026-08-31,0.093
CARY,2026-09-30,0.102
CATF,2024-09-03,0.145
CATF,2024-10-01,0.119
CATF,2024-11-01,0.134
CATF,2024-12-02,0.127
CATF,2024-12-17,0.135
CATF,2025-02-03,0.147
CATF,2025-03-03,0.14
CATF,2025-04-01,0.133
CATF,2025-05-01,0.151
CATF,2025-06-02,0.138
CATF,2025-07-01,0.141
CATF,2025-08-01,0.112
CATF,2025-09-02,0.14
CATF,2025-10-01,0.16
CATF,2025-11-03,0.152
CATF,2025-12-01,0.135
CATF,2025-12-16,0.152
CATF,2026-02-05,0.184
CATF,2026-03-05,0.15
CATF,2026-04-07,0.159
CATF,2026-05-06,0.134
CATF,2026-06-04,0.139
CATF,2026-07-07,0.145
CATF,2026-08-06,0.16
CATF,2026-09-04,0.131
CATH,2023-12-28,0.407
CATH,2024-06-27,0.265
CATH,2024-12-30,0.405
CATH,2025-06-27,0.285
CATH,2025-12-30,0.403
CATH,2026-06-29,0.282
CDC,2023-09-06,0.187
CDC,2023-10-11,0.305
CDC,2023-11-08,0.222
CDC,2023-12-18,0.437
CDC,2024-01-11,0.047
CDC,2024-02-09,0.105
CDC,2024-03-11,0.263
CDC,2024-04-11,0.16
CDC,2024-05-09,0.074
CDC,2024-06-12,0.222
CDC,2024-07-10,0.143
CDC,2024-08-08,0.132
CDC,2024-09-11,0.247
CDC,2024-10-08,0.151
CDC,2024-11-07,0.121
CDC,2024-12-12,0.414
CDC,2025-01-08,0.007
CDC,2025-02-07,0.133
CDC,2025-03-10,0.206
CDC,2025-04-10,0.221
CDC,2025-05-08,0.085
CDC,2025-06-09,0.252
CDC,2025-07-10,0.196
CDC,2025-08-06,0.107
CDC,2025-09-08,0.247
CDC,2025-10-09,0.208
CDC,2025-11-07,0.106
CDC,2025-12-11,0.45
CDC,2026-01-08,0.028
CDC,2026-02-09,0.136
CDC,2026-03-10,0.246
CDC,2026-04-09,0.21
CDC,2026-05-08,0.107
CDC,2026-06-09,0.283
CDC,2026-07-09,0.202
CDC,2026-08-07,0.13
CDC,2026-09-09,0.269
CDX,2023-09-27,0.1
CDX,2023-10-26,0.1
CDX,2023-11-27,0.1
CDX,2023-12-26,0.1
CDX,2024-01-26,0.1
CDX,2024-02-26,0.1
CDX,2024-03-25,0.15
CDX,2024-04-25,0.15
CDX,2024-05-24,0.1
CDX,2024-06-25,0.15
CDX,2024-07-26,0.2
CDX,2024-08-27,0.2
CDX,2024-09-25,0.2
CDX,2024-10-28,0.2
CDX,2024-11-25,0.25
CDX,2024-12-23,0.947
CDX,2025-01-28,0.05
CDX,2025-02-25,0.05
CDX,2025-03-26,0.15
CDX,2025-04-25,0.15
CDX,2025-05-27,0.15
CDX,2025-06-25,0.15
CDX,2025-07-28,0.15
CDX,2025-08-26,0.15
CDX,2025-09-25,0.15
CDX,2025-10-28,0.15
CDX,2025-11-21,0.15
CDX,2025-12-23,0.15
CDX,2026-01-27,0.15
CDX,2026-02-24,0.15
CDX,2026-03-26,0.15
CDX,2026-04-27,0.14
CDX,2026-05-26,0.12
CDX,2026-06-25,0.13
CDX,2026-07-28,0.13
CDX,2026-08-26,0.13
CDX,2026-09-25,0.13
CEFS,2023-09-20,0.14
CEFS,2023-10-20,0.14
CEFS,2023-11-20,0.14
CEFS,2023-12-20,0.206
CEFS,2024-01-24,0.14
CEFS,2024-02-26,0.14
CEFS,2024-03-25,0.14
CEFS,2024-04-24,0.14
CEFS,2024-05-23,0.14
CEFS,2024-06-24,0.14
CEFS,2024-07-24,0.14
CEFS,2024-08-26,0.14
CEFS,2024-09-24,0.14
CEFS,2024-10-24,0.14
CEFS,2024-11-25,0.14
CEFS,2024-12-30,0.342
CEFS,2025-01-30,0.14
CEFS,2025-02-27,0.14
CEFS,2025-03-27,0.14
CEFS,2025-04-29,0.14
CEFS,2025-05-29,0.14
CEFS,2025-06-26,0.14
CEFS,2025-07-30,0.14
CEFS,2025-08-28,0.14
CEFS,2025-09-29,0.14
CEFS,2025-10-30,0.14
CEFS,2025-11-25,0.14
CEFS,2025-12-30,0.266
CEFS,2026-01-28,0.14
CEFS,2026-02-25,0.14
CEFS,2026-03-27,0.14
CEFS,2026-04-28,0.14
CEFS,2026-05-27,0.14
CEFS,2026-06-26,0.14
CEFS,2026-07-29,0.14
CEFS,2026-08-27,0.14
CEMB,2023-09-01,0.184
CEMB,2023-10-02,0.178
CEMB,2023-11-01,0.183
CEMB,2023-12-01,0.202
CEMB,2023-12-14,0.198
CEMB,2024-02-01,0.175
CEMB,2024-03-01,0.182
CEMB,2024-04-01,0.186
CEMB,2024-05-01,0.181
CEMB,2024-06-03,0.193
CEMB,2024-07-01,0.193
CEMB,2024-08-01,0.189
CEMB,2024-09-03,0.196
CEMB,2024-10-01,0.187
CEMB,2024-11-01,0.193
CEMB,2024-12-02,0.199
CEMB,2024-12-18,0.196
CEMB,2025-02-03,0.202
CEMB,2025-03-03,0.196
CEMB,2025-04-01,0.195
CEMB,2025-05-01,0.199
CEMB,2025-06-02,0.195
CEMB,2025-07-01,0.191
CEMB,2025-08-01,0.193
CEMB,2025-09-02,0.197
CEMB,2025-10-01,0.193
CEMB,2025-11-03,0.201
CEMB,2025-12-01,0.193
CEMB,2025-12-19,0.204
CEMB,2026-02-02,0.184
CEMB,2026-03-02,0.199
CEMB,2026-04-01,0.204
CEMB,2026-05-01,0.195
CEMB,2026-06-01,0.188
CEMB,2026-07-01,0.214
CEMB,2026-08-03,0.189
CEMB,2026-09-01,0.193
CEMB,2026-10-01,0.201
CEPI,2025-01-28,1.698
CEPI,2025-02-25,1.578
CEPI,2025-03-25,1.459
CEPI,2025-04-29,1.329
CEPI,2025-05-29,1.388
CEPI,2025-06-24,1.38
CEPI,2025-07-29,1.456
CEPI,2025-08-26,1.414
CEPI,2025-09-23,1.439
CEPI,2025-10-28,1.496
CEPI,2025-11-26,1.228
CEPI,2025-12-23,1.233
CEPI,2026-01-27,1.252
CEPI,2026-02-24,1.114
CEPI,2026-03-24,1.064
CEPI,2026-04-28,1.171
CEPI,2026-05-27,0.278
CEPI,2026-06-03,0.288
CEPI,2026-06-10,0.276
CEPI,2026-06-17,0.284
CEPI,2026-06-24,0.284
CEPI,2026-07-01,0.273
CEPI,2026-07-08,0.269
CEPI,2026-07-15,0.259
CEPI,2026-07-22,0.257
CEPI,2026-07-29,0.254
CEPI,2026-08-05,0.255
CEPI,2026-08-12,0.249
CEPI,2026-08-19,0.258
CEPI,2026-08-26,0.252
CEPI,2026-09-02,0.252
CEPI,2026-09-09,0.257
CEPI,2026-09-16,0.251
CEPI,2026-09-23,0.26
CEPI,2026-09-30,0.253
CERY,2024-12-27,0.136
CERY,2025-12-29,1.426
CGBL,2023-12-27,0.131
CGBL,2024-03-28,0.106
CGBL,2024-06-28,0.14
CGBL,2024-09-30,0.15
CGBL,2024-12-26,0.206
CGBL,2025-03-31,0.123
CGBL,2025-06-30,0.165
CGBL,2025-09-30,0.186
CGBL,2025-12-26,0.225
CGBL,2026-03-31,0.127
CGBL,2026-06-30,0.163
CGBL,2026-09-30,0.206
CGCB,2023-10-31,0.074
CGCB,2023-11-30,0.077
CGCB,2023-12-28,0.1
CGCB,2024-01-31,0.059
CGCB,2024-02-29,0.071
CGCB,2024-03-27,0.083
CGCB,2024-04-30,0.103
CGCB,2024-05-31,0.046
CGCB,2024-06-27,0.083
CGCB,2024-07-31,0.105
CGCB,2024-08-30,0.086
CGCB,2024-09-27,0.085
CGCB,2024-10-31,0.102
CGCB,2024-11-29,0.084
CGCB,2024-12-24,0.121
CGCB,2025-01-31,0.072
CGCB,2025-02-28,0.089
CGCB,2025-03-28,0.088
CGCB,2025-04-30,0.097
CGCB,2025-05-30,0.092
CGCB,2025-06-27,0.082
CGCB,2025-07-31,0.102
CGCB,2025-08-29,0.094
CGCB,2025-09-29,0.091
CGCB,2025-10-31,0.107
CGCB,2025-11-28,0.085
CGCB,2025-12-24,0.119
CGCB,2026-01-30,0.069
CGCB,2026-02-27,0.086
CGCB,2026-03-30,0.088
CGCB,2026-04-30,0.094
CGCB,2026-05-29,0.087
CGCB,2026-06-29,0.081
CGCB,2026-07-31,0.107
CGCB,2026-08-31,0.084
CGCB,2026-09-29,0.096
CGCP,2023-09-29,0.096
CGCP,2023-10-31,0.109
CGCP,2023-11-30,0.094
CGCP,2023-12-28,0.129
CGCP,2024-01-31,0.073
CGCP,2024-02-29,0.087
CGCP,2024-03-27,0.093
CGCP,2024-04-30,0.111
CGCP,2024-05-31,0.104
CGCP,2024-06-27,0.085
CGCP,2024-07-31,0.113
CGCP,2024-08-30,0.091
CGCP,2024-09-27,0.083
CGCP,2024-10-31,0.103
CGCP,2024-11-29,0.086
CGCP,2024-12-24,0.118
CGCP,2025-01-31,0.08
CGCP,2025-02-28,0.084
CGCP,2025-03-28,0.092
CGCP,2025-04-30,0.106
CGCP,2025-05-30,0.089
CGCP,2025-06-27,0.086
CGCP,2025-07-31,0.123
CGCP,2025-08-29,0.091
CGCP,2025-09-29,0.09
CGCP,2025-10-31,0.111
CGCP,2025-11-28,0.086
CGCP,2025-12-24,0.118
CGCP,2026-01-30,0.077
CGCP,2026-02-27,0.085
CGCP,2026-03-30,0.093
CGCP,2026-04-30,0.1
CGCP,2026-05-29,0.09
CGCP,2026-06-29,0.082
CGCP,2026-07-31,0.107
CGCP,2026-08-31,0.087
CGCP,2026-09-29,0.093
CGCV,2024-09-30,0.082
CGCV,2024-12-26,0.098
CGCV,2025-03-31,0.101
CGCV,2025-06-30,0.109
CGCV,2025-09-30,0.089
CGCV,2025-12-26,0.138
CGCV,2026-03-31,0.132
CGCV,2026-06-30,0.119
CGDG,2023-12-27,0.107
CGDG,2024-03-28,0.111
CGDG,2024-06-28,0.231
CGDG,2024-09-30,0.126
CGDG,2024-12-26,0.168
CGDG,2025-03-31,0.133
CGDG,2025-06-30,0.229
CGDG,2025-09-30,0.149
CGDG,2025-12-26,0.184
CGDG,2026-03-31,0.138
CGDG,2026-06-30,0.387
CGDG,2026-09-30,0.161
CGDV,2023-09-28,0.117
CGDV,2023-12-27,0.167
CGDV,2024-03-28,0.1
CGDV,2024-06-28,0.129
CGDV,2024-09-30,0.15
CGDV,2024-12-26,0.185
CGDV,2025-03-31,0.107
CGDV,2025-06-30,0.13
CGDV,2025-09-30,0.136
CGDV,2025-12-26,0.193
CGDV,2026-03-31,0.11
CGDV,2026-06-30,0.147
CGGE,2024-12-26,0.089
CGGE,2025-12-26,0.128
CGGG,2025-12-26,0.02
CGGG,2026-06-30,0.005
CGGO,2023-12-27,0.082
CGGO,2024-06-28,0.196
CGGO,2024-12-26,0.126
CGGO,2025-06-30,0.304
CGGO,2025-12-26,0.398
CGGR,2023-12-27,0.061
CGGR,2024-06-28,0.056
CGGR,2024-12-26,0.065
CGGR,2025-12-26,0.042
CGGR,2026-06-30,0.027
CGHM,2024-07-31,0.044
CGHM,2024-08-30,0.076
CGHM,2024-09-27,0.072
CGHM,2024-10-31,0.087
CGHM,2024-11-29,0.072
CGHM,2024-12-24,0.099
CGHM,2025-01-31,0.063
CGHM,2025-02-28,0.077
CGHM,2025-03-28,0.08
CGHM,2025-04-30,0.077
CGHM,2025-05-30,0.074
CGHM,2025-06-27,0.067
CGHM,2025-07-31,0.089
CGHM,2025-08-29,0.019
CGHM,2025-09-29,0.081
CGHM,2025-10-31,0.101
CGHM,2025-11-28,0.08
CGHM,2025-12-24,0.113
CGHM,2026-01-30,0.064
CGHM,2026-02-27,0.098
CGHM,2026-03-30,0.089
CGHM,2026-04-30,0.094
CGHM,2026-05-29,0.083
CGHM,2026-06-29,0.159
CGHM,2026-07-31,0.114
CGHM,2026-08-31,0.076
CGHM,2026-09-29,0.088
CGIB,2024-07-31,0.057
CGIB,2024-08-30,0.035
CGIB,2024-09-27,0.025
CGIB,2024-10-31,0.025
CGIB,2024-11-29,0.025
CGIB,2024-12-24,0.248
CGIB,2025-01-31,0.025
CGIB,2025-02-28,0.025
CGIB,2025-03-28,0.025
CGIB,2025-04-30,0.025
CGIB,2025-05-30,0.025
CGIB,2025-06-27,0.737
CGIB,2025-07-31,0.025
CGIB,2025-08-29,0.025
CGIB,2025-09-29,0.025
CGIB,2025-10-31,0.025
CGIB,2025-11-28,0.024
CGIB,2025-12-24,0.093
CGIB,2026-01-30,0.025
CGIB,2026-02-27,0.025
CGIB,2026-03-30,0.025
CGIB,2026-04-30,0.025
CGIB,2026-05-29,0.025
CGIB,2026-06-29,0.025
CGIB,2026-07-31,0.025
CGIB,2026-08-31,0.025
CGIB,2026-09-29,0.025
CGIC,2024-09-30,0.059
CGIC,2024-12-26,0.104
CGIC,2025-03-31,0.058
CGIC,2025-06-30,0.225
CGIC,2025-09-30,0.079
CGIC,2025-12-26,0.159
CGIC,2026-03-31,0.022
CGIC,2026-06-30,0.346
CGIE,2023-12-27,0.053
CGIE,2024-06-28,0.271
CGIE,2024-12-26,0.08
CGIE,2025-06-30,0.272
CGIE,2025-12-26,0.134
CGIE,2026-06-30,0.367
CGMM,2025-06-30,0.033
CGMM,2025-12-26,0.083
CGMM,2026-06-30,0.04
CGMS,2023-09-29,0.129
CGMS,2023-10-31,0.151
CGMS,2023-11-30,0.12
CGMS,2023-12-28,0.172
CGMS,2024-01-31,0.136
CGMS,2024-02-29,0.128
CGMS,2024-03-27,0.127
CGMS,2024-04-30,0.138
CGMS,2024-05-31,0.138
CGMS,2024-06-27,0.116
CGMS,2024-07-31,0.155
CGMS,2024-08-30,0.125
CGMS,2024-09-27,0.108
CGMS,2024-10-31,0.143
CGMS,2024-11-29,0.127
CGMS,2024-12-24,0.173
CGMS,2025-01-31,0.109
CGMS,2025-02-28,0.117
CGMS,2025-03-28,0.138
CGMS,2025-04-30,0.145
CGMS,2025-05-30,0.099
CGMS,2025-06-27,0.138
CGMS,2025-07-31,0.186
CGMS,2025-08-29,0.137
CGMS,2025-09-29,0.131
CGMS,2025-10-31,0.165
CGMS,2025-11-28,0.127
CGMS,2025-12-24,0.166
CGMS,2026-01-30,0.111
CGMS,2026-02-27,0.115
CGMS,2026-03-30,0.1
CGMS,2026-04-30,0.152
CGMS,2026-05-29,0.144
CGMS,2026-06-29,0.143
CGMS,2026-07-31,0.16
CGMS,2026-08-31,0.13
CGMS,2026-09-29,0.14
CGMU,2023-09-29,0.068
CGMU,2023-10-31,0.075
CGMU,2023-11-30,0.063
CGMU,2023-12-28,0.097
CGMU,2024-01-31,0.056
CGMU,2024-02-29,0.083
CGMU,2024-03-27,0.071
CGMU,2024-04-30,0.086
CGMU,2024-05-31,0.076
CGMU,2024-06-27,0.065
CGMU,2024-07-31,0.046
CGMU,2024-08-30,0.071
CGMU,2024-09-27,0.067
CGMU,2024-10-31,0.084
CGMU,2024-11-29,0.067
CGMU,2024-12-24,0.094
CGMU,2025-01-31,0.063
CGMU,2025-02-28,0.078
CGMU,2025-03-28,0.078
CGMU,2025-04-30,0.082
CGMU,2025-05-30,0.075
CGMU,2025-06-27,0.065
CGMU,2025-07-31,0.087
CGMU,2025-08-29,0.067
CGMU,2025-09-29,0.072
CGMU,2025-10-31,0.086
CGMU,2025-11-28,0.069
CGMU,2025-12-24,0.087
CGMU,2026-01-30,0.068
CGMU,2026-02-27,0.083
CGMU,2026-03-30,0.077
CGMU,2026-04-30,0.08
CGMU,2026-05-29,0.072
CGMU,2026-06-29,0.068
CGMU,2026-07-31,0.088
CGMU,2026-08-31,0.07
CGMU,2026-09-29,0.077
CGNG,2024-12-26,0.067
CGNG,2025-12-26,0.217
CGSD,2023-09-29,0.096
CGSD,2023-10-31,0.112
CGSD,2023-11-30,0.094
CGSD,2023-12-28,0.129
CGSD,2024-01-31,0.071
CGSD,2024-02-29,0.089
CGSD,2024-03-27,0.09
CGSD,2024-04-30,0.109
CGSD,2024-05-31,0.099
CGSD,2024-06-27,0.083
CGSD,2024-07-31,0.118
CGSD,2024-08-30,0.102
CGSD,2024-09-27,0.083
CGSD,2024-10-31,0.113
CGSD,2024-11-29,0.09
CGSD,2024-12-24,0.125
CGSD,2025-01-31,0.078
CGSD,2025-02-28,0.091
CGSD,2025-03-28,0.094
CGSD,2025-04-30,0.103
CGSD,2025-05-30,0.098
CGSD,2025-06-27,0.087
CGSD,2025-07-31,0.116
CGSD,2025-08-29,0.095
CGSD,2025-09-29,0.093
CGSD,2025-10-31,0.109
CGSD,2025-11-28,0.082
CGSD,2025-12-24,0.121
CGSD,2026-01-30,0.074
CGSD,2026-02-27,0.086
CGSD,2026-03-30,0.094
CGSD,2026-04-30,0.1
CGSD,2026-05-29,0.092
CGSD,2026-06-29,0.087
CGSD,2026-07-31,0.112
CGSD,2026-08-31,0.089
CGSD,2026-09-29,0.092
CGSM,2023-10-31,0.057
CGSM,2023-11-30,0.058
CGSM,2023-12-28,0.103
CGSM,2024-01-31,0.056
CGSM,2024-02-29,0.065
CGSM,2024-03-27,0.076
CGSM,2024-04-30,0.081
CGSM,2024-05-31,0.082
CGSM,2024-06-27,0.067
CGSM,2024-07-31,0.027
CGSM,2024-08-30,0.064
CGSM,2024-09-27,0.063
CGSM,2024-10-31,0.078
CGSM,2024-11-29,0.061
CGSM,2024-12-24,0.089
CGSM,2025-01-31,0.051
CGSM,2025-02-28,0.069
CGSM,2025-03-28,0.068
CGSM,2025-04-30,0.075
CGSM,2025-05-30,0.069
CGSM,2025-06-27,0.058
CGSM,2025-07-31,0.078
CGSM,2025-08-29,0.062
CGSM,2025-09-29,0.062
CGSM,2025-10-31,0.075
CGSM,2025-11-28,0.06
CGSM,2025-12-24,0.076
CGSM,2026-01-30,0.058
CGSM,2026-02-27,0.067
CGSM,2026-03-30,0.066
CGSM,2026-04-30,0.068
CGSM,2026-05-29,0.06
CGSM,2026-06-29,0.094
CGSM,2026-07-31,0.068
CGSM,2026-08-31,0.058
CGSM,2026-09-29,0.064
CGUI,2024-07-31,0.097
CGUI,2024-08-30,0.097
CGUI,2024-09-27,0.095
CGUI,2024-10-31,0.117
CGUI,2024-11-29,0.096
CGUI,2024-12-24,0.157
CGUI,2025-01-31,0.079
CGUI,2025-02-28,0.088
CGUI,2025-03-28,0.094
CGUI,2025-04-30,0.1
CGUI,2025-05-30,0.091
CGUI,2025-06-27,0.09
CGUI,2025-07-31,0.091
CGUI,2025-08-29,0.079
CGUI,2025-09-29,0.081
CGUI,2025-10-31,0.102
CGUI,2025-11-28,0.054
CGUI,2025-12-24,0.104
CGUI,2026-01-30,0.067
CGUI,2026-02-27,0.08
CGUI,2026-03-30,0.072
CGUI,2026-04-30,0.086
CGUI,2026-05-29,0.078
CGUI,2026-06-29,0.074
CGUI,2026-07-31,0.095
CGUI,2026-08-31,0.083
CGUI,2026-09-29,0.086
CGUS,2023-09-28,0.082
CGUS,2023-12-27,0.102
CGUS,2024-03-28,0.075
CGUS,2024-06-28,0.079
CGUS,2024-09-30,0.094
CGUS,2024-12-26,0.107
CGUS,2025-03-31,0.085
CGUS,2025-06-30,0.097
CGUS,2025-09-30,0.093
CGUS,2025-12-26,0.106
CGUS,2026-03-31,0.089
CGUS,2026-06-30,0.083
CGUS,2026-09-30,0.09
CGVV,2025-12-26,0.154
CGVV,2026-06-30,0.108
CGW,2023-12-18,0.822
CGW,2024-12-23,1.229
CGW,2025-12-22,0.996
CGXU,2023-12-27,0.096
CGXU,2024-06-28,0.154
CGXU,2024-12-26,0.095
CGXU,2025-06-30,0.294
CGXU,2025-12-26,1.273
CGXU,2026-06-30,0.412
CHAT,2025-12-29,1.681
CHGX,2023-12-18,0.201221
CHGX,2024-12-23,0.184507
CHGX,2024-12-30,0.027644
CHGX,2025-12-16,0.183
CHPS,2023-09-15,0.019
CHPS,2023-12-15,0.085
CHPS,2024-03-15,0.053
CHPS,2024-06-21,0.072
CHPS,2024-09-20,0.1
CHPS,2024-12-06,0.219
CHPS,2024-12-20,0.08
CHPS,2025-03-21,0.059
CHPS,2025-06-20,0.079
CHPS,2025-09-19,0.101
CHPS,2025-12-19,0.083
CHPS,2026-03-20,0.054
CHPS,2026-06-18,0.068
CHPS,2026-09-18,0.099
CHPX,2025-12-30,0.031
CHPY,2025-04-17,0.363
CHPY,2025-04-24,0.345
CHPY,2025-05-01,0.623
CHPY,2025-05-08,0.377
CHPY,2025-05-15,0.382
CHPY,2025-05-22,0.399
CHPY,2025-05-29,0.386
CHPY,2025-06-05,0.346
CHPY,2025-06-12,0.403
CHPY,2025-06-20,0.406
CHPY,2025-06-26,0.377
CHPY,2025-07-03,0.422
CHPY,2025-07-10,0.349
CHPY,2025-07-17,0.373
CHPY,2025-07-24,0.372
CHPY,2025-07-31,0.415
CHPY,2025-08-07,0.389
CHPY,2025-08-14,0.406
CHPY,2025-08-21,0.399
CHPY,2025-08-28,0.396
CHPY,2025-09-04,0.383
CHPY,2025-09-11,0.384
CHPY,2025-09-18,0.42
CHPY,2025-09-25,0.413
CHPY,2025-10-02,0.409
CHPY,2025-10-09,0.431
CHPY,2025-10-15,0.407
CHPY,2025-10-22,0.579
CHPY,2025-10-29,0.463
CHPY,2025-11-05,0.46
CHPY,2025-11-12,0.454
CHPY,2025-11-19,0.418
CHPY,2025-11-26,0.439
CHPY,2025-12-03,0.435
CHPY,2025-12-10,0.398
CHPY,2025-12-17,0.379
CHPY,2025-12-24,0.44
CHPY,2025-12-31,0.44
CHPY,2026-01-07,0.504
CHPY,2026-01-14,0.52
CHPY,2026-01-21,0.527
CHPY,2026-01-28,0.483
CHPY,2026-02-04,0.525
CHPY,2026-02-11,0.529
CHPY,2026-02-18,0.526
CHPY,2026-02-25,0.469
CHPY,2026-03-04,0.458
CHPY,2026-03-11,0.438
CHPY,2026-03-18,0.385
CHPY,2026-03-25,0.491
CHPY,2026-04-01,0.409
CHPY,2026-04-08,0.441
CHPY,2026-04-15,0.538
CHPY,2026-04-22,0.501
CHPY,2026-04-29,0.604
CHPY,2026-05-06,0.602
CHPY,2026-05-13,0.663
CHPY,2026-05-20,0.644
CHPY,2026-05-27,0.668
CHPY,2026-06-03,0.712
CHPY,2026-06-10,0.62
CHPY,2026-06-17,0.756
CHPY,2026-06-24,0.775
CHPY,2026-07-01,0.667
CHPY,2026-07-08,0.627
CHPY,2026-07-15,0.593
CHPY,2026-07-22,0.547
CHPY,2026-07-29,0.543
CHPY,2026-08-05,0.529
CHPY,2026-08-12,0.547
CHPY,2026-08-19,0.57
CHPY,2026-08-26,0.518
CHPY,2026-09-02,0.513
CHPY,2026-09-09,0.517
CHPY,2026-09-16,0.737
CHPY,2026-09-23,0.526
CHPY,2026-09-30,0.539
CHYG,2026-06-30,0.058
CHYG,2026-07-31,0.052
CHYG,2026-08-31,0.106
CHYG,2026-09-30,0.248
CIBR,2023-09-22,0.009
CIBR,2023-12-22,0.166
CIBR,2024-03-21,0.024
CIBR,2024-06-27,0.066
CIBR,2024-09-26,0.011
CIBR,2024-12-13,0.081
CIBR,2025-03-27,0.004
CIBR,2025-06-26,0.09
CIBR,2025-09-25,0.001
CIBR,2025-12-12,0.208
CIBR,2026-03-26,0.11
CIBR,2026-06-25,0.072
CIBR,2026-09-24,0.003
CLIP,2023-09-06,0.488
CLIP,2023-10-04,0.436
CLIP,2023-11-03,0.448
CLIP,2023-12-05,0.448
CLIP,2023-12-28,0.444
CLIP,2024-02-05,0.448
CLIP,2024-03-05,0.444
CLIP,2024-04-03,0.444
CLIP,2024-05-03,0.444
CLIP,2024-06-05,0.444
CLIP,2024-07-03,0.438
CLIP,2024-08-05,0.442
CLIP,2024-09-05,0.439
CLIP,2024-10-03,0.418
CLIP,2024-11-05,0.401
CLIP,2024-12-04,0.381
CLIP,2024-12-30,0.375
CLIP,2025-02-03,0.358
CLIP,2025-03-03,0.352
CLIP,2025-04-01,0.352
CLIP,2025-05-01,0.35
CLIP,2025-06-02,0.35
CLIP,2025-07-01,0.352
CLIP,2025-08-01,0.354
CLIP,2025-09-02,0.355
CLIP,2025-10-01,0.348
CLIP,2025-11-03,0.335
CLIP,2025-12-01,0.326
CLIP,2025-12-30,0.314
CLIP,2026-02-02,0.308
CLIP,2026-03-02,0.303
CLIP,2026-04-01,0.308
CLIP,2026-05-01,0.304
CLIP,2026-06-01,0.304
CLIP,2026-07-01,0.303
CLIP,2026-08-03,0.307
CLIP,2026-09-01,0.31
CLIP,2026-10-01,0.314
CLOA,2023-09-01,0.291
CLOA,2023-10-02,0.252
CLOA,2023-11-01,0.26
CLOA,2023-12-01,0.27
CLOA,2023-12-14,0.305
CLOA,2024-02-01,0.238
CLOA,2024-03-01,0.243
CLOA,2024-04-01,0.283
CLOA,2024-05-01,0.231
CLOA,2024-06-03,0.272
CLOA,2024-07-01,0.26
CLOA,2024-08-01,0.254
CLOA,2024-09-03,0.283
CLOA,2024-10-01,0.272
CLOA,2024-11-01,0.268
CLOA,2024-12-02,0.26
CLOA,2024-12-18,0.245
CLOA,2025-02-03,0.244
CLOA,2025-03-03,0.22
CLOA,2025-04-01,0.246
CLOA,2025-05-01,0.235
CLOA,2025-06-02,0.242
CLOA,2025-07-01,0.224
CLOA,2025-08-01,0.231
CLOA,2025-09-02,0.23
CLOA,2025-10-01,0.22
CLOA,2025-11-03,0.235
CLOA,2025-12-01,0.215
CLOA,2025-12-19,0.226
CLOA,2026-02-02,0.209
CLOA,2026-03-02,0.188
CLOA,2026-04-01,0.188
CLOA,2026-05-01,0.197
CLOA,2026-06-01,0.205
CLOA,2026-07-01,0.196
CLOA,2026-08-03,0.206
CLOA,2026-09-01,0.213
CLOA,2026-10-01,0.202
CLOB,2024-11-01,0.23
CLOB,2024-12-02,0.318
CLOB,2024-12-27,0.285
CLOB,2025-02-03,0.284
CLOB,2025-03-03,0.204
CLOB,2025-04-01,0.269
CLOB,2025-05-01,0.288
CLOB,2025-06-02,0.279
CLOB,2025-07-01,0.305
CLOB,2025-08-01,0.305
CLOB,2025-09-02,0.275
CLOB,2025-10-01,0.264
CLOB,2025-11-03,0.284
CLOB,2025-11-28,0.263
CLOB,2025-12-29,0.327
CLOB,2026-02-02,0.238
CLOB,2026-03-02,0.232
CLOB,2026-04-01,0.253
CLOB,2026-05-01,0.241
CLOB,2026-06-01,0.25
CLOB,2026-07-01,0.252
CLOB,2026-08-03,0.251
CLOB,2026-09-01,0.249
CLOB,2026-10-01,0.226
CLOI,2023-09-01,0.282
CLOI,2023-10-02,0.232
CLOI,2023-11-01,0.252
CLOI,2023-12-01,0.224
CLOI,2023-12-27,0.265
CLOI,2024-02-01,0.331
CLOI,2024-03-01,0.264
CLOI,2024-04-01,0.297
CLOI,2024-05-01,0.275
CLOI,2024-06-03,0.295
CLOI,2024-07-01,0.312
CLOI,2024-08-01,0.284
CLOI,2024-09-03,0.309
CLOI,2024-10-01,0.262
CLOI,2024-11-01,0.264
CLOI,2024-12-02,0.252
CLOI,2024-12-27,0.396
CLOI,2025-02-03,0.261
CLOI,2025-03-03,0.218
CLOI,2025-04-01,0.26
CLOI,2025-05-01,0.236
CLOI,2025-06-02,0.262
CLOI,2025-07-01,0.243
CLOI,2025-08-01,0.249
CLOI,2025-09-02,0.25
CLOI,2025-10-01,0.242
CLOI,2025-11-03,0.245
CLOI,2025-11-28,0.228
CLOI,2025-12-29,0.268
CLOI,2026-02-02,0.233
CLOI,2026-03-02,0.2
CLOI,2026-04-01,0.222
CLOI,2026-05-01,0.219
CLOI,2026-06-01,0.223
CLOI,2026-07-01,0.205
CLOI,2026-08-03,0.215
CLOI,2026-09-01,0.225
CLOI,2026-10-01,0.207
CLOX,2023-09-15,0.16
CLOX,2023-10-13,0.105
CLOX,2023-11-10,0.126
CLOX,2023-12-15,0.161
CLOX,2023-12-28,0.083
CLOX,2024-02-02,0.132
CLOX,2024-03-04,0.123
CLOX,2024-04-02,0.146
CLOX,2024-05-02,0.145
CLOX,2024-06-04,0.135
CLOX,2024-07-02,0.136
CLOX,2024-08-02,0.13
CLOX,2024-09-04,0.14
CLOX,2024-10-02,0.127
CLOX,2024-11-04,0.127
CLOX,2024-12-03,0.11
CLOX,2024-12-27,0.139
CLOX,2025-02-04,0.122
CLOX,2025-03-04,0.116
CLOX,2025-04-02,0.098
CLOX,2025-05-02,0.119
CLOX,2025-06-03,0.1
CLOX,2025-07-02,0.099
CLOX,2025-08-04,0.121
CLOX,2025-09-03,0.117
CLOX,2025-10-02,0.114
CLOX,2025-11-04,0.112
CLOX,2025-12-02,0.1
CLOX,2025-12-29,0.103
CLOX,2026-02-03,0.104
CLOX,2026-03-03,0.092
CLOX,2026-04-02,0.11
CLOX,2026-05-04,0.095
CLOX,2026-06-02,0.103
CLOX,2026-07-02,0.094
CLOX,2026-08-04,0.1
CLOX,2026-09-02,0.105
CLOX,2026-10-02,0.105
CLOZ,2023-09-15,0.263
CLOZ,2023-10-13,0.153
CLOZ,2023-11-10,0.189
CLOZ,2023-12-15,0.237
CLOZ,2023-12-28,0.13
CLOZ,2024-02-02,0.222
CLOZ,2024-03-04,0.211
CLOZ,2024-04-02,0.215
CLOZ,2024-05-02,0.201
CLOZ,2024-06-04,0.197
CLOZ,2024-07-02,0.187
CLOZ,2024-08-02,0.198
CLOZ,2024-09-04,0.21
CLOZ,2024-10-02,0.198
CLOZ,2024-11-04,0.225
CLOZ,2024-12-03,0.177
CLOZ,2024-12-27,0.209
CLOZ,2025-02-04,0.158
CLOZ,2025-03-04,0.146
CLOZ,2025-04-02,0.202
CLOZ,2025-05-02,0.182
CLOZ,2025-06-03,0.164
CLOZ,2025-07-02,0.159
CLOZ,2025-08-04,0.17
CLOZ,2025-09-03,0.175
CLOZ,2025-10-02,0.171
CLOZ,2025-11-04,0.168
CLOZ,2025-12-02,0.164
CLOZ,2025-12-29,0.163
CLOZ,2026-02-03,0.156
CLOZ,2026-03-03,0.171
CLOZ,2026-04-02,0.159
CLOZ,2026-05-04,0.143
CLOZ,2026-06-02,0.149
CLOZ,2026-07-02,0.139
CLOZ,2026-08-04,0.138
CLOZ,2026-09-02,0.148
CLOZ,2026-10-02,0.152
CLSE,2023-12-15,0.206
CLSE,2024-12-16,0.212
CLSE,2025-12-15,0.26
CMBS,2023-09-01,0.11
CMBS,2023-10-02,0.121
CMBS,2023-11-01,0.126
CMBS,2023-12-01,0.122
CMBS,2023-12-14,0.122
CMBS,2024-02-01,0.116
CMBS,2024-03-01,0.127
CMBS,2024-04-01,0.126
CMBS,2024-05-01,0.133
CMBS,2024-06-03,0.117
CMBS,2024-07-01,0.132
CMBS,2024-08-01,0.129
CMBS,2024-09-03,0.132
CMBS,2024-10-01,0.136
CMBS,2024-11-01,0.136
CMBS,2024-12-02,0.143
CMBS,2024-12-18,0.136
CMBS,2025-02-03,0.13
CMBS,2025-03-03,0.139
CMBS,2025-04-01,0.142
CMBS,2025-05-01,0.141
CMBS,2025-06-02,0.14
CMBS,2025-07-01,0.139
CMBS,2025-08-01,0.145
CMBS,2025-09-02,0.14
CMBS,2025-10-01,0.135
CMBS,2025-11-03,0.147
CMBS,2025-12-01,0.148
CMBS,2025-12-19,0.147
CMBS,2026-02-02,0.143
CMBS,2026-03-02,0.148
CMBS,2026-04-01,0.147
CMBS,2026-05-01,0.151
CMBS,2026-06-01,0.145
CMBS,2026-07-01,0.148
CMBS,2026-08-03,0.148
CMBS,2026-09-01,0.148
CMBS,2026-10-01,0.151
CMDT,2023-10-02,0.321
CMDT,2023-12-11,0.032
CMDT,2023-12-28,0.31
CMDT,2024-04-01,0.27
CMDT,2024-07-01,0.26
CMDT,2024-10-01,0.76
CMDT,2024-12-31,0.93
CMDT,2025-04-01,0.2
CMDT,2025-07-01,0.21
CMDT,2025-10-01,0.21
CMDT,2025-12-31,0.22
CMDT,2026-04-01,0.19
CMDT,2026-07-01,0.22
CMDT,2026-10-01,3.2
CMDY,2023-12-20,2.397
CMDY,2024-12-17,2.011
CMDY,2025-12-16,6.286
CMF,2023-09-01,0.111
CMF,2023-10-02,0.116
CMF,2023-11-01,0.108
CMF,2023-12-01,0.12
CMF,2023-12-14,0.123
CMF,2024-02-01,0.12
CMF,2024-03-01,0.134
CMF,2024-04-01,0.13
CMF,2024-05-01,0.134
CMF,2024-06-03,0.136
CMF,2024-07-01,0.131
CMF,2024-08-01,0.13
CMF,2024-09-03,0.133
CMF,2024-10-01,0.139
CMF,2024-11-01,0.142
CMF,2024-12-02,0.133
CMF,2024-12-18,0.132
CMF,2025-02-03,0.132
CMF,2025-03-03,0.143
CMF,2025-04-01,0.144
CMF,2025-05-01,0.141
CMF,2025-06-02,0.138
CMF,2025-07-01,0.142
CMF,2025-08-01,0.144
CMF,2025-09-02,0.143
CMF,2025-10-01,0.144
CMF,2025-11-03,0.138
CMF,2025-12-01,0.141
CMF,2025-12-19,0.14
CMF,2026-02-02,0.138
CMF,2026-03-02,0.142
CMF,2026-04-01,0.14
CMF,2026-05-01,0.141
CMF,2026-06-01,0.138
CMF,2026-07-01,0.143
CMF,2026-08-03,0.14
CMF,2026-09-01,0.144
CMF,2026-10-01,0.141
CNEQ,2024-12-18,0.041
CNEQ,2025-12-18,0.18
CNXT,2024-12-23,0.04
CNXT,2025-12-22,0.079
CNYA,2023-12-20,1.031
CNYA,2024-06-11,0.077
CNYA,2024-12-17,0.624
CNYA,2025-06-16,0.112
CNYA,2025-12-16,0.55
CNYA,2026-06-15,0.098
COAL,2024-12-30,0.374
COAL,2025-12-30,0.6
COIW,2025-03-03,0.311
COIW,2025-03-10,0.345
COIW,2025-03-17,0.568
COIW,2025-03-24,0.183
COIW,2025-03-31,0.487
COIW,2025-04-07,0.26
COIW,2025-04-14,0.295
COIW,2025-04-21,0.431
COIW,2025-04-28,0.364
COIW,2025-05-05,0.517
COIW,2025-05-12,0.366
COIW,2025-05-19,0.336
COIW,2025-05-27,0.654
COIW,2025-06-02,0.503
COIW,2025-06-09,0.322
COIW,2025-06-16,0.455
COIW,2025-06-23,0.346
COIW,2025-06-30,0.768
COIW,2025-07-07,0.878
COIW,2025-07-14,0.799
COIW,2025-07-21,0.946
COIW,2025-07-28,1.032
COIW,2025-08-04,0.58
COIW,2025-08-11,0.329
COIW,2025-08-18,1.074
COIW,2025-08-25,0.624
COIW,2025-09-02,0.575
COIW,2025-09-08,0.414
COIW,2025-09-15,0.913
COIW,2025-09-22,0.595
COIW,2025-09-29,1.34
COIW,2025-10-06,0.532
COIW,2025-10-14,1.158
COIW,2025-10-20,0.801
COIW,2025-10-27,0.465
COIW,2025-11-03,0.651
COIW,2025-11-10,0.491
COIW,2025-11-17,0.326
COIW,2025-11-24,0.331
COIW,2025-12-01,0.184
COIW,2025-12-08,0.433
COIW,2025-12-15,0.364
COIW,2025-12-22,0.347
COIW,2025-12-29,0.212
COIW,2026-01-05,0.24
COIW,2026-01-12,0.23
COIW,2026-01-20,0.251
COIW,2026-01-26,0.234
COIW,2026-02-02,0.108
COIW,2026-02-09,0.103
COIW,2026-02-17,0.077
COIW,2026-02-23,0.169
COIW,2026-03-02,0.201
COIW,2026-03-09,0.202
COIW,2026-03-16,0.284
COIW,2026-03-23,0.189
COIW,2026-03-30,0.21
COIW,2026-04-06,0.064
COIW,2026-04-13,0.206
COIW,2026-04-20,0.147
COIW,2026-04-27,0.265
COIW,2026-05-04,0.17
COIW,2026-05-11,0.148
COIW,2026-05-18,0.213
COIW,2026-05-26,0.16
COIW,2026-06-01,0.126
COIW,2026-06-08,0.178
COIW,2026-06-15,0.048
COIW,2026-06-22,0.156
COIW,2026-06-29,0.141
COIW,2026-07-06,0.083
COIW,2026-07-13,0.183
COIW,2026-07-20,0.108
COIW,2026-07-27,0.121
COIW,2026-08-03,0.123
COIW,2026-08-10,0.075
COIW,2026-08-17,0.125
COIW,2026-08-24,0.085
COIW,2026-08-31,0.179
COIW,2026-09-08,0.098
COIW,2026-09-14,0.139
COIW,2026-09-21,0.093
COIW,2026-09-28,0.166
COLO,2023-12-28,1.194
COLO,2024-06-27,0.389
COLO,2024-12-30,0.998
COLO,2025-06-27,0.848
COLO,2025-12-30,1.829
COLO,2026-06-29,0.167
COM,2023-09-19,0.314
COM,2023-12-21,0.195
COM,2024-03-19,0.283
COM,2024-06-25,0.325
COM,2024-09-24,0.33
COM,2024-12-23,0.159
COM,2025-03-25,0.254
COM,2025-06-24,0.254
COM,2025-09-23,0.262
COM,2025-12-23,0.116
COM,2026-03-24,0.2
COM,2026-06-23,0.27
COM,2026-09-22,0.235
COMB,2023-12-13,1.132
COMB,2024-12-27,0.494
COMB,2025-12-29,1.91
COMT,2023-12-20,1.302
COMT,2024-12-17,1.24
COMT,2025-12-16,1.927
CONI,2024-12-27,3.28
CONI,2025-12-29,0.597
CONL,2024-02-27,0.109
CONX,2025-12-23,0.074
CONX,2026-03-24,0.069
CONX,2026-06-23,0.032
CONX,2026-09-22,0.032
CONY,2023-10-06,12.09
CONY,2023-11-08,10.78
CONY,2023-12-07,24.62
CONY,2024-01-05,26.93
CONY,2024-02-07,10.75
CONY,2024-03-06,16.62
CONY,2024-04-04,27.94
CONY,2024-05-06,22.81
CONY,2024-06-06,16.98
CONY,2024-07-05,15.73
CONY,2024-08-07,10.06
CONY,2024-09-06,10.43
CONY,2024-10-17,11.1
CONY,2024-11-14,20.23
CONY,2024-12-12,13.39
CONY,2025-01-08,8.34
CONY,2025-02-06,10.47
CONY,2025-03-06,5.99
CONY,2025-04-03,4.38
CONY,2025-05-01,6.51
CONY,2025-05-29,7.35
CONY,2025-06-26,5.35
CONY,2025-07-24,7.95
CONY,2025-08-21,3.44
CONY,2025-09-18,4.52
CONY,2025-10-16,3.46
CONY,2025-10-23,0.93
CONY,2025-10-30,1.35
CONY,2025-11-06,0.89
CONY,2025-11-13,0.83
CONY,2025-11-20,0.64
CONY,2025-11-28,0.66
CONY,2025-12-04,1.131
CONY,2025-12-11,0.39
CONY,2025-12-18,0.51
CONY,2025-12-26,0.494
CONY,2026-01-02,0.434
CONY,2026-01-08,0.409
CONY,2026-01-15,0.397
CONY,2026-01-22,0.222
CONY,2026-01-29,0.309
CONY,2026-02-05,0.284
CONY,2026-02-12,0.256
CONY,2026-02-19,0.299
CONY,2026-02-26,0.318
CONY,2026-03-05,0.312
CONY,2026-03-12,0.594
CONY,2026-03-19,0.614
CONY,2026-03-26,0.533
CONY,2026-04-02,0.376
CONY,2026-04-09,0.377
CONY,2026-04-16,0.383
CONY,2026-04-23,0.416
CONY,2026-04-30,0.531
CONY,2026-05-07,0.446
CONY,2026-05-14,0.563
CONY,2026-05-21,0.343
CONY,2026-05-28,0.335
CONY,2026-06-04,0.279
CONY,2026-06-11,0.268
CONY,2026-06-18,0.286
CONY,2026-06-25,0.26
CONY,2026-07-02,0.239
CONY,2026-07-09,0.279
CONY,2026-07-16,0.243
CONY,2026-07-23,0.279
CONY,2026-07-30,0.294
CONY,2026-08-06,0.257
CONY,2026-08-13,0.228
CONY,2026-08-20,0.225
CONY,2026-08-27,0.353
CONY,2026-09-03,0.272
CONY,2026-09-10,0.341
CONY,2026-09-17,0.3
CONY,2026-09-24,0.281
CONY,2026-10-01,0.258
COPJ,2023-12-14,0.456
COPJ,2024-12-12,2.148
COPJ,2025-12-18,4.547
COPP,2024-12-12,0.531
COPP,2025-12-18,0.824
COPX,2023-12-28,0.391
COPX,2024-06-27,0.159
COPX,2024-12-30,0.53
COPX,2025-06-27,0.25
COPX,2025-12-30,1.672
COPX,2026-06-29,0.258
COPY,2025-12-30,0.123
CORB,2025-12-01,0.07
CORB,2025-12-31,0.171
CORB,2026-02-02,0.091
CORB,2026-03-02,0.092
CORB,2026-04-01,0.094
CORB,2026-05-01,0.094
CORB,2026-06-01,0.095
CORB,2026-07-01,0.096
CORB,2026-08-03,0.101
CORB,2026-09-01,0.094
CORO,2024-12-30,0.363
CORO,2025-07-02,0.279
CORO,2025-12-02,0.228
CORO,2025-12-23,0.489
CORO,2026-07-02,0.298
CORP,2023-09-01,0.32
CORP,2023-10-02,0.35
CORP,2023-11-01,0.34
CORP,2023-12-01,0.35
CORP,2023-12-28,0.35
CORP,2024-02-01,0.35
CORP,2024-03-01,0.36
CORP,2024-04-01,0.37
CORP,2024-05-01,0.37
CORP,2024-06-03,0.39
CORP,2024-07-01,0.37
CORP,2024-08-01,0.38
CORP,2024-09-03,0.39
CORP,2024-10-01,0.36
CORP,2024-11-01,0.39
CORP,2024-12-02,0.4
CORP,2024-12-31,0.38
CORP,2025-02-03,0.39
CORP,2025-03-03,0.33
CORP,2025-04-01,0.41
CORP,2025-05-01,0.39
CORP,2025-06-02,0.4
CORP,2025-07-01,0.39
CORP,2025-08-01,0.39
CORP,2025-09-02,0.4
CORP,2025-10-01,0.38
CORP,2025-11-03,0.41
CORP,2025-12-01,0.36
CORP,2025-12-31,0.42
CORP,2026-02-02,0.37
CORP,2026-03-02,0.38
CORP,2026-04-01,0.37
CORP,2026-05-01,0.4
CORP,2026-06-01,0.41
CORP,2026-07-01,0.41
CORP,2026-08-03,0.43
CORP,2026-09-01,0.39
COWG,2023-09-21,0.022
COWG,2023-12-27,0.042
COWG,2024-03-21,0.025
COWG,2024-06-27,0.021
COWG,2024-09-26,0.032
COWG,2024-12-27,0.05
COWG,2025-03-06,0.005
COWG,2025-06-05,0.008
COWG,2025-09-04,0.036
COWG,2025-12-30,0.063
COWG,2026-03-05,0.01
COWG,2026-06-04,0.033
COWG,2026-09-03,0.192
COWZ,2023-09-21,0.3
COWZ,2023-12-27,0.298
COWZ,2024-03-21,0.244
COWZ,2024-06-27,0.3
COWZ,2024-09-26,0.248
COWZ,2024-12-27,0.238
COWZ,2025-03-06,0.229
COWZ,2025-06-05,0.164
COWZ,2025-09-04,0.309
COWZ,2025-12-30,0.617
COWZ,2026-03-05,0.2
COWZ,2026-06-04,0.112
COWZ,2026-09-03,0.431
CPAI,2023-12-14,0.015
CPAI,2024-12-12,0.141
CPAI,2025-12-12,0.358
CPLB,2023-09-01,0.083
CPLB,2023-10-02,0.084
CPLB,2023-11-01,0.087
CPLB,2023-12-01,0.092
CPLB,2023-12-28,0.106
CPLB,2024-02-01,0.091
CPLB,2024-03-01,0.087
CPLB,2024-04-01,0.095
CPLB,2024-05-01,0.091
CPLB,2024-06-03,0.115
CPLB,2024-07-01,0.1
CPLB,2024-08-01,0.092
CPLB,2024-09-03,0.092
CPLB,2024-10-01,0.088
CPLB,2024-11-01,0.08
CPLB,2024-12-02,0.084
CPLB,2024-12-30,0.109
CPLB,2025-02-03,0.078
CPLB,2025-03-03,0.092
CPLB,2025-04-01,0.107
CPLB,2025-04-30,0.099
CPLB,2025-06-02,0.11
CPLB,2025-07-01,0.094
CPLB,2025-08-01,0.098
CPLB,2025-09-02,0.097
CPLB,2025-10-01,0.096
CPLB,2025-11-03,0.098
CPLB,2025-12-01,0.096
CPLB,2025-12-30,0.093
CPLB,2026-01-30,0.099
CPLB,2026-02-27,0.088
CPLB,2026-03-31,0.1
CPLB,2026-04-30,0.095
CPLB,2026-05-29,0.095
CPLB,2026-06-30,0.096
CPLB,2026-07-31,0.089
CPLB,2026-08-31,0.091
CPLB,2026-09-30,0.092
CQQQ,2023-12-18,0.197
CQQQ,2024-12-23,0.111
CQQQ,2025-12-22,1.126
CRAK,2023-12-18,1.25
CRAK,2024-12-23,1.539
CRAK,2025-12-22,0.756
CRBN,2023-12-20,1.835
CRBN,2024-06-11,1.493
CRBN,2024-12-17,2.263
CRBN,2025-06-16,1.706
CRBN,2025-12-16,3.381
CRBN,2026-06-15,1.725
CRCA,2025-09-24,0.21
CRCA,2025-12-24,0.22
CRCA,2026-03-25,0.267
CRCA,2026-06-24,0.181
CRCA,2026-09-23,0.126
CRCO,2025-10-16,2.48
CRCO,2025-10-23,0.891
CRCO,2025-10-30,1.078
CRCO,2025-11-06,0.815
CRCO,2025-11-13,0.65
CRCO,2025-11-20,0.512
CRCO,2025-11-28,0.459
CRCO,2025-12-04,0.608
CRCO,2025-12-11,0.461
CRCO,2025-12-18,0.225
CRCO,2025-12-26,0.494
CRCO,2026-01-02,0.401
CRCO,2026-01-08,0.37
CRCO,2026-01-15,0.342
CRCO,2026-01-22,0.299
CRCO,2026-01-29,0.266
CRCO,2026-02-05,0.228
CRCO,2026-02-12,0.231
CRCO,2026-02-19,0.23
CRCO,2026-02-26,0.206
CRCO,2026-03-05,0.59
CRCO,2026-03-12,0.663
CRCO,2026-03-19,0.713
CRCO,2026-03-26,0.543
CRCO,2026-04-02,0.308
CRCO,2026-04-09,0.357
CRCO,2026-04-16,0.281
CRCO,2026-04-23,0.296
CRCO,2026-04-30,0.367
CRCO,2026-05-07,0.481
CRCO,2026-05-14,0.53
CRCO,2026-05-21,0.413
CRCO,2026-05-28,0.425
CRCO,2026-06-04,0.427
CRCO,2026-06-11,0.324
CRCO,2026-06-18,0.314
CRCO,2026-06-25,0.263
CRCO,2026-07-02,0.179
CRCO,2026-07-09,0.227
CRCO,2026-07-16,0.209
CRCO,2026-07-23,0.234
CRCO,2026-07-30,0.215
CRCO,2026-08-06,0.223
CRCO,2026-08-13,0.221
CRCO,2026-08-20,0.227
CRCO,2026-08-27,0.303
CRCO,2026-09-03,0.265
CRCO,2026-09-10,0.317
CRCO,2026-09-17,0.237
CRCO,2026-09-24,0.228
CRCO,2026-10-01,0.194
CRTC,2023-12-15,0.044
CRTC,2024-03-15,0.057
CRTC,2024-06-21,0.079
CRTC,2024-09-20,0.1
CRTC,2024-12-06,0.008
CRTC,2024-12-20,0.107
CRTC,2025-03-21,0.063
CRTC,2025-06-20,0.096
CRTC,2025-09-19,0.104
CRTC,2025-12-19,0.113
CRTC,2026-03-20,0.082
CRTC,2026-06-18,0.047
CRTC,2026-09-18,0.142
CRUX,2026-04-01,0.052
CRUX,2026-05-01,0.14
CRUX,2026-06-01,0.124
CRUX,2026-07-01,0.099
CRUX,2026-08-03,0.119
CRUX,2026-09-01,0.114
CRUX,2026-10-01,0.103
CRWG,2025-12-30,2.0
CRWU,2025-12-24,4.28
CSCL,2025-09-23,0.206
CSCL,2025-12-23,0.188
CSCL,2026-03-24,0.181
CSCL,2026-06-23,0.183
CSCL,2026-09-22,0.204
CSEN,2026-06-29,0.08
CSEN,2026-09-29,0.092
CSHI,2023-09-20,0.258
CSHI,2023-10-25,0.255
CSHI,2023-11-22,0.256
CSHI,2023-12-20,0.25
CSHI,2024-01-24,0.25
CSHI,2024-02-21,0.25
CSHI,2024-03-20,0.25
CSHI,2024-04-24,0.25
CSHI,2024-05-22,0.23
CSHI,2024-06-26,0.23
CSHI,2024-07-24,0.23
CSHI,2024-08-21,0.242
CSHI,2024-09-25,0.23
CSHI,2024-10-23,0.23
CSHI,2024-11-20,0.23
CSHI,2024-12-24,0.23
CSHI,2025-01-22,0.225
CSHI,2025-02-26,0.22
CSHI,2025-03-26,0.212
CSHI,2025-04-23,0.208
CSHI,2025-05-21,0.214
CSHI,2025-06-25,0.215
CSHI,2025-07-23,0.212
CSHI,2025-08-20,0.212
CSHI,2025-09-24,0.212
CSHI,2025-10-22,0.209
CSHI,2025-11-26,0.205
CSHI,2025-12-24,0.199
CSHI,2026-01-14,0.199
CSHI,2026-02-11,0.199
CSHI,2026-03-11,0.194
CSHI,2026-04-15,0.195
CSHI,2026-05-13,0.195
CSHI,2026-06-10,0.194
CSHI,2026-07-15,0.195
CSHI,2026-08-12,0.207
CSHI,2026-09-09,0.207
CSMD,2023-12-11,0.006
CSMD,2024-12-10,0.12
CSNR,2025-03-28,0.132
CSNR,2025-06-27,0.299
CSNR,2025-09-29,0.175
CSNR,2025-12-15,0.132
CSNR,2026-03-30,0.135
CSNR,2026-06-29,0.228
CSNR,2026-09-29,0.149
CSPF,2025-02-27,0.088
CSPF,2025-03-28,0.113
CSPF,2025-04-29,0.107
CSPF,2025-05-29,0.117
CSPF,2025-06-27,0.103
CSPF,2025-07-30,0.112
CSPF,2025-08-28,0.118
CSPF,2025-09-29,0.11
CSPF,2025-10-30,0.106
CSPF,2025-11-26,0.107
CSPF,2025-12-15,0.118
CSPF,2026-01-29,0.122
CSPF,2026-02-26,0.107
CSPF,2026-03-30,0.125
CSPF,2026-04-29,0.107
CSPF,2026-05-28,0.108
CSPF,2026-06-29,0.136
CSPF,2026-07-30,0.12
CSPF,2026-08-28,0.119
CSPF,2026-09-29,0.13
CSRE,2025-03-28,0.162
CSRE,2025-06-27,0.145
CSRE,2025-09-29,0.18
CSRE,2025-12-15,0.204
CSRE,2026-03-30,0.112
CSRE,2026-06-29,0.131
CTA,2023-09-27,0.1
CTA,2023-12-26,1.635
CTA,2024-03-25,0.15
CTA,2024-06-25,0.15
CTA,2024-09-25,0.3
CTA,2024-12-23,0.738
CTA,2025-03-26,0.12
CTA,2025-06-25,0.25
CTA,2025-08-26,0.1
CTA,2025-09-25,0.1
CTA,2025-10-28,0.1
CTA,2025-11-21,0.1
CTA,2025-12-23,0.1
CTA,2026-01-27,0.1
CTA,2026-02-24,0.15
CTA,2026-03-26,0.15
CTA,2026-04-27,0.15
CTA,2026-05-26,0.15
CTA,2026-06-25,0.13
CTA,2026-07-28,0.13
CTA,2026-08-26,0.13
CURE,2023-09-19,0.454
CURE,2023-12-21,0.573
CURE,2024-03-19,0.355
CURE,2024-06-25,0.273
CURE,2024-09-24,0.333
CURE,2024-12-23,0.116
CURE,2025-03-25,0.345
CURE,2025-06-24,0.305
CURE,2025-09-23,0.31
CURE,2025-12-23,0.291
CURE,2026-03-24,0.283
CURE,2026-06-23,0.375
CURE,2026-09-22,0.315
CVIE,2023-09-18,0.215
CVIE,2023-12-18,0.264
CVIE,2024-03-18,0.128
CVIE,2024-06-24,0.666
CVIE,2024-09-23,0.218
CVIE,2024-12-23,0.522
CVIE,2025-03-24,0.194
CVIE,2025-06-23,0.684
CVIE,2025-09-22,0.232
CVIE,2025-12-23,0.922
CVIE,2026-03-23,0.046
CVIE,2026-06-22,0.767
CVIE,2026-09-21,0.253
CVLC,2023-09-18,0.158
CVLC,2023-12-18,0.223
CVLC,2024-03-18,0.165
CVLC,2024-06-24,0.192
CVLC,2024-09-23,0.176
CVLC,2024-12-23,0.222
CVLC,2025-03-24,0.182
CVLC,2025-06-23,0.191
CVLC,2025-09-22,0.201
CVLC,2025-12-23,0.284
CVLC,2026-03-23,0.168
CVLC,2026-06-22,0.212
CVLC,2026-09-21,0.219
CVSB,2023-09-29,0.226
CVSB,2023-10-31,0.241
CVSB,2023-11-30,0.231
CVSB,2023-12-21,0.292
CVSB,2024-01-31,0.228
CVSB,2024-02-29,0.225
CVSB,2024-03-28,0.228
CVSB,2024-04-30,0.22
CVSB,2024-05-31,0.235
CVSB,2024-06-28,0.224
CVSB,2024-07-31,0.198
CVSB,2024-08-30,0.226
CVSB,2024-09-30,0.192
CVSB,2024-10-31,0.22
CVSB,2024-11-29,0.2
CVSB,2024-12-23,0.207
CVSB,2025-01-31,0.21
CVSB,2025-02-28,0.204
CVSB,2025-03-31,0.215
CVSB,2025-04-30,0.214
CVSB,2025-05-30,0.196
CVSB,2025-06-30,0.196
CVSB,2025-07-31,0.193
CVSB,2025-08-29,0.193
CVSB,2025-09-30,0.181
CVSB,2025-10-31,0.186
CVSB,2025-11-28,0.181
CVSB,2025-12-23,0.224
CVSB,2026-01-30,0.178
CVSB,2026-02-27,0.159
CVSB,2026-03-31,0.171
CVSB,2026-04-30,0.175
CVSB,2026-05-29,0.178
CVSB,2026-06-30,0.166
CVSB,2026-07-31,0.174
CVSB,2026-08-31,0.162
CVSB,2026-09-30,0.19
CWB,2023-09-01,0.16
CWB,2023-10-02,0.121
CWB,2023-11-01,0.117
CWB,2023-12-01,0.13
CWB,2023-12-18,0.211
CWB,2024-02-01,0.09
CWB,2024-03-01,0.126
CWB,2024-04-01,0.1
CWB,2024-05-01,0.084
CWB,2024-06-03,0.132
CWB,2024-07-01,0.077
CWB,2024-08-01,0.107
CWB,2024-09-03,0.131
CWB,2024-10-01,0.071
CWB,2024-11-01,0.106
CWB,2024-12-02,0.143
CWB,2024-12-19,0.278
CWB,2025-02-03,0.095
CWB,2025-03-03,0.156
CWB,2025-04-01,0.097
CWB,2025-05-01,0.139
CWB,2025-06-02,0.16
CWB,2025-07-01,0.088
CWB,2025-08-01,0.123
CWB,2025-09-02,0.147
CWB,2025-10-01,0.081
CWB,2025-11-03,0.125
CWB,2025-12-01,0.136
CWB,2025-12-18,0.164
CWB,2026-02-02,0.086
CWB,2026-03-02,0.146
CWB,2026-04-01,0.102
CWB,2026-05-01,0.125
CWB,2026-06-01,0.155
CWB,2026-07-01,0.091
CWB,2026-08-03,0.211
CWB,2026-09-01,0.155
CWB,2026-10-01,0.091
CWEB,2023-09-19,0.175
CWEB,2023-12-21,0.469
CWEB,2024-03-19,0.138
CWEB,2024-06-25,0.157
CWEB,2024-09-24,0.086
CWEB,2024-12-23,1.084
CWEB,2025-12-31,1.113
CWEB,2026-03-24,0.232
CWEB,2026-06-23,0.094
CWEB,2026-09-22,0.066
CWI,2023-12-15,0.346
CWI,2024-06-03,0.416
CWI,2024-12-18,0.392
CWI,2025-06-02,0.447
CWI,2025-11-25,0.619
CWI,2026-06-01,0.474
CWVX,2025-12-26,0.459
DAPP,2024-12-23,0.581
DAX,2023-12-28,0.113
DAX,2024-06-27,0.657
DAX,2024-12-30,0.091
DAX,2025-06-27,0.587
DAX,2025-12-30,0.085
DAX,2026-06-29,0.857
DBA,2023-12-18,0.96
DBA,2024-12-23,1.084
DBA,2025-12-22,0.912
DBAW,2023-12-15,0.036
DBAW,2024-06-21,0.242
DBAW,2024-12-20,0.335
DBAW,2025-06-20,0.788
DBAW,2025-12-19,0.789
DBAW,2026-06-18,0.019
DBB,2023-12-18,1.32
DBB,2024-12-23,0.896
DBB,2025-12-22,0.6
DBC,2023-12-18,1.089
DBC,2024-12-23,1.116
DBC,2025-12-22,0.744
DBE,2023-12-18,0.742
DBE,2024-12-23,1.172
DBE,2025-12-22,0.675
DBEF,2023-12-15,0.034
DBEF,2024-06-21,0.236
DBEF,2024-12-20,0.297
DBEF,2025-06-20,1.419
DBEF,2025-12-19,1.251
DBEU,2024-06-21,0.029
DBEU,2025-06-20,1.423
DBEU,2025-12-19,0.762
DBJP,2023-12-15,0.155
DBJP,2024-06-21,2.116
DBJP,2025-06-20,2.642
DBJP,2025-12-19,0.022
DBJP,2026-06-18,1.396
DBMF,2023-12-27,0.75
DBMF,2024-03-26,0.157
DBMF,2024-06-27,0.254
DBMF,2024-09-27,0.251
DBMF,2024-12-27,0.841
DBMF,2025-03-27,0.179
DBMF,2025-06-27,0.171
DBMF,2025-09-29,0.141
DBMF,2025-12-30,1.168
DBMF,2026-03-30,0.119
DBMF,2026-06-29,0.153
DBND,2023-09-01,0.18
DBND,2023-10-02,0.193
DBND,2023-11-01,0.193
DBND,2023-12-01,0.181
DBND,2023-12-22,0.191
DBND,2024-02-01,0.201
DBND,2024-03-01,0.186
DBND,2024-04-01,0.189
DBND,2024-05-01,0.196
DBND,2024-06-03,0.193
DBND,2024-07-01,0.206
DBND,2024-08-01,0.204
DBND,2024-09-03,0.196
DBND,2024-10-01,0.191
DBND,2024-11-01,0.19
DBND,2024-12-02,0.197
DBND,2024-12-23,0.2
DBND,2025-02-03,0.185
DBND,2025-03-03,0.177
DBND,2025-04-01,0.189
DBND,2025-05-01,0.181
DBND,2025-06-02,0.182
DBND,2025-07-01,0.188
DBND,2025-08-01,0.188
DBND,2025-09-02,0.182
DBND,2025-10-01,0.181
DBND,2025-11-03,0.201
DBND,2025-12-01,0.165
DBND,2025-12-23,0.195
DBND,2026-02-02,0.167
DBND,2026-03-02,0.166
DBND,2026-04-01,0.193
DBND,2026-05-01,0.173
DBND,2026-06-01,0.172
DBND,2026-07-01,0.183
DBND,2026-08-03,0.201
DBND,2026-09-01,0.164
DBND,2026-10-01,0.179
DBO,2023-12-18,0.639
DBO,2024-12-23,0.67
DBO,2025-12-22,0.428
DBP,2023-12-18,2.234
DBP,2024-12-23,2.56
DBP,2025-12-22,2.504
DCOR,2023-12-19,0.213
DCOR,2024-03-19,0.082
DCOR,2024-06-18,0.146
DCOR,2024-09-17,0.159
DCOR,2024-12-17,0.24
DCOR,2025-03-25,0.144
DCOR,2025-06-24,0.185
DCOR,2025-09-23,0.195
DCOR,2025-12-16,0.187
DCOR,2026-03-24,0.18
DCOR,2026-06-23,0.203
DCOR,2026-09-22,0.186
DCRE,2023-09-01,0.181
DCRE,2023-10-02,0.201
DCRE,2023-11-01,0.207
DCRE,2023-12-01,0.175
DCRE,2024-02-01,0.227
DCRE,2024-03-01,0.218
DCRE,2024-04-01,0.232
DCRE,2024-05-01,0.233
DCRE,2024-06-03,0.265
DCRE,2024-07-01,0.246
DCRE,2024-08-01,0.238
DCRE,2024-09-03,0.255
DCRE,2024-10-01,0.213
DCRE,2024-11-01,0.222
DCRE,2024-12-02,0.239
DCRE,2024-12-23,0.25
DCRE,2025-02-03,0.205
DCRE,2025-03-03,0.219
DCRE,2025-04-01,0.211
DCRE,2025-05-01,0.214
DCRE,2025-06-02,0.19
DCRE,2025-07-01,0.226
DCRE,2025-08-01,0.218
DCRE,2025-09-02,0.211
DCRE,2025-10-01,0.212
DCRE,2025-11-03,0.196
DCRE,2025-12-01,0.207
DCRE,2025-12-23,0.204
DCRE,2026-02-02,0.21
DCRE,2026-03-02,0.194
DCRE,2026-04-01,0.182
DCRE,2026-05-01,0.206
DCRE,2026-06-01,0.185
DCRE,2026-07-01,0.227
DCRE,2026-08-03,0.22
DCRE,2026-09-01,0.283
DDM,2023-12-20,0.1085
DDM,2024-03-20,0.1225
DDM,2024-06-26,0.131
DDM,2024-09-25,0.137
DDM,2024-12-23,0.085
DDM,2025-03-26,0.126
DDM,2025-06-25,0.1265
DDM,2025-09-24,0.1455
DDM,2025-12-24,0.139
DDM,2026-03-25,0.155
DDM,2026-06-24,0.172
DDM,2026-09-23,0.152
DDWM,2023-09-25,0.33
DDWM,2023-12-22,0.255
DDWM,2024-03-22,0.195
DDWM,2024-06-25,0.545
DDWM,2024-09-25,0.2
DDWM,2024-12-26,0.276
DDWM,2024-12-31,0.011
DDWM,2025-03-26,0.115
DDWM,2025-06-25,0.555
DDWM,2025-09-25,0.215
DDWM,2025-12-26,0.191
DDWM,2026-03-26,0.115
DDWM,2026-06-25,0.66
DDWM,2026-09-25,0.205
DEHP,2023-09-19,0.34
DEHP,2023-12-19,0.103
DEHP,2024-03-19,0.035
DEHP,2024-06-18,0.209
DEHP,2024-09-17,0.234
DEHP,2024-12-17,0.126
DEHP,2025-03-25,0.028
DEHP,2025-06-24,0.206
DEHP,2025-09-23,0.234
DEHP,2025-12-16,0.088
DEHP,2026-03-24,0.048
DEHP,2026-06-23,0.189
DEHP,2026-09-22,0.245
DEM,2023-09-25,1.1
DEM,2023-12-22,0.315
DEM,2024-03-22,0.225
DEM,2024-06-25,0.635
DEM,2024-09-25,1.06
DEM,2024-12-26,0.2
DEM,2025-03-26,0.42
DEM,2025-06-25,0.575
DEM,2025-09-25,0.8
DEM,2025-12-26,0.413
DEM,2025-12-31,0.072
DEM,2026-03-26,0.235
DEM,2026-06-25,0.725
DEM,2026-09-25,0.765
DES,2023-09-25,0.105
DES,2023-10-25,0.03
DES,2023-11-24,0.06
DES,2023-12-22,0.15
DES,2023-12-28,0.017
DES,2024-01-25,0.015
DES,2024-02-23,0.055
DES,2024-03-22,0.065
DES,2024-04-24,0.08
DES,2024-05-24,0.08
DES,2024-06-25,0.125
DES,2024-07-26,0.045
DES,2024-08-27,0.105
DES,2024-09-25,0.105
DES,2024-10-28,0.105
DES,2024-11-25,0.105
DES,2024-12-26,0.054
DES,2024-12-31,0.027
DES,2025-01-28,0.015
DES,2025-02-25,0.01
DES,2025-03-26,0.115
DES,2025-04-25,0.085
DES,2025-05-27,0.025
DES,2025-06-25,0.145
DES,2025-07-28,0.045
DES,2025-08-26,0.075
DES,2025-09-25,0.13
DES,2025-10-28,0.055
DES,2025-11-24,0.045
DES,2025-12-26,0.209
DES,2026-01-27,0.009
DES,2026-02-24,0.01
DES,2026-03-26,0.08
DES,2026-04-27,0.06
DES,2026-05-26,0.055
DES,2026-06-25,0.145
DES,2026-07-28,0.045
DES,2026-08-26,0.075
DES,2026-09-25,0.12
DEXC,2024-12-17,0.094
DEXC,2025-03-25,0.086
DEXC,2025-06-24,0.356
DEXC,2025-09-23,0.453
DEXC,2025-12-16,0.3
DEXC,2026-03-24,0.095
DEXC,2026-06-23,0.382
DEXC,2026-09-22,0.495
DFAC,2023-09-19,0.097
DFAC,2023-12-19,0.103
DFAC,2024-03-19,0.065
DFAC,2024-06-18,0.097
DFAC,2024-09-17,0.094
DFAC,2024-12-17,0.1
DFAC,2025-03-25,0.083
DFAC,2025-06-24,0.106
DFAC,2025-09-23,0.106
DFAC,2025-12-16,0.091
DFAC,2026-03-24,0.098
DFAC,2026-06-23,0.108
DFAC,2026-09-22,0.097
DFAE,2023-09-19,0.286
DFAE,2023-12-19,0.093
DFAE,2024-03-19,0.03
DFAE,2024-06-18,0.179
DFAE,2024-09-17,0.239
DFAE,2024-12-17,0.148
DFAE,2025-03-25,0.057
DFAE,2025-06-24,0.225
DFAE,2025-09-23,0.23
DFAE,2025-12-16,0.205
DFAE,2026-03-24,0.053
DFAE,2026-06-23,0.212
DFAE,2026-09-22,0.268
DFAI,2023-09-19,0.14
DFAI,2023-12-19,0.172
DFAI,2024-03-19,0.048
DFAI,2024-06-18,0.382
DFAI,2024-09-17,0.136
DFAI,2024-12-17,0.228
DFAI,2025-03-25,0.098
DFAI,2025-06-24,0.441
DFAI,2025-09-23,0.142
DFAI,2025-12-16,0.253
DFAI,2026-03-24,0.102
DFAI,2026-06-23,0.473
DFAI,2026-09-22,0.184
DFAL,2026-09-22,0.088
DFAR,2023-09-19,0.216
DFAR,2023-12-19,0.281
DFAR,2024-03-19,0.024
DFAR,2024-06-18,0.146
DFAR,2024-09-17,0.147
DFAR,2024-12-17,0.356
DFAR,2025-03-25,0.018
DFAR,2025-06-24,0.141
DFAR,2025-09-23,0.143
DFAR,2025-12-16,0.379
DFAR,2026-03-24,0.043
DFAR,2026-06-23,0.14
DFAR,2026-09-22,0.307
DFAS,2023-09-19,0.159
DFAS,2023-12-19,0.17
DFAS,2024-03-19,0.096
DFAS,2024-06-18,0.167
DFAS,2024-09-17,0.162
DFAS,2024-12-17,0.178
DFAS,2025-03-25,0.133
DFAS,2025-06-24,0.17
DFAS,2025-09-23,0.188
DFAS,2025-12-16,0.201
DFAS,2026-03-24,0.165
DFAS,2026-06-23,0.24
DFAS,2026-09-22,0.2
DFAT,2023-09-19,0.175
DFAT,2023-12-19,0.201
DFAT,2024-03-19,0.106
DFAT,2024-06-18,0.21
DFAT,2024-09-17,0.2
DFAT,2024-12-17,0.211
DFAT,2025-03-25,0.161
DFAT,2025-06-24,0.244
DFAT,2025-09-23,0.276
DFAT,2025-12-16,0.243
DFAT,2026-03-24,0.208
DFAT,2026-06-23,0.232
DFAT,2026-09-22,0.247
DFAU,2023-09-19,0.105
DFAU,2023-12-19,0.134
DFAU,2024-03-19,0.077
DFAU,2024-06-18,0.103
DFAU,2024-09-17,0.109
DFAU,2024-12-17,0.156
DFAU,2025-03-25,0.09
DFAU,2025-06-24,0.115
DFAU,2025-09-23,0.12
DFAU,2025-12-16,0.12
DFAU,2026-03-24,0.11
DFAU,2026-06-23,0.12
DFAU,2026-09-22,0.122
DFAW,2023-12-21,0.23
DFAW,2024-03-19,0.096
DFAW,2024-06-18,0.304
DFAW,2024-09-17,0.221
DFAW,2024-12-19,0.298
DFAW,2025-03-25,0.143
DFAW,2025-06-24,0.362
DFAW,2025-09-23,0.239
DFAW,2025-12-16,0.239
DFAW,2025-12-18,0.282
DFAW,2026-03-24,0.164
DFAW,2026-06-23,0.376
DFAW,2026-09-22,0.258
DFAX,2023-09-19,0.214
DFAX,2023-12-19,0.177
DFAX,2024-03-19,0.028
DFAX,2024-06-18,0.296
DFAX,2024-09-17,0.182
DFAX,2024-12-17,0.234
DFAX,2025-03-25,0.069
DFAX,2025-06-24,0.362
DFAX,2025-09-23,0.185
DFAX,2025-12-16,0.23
DFAX,2026-03-24,0.058
DFAX,2026-06-23,0.385
DFAX,2026-09-22,0.222
DFCA,2023-09-19,0.092
DFCA,2023-10-24,0.136
DFCA,2023-11-21,0.115
DFCA,2023-12-19,0.194
DFCA,2024-01-17,0.021
DFCA,2024-02-21,0.124
DFCA,2024-03-19,0.095
DFCA,2024-04-16,0.112
DFCA,2024-05-21,0.139
DFCA,2024-06-18,0.105
DFCA,2024-07-16,0.117
DFCA,2024-08-20,0.137
DFCA,2024-09-17,0.093
DFCA,2024-10-22,0.15
DFCA,2024-11-19,0.114
DFCA,2024-12-17,0.227
DFCA,2025-01-22,0.045
DFCA,2025-02-19,0.103
DFCA,2025-03-25,0.139
DFCA,2025-04-22,0.126
DFCA,2025-05-20,0.129
DFCA,2025-06-24,0.114
DFCA,2025-07-22,0.115
DFCA,2025-08-19,0.117
DFCA,2025-09-23,0.111
DFCA,2025-10-21,0.117
DFCA,2025-11-18,0.103
DFCA,2025-12-16,0.211
DFCA,2026-01-21,0.038
DFCA,2026-02-18,0.097
DFCA,2026-03-24,0.134
DFCA,2026-04-21,0.087
DFCA,2026-05-19,0.108
DFCA,2026-06-23,0.133
DFCA,2026-07-21,0.115
DFCA,2026-08-18,0.105
DFCA,2026-09-22,0.131
DFCF,2023-09-19,0.156
DFCF,2023-10-24,0.19
DFCF,2023-11-21,0.263
DFCF,2023-12-19,0.273
DFCF,2024-01-17,0.024
DFCF,2024-02-21,0.126
DFCF,2024-03-19,0.129
DFCF,2024-04-16,0.173
DFCF,2024-05-21,0.186
DFCF,2024-06-18,0.132
DFCF,2024-07-16,0.175
DFCF,2024-08-20,0.154
DFCF,2024-09-17,0.103
DFCF,2024-10-22,0.204
DFCF,2024-11-19,0.178
DFCF,2024-12-17,0.32
DFCF,2025-01-22,0.023
DFCF,2025-02-19,0.142
DFCF,2025-03-25,0.136
DFCF,2025-04-22,0.159
DFCF,2025-05-20,0.175
DFCF,2025-06-24,0.161
DFCF,2025-07-22,0.164
DFCF,2025-08-19,0.161
DFCF,2025-09-23,0.151
DFCF,2025-10-21,0.154
DFCF,2025-11-18,0.189
DFCF,2025-12-16,0.289
DFCF,2026-01-21,0.044
DFCF,2026-02-18,0.077
DFCF,2026-03-24,0.176
DFCF,2026-04-21,0.129
DFCF,2026-05-19,0.122
DFCF,2026-06-23,0.174
DFCF,2026-07-21,0.166
DFCF,2026-08-18,0.146
DFCF,2026-09-22,0.164
DFEM,2023-09-19,0.29
DFEM,2023-12-19,0.122
DFEM,2024-03-19,0.033
DFEM,2024-06-18,0.19
DFEM,2024-09-17,0.256
DFEM,2024-12-17,0.176
DFEM,2025-03-25,0.061
DFEM,2025-06-24,0.247
DFEM,2025-09-23,0.259
DFEM,2025-12-16,0.202
DFEM,2026-03-24,0.046
DFEM,2026-06-23,0.234
DFEM,2026-09-22,0.296
DFEN,2023-09-19,0.061
DFEN,2023-12-21,0.104
DFEN,2024-03-19,0.071
DFEN,2024-06-25,0.103
DFEN,2024-09-24,0.042
DFEN,2024-12-12,3.574
DFEN,2024-12-23,0.094
DFEN,2025-03-25,0.024
DFEN,2025-06-24,0.057
DFEN,2025-09-23,0.051
DFEN,2025-12-10,5.55
DFEN,2026-03-24,0.038
DFEN,2026-06-23,0.021
DFEN,2026-09-22,0.012
DFEV,2023-09-19,0.515
DFEV,2023-12-19,0.152
DFEV,2024-03-19,0.027
DFEV,2024-06-18,0.205
DFEV,2024-09-17,0.376
DFEV,2024-12-17,0.224
DFEV,2025-03-25,0.055
DFEV,2025-06-24,0.266
DFEV,2025-09-23,0.39
DFEV,2025-12-16,0.195
DFEV,2026-03-24,0.032
DFEV,2026-06-23,0.243
DFEV,2026-09-22,0.422
DFGP,2023-11-21,0.004
DFGP,2023-12-19,0.324
DFGP,2024-02-21,0.067
DFGP,2024-03-19,0.141
DFGP,2024-04-16,0.163
DFGP,2024-05-21,0.083
DFGP,2024-06-18,0.141
DFGP,2024-07-16,0.267
DFGP,2024-10-22,0.158
DFGP,2024-11-19,0.654
DFGP,2024-12-17,0.71
DFGP,2025-02-19,0.021
DFGP,2025-03-25,0.031
DFGP,2025-05-20,0.036
DFGP,2025-10-21,0.66
DFGP,2025-11-18,0.437
DFGP,2025-12-16,0.682
DFGP,2026-05-19,0.206
DFGP,2026-06-23,0.415
DFGP,2026-07-21,0.516
DFGP,2026-08-18,0.057
DFGR,2023-09-19,0.196
DFGR,2023-12-19,0.336
DFGR,2024-03-19,0.05
DFGR,2024-06-18,0.183
DFGR,2024-09-17,0.203
DFGR,2024-12-17,0.517
DFGR,2025-03-25,0.05
DFGR,2025-06-24,0.181
DFGR,2025-09-23,0.209
DFGR,2025-12-16,0.63
DFGR,2026-03-24,0.1
DFGR,2026-06-23,0.134
DFGR,2026-09-22,0.245
DFGX,2023-11-21,0.003
DFGX,2023-12-19,0.254
DFGX,2024-02-21,0.036
DFGX,2024-03-19,0.163
DFGX,2024-04-16,0.132
DFGX,2024-07-16,0.357
DFGX,2024-11-19,0.853
DFGX,2024-12-17,0.869
DFGX,2025-02-19,0.018
DFGX,2025-03-25,0.017
DFGX,2025-11-18,0.556
DFGX,2025-12-16,0.905
DFGX,2026-07-21,0.699
DFGX,2026-08-18,0.19
DFIC,2023-09-19,0.177
DFIC,2023-12-19,0.16
DFIC,2024-03-19,0.036
DFIC,2024-06-18,0.365
DFIC,2024-09-17,0.13
DFIC,2024-12-17,0.211
DFIC,2025-03-25,0.085
DFIC,2025-06-24,0.419
DFIC,2025-09-23,0.134
DFIC,2025-12-16,0.239
DFIC,2026-03-24,0.071
DFIC,2026-06-23,0.46
DFIC,2026-09-22,0.185
DFIP,2023-09-19,0.126
DFIP,2023-10-24,0.17
DFIP,2023-11-21,0.154
DFIP,2023-12-19,0.083
DFIP,2024-04-16,0.161
DFIP,2024-05-21,0.316
DFIP,2024-06-18,0.286
DFIP,2024-07-16,0.187
DFIP,2024-08-20,0.083
DFIP,2024-09-17,0.065
DFIP,2024-10-22,0.105
DFIP,2024-11-19,0.104
DFIP,2024-12-17,0.188
DFIP,2025-01-22,0.008
DFIP,2025-02-19,0.034
DFIP,2025-03-25,0.145
DFIP,2025-04-22,0.225
DFIP,2025-05-20,0.26
DFIP,2025-06-24,0.173
DFIP,2025-07-22,0.17
DFIP,2025-08-19,0.164
DFIP,2025-09-23,0.165
DFIP,2025-10-21,0.145
DFIP,2025-11-18,0.176
DFIP,2025-12-16,0.291
DFIP,2026-04-21,0.1
DFIP,2026-05-19,0.241
DFIP,2026-06-23,0.462
DFIP,2026-07-21,0.463
DFIP,2026-08-18,0.293
DFIS,2023-09-19,0.128
DFIS,2023-12-19,0.155
DFIS,2024-03-19,0.014
DFIS,2024-06-18,0.281
DFIS,2024-09-17,0.082
DFIS,2024-12-17,0.161
DFIS,2025-03-25,0.034
DFIS,2025-06-24,0.44
DFIS,2025-09-23,0.11
DFIS,2025-12-16,0.152
DFIS,2026-03-24,0.031
DFIS,2026-06-23,0.422
DFIS,2026-09-22,0.187
DFIV,2023-09-19,0.289
DFIV,2023-12-19,0.334
DFIV,2024-03-19,0.086
DFIV,2024-06-18,0.707
DFIV,2024-09-17,0.235
DFIV,2024-12-17,0.349
DFIV,2025-03-25,0.142
DFIV,2025-06-24,0.742
DFIV,2025-09-23,0.201
DFIV,2025-12-16,0.374
DFIV,2026-03-24,0.101
DFIV,2026-06-23,0.802
DFIV,2026-09-22,0.282
DFJ,2023-12-22,0.53
DFJ,2023-12-28,0.046
DFJ,2024-03-22,0.615
DFJ,2024-06-25,0.243
DFJ,2024-09-25,0.025
DFJ,2024-12-26,0.964
DFJ,2025-03-26,0.02
DFJ,2025-06-25,1.095
DFJ,2025-09-25,0.09
DFJ,2025-12-26,1.375
DFJ,2026-06-25,1.33
DFJ,2026-09-25,0.065
DFLV,2023-09-19,0.123
DFLV,2023-12-19,0.161
DFLV,2024-03-19,0.094
DFLV,2024-06-18,0.123
DFLV,2024-09-17,0.132
DFLV,2024-12-17,0.146
DFLV,2025-03-25,0.127
DFLV,2025-06-24,0.144
DFLV,2025-09-23,0.145
DFLV,2025-12-16,0.135
DFLV,2026-03-24,0.131
DFLV,2026-06-23,0.144
DFLV,2026-09-22,0.156
DFMC,2026-06-29,0.131
DFMC,2026-09-29,0.145
DFNL,2023-12-27,0.704
DFNL,2024-12-27,0.833
DFNL,2025-12-29,0.66
DFNM,2023-09-19,0.08
DFNM,2023-10-24,0.119
DFNM,2023-11-21,0.089
DFNM,2023-12-19,0.165
DFNM,2024-01-17,0.02
DFNM,2024-02-21,0.116
DFNM,2024-03-19,0.089
DFNM,2024-04-16,0.102
DFNM,2024-05-21,0.125
DFNM,2024-06-18,0.089
DFNM,2024-07-16,0.1
DFNM,2024-08-20,0.133
DFNM,2024-09-17,0.089
DFNM,2024-10-22,0.135
DFNM,2024-11-19,0.106
DFNM,2024-12-17,0.205
DFNM,2025-01-22,0.044
DFNM,2025-02-19,0.099
DFNM,2025-03-25,0.129
DFNM,2025-04-22,0.114
DFNM,2025-05-20,0.122
DFNM,2025-06-24,0.113
DFNM,2025-07-22,0.118
DFNM,2025-08-19,0.118
DFNM,2025-09-23,0.115
DFNM,2025-10-21,0.117
DFNM,2025-11-18,0.108
DFNM,2025-12-16,0.218
DFNM,2026-01-21,0.042
DFNM,2026-02-18,0.103
DFNM,2026-03-24,0.136
DFNM,2026-04-21,0.097
DFNM,2026-05-19,0.111
DFNM,2026-06-23,0.133
DFNM,2026-07-21,0.119
DFNM,2026-08-18,0.106
DFNM,2026-09-22,0.128
DFSB,2023-09-19,0.268
DFSB,2023-10-24,0.614
DFSB,2023-11-21,0.783
DFSB,2023-12-19,0.391
DFSB,2024-03-19,0.233
DFSB,2024-04-16,0.158
DFSB,2024-05-21,0.196
DFSB,2024-06-18,0.07
DFSB,2024-07-16,0.298
DFSB,2024-10-22,0.106
DFSB,2024-11-19,0.409
DFSB,2024-12-17,0.744
DFSB,2025-02-19,0.03
DFSB,2025-03-25,0.057
DFSB,2025-10-21,0.651
DFSB,2025-11-18,0.43
DFSB,2025-12-16,0.627
DFSB,2026-05-19,0.173
DFSB,2026-06-23,0.369
DFSB,2026-07-21,0.618
DFSB,2026-08-18,0.074
DFSD,2023-09-19,0.229
DFSD,2023-10-24,0.258
DFSD,2023-11-21,0.258
DFSD,2023-12-19,0.302
DFSD,2024-01-17,0.027
DFSD,2024-02-21,0.108
DFSD,2024-03-19,0.169
DFSD,2024-04-16,0.176
DFSD,2024-05-21,0.211
DFSD,2024-06-18,0.143
DFSD,2024-07-16,0.204
DFSD,2024-08-20,0.187
DFSD,2024-09-17,0.119
DFSD,2024-10-22,0.268
DFSD,2024-11-19,0.228
DFSD,2024-12-17,0.413
DFSD,2025-02-19,0.143
DFSD,2025-03-25,0.098
DFSD,2025-04-22,0.13
DFSD,2025-05-20,0.142
DFSD,2025-06-24,0.151
DFSD,2025-07-22,0.156
DFSD,2025-08-19,0.209
DFSD,2025-09-23,0.168
DFSD,2025-10-21,0.176
DFSD,2025-11-18,0.221
DFSD,2025-12-16,0.383
DFSD,2026-03-24,0.149
DFSD,2026-04-21,0.147
DFSD,2026-05-19,0.142
DFSD,2026-06-23,0.245
DFSD,2026-07-21,0.332
DFSD,2026-08-18,0.144
DFSD,2026-09-22,0.174
DFSE,2023-09-19,0.334
DFSE,2023-12-19,0.14
DFSE,2024-03-19,0.023
DFSE,2024-06-18,0.201
DFSE,2024-09-17,0.281
DFSE,2024-12-17,0.176
DFSE,2025-03-25,0.07
DFSE,2025-06-24,0.277
DFSE,2025-09-23,0.306
DFSE,2025-12-16,0.284
DFSE,2026-03-24,0.054
DFSE,2026-06-23,0.267
DFSE,2026-09-22,0.35
DFSI,2023-09-19,0.165
DFSI,2023-12-19,0.157
DFSI,2024-03-19,0.039
DFSI,2024-06-18,0.434
DFSI,2024-09-17,0.108
DFSI,2024-12-17,0.205
DFSI,2025-03-25,0.088
DFSI,2025-06-24,0.503
DFSI,2025-09-23,0.146
DFSI,2025-12-16,0.219
DFSI,2026-03-24,0.1
DFSI,2026-06-23,0.535
DFSI,2026-09-22,0.182
DFSU,2023-09-19,0.101
DFSU,2023-12-19,0.122
DFSU,2024-03-19,0.054
DFSU,2024-06-18,0.084
DFSU,2024-09-17,0.089
DFSU,2024-12-17,0.135
DFSU,2025-03-25,0.081
DFSU,2025-06-24,0.099
DFSU,2025-09-23,0.099
DFSU,2025-12-16,0.091
DFSU,2026-03-24,0.096
DFSU,2026-06-23,0.105
DFSU,2026-09-22,0.104
DFSV,2023-09-19,0.102
DFSV,2023-12-19,0.115
DFSV,2024-03-19,0.055
DFSV,2024-06-18,0.114
DFSV,2024-09-17,0.099
DFSV,2024-12-17,0.137
DFSV,2025-03-25,0.081
DFSV,2025-06-24,0.136
DFSV,2025-09-23,0.142
DFSV,2025-12-16,0.143
DFSV,2026-03-24,0.116
DFSV,2026-06-23,0.135
DFSV,2026-09-22,0.15
DFUS,2023-09-19,0.16
DFUS,2023-12-19,0.234
DFUS,2024-03-19,0.118
DFUS,2024-06-18,0.161
DFUS,2024-09-17,0.155
DFUS,2024-12-17,0.229
DFUS,2025-03-25,0.138
DFUS,2025-06-24,0.179
DFUS,2025-09-23,0.179
DFUS,2025-12-16,0.157
DFUS,2026-03-24,0.169
DFUS,2026-06-23,0.199
DFUS,2026-09-22,0.196
DFUV,2023-09-19,0.176
DFUV,2023-12-19,0.145
DFUV,2024-03-19,0.145
DFUV,2024-06-18,0.177
DFUV,2024-09-17,0.176
DFUV,2024-12-17,0.175
DFUV,2025-03-25,0.167
DFUV,2025-06-24,0.196
DFUV,2025-09-23,0.197
DFUV,2025-12-16,0.164
DFUV,2026-03-24,0.176
DFUV,2026-06-23,0.187
DFUV,2026-09-22,0.208
DFVX,2023-12-19,0.178
DFVX,2024-03-19,0.141
DFVX,2024-06-18,0.208
DFVX,2024-09-17,0.169
DFVX,2024-12-17,0.276
DFVX,2025-03-25,0.19
DFVX,2025-06-24,0.241
DFVX,2025-09-23,0.264
DFVX,2025-12-16,0.203
DFVX,2026-03-24,0.255
DFVX,2026-06-23,0.234
DFVX,2026-09-22,0.253
DGCB,2023-11-21,0.005
DGCB,2023-12-19,0.329
DGCB,2024-01-17,0.008
DGCB,2024-02-21,0.204
DGCB,2024-03-19,0.161
DGCB,2024-04-16,0.161
DGCB,2024-05-21,0.215
DGCB,2024-06-18,0.15
DGCB,2024-07-16,0.218
DGCB,2024-08-20,0.122
DGCB,2024-10-22,0.247
DGCB,2024-11-19,0.543
DGCB,2024-12-17,0.457
DGCB,2025-01-22,0.008
DGCB,2025-02-19,0.186
DGCB,2025-03-25,0.122
DGCB,2025-10-21,0.52
DGCB,2025-11-18,0.318
DGCB,2025-12-16,0.704
DGCB,2026-05-19,0.219
DGCB,2026-06-23,0.409
DGCB,2026-07-21,0.684
DGCB,2026-08-18,0.138
DGRO,2023-09-26,0.388
DGRO,2023-12-20,0.37
DGRO,2024-03-21,0.311
DGRO,2024-06-11,0.293
DGRO,2024-09-25,0.403
DGRO,2024-12-17,0.378
DGRO,2025-03-18,0.311
DGRO,2025-06-16,0.324
DGRO,2025-09-16,0.369
DGRO,2025-12-16,0.447
DGRO,2026-03-17,0.331
DGRO,2026-06-15,0.331
DGRO,2026-09-15,0.385
DGRS,2023-09-25,0.15
DGRS,2023-10-25,0.035
DGRS,2023-11-24,0.095
DGRS,2023-12-22,0.18
DGRS,2024-01-25,0.04
DGRS,2024-02-23,0.055
DGRS,2024-03-22,0.085
DGRS,2024-04-24,0.08
DGRS,2024-05-24,0.075
DGRS,2024-06-25,0.155
DGRS,2024-07-26,0.035
DGRS,2024-08-27,0.09
DGRS,2024-09-25,0.145
DGRS,2024-10-28,0.07
DGRS,2024-11-25,0.08
DGRS,2024-12-26,0.15
DGRS,2024-12-31,0.039
DGRS,2025-01-28,0.006
DGRS,2025-02-25,0.04
DGRS,2025-03-26,0.205
DGRS,2025-04-25,0.135
DGRS,2025-05-27,0.06
DGRS,2025-06-25,0.205
DGRS,2025-07-28,0.035
DGRS,2025-08-26,0.07
DGRS,2025-09-25,0.26
DGRS,2025-10-28,0.035
DGRS,2025-11-24,0.04
DGRS,2025-12-26,0.241
DGRS,2026-01-27,0.008
DGRS,2026-02-24,0.03
DGRS,2026-03-26,0.155
DGRS,2026-04-27,0.09
DGRS,2026-05-26,0.08
DGRS,2026-06-25,0.16
DGRS,2026-07-28,0.05
DGRS,2026-08-26,0.08
DGRS,2026-09-25,0.175
DGRW,2023-09-25,0.155
DGRW,2023-10-25,0.05
DGRW,2023-11-24,0.1
DGRW,2023-12-22,0.215
DGRW,2024-01-25,0.005
DGRW,2024-02-23,0.08
DGRW,2024-03-22,0.17
DGRW,2024-04-24,0.065
DGRW,2024-05-24,0.07
DGRW,2024-06-25,0.18
DGRW,2024-07-26,0.06
DGRW,2024-08-27,0.105
DGRW,2024-09-25,0.145
DGRW,2024-10-28,0.075
DGRW,2024-11-25,0.1
DGRW,2024-12-26,0.155
DGRW,2024-12-31,0.041
DGRW,2025-01-28,0.003
DGRW,2025-02-25,0.11
DGRW,2025-03-26,0.155
DGRW,2025-04-25,0.09
DGRW,2025-05-27,0.065
DGRW,2025-06-25,0.175
DGRW,2025-07-28,0.05
DGRW,2025-08-26,0.085
DGRW,2025-09-25,0.185
DGRW,2025-10-28,0.035
DGRW,2025-11-24,0.09
DGRW,2025-12-26,0.233
DGRW,2026-01-27,0.025
DGRW,2026-02-24,0.055
DGRW,2026-03-26,0.17
DGRW,2026-04-27,0.075
DGRW,2026-05-26,0.055
DGRW,2026-06-25,0.16
DGRW,2026-07-28,0.065
DGRW,2026-08-26,0.055
DGRW,2026-09-25,0.17
DGS,2023-09-25,0.78
DGS,2023-12-22,0.455
DGS,2024-03-22,0.05
DGS,2024-06-25,0.68
DGS,2024-09-25,0.605
DGS,2024-12-26,0.31
DGS,2025-03-26,0.075
DGS,2025-06-25,0.525
DGS,2025-09-25,0.795
DGS,2025-12-26,0.579
DGS,2026-03-26,0.2
DGS,2026-06-25,0.84
DGS,2026-09-25,0.76
DGT,2023-09-18,0.525
DGT,2023-12-18,0.855
DGT,2024-03-18,0.428
DGT,2024-06-24,1.351
DGT,2024-09-23,0.487
DGT,2024-12-23,1.465
DGT,2025-03-24,0.447
DGT,2025-06-23,1.371
DGT,2025-09-22,0.366
DGT,2025-12-22,2.457
DGT,2026-03-23,0.532
DGT,2026-06-22,1.285
DGT,2026-09-21,0.485
DHS,2023-09-25,0.315
DHS,2023-10-25,0.21
DHS,2023-11-24,0.29
DHS,2023-12-22,0.5
DHS,2023-12-28,0.031
DHS,2024-01-25,0.09
DHS,2024-02-23,0.205
DHS,2024-03-22,0.285
DHS,2024-04-24,0.3
DHS,2024-05-24,0.305
DHS,2024-06-25,0.375
DHS,2024-07-26,0.185
DHS,2024-08-27,0.345
DHS,2024-09-25,0.33
DHS,2024-10-28,0.21
DHS,2024-11-25,0.36
DHS,2024-12-26,0.38
DHS,2024-12-31,0.045
DHS,2025-01-28,0.12
DHS,2025-02-25,0.165
DHS,2025-03-26,0.305
DHS,2025-04-25,0.305
DHS,2025-05-27,0.195
DHS,2025-06-25,0.445
DHS,2025-07-28,0.205
DHS,2025-08-26,0.215
DHS,2025-09-25,0.43
DHS,2025-10-28,0.22
DHS,2025-11-24,0.19
DHS,2025-12-26,0.585
DHS,2026-01-27,0.195
DHS,2026-02-24,0.155
DHS,2026-03-26,0.385
DHS,2026-04-27,0.405
DHS,2026-05-26,0.275
DHS,2026-06-25,0.36
DHS,2026-07-28,0.305
DHS,2026-08-26,0.315
DIA,2023-09-15,0.923
DIA,2023-10-20,0.187
DIA,2023-11-17,0.707
DIA,2023-12-15,0.833
DIA,2024-01-19,0.213
DIA,2024-02-16,0.612
DIA,2024-03-15,0.933
DIA,2024-04-19,0.198
DIA,2024-05-17,0.594
DIA,2024-06-21,0.874
DIA,2024-07-19,0.194
DIA,2024-08-16,0.327
DIA,2024-09-20,1.248
DIA,2024-10-18,0.149
DIA,2024-11-15,0.266
DIA,2024-12-20,1.223
DIA,2025-01-17,0.162
DIA,2025-02-21,0.659
DIA,2025-03-21,0.801
DIA,2025-04-17,0.197
DIA,2025-05-16,0.322
DIA,2025-06-20,1.199
DIA,2025-07-18,0.181
DIA,2025-08-15,0.266
DIA,2025-09-19,1.318
DIA,2025-10-17,0.155
DIA,2025-11-21,0.576
DIA,2025-12-19,1.044
DIA,2026-01-16,0.179
DIA,2026-02-20,0.613
DIA,2026-03-20,0.994
DIA,2026-04-17,0.206
DIA,2026-05-15,0.276
DIA,2026-06-18,1.405
DIA,2026-07-17,0.149
DIA,2026-08-21,0.437
DIA,2026-09-18,1.192
DIAL,2023-09-01,0.057
DIAL,2023-10-02,0.054
DIAL,2023-11-01,0.062
DIAL,2023-12-01,0.06
DIAL,2023-12-26,0.066
DIAL,2024-02-01,0.067
DIAL,2024-03-01,0.062
DIAL,2024-04-01,0.071
DIAL,2024-05-01,0.067
DIAL,2024-06-03,0.072
DIAL,2024-07-01,0.067
DIAL,2024-08-01,0.069
DIAL,2024-09-03,0.069
DIAL,2024-10-01,0.064
DIAL,2024-11-01,0.071
DIAL,2024-12-02,0.069
DIAL,2024-12-27,0.071
DIAL,2025-02-03,0.072
DIAL,2025-03-03,0.066
DIAL,2025-04-01,0.079
DIAL,2025-05-01,0.071
DIAL,2025-06-02,0.075
DIAL,2025-07-01,0.071
DIAL,2025-08-01,0.075
DIAL,2025-09-02,0.074
DIAL,2025-10-01,0.073
DIAL,2025-11-03,0.076
DIAL,2025-12-01,0.072
DIAL,2025-12-29,0.078
DIAL,2026-02-02,0.076
DIAL,2026-03-02,0.077
DIAL,2026-04-01,0.062
DIAL,2026-05-01,0.096
DIAL,2026-06-01,0.086
DIAL,2026-07-01,0.073
DIAL,2026-08-03,0.081
DIAL,2026-09-01,0.085
DIAL,2026-10-01,0.064
DIG,2023-12-20,0.223
DIG,2024-03-20,0.237
DIG,2024-06-26,0.311
DIG,2024-09-25,0.291
DIG,2024-12-23,0.29
DIG,2025-03-26,0.257
DIG,2025-06-25,0.205
DIG,2025-09-24,0.256
DIG,2025-12-24,0.229
DIG,2026-03-25,0.205
DIG,2026-06-24,0.196
DIG,2026-09-23,0.235
DIHP,2023-09-19,0.169
DIHP,2023-12-19,0.119
DIHP,2024-03-19,0.052
DIHP,2024-06-18,0.286
DIHP,2024-09-17,0.104
DIHP,2024-12-17,0.139
DIHP,2025-03-25,0.081
DIHP,2025-06-24,0.313
DIHP,2025-09-23,0.126
DIHP,2025-12-16,0.12
DIHP,2026-03-24,0.13
DIHP,2026-06-23,0.287
DIHP,2026-09-22,0.156
DISV,2023-09-19,0.161
DISV,2023-12-19,0.177
DISV,2024-03-19,0.012
DISV,2024-06-18,0.446
DISV,2024-09-17,0.116
DISV,2024-12-17,0.163
DISV,2025-03-25,0.033
DISV,2025-06-24,0.574
DISV,2025-09-23,0.17
DISV,2025-12-16,0.245
DISV,2026-03-24,0.016
DISV,2026-06-23,0.602
DISV,2026-09-22,0.272
DIV,2023-09-06,0.105
DIV,2023-10-04,0.105
DIV,2023-11-03,0.105
DIV,2023-12-05,0.105
DIV,2023-12-28,0.105
DIV,2024-02-05,0.093
DIV,2024-03-05,0.093
DIV,2024-04-03,0.088
DIV,2024-05-03,0.088
DIV,2024-06-05,0.083
DIV,2024-07-03,0.083
DIV,2024-08-05,0.083
DIV,2024-09-05,0.083
DIV,2024-10-03,0.083
DIV,2024-11-05,0.086
DIV,2024-12-04,0.086
DIV,2024-12-30,0.087
DIV,2025-02-05,0.17
DIV,2025-03-05,0.105
DIV,2025-04-03,0.106
DIV,2025-05-05,0.11
DIV,2025-06-04,0.11
DIV,2025-07-03,0.11
DIV,2025-08-05,0.108
DIV,2025-09-04,0.108
DIV,2025-10-03,0.108
DIV,2025-11-05,0.106
DIV,2025-12-03,0.104
DIV,2025-12-30,0.104
DIV,2026-02-04,0.102
DIV,2026-03-04,0.105
DIV,2026-04-06,0.108
DIV,2026-05-05,0.106
DIV,2026-06-03,0.106
DIV,2026-07-06,0.106
DIV,2026-08-05,0.106
DIV,2026-09-03,0.106
DIVB,2023-09-26,0.387
DIVB,2023-12-20,0.348
DIVB,2024-03-21,0.248
DIVB,2024-06-11,0.276
DIVB,2024-09-25,0.362
DIVB,2024-12-17,0.351
DIVB,2025-03-18,0.31
DIVB,2025-06-16,0.293
DIVB,2025-09-16,0.336
DIVB,2025-12-16,0.389
DIVB,2026-03-17,0.337
DIVB,2026-06-15,0.332
DIVB,2026-09-15,0.424
DIVI,2023-09-15,0.152
DIVI,2023-12-15,0.311
DIVI,2024-03-15,0.019
DIVI,2024-06-21,0.848
DIVI,2024-09-20,0.197
DIVI,2024-12-20,0.253
DIVI,2025-03-21,0.049
DIVI,2025-06-20,0.638
DIVI,2025-09-19,0.185
DIVI,2025-12-19,0.59
DIVI,2026-03-20,0.106
DIVI,2026-06-26,0.665
DIVI,2026-09-18,0.214
DIVN,2025-08-22,0.062
DIVN,2025-12-24,0.329
DIVN,2026-02-27,0.129
DIVN,2026-04-27,0.297
DIVN,2026-05-28,0.093
DIVN,2026-06-29,0.11
DIVN,2026-07-27,0.079
DIVN,2026-08-26,0.069
DIVN,2026-09-25,0.111
DIVO,2023-09-27,0.141
DIVO,2023-10-27,0.138
DIVO,2023-11-28,0.142
DIVO,2023-12-27,0.146
DIVO,2024-01-29,0.149
DIVO,2024-02-27,0.152
DIVO,2024-03-26,0.155
DIVO,2024-04-26,0.153
DIVO,2024-05-30,0.154
DIVO,2024-06-27,0.156
DIVO,2024-07-30,0.158
DIVO,2024-08-29,0.161
DIVO,2024-09-27,0.163
DIVO,2024-10-30,0.164
DIVO,2024-11-27,0.171
DIVO,2024-12-30,0.165
DIVO,2025-01-30,0.169
DIVO,2025-02-27,0.167
DIVO,2025-03-28,0.165
DIVO,2025-04-29,0.158
DIVO,2025-05-29,0.165
DIVO,2025-06-27,0.168
DIVO,2025-07-30,0.172
DIVO,2025-08-28,0.175
DIVO,2025-09-29,0.177
DIVO,2025-10-30,0.182
DIVO,2025-11-26,0.214
DIVO,2025-12-30,0.953
DIVO,2026-01-29,0.183
DIVO,2026-02-26,0.186
DIVO,2026-03-30,0.179
DIVO,2026-04-29,0.181
DIVO,2026-05-28,0.184
DIVO,2026-06-29,0.183
DIVO,2026-07-30,0.188
DIVO,2026-08-28,0.195
DIVO,2026-09-29,0.189
DJD,2023-09-18,0.4
DJD,2023-12-18,0.411
DJD,2024-03-18,0.425
DJD,2024-06-24,0.374
DJD,2024-09-23,0.372
DJD,2024-12-23,0.349
DJD,2025-03-24,0.362
DJD,2025-06-23,0.368
DJD,2025-09-22,0.381
DJD,2025-12-22,0.385
DJD,2026-03-23,0.391
DJD,2026-06-22,0.41
DJD,2026-09-21,0.334
DJIA,2023-09-18,0.104
DJIA,2023-10-23,0.142
DJIA,2023-11-20,0.107
DJIA,2023-12-28,0.118
DJIA,2024-01-22,0.086
DJIA,2024-02-20,0.099
DJIA,2024-03-18,0.11
DJIA,2024-04-22,0.174
DJIA,2024-05-20,0.131
DJIA,2024-06-24,0.098
DJIA,2024-07-22,0.149
DJIA,2024-08-19,0.114
DJIA,2024-09-23,0.176
DJIA,2024-10-21,0.152
DJIA,2024-11-18,0.181
DJIA,2024-12-30,1.094
DJIA,2025-01-21,0.123
DJIA,2025-02-24,0.114
DJIA,2025-03-24,0.17
DJIA,2025-04-21,0.209
DJIA,2025-05-19,0.107
DJIA,2025-06-23,0.156
DJIA,2025-07-21,0.134
DJIA,2025-08-18,0.159
DJIA,2025-09-22,0.129
DJIA,2025-10-20,0.22
DJIA,2025-11-24,0.223
DJIA,2025-12-22,0.117
DJIA,2025-12-30,0.471
DJIA,2026-01-20,0.169
DJIA,2026-02-23,0.109
DJIA,2026-03-23,0.209
DJIA,2026-04-20,0.131
DJIA,2026-05-18,0.149
DJIA,2026-06-22,0.138
DJIA,2026-07-20,0.125
DJIA,2026-08-24,0.118
DJIA,2026-09-21,0.118
DLN,2023-10-25,0.1
DLN,2023-11-24,0.12
DLN,2023-12-22,0.25
DLN,2024-01-25,0.05
DLN,2024-02-23,0.1
DLN,2024-03-22,0.16
DLN,2024-04-24,0.13
DLN,2024-05-24,0.13
DLN,2024-06-25,0.16
DLN,2024-07-26,0.1
DLN,2024-08-27,0.14
DLN,2024-09-25,0.16
DLN,2024-10-28,0.105
DLN,2024-11-25,0.135
DLN,2024-12-26,0.183
DLN,2024-12-31,0.005
DLN,2025-01-28,0.06
DLN,2025-02-25,0.105
DLN,2025-03-26,0.175
DLN,2025-04-25,0.145
DLN,2025-05-27,0.09
DLN,2025-06-25,0.21
DLN,2025-07-28,0.1
DLN,2025-08-26,0.11
DLN,2025-09-25,0.205
DLN,2025-10-28,0.11
DLN,2025-11-24,0.095
DLN,2025-12-26,0.27
DLN,2026-01-27,0.055
DLN,2026-02-24,0.115
DLN,2026-03-26,0.205
DLN,2026-04-27,0.12
DLN,2026-05-26,0.13
DLN,2026-06-25,0.205
DLN,2026-07-28,0.105
DLN,2026-08-26,0.13
DLN,2026-09-25,0.195
DLS,2023-09-25,0.46
DLS,2023-12-22,0.445
DLS,2024-03-22,0.45
DLS,2024-06-25,1.12
DLS,2024-09-25,0.51
DLS,2024-12-26,0.788
DLS,2025-03-26,0.28
DLS,2025-06-25,1.43
DLS,2025-09-25,0.59
DLS,2025-12-26,0.833
DLS,2026-03-26,0.165
DLS,2026-06-25,1.435
DLS,2026-09-25,0.6
DMBS,2023-09-01,0.178
DMBS,2023-10-02,0.178
DMBS,2023-11-01,0.174
DMBS,2023-12-01,0.144
DMBS,2024-02-01,0.169
DMBS,2024-03-01,0.157
DMBS,2024-04-01,0.187
DMBS,2024-05-01,0.206
DMBS,2024-06-03,0.207
DMBS,2024-07-01,0.217
DMBS,2024-08-01,0.198
DMBS,2024-09-03,0.216
DMBS,2024-10-01,0.21
DMBS,2024-11-01,0.211
DMBS,2024-12-02,0.207
DMBS,2024-12-23,0.207
DMBS,2025-02-03,0.213
DMBS,2025-03-03,0.197
DMBS,2025-04-01,0.205
DMBS,2025-05-01,0.209
DMBS,2025-06-02,0.204
DMBS,2025-07-01,0.207
DMBS,2025-08-01,0.197
DMBS,2025-09-02,0.213
DMBS,2025-10-01,0.207
DMBS,2025-11-03,0.2
DMBS,2025-12-01,0.205
DMBS,2025-12-23,0.206
DMBS,2026-02-02,0.208
DMBS,2026-03-02,0.212
DMBS,2026-04-01,0.208
DMBS,2026-05-01,0.214
DMBS,2026-06-01,0.223
DMBS,2026-07-01,0.212
DMBS,2026-08-03,0.226
DMBS,2026-09-01,0.245
DMXF,2023-12-20,0.583
DMXF,2024-06-11,1.001
DMXF,2024-12-17,0.884
DMXF,2025-06-16,1.141
DMXF,2025-12-16,2.504
DMXF,2026-06-15,1.033
DOG,2023-09-20,0.395
DOG,2023-12-20,0.409
DOG,2024-03-20,0.316
DOG,2024-06-26,0.404
DOG,2024-09-25,0.365
DOG,2024-12-23,0.433
DOG,2025-03-26,0.18
DOG,2025-06-25,0.214
DOG,2025-09-24,0.206
DOG,2025-12-24,0.258
DOG,2026-03-25,0.105
DOG,2026-06-24,0.163
DOG,2026-09-23,0.166
DOL,2023-09-25,0.315
DOL,2023-12-22,0.32
DOL,2024-03-22,0.31
DOL,2024-06-25,0.98
DOL,2024-09-25,0.245
DOL,2024-12-26,0.326
DOL,2024-12-31,0.008
DOL,2025-03-26,0.23
DOL,2025-06-25,0.985
DOL,2025-09-25,0.265
DOL,2025-12-26,0.38
DOL,2026-03-26,0.205
DOL,2026-06-25,1.0
DOL,2026-09-25,0.28
DON,2023-10-25,0.035
DON,2023-11-24,0.11
DON,2023-12-22,0.16
DON,2023-12-28,0.02
DON,2024-01-25,0.02
DON,2024-02-23,0.06
DON,2024-03-22,0.17
DON,2024-04-24,0.055
DON,2024-05-24,0.055
DON,2024-06-25,0.18
DON,2024-07-26,0.055
DON,2024-08-27,0.1
DON,2024-09-25,0.135
DON,2024-10-28,0.065
DON,2024-11-25,0.11
DON,2024-12-26,0.147
DON,2024-12-31,0.004
DON,2025-01-28,0.04
DON,2025-02-25,0.035
DON,2025-03-26,0.185
DON,2025-04-25,0.09
DON,2025-05-27,0.065
DON,2025-06-25,0.175
DON,2025-07-28,0.05
DON,2025-08-26,0.1
DON,2025-09-25,0.145
DON,2025-10-28,0.065
DON,2025-11-24,0.08
DON,2025-12-26,0.234
DON,2025-12-31,0.042
DON,2026-01-27,0.035
DON,2026-02-24,0.006
DON,2026-03-26,0.18
DON,2026-04-27,0.095
DON,2026-05-26,0.09
DON,2026-06-25,0.155
DON,2026-07-28,0.095
DON,2026-08-26,0.11
DON,2026-09-25,0.12
DPST,2023-09-19,0.462
DPST,2023-12-21,0.444
DPST,2024-03-19,0.556
DPST,2024-06-25,0.441
DPST,2024-09-24,0.493
DPST,2024-12-23,0.213
DPST,2025-03-25,0.48
DPST,2025-06-24,0.608
DPST,2025-09-23,0.49
DPST,2025-12-23,0.626
DPST,2026-03-24,0.395
DPST,2026-06-23,0.671
DPST,2026-09-22,0.41
DRES,2025-12-30,0.057
DRES,2026-03-31,0.037
DRES,2026-06-30,0.068
DRIP,2023-09-19,0.93
DRIP,2023-12-21,0.89
DRIP,2024-03-19,1.77
DRIP,2024-06-25,1.43
DRIP,2024-09-24,1.24
DRIP,2024-12-23,0.34
DRIP,2025-03-25,1.11
DRIP,2025-06-24,0.56
DRIP,2025-09-23,0.6
DRIP,2025-12-23,0.31
DRIP,2026-03-24,0.28
DRIP,2026-06-23,0.37
DRIP,2026-09-22,0.273
DRIV,2023-12-28,0.224
DRIV,2024-06-27,0.183
DRIV,2024-12-30,0.291
DRIV,2025-06-27,0.171
DRIV,2025-12-30,0.145
DRIV,2026-06-29,0.074
DRN,2023-09-19,0.065
DRN,2023-12-21,0.07
DRN,2024-03-19,0.041
DRN,2024-06-25,0.076
DRN,2024-09-24,0.06
DRN,2024-12-23,0.044
DRN,2025-03-25,0.064
DRN,2025-06-24,0.074
DRN,2025-09-23,0.051
DRN,2025-12-23,0.05
DRN,2026-03-24,0.045
DRN,2026-06-23,0.057
DRN,2026-09-22,0.072
DRSK,2023-09-27,0.249
DRSK,2023-12-27,0.288
DRSK,2024-03-26,0.165
DRSK,2024-06-27,0.224
DRSK,2024-09-27,0.214
DRSK,2024-12-30,0.304
DRSK,2025-03-28,0.201
DRSK,2025-06-27,0.275
DRSK,2025-09-29,0.264
DRSK,2025-12-30,0.305
DRSK,2026-03-30,0.219
DRSK,2026-06-29,0.274
DRSK,2026-09-29,0.298
DRV,2023-09-19,0.409
DRV,2023-12-21,0.422
DRV,2024-03-19,0.371
DRV,2024-06-25,0.414
DRV,2024-09-24,0.3
DRV,2024-12-23,0.264
DRV,2025-03-25,0.277
DRV,2025-06-24,0.198
DRV,2025-09-23,0.191
DRV,2025-12-23,0.097
DRV,2026-03-24,0.249
DRV,2026-06-23,0.165
DRV,2026-09-22,0.154
DSCO,2026-03-02,0.112
DSCO,2026-04-01,0.115
DSCO,2026-05-01,0.124
DSCO,2026-06-01,0.104
DSCO,2026-07-01,0.107
DSCO,2026-08-03,0.11
DSCO,2026-09-01,0.131
DSI,2023-09-26,0.316
DSI,2023-12-20,0.313
DSI,2024-03-21,0.247
DSI,2024-06-11,0.216
DSI,2024-09-25,0.347
DSI,2024-12-17,0.323
DSI,2025-03-18,0.275
DSI,2025-06-16,0.263
DSI,2025-09-16,0.284
DSI,2025-12-16,0.359
DSI,2026-03-17,0.31
DSI,2026-06-15,0.282
DSI,2026-09-15,0.327
DSTL,2023-09-20,0.145
DSTL,2023-12-27,0.217
DSTL,2024-03-20,0.154
DSTL,2024-06-26,0.203
DSTL,2024-09-25,0.149
DSTL,2024-12-27,0.233
DSTL,2025-03-26,0.21
DSTL,2025-06-25,0.186
DSTL,2025-09-24,0.183
DSTL,2025-12-29,0.193
DSTL,2026-03-26,0.185
DSTL,2026-06-25,0.177
DSTL,2026-09-24,0.17
DTCR,2023-12-28,0.096
DTCR,2024-06-27,0.108
DTCR,2024-12-30,0.176
DTCR,2025-06-27,0.097
DTCR,2025-12-30,0.135
DTCR,2026-06-29,0.112
DTD,2023-10-25,0.09
DTD,2023-11-24,0.125
DTD,2023-12-22,0.25
DTD,2024-01-25,0.045
DTD,2024-02-23,0.1
DTD,2024-03-22,0.18
DTD,2024-04-24,0.11
DTD,2024-05-24,0.11
DTD,2024-06-25,0.19
DTD,2024-07-26,0.095
DTD,2024-08-27,0.145
DTD,2024-09-25,0.16
DTD,2024-10-28,0.105
DTD,2024-11-25,0.14
DTD,2024-12-26,0.183
DTD,2024-12-31,0.009
DTD,2025-01-28,0.06
DTD,2025-02-25,0.09
DTD,2025-03-26,0.195
DTD,2025-04-25,0.14
DTD,2025-05-27,0.09
DTD,2025-06-25,0.215
DTD,2025-07-28,0.1
DTD,2025-08-26,0.115
DTD,2025-09-25,0.205
DTD,2025-10-28,0.105
DTD,2025-11-24,0.1
DTD,2025-12-26,0.273
DTD,2026-01-27,0.065
DTD,2026-02-24,0.095
DTD,2026-03-26,0.21
DTD,2026-04-27,0.125
DTD,2026-05-26,0.125
DTD,2026-06-25,0.21
DTD,2026-07-28,0.11
DTD,2026-08-26,0.13
DTD,2026-09-25,0.195
DTH,2023-09-25,0.395
DTH,2023-12-22,0.395
DTH,2024-03-22,0.27
DTH,2024-06-25,1.015
DTH,2024-09-25,0.355
DTH,2024-12-26,0.402
DTH,2025-03-26,0.215
DTH,2025-06-25,0.95
DTH,2025-09-25,0.37
DTH,2025-12-26,0.428
DTH,2026-03-26,0.165
DTH,2026-06-25,1.22
DTH,2026-09-25,0.415
DUG,2023-09-20,0.32
DUG,2023-12-20,0.66
DUG,2024-03-20,0.276
DUG,2024-06-26,0.84
DUG,2024-09-25,0.604
DUG,2024-12-23,0.612
DUG,2025-03-26,0.236
DUG,2025-06-25,0.246
DUG,2025-09-24,0.245
DUG,2025-12-24,0.318
DUG,2026-03-25,0.084
DUG,2026-06-24,0.124
DUG,2026-09-23,0.082
DUHP,2023-09-19,0.124
DUHP,2023-12-19,0.138
DUHP,2024-03-19,0.077
DUHP,2024-06-18,0.105
DUHP,2024-09-17,0.1
DUHP,2024-12-17,0.101
DUHP,2025-03-25,0.081
DUHP,2025-06-24,0.116
DUHP,2025-09-23,0.106
DUHP,2025-12-16,0.085
DUHP,2026-03-24,0.095
DUHP,2026-06-23,0.095
DUHP,2026-09-22,0.082
DUSA,2023-12-27,1.19
DUSA,2024-12-27,0.359
DUSA,2025-12-29,0.49
DUSB,2023-10-24,0.07
DUSB,2023-11-21,0.172
DUSB,2023-12-19,0.38
DUSB,2024-01-17,0.007
DUSB,2024-02-21,0.242
DUSB,2024-03-19,0.169
DUSB,2024-04-16,0.201
DUSB,2024-05-21,0.224
DUSB,2024-06-18,0.183
DUSB,2024-07-16,0.209
DUSB,2024-08-20,0.217
DUSB,2024-09-17,0.206
DUSB,2024-10-22,0.262
DUSB,2024-11-19,0.206
DUSB,2024-12-17,0.362
DUSB,2025-01-22,0.076
DUSB,2025-02-19,0.165
DUSB,2025-03-25,0.188
DUSB,2025-04-22,0.184
DUSB,2025-05-20,0.19
DUSB,2025-06-24,0.181
DUSB,2025-07-22,0.18
DUSB,2025-08-19,0.192
DUSB,2025-09-23,0.184
DUSB,2025-10-21,0.177
DUSB,2025-11-18,0.166
DUSB,2025-12-16,0.305
DUSB,2026-01-21,0.073
DUSB,2026-02-18,0.149
DUSB,2026-03-24,0.164
DUSB,2026-04-21,0.15
DUSB,2026-05-19,0.141
DUSB,2026-06-23,0.173
DUSB,2026-07-21,0.168
DUSB,2026-08-18,0.156
DUSB,2026-09-22,0.186
DUST,2023-09-19,13.7
DUST,2023-12-21,6.4
DUST,2024-03-19,15.2
DUST,2024-06-25,9.6
DUST,2024-09-24,5.9
DUST,2024-12-23,3.72
DUST,2025-03-25,5.28
DUST,2025-06-24,2.34
DUST,2025-09-23,1.03
DUST,2025-12-23,0.65
DUST,2026-03-24,0.768
DUST,2026-06-23,0.319
DUST,2026-09-22,0.28
DVY,2023-09-26,1.465
DVY,2023-12-20,1.189
DVY,2024-03-21,0.998
DVY,2024-06-11,0.93
DVY,2024-09-25,1.55
DVY,2024-12-17,1.316
DVY,2025-03-18,1.049
DVY,2025-06-16,1.233
DVY,2025-09-16,1.246
DVY,2025-12-16,1.616
DVY,2026-03-17,1.149
DVY,2026-06-15,1.247
DVY,2026-09-15,1.329
DVYE,2023-09-26,0.693
DVYE,2023-12-20,0.748
DVYE,2024-03-21,0.106
DVYE,2024-06-11,0.711
DVYE,2024-09-25,0.81
DVYE,2024-12-17,1.423
DVYE,2025-03-18,0.177
DVYE,2025-06-16,0.684
DVYE,2025-09-16,0.551
DVYE,2025-12-15,0.42
DVYE,2026-03-17,0.104
DVYE,2026-06-15,0.572
DVYE,2026-09-15,0.646
DWX,2023-09-18,0.383
DWX,2023-12-18,0.32
DWX,2024-03-18,0.166
DWX,2024-06-24,0.581
DWX,2024-09-23,0.494
DWX,2024-12-23,0.266
DWX,2025-03-24,0.214
DWX,2025-06-23,0.655
DWX,2025-09-22,0.416
DWX,2025-12-22,0.664
DWX,2026-03-23,0.215
DWX,2026-06-22,0.669
DWX,2026-09-21,0.375
DXD,2023-09-20,0.344
DXD,2023-12-20,0.384
DXD,2024-03-20,0.25
DXD,2024-06-26,0.465
DXD,2024-09-25,0.413
DXD,2024-12-23,0.466
DXD,2025-03-26,0.228
DXD,2025-06-25,0.211
DXD,2025-09-24,0.21
DXD,2025-12-24,0.222
DXD,2026-03-25,0.112
DXD,2026-06-24,0.145
DXD,2026-09-23,0.154
DXIV,2024-12-17,0.31
DXIV,2025-03-25,0.128
DXIV,2025-06-24,0.758
DXIV,2025-09-23,0.247
DXIV,2025-12-16,0.495
DXIV,2026-03-24,0.148
DXIV,2026-06-23,0.811
DXIV,2026-09-22,0.293
DXJ,2023-09-25,0.012
DXJ,2023-12-22,1.61
DXJ,2024-03-22,0.305
DXJ,2024-06-25,0.518
DXJ,2024-09-25,0.135
DXJ,2024-12-26,2.883
DXJ,2025-06-25,1.34
DXJ,2025-09-25,0.14
DXJ,2025-12-26,0.385
DXJ,2026-06-25,1.155
DXJ,2026-09-25,0.08
DXUV,2024-12-17,0.196
DXUV,2025-03-25,0.108
DXUV,2025-06-24,0.147
DXUV,2025-09-23,0.157
DXUV,2025-12-16,0.194
DXUV,2026-03-24,0.139
DXUV,2026-06-23,0.169
DXUV,2026-09-22,0.159
DYNB,2025-10-30,0.15
DYNB,2025-11-26,0.105
DYNB,2025-12-30,0.155
DYNB,2026-01-30,0.129
DYNB,2026-02-27,0.124
DYNB,2026-03-30,0.112
DYNB,2026-04-29,0.132
DYNB,2026-05-28,0.131
DYNB,2026-06-29,0.141
DYNB,2026-07-30,0.137
DYNB,2026-08-28,0.129
DYNB,2026-09-29,0.112
DYNF,2023-09-26,0.082
DYNF,2023-12-20,0.09
DYNF,2024-03-21,0.044
DYNF,2024-06-11,0.063
DYNF,2024-09-25,0.103
DYNF,2024-12-17,0.126
DYNF,2025-03-18,0.173
DYNF,2025-06-16,0.185
DYNF,2025-09-16,0.119
DYNF,2025-12-16,0.136
DYNF,2026-03-17,0.16
DYNF,2026-06-15,0.124
DYNF,2026-09-15,0.142
EAGG,2023-09-01,0.134
EAGG,2023-10-02,0.126
EAGG,2023-11-01,0.143
EAGG,2023-12-01,0.148
EAGG,2023-12-14,0.145
EAGG,2024-02-01,0.151
EAGG,2024-03-01,0.145
EAGG,2024-04-01,0.151
EAGG,2024-05-01,0.151
EAGG,2024-06-03,0.149
EAGG,2024-07-01,0.166
EAGG,2024-08-01,0.151
EAGG,2024-09-03,0.153
EAGG,2024-10-01,0.15
EAGG,2024-11-01,0.151
EAGG,2024-12-02,0.152
EAGG,2024-12-18,0.156
EAGG,2025-02-03,0.155
EAGG,2025-03-03,0.145
EAGG,2025-04-01,0.158
EAGG,2025-05-01,0.155
EAGG,2025-06-02,0.156
EAGG,2025-07-01,0.156
EAGG,2025-08-01,0.159
EAGG,2025-09-02,0.157
EAGG,2025-10-01,0.157
EAGG,2025-11-03,0.158
EAGG,2025-12-01,0.157
EAGG,2025-12-19,0.161
EAGG,2026-02-02,0.157
EAGG,2026-03-02,0.153
EAGG,2026-04-01,0.158
EAGG,2026-05-01,0.159
EAGG,2026-06-01,0.159
EAGG,2026-07-01,0.157
EAGG,2026-08-03,0.162
EAGG,2026-09-01,0.162
EAGG,2026-10-01,0.162
EAGL,2024-12-30,0.081
EAGL,2025-12-30,0.178
EBI,2025-06-26,0.238
EBI,2025-12-30,0.356
EBI,2026-06-29,0.37
EBND,2023-09-01,0.083
EBND,2023-10-02,0.095
EBND,2023-11-01,0.097
EBND,2023-12-01,0.098
EBND,2023-12-18,0.084
EBND,2024-02-01,0.101
EBND,2024-03-01,0.091
EBND,2024-04-01,0.099
EBND,2024-05-01,0.096
EBND,2024-06-03,0.101
EBND,2024-07-01,0.095
EBND,2024-08-01,0.099
EBND,2024-09-03,0.097
EBND,2024-10-01,0.099
EBND,2024-11-01,0.102
EBND,2024-12-02,0.095
EBND,2024-12-19,0.075
EBND,2025-02-03,0.095
EBND,2025-03-03,0.085
EBND,2025-04-01,0.1
EBND,2025-05-01,0.095
EBND,2025-06-02,0.099
EBND,2025-07-01,0.098
EBND,2025-08-01,0.1
EBND,2025-09-02,0.104
EBND,2025-10-01,0.096
EBND,2025-11-03,0.1
EBND,2025-12-01,0.098
EBND,2025-12-18,0.114
EBND,2026-02-02,0.103
EBND,2026-03-02,0.091
EBND,2026-04-01,0.103
EBND,2026-05-01,0.102
EBND,2026-06-01,0.104
EBND,2026-07-01,0.11
EBND,2026-08-03,0.107
EBND,2026-09-01,0.106
EBND,2026-10-01,0.104
ECH,2023-12-20,0.176
ECH,2024-06-11,0.698
ECH,2024-12-17,0.084
ECH,2025-06-16,0.672
ECH,2025-12-16,0.063
ECH,2025-12-30,0.078
ECH,2026-06-15,0.645
ECOW,2023-09-21,0.56
ECOW,2023-12-27,0.184
ECOW,2024-03-21,0.027
ECOW,2024-06-27,0.618
ECOW,2024-09-26,0.228
ECOW,2024-12-27,0.552
ECOW,2025-06-05,0.142
ECOW,2025-09-04,0.266
ECOW,2025-12-30,0.861
ECOW,2026-06-04,0.093
ECOW,2026-09-03,0.559
EDC,2023-09-19,0.297
EDC,2023-12-21,0.142
EDC,2024-03-19,0.468
EDC,2024-06-25,0.294
EDC,2024-09-24,0.246
EDC,2024-12-23,0.127
EDC,2025-03-25,0.435
EDC,2025-06-24,0.249
EDC,2025-09-23,0.197
EDC,2025-12-23,0.098
EDC,2026-03-24,0.379
EDC,2026-06-23,0.397
EDC,2026-09-22,0.224
EDGF,2024-12-30,0.121
EDGF,2025-03-28,0.076
EDGF,2025-06-27,0.286
EDGF,2025-09-29,0.203
EDGF,2025-12-30,0.325
EDGF,2026-03-30,0.043
EDGF,2026-06-29,0.224
EDGH,2024-12-30,0.762
EDGH,2025-12-30,0.358
EDGI,2024-12-30,0.14
EDGI,2025-06-27,0.21
EDGI,2025-12-30,0.35
EDGI,2026-06-29,0.076
EDGU,2024-12-30,0.037
EDGU,2025-03-28,0.02
EDGU,2025-06-27,0.028
EDGU,2025-09-29,0.024
EDGU,2025-12-30,0.103
EDGU,2026-03-30,0.053
EDGU,2026-06-29,0.039
EDIV,2023-09-18,0.886
EDIV,2023-12-18,0.052
EDIV,2024-03-18,0.177
EDIV,2024-06-24,0.457
EDIV,2024-09-23,0.588
EDIV,2024-12-23,0.167
EDIV,2025-03-24,0.287
EDIV,2025-06-23,0.637
EDIV,2025-09-22,0.659
EDIV,2025-12-22,0.253
EDIV,2026-03-23,0.312
EDIV,2026-06-22,0.516
EDIV,2026-09-21,0.668
EDV,2023-10-02,0.737
EDV,2023-12-22,0.737
EDV,2024-04-01,0.769
EDV,2024-07-01,0.776
EDV,2024-10-01,0.77
EDV,2024-12-24,0.838
EDV,2025-04-01,0.794
EDV,2025-07-01,0.808
EDV,2025-10-01,0.798
EDV,2025-12-18,0.811
EDV,2026-04-01,0.764
EDV,2026-07-01,0.867
EDV,2026-10-01,0.751
EDZ,2023-09-19,1.29
EDZ,2023-12-21,0.7
EDZ,2024-03-19,1.81
EDZ,2024-06-25,1.28
EDZ,2024-09-24,1.06
EDZ,2024-12-23,0.3
EDZ,2025-03-25,1.03
EDZ,2025-06-24,0.62
EDZ,2025-09-23,0.49
EDZ,2025-12-23,0.198
EDZ,2026-03-24,0.254
EDZ,2026-06-23,0.224
EDZ,2026-09-22,0.182
EELV,2023-09-18,0.294
EELV,2023-12-18,0.317
EELV,2024-03-18,0.155
EELV,2024-06-24,0.299
EELV,2024-09-23,0.282
EELV,2024-12-23,0.365
EELV,2025-03-24,0.272
EELV,2025-06-23,0.35
EELV,2025-09-22,0.311
EELV,2025-12-22,0.097
EELV,2026-03-23,0.26
EELV,2026-06-22,0.434
EELV,2026-09-21,0.432
EEM,2023-12-20,0.748
EEM,2024-06-11,0.29
EEM,2024-12-17,0.727
EEM,2025-06-16,0.452
EEM,2025-12-16,0.763
EEM,2026-06-15,0.351
EEMA,2023-12-20,1.172
EEMA,2024-06-11,0.248
EEMA,2024-12-17,1.0
EEMA,2025-06-16,0.185
EEMA,2025-12-16,1.204
EEMA,2026-06-15,0.339
EEMO,2023-09-18,0.136
EEMO,2023-12-18,0.055
EEMO,2024-03-18,0.079
EEMO,2024-06-24,0.133
EEMO,2024-09-23,0.177
EEMO,2024-12-23,0.028
EEMO,2025-03-24,0.055
EEMO,2025-06-23,0.122
EEMO,2025-09-22,0.125
EEMO,2025-12-22,0.103
EEMO,2026-03-23,0.052
EEMO,2026-06-22,0.116
EEMO,2026-09-21,0.116
EEMS,2023-12-20,1.225
EEMS,2024-06-11,0.254
EEMS,2024-12-17,1.257
EEMS,2025-06-16,0.422
EEMS,2025-12-16,1.661
EEMS,2026-06-15,0.478
EEMV,2023-12-20,1.058
EEMV,2024-06-11,0.629
EEMV,2024-12-17,1.401
EEMV,2025-06-16,0.721
EEMV,2025-12-16,0.975
EEMV,2026-06-15,0.647
EES,2023-09-25,0.15
EES,2023-12-22,0.155
EES,2023-12-28,0.008
EES,2024-03-22,0.145
EES,2024-06-25,0.205
EES,2024-09-25,0.18
EES,2024-12-26,0.179
EES,2024-12-31,0.032
EES,2025-03-26,0.13
EES,2025-06-25,0.2
EES,2025-09-25,0.205
EES,2025-12-26,0.2
EES,2026-03-26,0.11
EES,2026-06-25,0.255
EES,2026-09-25,0.205
EET,2023-09-20,0.335
EET,2023-12-20,0.365
EET,2024-03-20,0.31
EET,2024-06-26,0.448
EET,2024-09-25,0.479
EET,2024-12-23,0.708
EET,2025-03-26,0.293
EET,2025-06-25,0.327
EET,2025-09-24,0.323
EET,2025-12-24,0.524
EET,2026-03-25,0.346
EET,2026-06-24,0.41
EET,2026-09-23,0.473
EETH,2023-11-01,0.054
EETH,2023-12-01,0.106
EETH,2023-12-20,0.125
EETH,2024-02-01,0.215
EETH,2024-03-01,0.742
EETH,2024-04-01,1.483
EETH,2024-05-01,0.769
EETH,2024-06-03,2.098
EETH,2024-07-01,1.038
EETH,2024-08-01,0.529
EETH,2024-12-23,0.226
EETH,2025-02-03,1.266
EETH,2025-03-03,0.208
EETH,2025-04-01,0.055
EETH,2025-05-01,0.044
EETH,2025-06-02,0.061
EETH,2025-07-01,0.049
EETH,2025-08-01,2.907
EETH,2025-09-02,4.045
EETH,2025-10-01,3.234
EETH,2025-11-03,3.963
EETH,2025-12-01,3.407
EETH,2025-12-24,1.959
EETH,2026-02-02,0.025
EETH,2026-03-02,0.032
EETH,2026-04-01,0.008
EETH,2026-05-01,0.023
EETH,2026-06-01,0.026
EETH,2026-07-01,0.022
EETH,2026-08-03,0.019
EETH,2026-09-01,0.027
EETH,2026-10-01,0.021
EFA,2023-12-20,0.931
EFA,2024-06-11,1.393
EFA,2024-12-17,1.057
EFA,2025-06-16,1.519
EFA,2025-12-16,1.728
EFA,2026-06-15,1.636
EFAA,2024-09-23,0.354
EFAA,2024-10-21,0.352
EFAA,2024-11-18,0.368
EFAA,2024-12-23,0.463
EFAA,2025-01-21,0.333
EFAA,2025-02-24,0.344
EFAA,2025-03-24,0.349
EFAA,2025-04-21,0.338
EFAA,2025-05-19,0.355
EFAA,2025-06-23,0.353
EFAA,2025-07-21,0.359
EFAA,2025-08-18,0.368
EFAA,2025-09-22,0.37
EFAA,2025-10-20,0.372
EFAA,2025-11-24,0.37
EFAA,2025-12-22,0.379
EFAA,2026-01-20,0.387
EFAA,2026-02-23,0.4
EFAA,2026-03-23,0.359
EFAA,2026-04-20,0.389
EFAA,2026-05-18,0.381
EFAA,2026-06-22,0.393
EFAA,2026-07-20,0.389
EFAA,2026-08-24,0.4
EFAA,2026-09-21,0.39
EFAV,2023-12-20,0.821
EFAV,2024-06-11,1.425
EFAV,2024-12-17,0.864
EFAV,2025-06-16,1.586
EFAV,2025-12-16,1.173
EFAV,2026-06-15,1.684
EFG,2023-12-20,0.656
EFG,2024-06-11,0.89
EFG,2024-12-17,0.695
EFG,2025-06-16,1.074
EFG,2025-12-16,1.806
EFG,2026-06-15,0.981
EFIV,2023-09-15,0.15
EFIV,2023-12-15,0.171
EFIV,2024-03-15,0.148
EFIV,2024-06-21,0.175
EFIV,2024-09-20,0.171
EFIV,2024-12-20,0.184
EFIV,2025-03-24,0.164
EFIV,2025-06-23,0.174
EFIV,2025-09-22,0.164
EFIV,2025-12-22,0.178
EFIV,2026-03-23,0.163
EFIV,2026-06-22,0.195
EFIV,2026-09-21,0.201
EFNL,2023-12-20,0.769
EFNL,2024-06-11,1.223
EFNL,2024-12-17,0.414
EFNL,2025-06-16,1.37
EFNL,2025-12-16,0.255
EFNL,2026-06-15,0.286
EFV,2023-12-20,0.957
EFV,2024-06-11,1.536
EFV,2024-12-17,0.912
EFV,2025-06-16,1.363
EFV,2025-12-16,1.609
EFV,2026-06-15,2.044
EGGY,2025-01-30,0.832
EGGY,2025-02-27,0.946
EGGY,2025-03-28,0.726
EGGY,2025-04-29,0.728
EGGY,2025-05-29,0.776
EGGY,2025-06-27,0.816
EGGY,2025-07-30,0.834
EGGY,2025-08-28,0.806
EGGY,2025-09-29,0.834
EGGY,2025-10-30,0.872
EGGY,2025-11-26,0.87
EGGY,2025-12-30,0.87
EGGY,2026-01-29,0.87
EGGY,2026-02-26,1.0
EGGY,2026-03-30,1.0
EGGY,2026-04-29,1.0
EGGY,2026-05-28,1.1
EGGY,2026-06-29,1.15
EGGY,2026-07-30,1.0
EGGY,2026-08-28,1.0
EGGY,2026-09-29,1.0
EIDO,2023-12-20,0.176
EIDO,2024-06-11,0.665
EIDO,2024-12-17,0.239
EIDO,2024-12-30,0.059
EIDO,2025-06-16,0.485
EIDO,2025-12-16,0.162
EIDO,2025-12-30,0.019
EIDO,2026-06-15,0.228
EIPI,2024-05-21,0.125
EIPI,2024-06-27,0.125
EIPI,2024-07-23,0.125
EIPI,2024-08-21,0.125
EIPI,2024-09-26,0.125
EIPI,2024-10-22,0.125
EIPI,2024-11-21,0.125
EIPI,2024-12-13,0.355
EIPI,2025-01-22,0.125
EIPI,2025-02-13,0.43
EIPI,2025-02-21,0.125
EIPI,2025-03-27,0.125
EIPI,2025-04-22,0.125
EIPI,2025-05-21,0.125
EIPI,2025-06-26,0.125
EIPI,2025-07-22,0.125
EIPI,2025-08-21,0.125
EIPI,2025-09-25,0.125
EIPI,2025-10-21,0.125
EIPI,2025-11-21,0.125
EIPI,2025-12-12,0.125
EIPI,2026-01-21,0.125
EIPI,2026-02-20,0.125
EIPI,2026-03-26,0.125
EIPI,2026-04-21,0.125
EIPI,2026-05-21,0.125
EIPI,2026-06-25,0.125
EIPI,2026-07-21,0.125
EIPI,2026-08-21,0.125
EIPI,2026-09-24,0.125
EIS,2023-12-20,0.26
EIS,2024-06-11,0.517
EIS,2024-12-17,0.548
EIS,2025-06-16,0.492
EIS,2025-12-16,1.089
EIS,2026-06-15,0.772
ELCV,2024-12-27,0.072
ELCV,2025-03-28,0.121
ELCV,2025-06-27,0.192
ELCV,2025-09-29,0.123
ELCV,2025-12-29,0.184
ELCV,2026-03-30,0.066
ELCV,2026-06-29,0.301
ELCV,2026-09-29,0.118
ELIL,2025-06-24,0.103
ELIL,2025-09-23,0.092
ELIL,2025-12-10,2.76
ELIL,2025-12-23,0.132
ELIL,2026-03-24,0.053
ELIL,2026-06-23,0.128
ELIL,2026-09-22,0.088
EMB,2023-09-01,0.359
EMB,2023-10-02,0.353
EMB,2023-11-01,0.362
EMB,2023-12-01,0.332
EMB,2023-12-14,0.364
EMB,2024-02-01,0.367
EMB,2024-03-01,0.386
EMB,2024-04-01,0.366
EMB,2024-05-01,0.361
EMB,2024-06-03,0.363
EMB,2024-07-01,0.381
EMB,2024-08-01,0.391
EMB,2024-09-03,0.368
EMB,2024-10-01,0.385
EMB,2024-11-01,0.422
EMB,2024-12-02,0.388
EMB,2024-12-18,0.429
EMB,2024-12-30,0.255
EMB,2025-02-03,0.441
EMB,2025-03-03,0.386
EMB,2025-04-01,0.4
EMB,2025-05-01,0.402
EMB,2025-06-02,0.405
EMB,2025-07-01,0.38
EMB,2025-08-01,0.411
EMB,2025-09-02,0.402
EMB,2025-10-01,0.393
EMB,2025-11-03,0.418
EMB,2025-12-01,0.372
EMB,2025-12-19,0.383
EMB,2026-02-02,0.415
EMB,2026-03-02,0.403
EMB,2026-04-01,0.455
EMB,2026-05-01,0.41
EMB,2026-06-01,0.407
EMB,2026-07-01,0.4
EMB,2026-08-03,0.414
EMB,2026-09-01,0.414
EMB,2026-10-01,0.444
EMBX,2025-11-03,0.219
EMBX,2025-11-28,0.255
EMBX,2025-12-29,0.269
EMBX,2026-02-02,0.21
EMBX,2026-03-02,0.219
EMBX,2026-04-01,0.195
EMBX,2026-05-01,0.233
EMBX,2026-06-01,0.281
EMBX,2026-07-01,0.242
EMBX,2026-08-03,0.259
EMBX,2026-09-01,0.261
EMBX,2026-10-01,0.232
EMCS,2023-12-15,0.471
EMCS,2024-06-21,0.088
EMCS,2024-12-20,0.088
EMCS,2025-06-20,0.163
EMCS,2025-12-19,0.428
EMCS,2026-06-18,0.246
EMEQ,2024-12-23,0.434
EMEQ,2025-12-24,1.109
EMGF,2023-12-20,2.11
EMGF,2024-06-11,0.386
EMGF,2024-12-17,1.16
EMGF,2025-06-16,0.627
EMGF,2025-12-16,0.831
EMGF,2026-06-15,0.612
EMHC,2023-09-01,0.11
EMHC,2023-10-02,0.11
EMHC,2023-11-01,0.11
EMHC,2023-12-01,0.11
EMHC,2023-12-18,0.11
EMHC,2024-02-01,0.091
EMHC,2024-03-01,0.111
EMHC,2024-04-01,0.116
EMHC,2024-05-01,0.117
EMHC,2024-06-03,0.114
EMHC,2024-07-01,0.117
EMHC,2024-08-01,0.117
EMHC,2024-09-03,0.118
EMHC,2024-10-01,0.133
EMHC,2024-11-01,0.117
EMHC,2024-12-02,0.123
EMHC,2024-12-19,0.142
EMHC,2025-02-03,0.115
EMHC,2025-03-03,0.12
EMHC,2025-04-01,0.144
EMHC,2025-05-01,0.12
EMHC,2025-06-02,0.121
EMHC,2025-07-01,0.12
EMHC,2025-08-01,0.121
EMHC,2025-09-02,0.122
EMHC,2025-10-01,0.122
EMHC,2025-11-03,0.122
EMHC,2025-12-01,0.121
EMHC,2025-12-18,0.222
EMHC,2026-02-02,0.118
EMHC,2026-03-02,0.118
EMHC,2026-04-01,0.12
EMHC,2026-05-01,0.119
EMHC,2026-06-01,0.119
EMHC,2026-07-01,0.118
EMHC,2026-08-03,0.118
EMHC,2026-09-01,0.113
EMHC,2026-10-01,0.121
EMHY,2023-09-01,0.195
EMHY,2023-10-02,0.197
EMHY,2023-11-01,0.196
EMHY,2023-12-01,0.214
EMHY,2023-12-14,0.215
EMHY,2024-02-01,0.194
EMHY,2024-03-01,0.198
EMHY,2024-04-01,0.207
EMHY,2024-05-01,0.195
EMHY,2024-06-03,0.202
EMHY,2024-07-01,0.212
EMHY,2024-08-01,0.214
EMHY,2024-09-03,0.224
EMHY,2024-10-01,0.211
EMHY,2024-11-01,0.225
EMHY,2024-12-02,0.206
EMHY,2024-12-18,0.226
EMHY,2024-12-30,0.094
EMHY,2025-02-03,0.266
EMHY,2025-03-03,0.214
EMHY,2025-04-01,0.221
EMHY,2025-05-01,0.218
EMHY,2025-06-02,0.218
EMHY,2025-07-01,0.213
EMHY,2025-08-01,0.211
EMHY,2025-09-02,0.212
EMHY,2025-10-01,0.224
EMHY,2025-11-03,0.217
EMHY,2025-12-01,0.208
EMHY,2025-12-19,0.209
EMHY,2026-02-02,0.213
EMHY,2026-03-02,0.216
EMHY,2026-04-01,0.218
EMHY,2026-05-01,0.224
EMHY,2026-06-01,0.222
EMHY,2026-07-01,0.225
EMHY,2026-08-03,0.223
EMHY,2026-09-01,0.229
EMHY,2026-10-01,0.234
EMLC,2023-09-01,0.139
EMLC,2023-10-02,0.126
EMLC,2023-11-01,0.125
EMLC,2023-12-01,0.122
EMLC,2023-12-27,0.131
EMLC,2024-02-01,0.126
EMLC,2024-03-01,0.116
EMLC,2024-04-01,0.125
EMLC,2024-04-23,0.127
EMLC,2024-06-03,0.126
EMLC,2024-07-01,0.118
EMLC,2024-08-01,0.13
EMLC,2024-09-03,0.132
EMLC,2024-10-01,0.123
EMLC,2024-11-01,0.133
EMLC,2024-12-02,0.128
EMLC,2024-12-27,0.131
EMLC,2025-02-03,0.121
EMLC,2025-03-03,0.115
EMLC,2025-04-01,0.127
EMLC,2025-05-01,0.127
EMLC,2025-06-02,0.122
EMLC,2025-07-01,0.124
EMLC,2025-08-01,0.134
EMLC,2025-09-02,0.134
EMLC,2025-10-01,0.126
EMLC,2025-11-03,0.129
EMLC,2025-11-28,0.128
EMLC,2025-12-29,0.139
EMLC,2026-02-02,0.121
EMLC,2026-03-02,0.12
EMLC,2026-04-01,0.141
EMLC,2026-05-01,0.137
EMLC,2026-06-01,0.139
EMLC,2026-07-01,0.144
EMLC,2026-08-03,0.13
EMLC,2026-09-01,0.13
EMLC,2026-10-01,0.138
EMLP,2023-09-22,0.282
EMLP,2023-12-22,0.242
EMLP,2024-03-21,0.264
EMLP,2024-06-27,0.312
EMLP,2024-09-26,0.298
EMLP,2024-12-13,0.266
EMLP,2025-03-27,0.3
EMLP,2025-06-26,0.3
EMLP,2025-09-25,0.312
EMLP,2025-12-12,0.291
EMLP,2026-03-26,0.299
EMLP,2026-06-25,0.312
EMLP,2026-09-24,0.323
EMNT,2023-09-01,0.4
EMNT,2023-10-02,0.43
EMNT,2023-11-01,0.41
EMNT,2023-12-01,0.43
EMNT,2023-12-27,0.07
EMNT,2023-12-28,0.438
EMNT,2024-02-01,0.42
EMNT,2024-03-01,0.4
EMNT,2024-04-01,0.42
EMNT,2024-05-01,0.42
EMNT,2024-06-03,0.44
EMNT,2024-07-01,0.4
EMNT,2024-08-01,0.43
EMNT,2024-09-03,0.43
EMNT,2024-10-01,0.4
EMNT,2024-11-01,0.41
EMNT,2024-12-02,0.41
EMNT,2024-12-31,0.48
EMNT,2025-02-03,0.42
EMNT,2025-03-03,0.4
EMNT,2025-04-01,0.39
EMNT,2025-05-01,0.38
EMNT,2025-06-02,0.38
EMNT,2025-07-01,0.38
EMNT,2025-08-01,0.36
EMNT,2025-09-02,0.35
EMNT,2025-10-01,0.35
EMNT,2025-11-03,0.36
EMNT,2025-12-01,0.32
EMNT,2025-12-31,0.31
EMNT,2026-02-02,0.31
EMNT,2026-03-02,0.29
EMNT,2026-04-01,0.29
EMNT,2026-05-01,0.31
EMNT,2026-06-01,0.32
EMNT,2026-07-01,0.32
EMNT,2026-08-03,0.33
EMNT,2026-09-01,0.33
EMNT,2026-10-01,0.33
EMOP,2025-12-17,0.111
EMQQ,2023-12-26,0.245
EMQQ,2024-12-30,0.586
EMQQ,2025-12-30,1.247
EMXC,2023-12-20,0.637
EMXC,2024-06-11,0.491
EMXC,2024-12-17,1.0
EMXC,2025-06-16,0.711
EMXC,2025-12-16,1.336
EMXC,2026-06-15,0.588
ENFR,2023-11-09,0.322
ENFR,2024-02-08,0.343
ENFR,2024-05-09,0.341
ENFR,2024-08-08,0.342
ENFR,2024-11-13,0.346
ENFR,2025-02-12,0.356
ENFR,2025-05-14,0.377
ENFR,2025-08-13,0.386
ENFR,2025-11-12,0.38
ENFR,2026-02-11,0.392
ENFR,2026-05-13,0.386
ENFR,2026-08-12,0.386
ENOR,2023-12-20,0.417
ENOR,2024-06-11,0.875
ENOR,2024-12-17,0.543
ENOR,2025-06-16,0.572
ENOR,2025-12-16,0.278
ENOR,2026-06-15,1.561
ENZL,2023-12-20,0.981
ENZL,2024-06-11,0.349
ENZL,2024-12-17,0.615
ENZL,2025-06-16,0.435
ENZL,2025-12-16,0.575
ENZL,2026-06-15,0.437
EPHE,2023-12-20,0.212
EPHE,2024-06-11,0.364
EPHE,2024-12-17,0.217
EPHE,2025-06-16,0.326
EPHE,2025-12-16,0.199
EPHE,2026-06-15,0.48
EPI,2024-12-26,0.121
EPOL,2023-12-20,0.651
EPOL,2024-06-11,0.433
EPOL,2024-12-17,0.827
EPOL,2025-06-16,0.513
EPOL,2025-12-16,1.169
EPOL,2026-06-15,0.302
EPP,2023-12-20,0.966
EPP,2024-06-11,0.701
EPP,2024-12-17,0.967
EPP,2025-06-16,0.859
EPP,2025-12-16,1.046
EPP,2026-06-15,0.824
EPS,2023-09-25,0.215
EPS,2023-12-22,0.24
EPS,2024-03-22,0.205
EPS,2024-06-25,0.225
EPS,2024-09-25,0.22
EPS,2024-12-26,0.25
EPS,2025-03-26,0.195
EPS,2025-06-25,0.23
EPS,2025-09-25,0.225
EPS,2025-12-26,0.245
EPS,2026-03-26,0.2
EPS,2026-06-25,0.225
EPS,2026-09-25,0.225
EPU,2023-12-20,0.709
EPU,2024-06-11,0.993
EPU,2024-12-17,1.298
EPU,2025-06-16,0.896
EPU,2025-12-16,0.284
EPU,2026-06-15,1.422
EQAL,2023-09-18,0.231
EQAL,2023-12-18,0.213
EQAL,2024-03-18,0.186
EQAL,2024-06-24,0.169
EQAL,2024-09-23,0.217
EQAL,2024-12-23,0.211
EQAL,2025-03-24,0.225
EQAL,2025-06-23,0.209
EQAL,2025-09-22,0.26
EQAL,2025-12-22,0.247
EQAL,2026-03-23,0.248
EQAL,2026-06-22,0.247
EQAL,2026-09-21,0.271
EQL,2023-09-21,0.185667
EQL,2023-12-21,0.207333
EQL,2024-03-21,0.160667
EQL,2024-06-20,0.163667
EQL,2024-09-24,0.195333
EQL,2024-12-24,0.223
EQL,2025-03-26,0.169
EQL,2025-06-25,0.191
EQL,2025-09-25,0.202
EQL,2025-12-24,0.238
EQL,2026-03-26,0.184
EQL,2026-06-25,0.068
EQL,2026-09-24,0.179
EQRR,2023-09-20,0.288
EQRR,2023-12-20,0.512
EQRR,2024-03-20,0.268
EQRR,2024-06-26,0.333
EQRR,2024-09-25,0.325
EQRR,2024-12-23,0.303
EQRR,2025-03-26,0.341
EQRR,2025-06-25,0.299
EQRR,2025-09-24,0.233
EQRR,2025-12-24,0.219
EQRR,2026-03-25,0.233
EQRR,2026-06-24,0.198
EQRR,2026-09-23,0.211
EQTY,2023-12-27,0.051
EQTY,2024-12-27,0.078
EQTY,2025-12-26,0.006
EQWL,2023-09-18,0.429
EQWL,2023-12-18,0.452
EQWL,2024-03-18,0.467
EQWL,2024-06-24,0.478
EQWL,2024-09-23,0.486
EQWL,2024-12-23,0.471
EQWL,2025-03-24,0.531
EQWL,2025-06-23,0.443
EQWL,2025-09-22,0.478
EQWL,2025-12-22,0.517
EQWL,2026-03-23,0.529
EQWL,2026-06-22,0.515
EQWL,2026-09-21,0.505
ERX,2023-09-19,0.453
ERX,2023-12-21,0.374
ERX,2024-03-19,0.512
ERX,2024-06-25,0.414
ERX,2024-09-24,0.395
ERX,2024-12-23,0.316
ERX,2025-03-25,0.446
ERX,2025-06-24,0.323
ERX,2025-09-23,0.383
ERX,2025-12-23,0.265
ERX,2026-03-24,0.517
ERX,2026-06-23,0.243
ERX,2026-09-22,0.366
ERY,2023-09-19,0.238
ERY,2023-12-21,0.234
ERY,2024-03-19,0.37
ERY,2024-06-25,0.349
ERY,2024-09-24,0.23
ERY,2024-12-23,0.092
ERY,2025-03-25,0.351
ERY,2025-06-24,0.139
ERY,2025-09-23,0.124
ERY,2025-12-23,0.079
ERY,2026-03-24,0.072
ERY,2026-06-23,0.09
ERY,2026-09-22,0.066
ESGD,2023-12-20,0.918
ESGD,2024-06-11,1.457
ESGD,2024-12-17,1.005
ESGD,2025-06-16,1.631
ESGD,2025-12-16,1.795
ESGD,2026-06-15,1.629
ESGE,2023-12-20,0.621
ESGE,2024-06-11,0.25
ESGE,2024-12-17,0.531
ESGE,2024-12-30,0.022
ESGE,2025-06-16,0.373
ESGE,2025-12-16,0.732
ESGE,2026-06-15,0.402
ESGU,2023-09-26,0.399
ESGU,2023-12-20,0.337
ESGU,2024-03-21,0.384
ESGU,2024-06-11,0.292
ESGU,2024-09-25,0.439
ESGU,2024-12-17,0.408
ESGU,2025-03-18,0.328
ESGU,2025-06-16,0.323
ESGU,2025-09-16,0.365
ESGU,2025-12-16,0.455
ESGU,2026-03-17,0.37
ESGU,2026-06-15,0.343
ESGU,2026-09-15,0.381
ESGV,2023-09-15,0.262
ESGV,2023-12-15,0.325
ESGV,2024-03-15,0.223
ESGV,2024-06-21,0.301
ESGV,2024-09-20,0.284
ESGV,2024-12-20,0.289
ESGV,2025-03-21,0.267
ESGV,2025-06-20,0.258
ESGV,2025-09-19,0.283
ESGV,2025-12-19,0.295
ESGV,2026-03-20,0.294
ESGV,2026-06-18,0.279
ESGV,2026-09-18,0.321
ESML,2023-09-26,0.132
ESML,2023-12-20,0.139
ESML,2024-03-21,0.108
ESML,2024-06-11,0.088
ESML,2024-09-25,0.138
ESML,2024-12-17,0.179
ESML,2025-03-18,0.103
ESML,2025-06-16,0.119
ESML,2025-09-16,0.143
ESML,2025-12-16,0.132
ESML,2026-03-17,0.113
ESML,2026-06-15,0.108
ESML,2026-09-15,0.151
ESN,2024-12-11,0.113
ESN,2025-12-11,0.156
ESPO,2023-12-18,0.542
ESPO,2024-12-23,0.365
ESPO,2025-12-22,1.289
ESUM,2024-12-27,0.006
ESUM,2025-03-28,0.043
ESUM,2025-06-27,0.062
ESUM,2025-09-29,0.047
ESUM,2025-12-29,0.083
ESUM,2026-03-30,0.043
ESUM,2026-06-29,0.118
ESUM,2026-09-29,0.06
ETH,2026-09-03,0.035
ETHB,2026-06-08,0.015
ETHB,2026-07-09,0.032
ETHB,2026-08-10,0.032
ETHB,2026-09-09,0.036
ETHD,2024-07-01,1.56
ETHD,2024-08-01,6.8
ETHD,2024-09-03,20.05
ETHD,2024-11-01,8.72
ETHD,2024-12-02,3.7
ETHD,2024-12-23,1.89
ETHD,2025-04-01,27.32
ETHD,2025-05-01,40.59
ETHD,2025-06-02,2.88
ETHD,2025-07-01,6.65
ETHD,2025-09-02,0.01
ETHD,2025-10-01,0.04
ETHD,2025-11-03,0.04
ETHD,2025-12-24,0.007
ETHD,2026-02-02,0.147
ETHD,2026-03-02,1.514
ETHD,2026-04-01,0.008
ETHD,2026-05-01,0.018
ETHD,2026-06-01,0.034
ETHD,2026-07-01,1.714
ETHD,2026-08-03,1.744
ETHD,2026-09-01,0.857
ETHD,2026-10-01,0.189
ETHE,2026-01-05,0.083
ETHE,2026-02-03,0.026
ETHE,2026-03-03,0.021
ETHE,2026-04-07,0.023
ETHE,2026-05-05,0.025
ETHE,2026-06-03,0.02
ETHE,2026-07-07,0.022
ETHE,2026-08-04,0.022
ETHE,2026-09-03,0.026
ETHT,2024-09-03,0.005
ETHT,2024-12-23,0.015
ETHT,2025-09-02,1.597
ETHT,2025-11-03,0.008
ETHT,2025-12-01,0.03
ETHT,2025-12-24,0.082
ETHT,2026-02-02,0.02
ETHT,2026-03-02,0.018
ETHT,2026-04-01,0.006
ETHT,2026-05-01,0.004
ETHT,2026-06-01,0.012
ETHT,2026-07-01,0.011
ETHT,2026-08-03,0.012
ETHT,2026-09-01,0.009
ETHT,2026-10-01,0.015
ETHU,2024-06-25,0.06
ETHU,2024-07-24,0.14
ETHU,2024-08-28,0.1
ETHU,2024-09-26,0.08
ETHU,2024-10-29,0.14
ETHU,2024-11-26,0.08
ETHU,2024-12-16,0.06
ETHU,2025-01-29,0.28
ETHU,2025-02-26,0.08
ETHU,2025-03-27,0.2
ETHU,2025-04-28,0.033
ETHU,2025-05-28,0.008
ETHU,2025-06-26,0.029
ETHU,2025-07-29,0.083
ETHU,2025-08-27,0.115
ETHU,2025-09-26,0.163
ETHU,2025-10-29,0.123
ETHU,2025-11-25,0.078
ETHU,2025-12-15,0.068
ETHU,2026-01-21,0.043
ETHU,2026-02-18,0.021
ETHU,2026-03-18,0.019
ETHU,2026-04-22,0.013
ETHU,2026-05-20,0.027
ETHU,2026-06-17,0.014
ETHU,2026-07-22,0.015
ETHU,2026-08-19,0.012
ETHU,2026-09-23,0.021
EUAD,2024-12-30,0.023
EUAD,2025-12-30,0.169
EUFN,2023-12-20,0.32
EUFN,2024-06-11,0.773
EUFN,2024-12-17,0.475
EUFN,2025-06-16,0.809
EUFN,2025-12-16,0.516
EUFN,2026-06-15,1.137
EUSA,2023-09-26,0.329
EUSA,2023-12-20,0.383
EUSA,2024-03-21,0.306
EUSA,2024-06-11,0.293
EUSA,2024-09-25,0.413
EUSA,2024-12-17,0.394
EUSA,2025-03-18,0.324
EUSA,2025-06-16,0.357
EUSA,2025-09-16,0.442
EUSA,2025-12-16,0.559
EUSA,2026-03-17,0.354
EUSA,2026-06-15,0.306
EUSA,2026-09-15,0.394
EUSB,2023-09-01,0.112
EUSB,2023-10-02,0.11
EUSB,2023-11-01,0.121
EUSB,2023-12-01,0.12
EUSB,2023-12-14,0.116
EUSB,2024-02-01,0.121
EUSB,2024-03-01,0.12
EUSB,2024-04-01,0.125
EUSB,2024-05-01,0.126
EUSB,2024-06-03,0.13
EUSB,2024-07-01,0.129
EUSB,2024-08-01,0.132
EUSB,2024-09-03,0.134
EUSB,2024-10-01,0.134
EUSB,2024-11-01,0.136
EUSB,2024-12-02,0.138
EUSB,2024-12-18,0.137
EUSB,2025-02-03,0.14
EUSB,2025-03-03,0.133
EUSB,2025-04-01,0.136
EUSB,2025-05-01,0.138
EUSB,2025-06-02,0.137
EUSB,2025-07-01,0.141
EUSB,2025-08-01,0.144
EUSB,2025-09-02,0.143
EUSB,2025-10-01,0.149
EUSB,2025-11-03,0.143
EUSB,2025-12-01,0.141
EUSB,2025-12-19,0.142
EUSB,2026-02-02,0.143
EUSB,2026-03-02,0.139
EUSB,2026-04-01,0.146
EUSB,2026-05-01,0.141
EUSB,2026-06-01,0.145
EUSB,2026-07-01,0.143
EUSB,2026-08-03,0.144
EUSB,2026-09-01,0.147
EUSB,2026-10-01,0.146
EVIM,2024-09-30,0.135
EVIM,2024-10-31,0.162
EVIM,2024-11-29,0.16
EVIM,2024-12-23,0.167
EVIM,2025-01-31,0.147
EVIM,2025-02-28,0.144
EVIM,2025-03-31,0.171
EVIM,2025-04-30,0.158
EVIM,2025-05-30,0.145
EVIM,2025-06-30,0.167
EVIM,2025-07-31,0.16
EVIM,2025-08-29,0.163
EVIM,2025-09-30,0.164
EVIM,2025-10-31,0.169
EVIM,2025-11-28,0.154
EVIM,2025-12-23,0.158
EVIM,2026-01-30,0.146
EVIM,2026-02-27,0.138
EVIM,2026-03-31,0.16
EVIM,2026-04-30,0.158
EVIM,2026-05-29,0.145
EVIM,2026-06-30,0.156
EVIM,2026-07-31,0.16
EVIM,2026-08-31,0.156
EVIM,2026-09-30,0.152
EVLN,2024-04-30,0.372
EVLN,2024-05-31,0.372
EVLN,2024-06-28,0.37
EVLN,2024-07-31,0.37
EVLN,2024-08-30,0.369
EVLN,2024-09-30,0.363
EVLN,2024-10-31,0.349
EVLN,2024-11-29,0.339
EVLN,2024-12-23,0.326
EVLN,2025-01-31,0.32
EVLN,2025-02-28,0.314
EVLN,2025-03-31,0.312
EVLN,2025-04-30,0.311
EVLN,2025-05-30,0.309
EVLN,2025-06-30,0.312
EVLN,2025-07-31,0.3
EVLN,2025-08-29,0.293
EVLN,2025-09-30,0.281
EVLN,2025-10-31,0.281
EVLN,2025-11-28,0.283
EVLN,2025-12-23,0.286
EVLN,2026-01-30,0.289
EVLN,2026-02-27,0.242
EVLN,2026-03-31,0.277
EVLN,2026-04-30,0.264
EVLN,2026-05-29,0.267
EVLN,2026-06-30,0.261
EVLN,2026-07-31,0.263
EVLN,2026-08-31,0.264
EVLN,2026-09-30,0.265
EVMO,2025-08-29,0.19
EVMO,2025-09-30,0.181
EVMO,2025-10-31,0.213
EVMO,2025-11-28,0.207
EVMO,2025-12-23,0.199
EVMO,2026-01-30,0.207
EVMO,2026-02-27,0.178
EVMO,2026-03-31,0.222
EVMO,2026-04-30,0.221
EVMO,2026-05-29,0.218
EVMO,2026-06-30,0.221
EVMO,2026-07-31,0.218
EVMO,2026-08-31,0.218
EVMO,2026-09-30,0.209
EVPF,2026-03-31,0.156
EVPF,2026-04-30,0.185
EVPF,2026-05-29,0.202
EVPF,2026-06-30,0.251
EVPF,2026-07-31,0.249
EVPF,2026-08-31,0.249
EVPF,2026-09-30,0.244
EVSB,2023-11-30,0.353
EVSB,2023-12-21,0.256
EVSB,2024-01-31,0.224
EVSB,2024-02-29,0.206
EVSB,2024-03-28,0.236
EVSB,2024-04-30,0.224
EVSB,2024-05-31,0.239
EVSB,2024-06-28,0.218
EVSB,2024-07-31,0.244
EVSB,2024-08-30,0.236
EVSB,2024-09-30,0.223
EVSB,2024-10-31,0.215
EVSB,2024-11-29,0.21
EVSB,2024-12-23,0.153
EVSB,2025-01-31,0.198
EVSB,2025-02-28,0.178
EVSB,2025-03-31,0.187
EVSB,2025-04-30,0.205
EVSB,2025-05-30,0.168
EVSB,2025-06-30,0.191
EVSB,2025-07-31,0.195
EVSB,2025-08-29,0.188
EVSB,2025-09-30,0.187
EVSB,2025-10-31,0.193
EVSB,2025-11-28,0.183
EVSB,2025-12-23,0.283
EVSB,2026-01-30,0.183
EVSB,2026-02-27,0.205
EVSB,2026-03-31,0.193
EVSB,2026-04-30,0.172
EVSB,2026-05-29,0.178
EVSB,2026-06-30,0.169
EVSB,2026-07-31,0.176
EVSB,2026-08-31,0.181
EVSB,2026-09-30,0.184
EVSD,2024-06-28,0.18
EVSD,2024-07-31,0.241
EVSD,2024-08-30,0.214
EVSD,2024-09-30,0.207
EVSD,2024-10-31,0.215
EVSD,2024-11-29,0.205
EVSD,2024-12-23,0.207
EVSD,2025-01-31,0.202
EVSD,2025-02-28,0.193
EVSD,2025-03-31,0.202
EVSD,2025-04-30,0.182
EVSD,2025-05-30,0.201
EVSD,2025-06-30,0.187
EVSD,2025-07-31,0.206
EVSD,2025-08-29,0.202
EVSD,2025-09-30,0.182
EVSD,2025-10-31,0.198
EVSD,2025-11-28,0.2
EVSD,2025-12-23,0.233
EVSD,2026-01-30,0.195
EVSD,2026-02-27,0.179
EVSD,2026-03-31,0.184
EVSD,2026-04-30,0.189
EVSD,2026-05-29,0.194
EVSD,2026-06-30,0.19
EVSD,2026-07-31,0.198
EVSD,2026-08-31,0.189
EVSD,2026-09-30,0.207
EVSM,2024-03-28,0.153
EVSM,2024-04-30,0.151
EVSM,2024-05-31,0.164
EVSM,2024-06-28,0.151
EVSM,2024-07-31,0.157
EVSM,2024-08-30,0.156
EVSM,2024-09-30,0.137
EVSM,2024-10-31,0.148
EVSM,2024-11-29,0.134
EVSM,2024-12-23,0.138
EVSM,2025-01-31,0.14
EVSM,2025-02-28,0.133
EVSM,2025-03-31,0.135
EVSM,2025-04-30,0.134
EVSM,2025-05-30,0.137
EVSM,2025-06-30,0.131
EVSM,2025-07-31,0.131
EVSM,2025-08-29,0.126
EVSM,2025-09-30,0.122
EVSM,2025-10-31,0.128
EVSM,2025-11-28,0.124
EVSM,2025-12-23,0.131
EVSM,2026-01-30,0.113
EVSM,2026-02-27,0.115
EVSM,2026-03-31,0.127
EVSM,2026-04-30,0.134
EVSM,2026-05-29,0.129
EVSM,2026-06-30,0.129
EVSM,2026-07-31,0.132
EVSM,2026-08-31,0.125
EVSM,2026-09-30,0.117
EVTR,2024-03-28,0.258
EVTR,2024-04-30,0.199
EVTR,2024-05-31,0.227
EVTR,2024-06-28,0.225
EVTR,2024-07-31,0.206
EVTR,2024-08-30,0.218
EVTR,2024-09-30,0.182
EVTR,2024-10-31,0.19
EVTR,2024-11-29,0.216
EVTR,2024-12-23,0.205
EVTR,2025-01-31,0.188
EVTR,2025-02-28,0.186
EVTR,2025-03-31,0.195
EVTR,2025-04-30,0.195
EVTR,2025-05-30,0.193
EVTR,2025-06-30,0.196
EVTR,2025-07-31,0.186
EVTR,2025-08-29,0.193
EVTR,2025-09-30,0.189
EVTR,2025-10-31,0.199
EVTR,2025-11-28,0.199
EVTR,2025-12-23,0.205
EVTR,2026-01-30,0.207
EVTR,2026-02-27,0.185
EVTR,2026-03-31,0.206
EVTR,2026-04-30,0.2
EVTR,2026-05-29,0.205
EVTR,2026-06-30,0.2
EVTR,2026-07-31,0.212
EVTR,2026-08-31,0.204
EVTR,2026-09-30,0.221
EVUS,2023-09-26,0.191
EVUS,2023-12-20,0.17
EVUS,2024-03-21,0.142
EVUS,2024-06-11,0.111
EVUS,2024-09-25,0.156
EVUS,2024-12-17,0.163
EVUS,2025-03-18,0.109
EVUS,2025-06-16,0.137
EVUS,2025-09-16,0.148
EVUS,2025-12-16,0.126
EVUS,2026-03-17,0.135
EVUS,2026-06-15,0.126
EVUS,2026-09-15,0.14
EWA,2023-12-20,0.488
EWA,2024-06-11,0.469
EWA,2024-12-17,0.417
EWA,2025-06-16,0.397
EWA,2025-12-16,0.444
EWA,2026-06-15,0.405
EWC,2023-12-20,0.486
EWC,2024-06-11,0.349
EWC,2024-12-17,0.55
EWC,2025-06-16,0.306
EWC,2025-12-16,0.475
EWC,2026-06-15,0.275
EWD,2023-12-20,0.953
EWD,2024-06-11,0.659
EWD,2025-06-16,1.01
EWD,2025-12-16,0.601
EWD,2026-06-15,1.194
EWG,2023-12-20,0.002
EWG,2024-06-11,0.758
EWG,2025-06-16,0.679
EWG,2026-06-15,0.832
EWH,2023-12-20,0.43
EWH,2024-06-11,0.351
EWH,2024-12-17,0.345
EWH,2025-06-16,0.419
EWH,2025-12-16,0.685
EWH,2026-06-15,0.35
EWI,2023-12-20,0.419
EWI,2024-06-11,0.906
EWI,2024-12-17,0.559
EWI,2025-06-16,0.822
EWI,2025-12-16,0.702
EWI,2026-06-15,1.174
EWJ,2023-12-20,0.875
EWJ,2024-06-11,0.509
EWJ,2024-12-17,1.064
EWJ,2025-06-16,0.591
EWJ,2025-12-16,3.061
EWJ,2026-06-15,0.501
EWJV,2023-12-20,0.575
EWJV,2024-06-11,0.473
EWJV,2024-12-17,0.809
EWJV,2025-06-16,0.378
EWJV,2025-12-16,1.749
EWJV,2026-06-15,0.483
EWK,2023-12-20,0.06
EWK,2024-06-11,0.368
EWK,2024-12-17,0.227
EWK,2025-06-16,0.261
EWK,2025-12-16,0.161
EWK,2026-06-15,0.332
EWL,2024-06-11,1.017
EWL,2025-06-16,1.023
EWL,2026-06-15,1.09
EWM,2023-12-20,0.372
EWM,2024-06-11,0.363
EWM,2024-12-17,0.451
EWM,2025-06-16,0.508
EWM,2025-12-16,0.425
EWM,2026-06-15,0.572
EWN,2023-12-20,0.331
EWN,2024-06-11,0.575
EWN,2024-12-17,0.397
EWN,2025-06-16,0.709
EWN,2025-12-16,2.161
EWN,2026-06-15,0.677
EWO,2023-12-20,0.642
EWO,2024-06-11,0.973
EWO,2024-12-17,0.579
EWO,2025-06-16,0.846
EWO,2026-06-15,0.841
EWP,2023-12-20,0.475
EWP,2024-06-11,0.533
EWP,2024-12-17,0.819
EWP,2025-06-16,0.484
EWP,2025-12-16,0.74
EWP,2026-06-15,0.924
EWQ,2023-12-20,0.252
EWQ,2024-06-11,0.915
EWQ,2024-12-17,0.272
EWQ,2025-06-16,0.954
EWQ,2025-12-16,0.228
EWQ,2026-06-15,1.087
EWS,2023-12-20,0.534
EWS,2024-06-11,0.351
EWS,2024-12-17,0.584
EWS,2025-06-16,0.459
EWS,2025-12-16,0.668
EWS,2026-06-15,0.516
EWT,2023-12-20,5.527
EWT,2024-12-17,1.718
EWT,2025-12-16,2.816
EWU,2023-12-20,0.747
EWU,2024-06-11,0.683
EWU,2024-12-17,0.726
EWU,2025-06-16,0.811
EWU,2025-12-16,0.829
EWU,2026-06-15,0.666
EWW,2023-12-20,1.027
EWW,2024-06-11,0.476
EWW,2024-12-17,1.58
EWW,2025-06-16,1.083
EWW,2025-12-16,1.327
EWW,2026-06-15,1.138
EWX,2023-12-18,0.827
EWX,2024-06-24,0.448
EWX,2024-12-23,1.254
EWX,2025-06-23,0.636
EWX,2025-12-22,1.273
EWX,2026-06-22,0.571
EWY,2023-12-20,1.651
EWY,2024-12-17,1.298
EWY,2025-12-16,2.037
EWZ,2023-12-20,1.221
EWZ,2024-06-11,0.914
EWZ,2024-12-17,1.092
EWZ,2025-06-16,0.515
EWZ,2025-12-16,1.027
EWZ,2025-12-30,0.106
EWZ,2026-06-15,0.331
EWZS,2023-12-20,0.245
EWZS,2024-06-11,0.214
EWZS,2024-12-17,0.243
EWZS,2025-06-16,0.129
EWZS,2025-12-16,0.282
EWZS,2025-12-30,0.09
EWZS,2026-06-15,0.138
EXI,2023-12-20,0.855
EXI,2024-06-11,1.146
EXI,2024-12-17,0.929
EXI,2025-06-16,1.337
EXI,2025-12-16,0.975
EXI,2026-06-15,1.145
EYLD,2023-09-21,0.497
EYLD,2023-12-14,0.057
EYLD,2024-03-21,0.205
EYLD,2024-06-21,0.805
EYLD,2024-09-20,0.221
EYLD,2024-12-20,0.386
EYLD,2025-06-18,0.349
EYLD,2025-09-18,0.677
EYLD,2025-12-18,1.044
EYLD,2026-03-20,0.238
EYLD,2026-06-18,0.344
EYLD,2026-09-18,0.497
EZA,2023-12-20,0.506
EZA,2024-06-11,0.627
EZA,2024-12-17,2.415
EZA,2025-06-16,0.626
EZA,2025-12-16,3.611
EZA,2026-06-15,1.434
EZM,2023-09-25,0.18
EZM,2023-12-22,0.225
EZM,2024-03-22,0.175
EZM,2024-06-25,0.19
EZM,2024-09-25,0.18
EZM,2024-12-26,0.208
EZM,2024-12-31,0.007
EZM,2025-03-26,0.18
EZM,2025-06-25,0.255
EZM,2025-09-25,0.23
EZM,2025-12-26,0.265
EZM,2026-03-26,0.18
EZM,2026-06-25,0.24
EZM,2026-09-25,0.22
EZU,2023-12-20,0.351
EZU,2024-06-11,1.043
EZU,2024-12-17,0.326
EZU,2025-06-16,1.218
EZU,2025-12-16,0.61
EZU,2026-06-15,1.231
FAAA,2026-02-26,0.117
FAAA,2026-03-30,0.192
FAAA,2026-04-29,0.182
FAAA,2026-05-28,0.17
FAAA,2026-06-29,0.181
FAAA,2026-07-30,0.177
FAAA,2026-08-28,0.191
FAAA,2026-09-29,0.174
FAAR,2023-09-22,0.23
FAAR,2023-12-15,0.257
FAAR,2024-03-21,0.203
FAAR,2024-06-27,0.235
FAAR,2024-09-26,0.201
FAAR,2024-12-17,0.326
FAAR,2025-03-27,0.153
FAAR,2025-06-26,0.175
FAAR,2025-09-25,0.176
FAAR,2025-12-16,2.649
FAAR,2026-03-26,0.109
FAAR,2026-06-25,0.144
FAAR,2026-09-24,0.137
FAB,2023-09-22,0.376
FAB,2023-12-22,0.537
FAB,2024-03-21,0.243
FAB,2024-06-27,0.382
FAB,2024-09-26,0.447
FAB,2024-12-13,0.577
FAB,2025-03-27,0.195
FAB,2025-06-26,0.309
FAB,2025-09-25,0.378
FAB,2025-12-12,0.515
FAB,2026-03-26,0.363
FAB,2026-06-25,0.347
FAB,2026-09-24,0.539
FAD,2023-09-22,0.069
FAD,2023-12-22,0.192
FAD,2024-06-27,0.052
FAD,2024-09-26,0.385
FAD,2024-12-13,0.311
FAD,2025-06-26,0.069
FAD,2025-09-25,0.076
FAD,2025-12-12,0.009
FAD,2026-03-26,0.022
FAD,2026-06-25,0.071
FAD,2026-09-24,0.052
FAI,2024-12-13,0.012
FALN,2023-09-01,0.116
FALN,2023-10-02,0.121
FALN,2023-11-01,0.113
FALN,2023-12-01,0.122
FALN,2023-12-14,0.132
FALN,2024-02-01,0.122
FALN,2024-03-01,0.134
FALN,2024-04-01,0.169
FALN,2024-05-01,0.133
FALN,2024-06-03,0.141
FALN,2024-07-01,0.138
FALN,2024-08-01,0.139
FALN,2024-09-03,0.135
FALN,2024-10-01,0.139
FALN,2024-11-01,0.141
FALN,2024-12-02,0.137
FALN,2024-12-18,0.137
FALN,2025-02-03,0.143
FALN,2025-03-03,0.137
FALN,2025-04-01,0.141
FALN,2025-05-01,0.154
FALN,2025-06-02,0.143
FALN,2025-07-01,0.133
FALN,2025-08-01,0.142
FALN,2025-09-02,0.142
FALN,2025-10-01,0.144
FALN,2025-11-03,0.151
FALN,2025-12-01,0.145
FALN,2025-12-19,0.147
FALN,2026-02-02,0.147
FALN,2026-03-02,0.151
FALN,2026-04-01,0.142
FALN,2026-05-01,0.152
FALN,2026-06-01,0.149
FALN,2026-07-01,0.141
FALN,2026-08-03,0.148
FALN,2026-09-01,0.142
FALN,2026-10-01,0.147
FAN,2023-09-22,0.079
FAN,2023-12-22,0.038
FAN,2024-03-21,0.026
FAN,2024-06-27,0.127
FAN,2024-09-26,0.047
FAN,2024-12-13,0.025
FAN,2025-03-27,0.021
FAN,2025-06-26,0.107
FAN,2025-09-25,0.093
FAN,2025-12-12,0.055
FAN,2026-06-25,0.087
FAN,2026-09-24,0.066
FAS,2023-09-19,0.293
FAS,2023-12-21,0.383
FAS,2024-03-19,0.364
FAS,2024-06-25,0.27
FAS,2024-09-24,0.316
FAS,2024-12-23,0.191
FAS,2025-03-25,0.456
FAS,2025-06-24,0.495
FAS,2025-09-23,0.39
FAS,2025-12-10,12.095
FAS,2025-12-23,0.387
FAS,2026-03-24,0.605
FAS,2026-06-23,0.532
FAS,2026-09-22,1.0
FAZ,2023-09-19,1.49
FAZ,2023-12-21,0.8
FAZ,2024-03-19,1.8
FAZ,2024-06-25,1.45
FAZ,2024-09-24,1.02
FAZ,2024-12-23,0.42
FAZ,2025-03-25,1.03
FAZ,2025-06-24,0.38
FAZ,2025-09-23,0.38
FAZ,2025-12-23,0.163
FAZ,2026-03-24,0.379
FAZ,2026-06-23,0.253
FAZ,2026-09-22,0.205
FBCG,2023-12-15,0.008
FBCG,2024-09-20,0.003
FBCG,2024-12-20,0.053
FBCG,2025-09-19,0.005
FBCG,2025-12-19,0.02
FBL,2023-12-27,8.0044
FBL,2025-12-29,0.674
FBND,2023-09-27,0.149
FBND,2023-10-27,0.177
FBND,2023-11-28,0.17
FBND,2023-12-27,0.185
FBND,2024-01-29,0.175
FBND,2024-02-27,0.172
FBND,2024-03-26,0.17
FBND,2024-04-26,0.181
FBND,2024-05-30,0.179
FBND,2024-06-27,0.181
FBND,2024-07-30,0.185
FBND,2024-08-29,0.177
FBND,2024-09-27,0.169
FBND,2024-10-30,0.142
FBND,2024-11-27,0.154
FBND,2024-12-30,0.238
FBND,2025-01-30,0.147
FBND,2025-02-27,0.163
FBND,2025-03-28,0.183
FBND,2025-04-29,0.189
FBND,2025-05-29,0.175
FBND,2025-06-27,0.176
FBND,2025-07-30,0.175
FBND,2025-08-28,0.184
FBND,2025-09-29,0.168
FBND,2025-10-30,0.167
FBND,2025-11-26,0.17
FBND,2025-12-30,0.267
FBND,2026-01-29,0.146
FBND,2026-02-26,0.161
FBND,2026-03-30,0.178
FBND,2026-04-29,0.172
FBND,2026-05-28,0.173
FBND,2026-06-29,0.169
FBND,2026-07-30,0.179
FBND,2026-08-28,0.165
FBND,2026-09-29,0.166
FBT,2024-12-13,1.173
FBY,2023-09-08,0.282
FBY,2023-10-06,0.451
FBY,2023-11-08,0.482
FBY,2023-12-07,0.595
FBY,2024-01-05,0.987
FBY,2024-02-07,1.176
FBY,2024-03-06,1.179
FBY,2024-04-04,1.171
FBY,2024-05-06,0.898
FBY,2024-06-06,0.692
FBY,2024-07-05,0.703
FBY,2024-08-07,0.794
FBY,2024-09-06,0.534
FBY,2024-10-10,0.923
FBY,2024-11-07,0.836
FBY,2024-12-05,0.375
FBY,2025-01-03,0.444
FBY,2025-01-30,0.639
FBY,2025-02-27,0.477
FBY,2025-03-27,0.551
FBY,2025-04-24,0.522
FBY,2025-05-22,0.637
FBY,2025-06-20,0.536
FBY,2025-07-17,0.499
FBY,2025-08-14,0.624
FBY,2025-09-11,0.455
FBY,2025-10-09,0.307
FBY,2025-10-16,0.095
FBY,2025-10-23,0.137
FBY,2025-10-30,0.157
FBY,2025-11-06,0.131
FBY,2025-11-13,0.094
FBY,2025-11-20,0.09
FBY,2025-11-28,0.088
FBY,2025-12-04,0.25
FBY,2025-12-11,0.107
FBY,2025-12-18,0.076
FBY,2025-12-26,0.075
FBY,2026-01-02,0.061
FBY,2026-01-08,0.064
FBY,2026-01-15,0.058
FBY,2026-01-22,0.047
FBY,2026-01-29,0.063
FBY,2026-02-05,0.247
FBY,2026-02-12,0.078
FBY,2026-02-19,0.081
FBY,2026-02-26,0.068
FBY,2026-03-05,0.076
FBY,2026-03-12,0.075
FBY,2026-03-19,0.073
FBY,2026-03-26,0.068
FBY,2026-04-02,0.066
FBY,2026-04-09,0.071
FBY,2026-04-16,0.081
FBY,2026-04-23,0.101
FBY,2026-04-30,0.19
FBY,2026-05-07,0.083
FBY,2026-05-14,0.08
FBY,2026-05-21,0.079
FBY,2026-05-28,0.069
FBY,2026-06-04,0.072
FBY,2026-06-11,0.06
FBY,2026-06-18,0.053
FBY,2026-06-25,0.053
FBY,2026-07-02,0.059
FBY,2026-07-09,0.067
FBY,2026-07-16,0.138
FBY,2026-07-23,0.104
FBY,2026-07-30,0.088
FBY,2026-08-06,0.079
FBY,2026-08-13,0.066
FBY,2026-08-20,0.047
FBY,2026-08-27,0.048
FBY,2026-09-03,0.049
FBY,2026-09-10,0.059
FBY,2026-09-17,0.071
FBY,2026-09-24,0.098
FBY,2026-10-01,0.151
FCAL,2023-09-22,0.115
FCAL,2023-10-24,0.115
FCAL,2023-11-21,0.117
FCAL,2023-12-22,0.12
FCAL,2024-01-23,0.12
FCAL,2024-02-21,0.12
FCAL,2024-03-21,0.12
FCAL,2024-04-23,0.12
FCAL,2024-05-21,0.121
FCAL,2024-06-27,0.123
FCAL,2024-07-23,0.123
FCAL,2024-08-21,0.124
FCAL,2024-09-26,0.125
FCAL,2024-10-22,0.128
FCAL,2024-11-21,0.128
FCAL,2024-12-13,0.128
FCAL,2025-01-22,0.129
FCAL,2025-02-21,0.129
FCAL,2025-03-27,0.129
FCAL,2025-04-22,0.132
FCAL,2025-05-21,0.132
FCAL,2025-06-26,0.132
FCAL,2025-07-22,0.132
FCAL,2025-08-21,0.133
FCAL,2025-09-25,0.135
FCAL,2025-10-21,0.135
FCAL,2025-11-21,0.136
FCAL,2025-12-12,0.136
FCAL,2026-01-21,0.14
FCAL,2026-02-20,0.141
FCAL,2026-03-26,0.141
FCAL,2026-04-21,0.142
FCAL,2026-05-21,0.143
FCAL,2026-06-25,0.143
FCAL,2026-07-21,0.143
FCAL,2026-08-21,0.144
FCAL,2026-09-24,0.145
FCG,2023-09-22,0.151
FCG,2023-12-22,0.218
FCG,2024-03-21,0.055
FCG,2024-06-27,0.294
FCG,2024-09-26,0.209
FCG,2024-12-13,0.121
FCG,2025-03-27,0.176
FCG,2025-06-26,0.156
FCG,2025-09-25,0.171
FCG,2025-12-12,0.166
FCG,2026-03-26,0.146
FCG,2026-06-25,0.153
FCG,2026-09-24,0.194
FCLD,2023-09-15,0.005
FCLD,2023-12-15,0.005
FCLD,2024-03-15,0.005
FCLD,2024-06-21,0.02
FCLD,2024-09-20,0.007
FCLD,2024-12-20,0.003
FCLD,2025-06-20,0.004
FCLD,2025-12-19,0.004
FCOM,2023-09-15,0.097
FCOM,2023-12-15,0.104
FCOM,2024-03-15,0.108
FCOM,2024-06-21,0.115
FCOM,2024-09-20,0.155
FCOM,2024-12-20,0.133
FCOM,2025-03-21,0.138
FCOM,2025-06-20,0.152
FCOM,2025-09-19,0.197
FCOM,2025-12-19,0.156
FCOM,2026-03-20,0.174
FCOM,2026-06-18,0.175
FCOM,2026-09-18,0.175
FCOR,2023-09-27,0.143
FCOR,2023-10-27,0.154
FCOR,2023-11-28,0.147
FCOR,2023-12-27,0.165
FCOR,2024-01-29,0.154
FCOR,2024-02-27,0.157
FCOR,2024-03-26,0.159
FCOR,2024-04-26,0.166
FCOR,2024-05-30,0.17
FCOR,2024-06-27,0.172
FCOR,2024-07-30,0.168
FCOR,2024-08-29,0.169
FCOR,2024-09-27,0.16
FCOR,2024-10-30,0.177
FCOR,2024-11-27,0.17
FCOR,2024-12-30,0.194
FCOR,2025-01-30,0.174
FCOR,2025-02-27,0.166
FCOR,2025-03-28,0.185
FCOR,2025-04-29,0.178
FCOR,2025-05-29,0.175
FCOR,2025-06-27,0.178
FCOR,2025-07-30,0.178
FCOR,2025-08-28,0.168
FCOR,2025-09-29,0.17
FCOR,2025-10-30,0.177
FCOR,2025-11-26,0.174
FCOR,2025-12-30,0.213
FCOR,2026-01-29,0.168
FCOR,2026-02-26,0.17
FCOR,2026-03-30,0.179
FCOR,2026-04-29,0.191
FCOR,2026-05-28,0.178
FCOR,2026-06-29,0.187
FCOR,2026-07-30,0.186
FCOR,2026-08-28,0.184
FCOR,2026-09-29,0.175
FCVT,2023-09-22,0.04
FCVT,2023-10-24,0.04
FCVT,2023-11-21,0.04
FCVT,2023-12-22,0.147
FCVT,2024-01-23,0.04
FCVT,2024-02-21,0.04
FCVT,2024-03-21,0.04
FCVT,2024-04-23,0.04
FCVT,2024-05-21,0.04
FCVT,2024-06-27,0.04
FCVT,2024-07-23,0.04
FCVT,2024-08-21,0.04
FCVT,2024-09-26,0.04
FCVT,2024-10-22,0.04
FCVT,2024-11-21,0.04
FCVT,2024-12-13,0.04
FCVT,2025-01-22,0.085
FCVT,2025-02-21,0.085
FCVT,2025-03-27,0.085
FCVT,2025-04-22,0.085
FCVT,2025-05-21,0.095
FCVT,2025-06-26,0.095
FCVT,2025-07-22,0.075
FCVT,2025-08-21,0.05
FCVT,2025-09-25,0.05
FCVT,2025-10-21,0.05
FCVT,2025-11-21,0.05
FCVT,2025-12-12,0.045
FCVT,2026-01-21,0.045
FCVT,2026-02-20,0.045
FCVT,2026-03-26,0.045
FCVT,2026-04-21,0.045
FCVT,2026-05-21,0.045
FCVT,2026-06-25,0.045
FCVT,2026-07-21,0.045
FCVT,2026-08-21,0.045
FCVT,2026-09-24,0.045
FDD,2023-09-22,0.149
FDD,2023-12-22,0.173
FDD,2024-03-21,0.043
FDD,2024-06-27,0.412
FDD,2024-09-26,0.125
FDD,2024-12-13,0.281
FDD,2025-03-27,0.07
FDD,2025-06-26,0.262
FDD,2025-09-25,0.209
FDD,2025-12-12,0.158
FDD,2026-03-26,0.061
FDD,2026-06-25,0.579
FDD,2026-09-24,0.258
FDEM,2023-09-15,0.42
FDEM,2023-12-15,0.119
FDEM,2023-12-28,0.016
FDEM,2024-03-15,0.119
FDEM,2024-06-21,0.355
FDEM,2024-09-20,0.241
FDEM,2024-12-20,0.308
FDEM,2025-03-21,0.152
FDEM,2025-06-20,0.343
FDEM,2025-09-19,0.277
FDEM,2025-12-19,0.225
FDEM,2026-03-20,0.157
FDEM,2026-06-18,0.404
FDEM,2026-09-18,0.379
FDEV,2023-09-15,0.178
FDEV,2023-12-15,0.123
FDEV,2024-03-15,0.215
FDEV,2024-06-21,0.274
FDEV,2024-09-20,0.195
FDEV,2024-12-20,0.135
FDEV,2025-03-21,0.233
FDEV,2025-06-20,0.293
FDEV,2025-09-19,0.206
FDEV,2025-12-19,0.259
FDEV,2026-03-20,0.252
FDEV,2026-06-18,0.378
FDEV,2026-09-18,0.326
FDHY,2023-09-27,0.254
FDHY,2023-10-27,0.29
FDHY,2023-11-28,0.256
FDHY,2023-12-27,0.271
FDHY,2024-01-29,0.256
FDHY,2024-02-27,0.265
FDHY,2024-03-26,0.262
FDHY,2024-04-26,0.268
FDHY,2024-05-30,0.271
FDHY,2024-06-27,0.265
FDHY,2024-07-30,0.253
FDHY,2024-08-29,0.261
FDHY,2024-09-27,0.246
FDHY,2024-10-30,0.263
FDHY,2024-11-27,0.258
FDHY,2024-12-30,0.307
FDHY,2025-01-30,0.267
FDHY,2025-02-27,0.251
FDHY,2025-03-28,0.29
FDHY,2025-04-29,0.274
FDHY,2025-05-29,0.264
FDHY,2025-06-27,0.276
FDHY,2025-07-30,0.272
FDHY,2025-08-28,0.274
FDHY,2025-09-29,0.252
FDHY,2025-10-30,0.264
FDHY,2025-11-26,0.25
FDHY,2025-12-30,0.302
FDHY,2026-01-29,0.236
FDHY,2026-02-26,0.27
FDHY,2026-03-30,0.269
FDHY,2026-04-29,0.276
FDHY,2026-05-28,0.26
FDHY,2026-06-29,0.271
FDHY,2026-07-30,0.264
FDHY,2026-08-28,0.269
FDHY,2026-09-29,0.253
FDIS,2023-09-15,0.144
FDIS,2023-12-15,0.151
FDIS,2024-03-15,0.17
FDIS,2024-06-21,0.169
FDIS,2024-09-20,0.165
FDIS,2024-12-20,0.172
FDIS,2025-03-21,0.21
FDIS,2025-06-20,0.195
FDIS,2025-09-19,0.171
FDIS,2025-12-19,0.187
FDIS,2026-03-20,0.187
FDIS,2026-06-18,0.2
FDIS,2026-09-18,0.201
FDL,2023-09-22,0.361
FDL,2023-12-22,0.517
FDL,2024-03-21,0.332
FDL,2024-06-27,0.485
FDL,2024-09-26,0.388
FDL,2024-12-13,0.49
FDL,2024-12-31,0.3
FDL,2025-03-27,0.357
FDL,2025-06-26,0.458
FDL,2025-09-25,0.424
FDL,2025-12-12,0.55
FDL,2026-03-26,0.401
FDL,2026-06-25,0.473
FDL,2026-09-24,0.514
FDLO,2023-09-15,0.181
FDLO,2023-12-15,0.155
FDLO,2024-03-15,0.229
FDLO,2024-06-21,0.202
FDLO,2024-09-20,0.199
FDLO,2024-12-20,0.22
FDLO,2025-03-21,0.244
FDLO,2025-06-20,0.232
FDLO,2025-09-19,0.219
FDLO,2025-12-19,0.22
FDLO,2026-03-20,0.279
FDLO,2026-06-18,0.264
FDLO,2026-09-18,0.232
FDMO,2023-09-15,0.089
FDMO,2023-12-15,0.097
FDMO,2023-12-28,0.012
FDMO,2024-03-15,0.091
FDMO,2024-06-21,0.1
FDMO,2024-09-20,0.126
FDMO,2024-12-20,0.307
FDMO,2025-03-21,0.097
FDMO,2025-06-20,0.119
FDMO,2025-09-19,0.149
FDMO,2025-12-19,0.149
FDMO,2026-03-20,0.121
FDMO,2026-06-18,0.15
FDMO,2026-09-18,0.166
FDRR,2023-09-15,0.277
FDRR,2023-12-15,0.274
FDRR,2024-03-15,0.292
FDRR,2024-06-21,0.302
FDRR,2024-09-20,0.28
FDRR,2024-12-20,0.467
FDRR,2025-03-21,0.299
FDRR,2025-06-20,0.401
FDRR,2025-09-19,0.318
FDRR,2025-12-19,0.329
FDRR,2026-03-20,0.35
FDRR,2026-06-18,0.41
FDRR,2026-09-18,0.307
FDT,2023-09-22,0.276
FDT,2023-12-22,0.927
FDT,2024-03-21,0.196
FDT,2024-06-27,0.871
FDT,2024-09-26,0.247
FDT,2024-12-13,0.789
FDT,2025-03-27,0.107
FDT,2025-06-26,0.976
FDT,2025-09-25,0.408
FDT,2025-12-12,1.109
FDT,2026-03-26,0.326
FDT,2026-06-25,0.782
FDT,2026-09-24,0.532
FDTX,2025-06-20,0.002
FDV,2023-09-27,0.066
FDV,2023-10-27,0.05
FDV,2023-11-28,0.122
FDV,2023-12-27,0.086
FDV,2024-01-29,0.061
FDV,2024-02-27,0.083
FDV,2024-03-26,0.053
FDV,2024-04-26,0.051
FDV,2024-05-31,0.088
FDV,2024-06-28,0.059
FDV,2024-07-31,0.061
FDV,2024-08-30,0.08
FDV,2024-09-30,0.042
FDV,2024-10-31,0.063
FDV,2024-11-29,0.09
FDV,2024-12-31,0.1
FDV,2025-01-31,0.066
FDV,2025-02-28,0.077
FDV,2025-03-31,0.057
FDV,2025-04-30,0.059
FDV,2025-05-30,0.092
FDV,2025-06-30,0.056
FDV,2025-07-31,0.068
FDV,2025-08-29,0.08
FDV,2025-09-30,0.041
FDV,2025-10-31,0.063
FDV,2025-11-28,0.111
FDV,2025-12-31,0.118
FDV,2026-01-30,0.07
FDV,2026-02-27,0.062
FDV,2026-03-31,0.096
FDV,2026-04-30,0.046
FDV,2026-05-29,0.084
FDV,2026-06-30,0.099
FDV,2026-07-31,0.074
FDV,2026-08-31,0.039
FDV,2026-09-30,0.094
FDVV,2023-09-15,0.307
FDVV,2023-12-15,0.42
FDVV,2024-03-15,0.372
FDVV,2024-06-21,0.319
FDVV,2024-09-20,0.3
FDVV,2024-12-20,0.479
FDVV,2025-03-21,0.419
FDVV,2025-06-20,0.447
FDVV,2025-09-19,0.377
FDVV,2025-12-19,0.393
FDVV,2026-03-20,0.44
FDVV,2026-06-18,0.519
FDVV,2026-09-18,0.362
FEGE,2025-12-30,0.589
FELC,2023-12-28,0.01
FELC,2024-03-15,0.089
FELC,2024-06-21,0.079
FELC,2024-09-20,0.078
FELC,2024-12-20,0.093
FELC,2025-03-21,0.093
FELC,2025-06-20,0.091
FELC,2025-09-19,0.081
FELC,2025-12-19,0.086
FELC,2026-03-20,0.102
FELC,2026-06-18,0.087
FELC,2026-09-18,0.086
FELG,2023-12-28,0.029
FELG,2024-03-15,0.025
FELG,2024-06-21,0.046
FELG,2024-09-20,0.037
FELG,2024-12-20,0.047
FELG,2025-03-21,0.04
FELG,2025-06-20,0.044
FELG,2025-09-19,0.035
FELG,2025-12-19,0.039
FELG,2026-03-20,0.034
FELG,2026-06-18,0.046
FELG,2026-09-18,0.037
FELV,2023-12-28,0.012
FELV,2024-03-15,0.261
FELV,2024-06-21,0.074
FELV,2024-09-20,0.136
FELV,2024-12-20,0.145
FELV,2025-03-21,0.142
FELV,2025-06-20,0.147
FELV,2025-09-19,0.146
FELV,2025-12-19,0.144
FELV,2026-03-20,0.161
FELV,2026-06-18,0.142
FELV,2026-09-18,0.145
FEM,2023-09-22,0.461
FEM,2023-12-22,0.09
FEM,2024-03-21,0.095
FEM,2024-06-27,0.241
FEM,2024-09-26,0.325
FEM,2024-12-13,0.145
FEM,2025-03-27,0.039
FEM,2025-06-26,0.324
FEM,2025-09-25,0.283
FEM,2025-12-12,0.209
FEM,2026-03-26,0.033
FEM,2026-06-25,0.19
FEM,2026-09-24,0.285
FEMB,2023-09-22,0.125
FEMB,2023-10-24,0.125
FEMB,2023-11-21,0.125
FEMB,2023-12-22,0.125
FEMB,2024-01-23,0.125
FEMB,2024-02-21,0.133
FEMB,2024-03-21,0.133
FEMB,2024-04-23,0.133
FEMB,2024-05-21,0.133
FEMB,2024-06-27,0.133
FEMB,2024-07-23,0.133
FEMB,2024-08-21,0.133
FEMB,2024-09-26,0.133
FEMB,2024-10-22,0.133
FEMB,2024-11-21,0.133
FEMB,2024-12-13,0.133
FEMB,2025-01-22,0.133
FEMB,2025-02-21,0.133
FEMB,2025-03-27,0.143
FEMB,2025-04-22,0.143
FEMB,2025-05-21,0.143
FEMB,2025-06-26,0.143
FEMB,2025-07-22,0.143
FEMB,2025-08-21,0.143
FEMB,2025-09-25,0.143
FEMB,2025-10-21,0.143
FEMB,2025-11-21,0.143
FEMB,2025-12-12,0.143
FEMB,2026-01-21,0.143
FEMB,2026-02-20,0.15
FEMB,2026-03-26,0.15
FEMB,2026-04-21,0.165
FEMB,2026-05-21,0.165
FEMB,2026-06-25,0.165
FEMB,2026-07-21,0.165
FEMB,2026-08-21,0.185
FEMB,2026-09-24,0.2
FEMR,2024-12-20,0.09
FEMR,2025-03-21,0.091
FEMR,2025-06-20,0.246
FEMR,2025-09-19,0.15
FEMR,2025-12-19,0.137
FEMR,2026-03-20,0.076
FEMR,2026-06-18,0.253
FEMR,2026-09-18,0.288
FEMS,2023-09-22,0.652
FEMS,2023-12-22,0.37
FEMS,2024-03-21,0.168
FEMS,2024-06-27,0.542
FEMS,2024-09-26,0.341
FEMS,2024-12-13,0.445
FEMS,2025-03-27,0.094
FEMS,2025-06-26,0.522
FEMS,2025-09-25,0.532
FEMS,2025-12-12,0.649
FEMS,2026-03-26,0.303
FEMS,2026-06-25,0.445
FEMS,2026-09-24,0.399
FENI,2024-03-15,0.234
FENI,2024-06-21,0.277
FENI,2024-09-20,0.161
FENI,2024-12-20,0.159
FENI,2025-03-21,0.22
FENI,2025-06-20,0.344
FENI,2025-09-19,0.169
FENI,2025-12-19,0.362
FENI,2026-03-20,0.274
FENI,2026-06-18,0.371
FENI,2026-09-18,0.21
FENY,2023-09-15,0.172
FENY,2023-12-15,0.2
FENY,2024-03-15,0.174
FENY,2024-06-21,0.184
FENY,2024-09-20,0.207
FENY,2024-12-20,0.162
FENY,2025-03-21,0.189
FENY,2025-06-20,0.218
FENY,2025-09-19,0.195
FENY,2025-12-19,0.185
FENY,2026-03-20,0.187
FENY,2026-06-18,0.21
FENY,2026-09-18,0.205
FEOE,2025-12-30,0.738
FEP,2023-09-22,0.101
FEP,2023-12-22,0.201
FEP,2024-03-21,0.285
FEP,2024-06-27,0.92
FEP,2024-09-26,0.296
FEP,2024-12-13,0.27
FEP,2025-03-27,0.112
FEP,2025-06-26,0.955
FEP,2025-09-25,0.179
FEP,2025-12-12,0.545
FEP,2026-03-26,0.076
FEP,2026-06-25,0.799
FEP,2026-09-24,0.325
FEPI,2023-11-27,1.15
FEPI,2023-12-26,1.178
FEPI,2024-01-24,1.195
FEPI,2024-02-26,1.186
FEPI,2024-03-26,1.189
FEPI,2024-04-23,1.093
FEPI,2024-05-23,1.161
FEPI,2024-06-25,1.15
FEPI,2024-07-26,1.089
FEPI,2024-08-27,1.079
FEPI,2024-09-26,1.092
FEPI,2024-10-24,1.078
FEPI,2024-11-26,1.097
FEPI,2024-12-24,1.083
FEPI,2025-01-29,1.046
FEPI,2025-02-26,0.981
FEPI,2025-03-26,0.944
FEPI,2025-04-23,0.824
FEPI,2025-05-28,0.926
FEPI,2025-06-25,0.962
FEPI,2025-07-23,0.971
FEPI,2025-08-27,0.975
FEPI,2025-09-24,0.997
FEPI,2025-10-29,1.041
FEPI,2025-11-25,0.959
FEPI,2025-12-24,0.984
FEPI,2026-01-28,0.955
FEPI,2026-02-25,0.883
FEPI,2026-03-25,0.868
FEPI,2026-04-22,0.904
FEPI,2026-05-27,0.222
FEPI,2026-06-03,0.225
FEPI,2026-06-10,0.213
FEPI,2026-06-17,0.213
FEPI,2026-06-24,0.205
FEPI,2026-07-01,0.209
FEPI,2026-07-08,0.206
FEPI,2026-07-15,0.203
FEPI,2026-07-22,0.198
FEPI,2026-07-29,0.192
FEPI,2026-08-05,0.195
FEPI,2026-08-12,0.203
FEPI,2026-08-19,0.205
FEPI,2026-08-26,0.2
FEPI,2026-09-02,0.205
FEPI,2026-09-09,0.206
FEPI,2026-09-16,0.204
FEPI,2026-09-23,0.21
FEPI,2026-09-30,0.207
FESM,2023-12-28,0.018
FESM,2024-03-15,0.069
FESM,2024-06-21,0.053
FESM,2024-09-20,0.07
FESM,2024-12-20,0.158
FESM,2025-03-21,0.16
FESM,2025-06-20,0.014
FESM,2025-09-19,0.052
FESM,2025-12-19,0.084
FESM,2026-03-20,0.091
FESM,2026-06-18,0.114
FESM,2026-09-18,0.104
FEX,2023-09-22,0.303
FEX,2023-12-22,0.399
FEX,2024-03-21,0.211
FEX,2024-06-27,0.255
FEX,2024-09-26,0.35
FEX,2024-12-13,0.419
FEX,2025-03-27,0.299
FEX,2025-06-26,0.271
FEX,2025-09-25,0.324
FEX,2025-12-12,0.409
FEX,2026-03-26,0.294
FEX,2026-06-25,0.267
FEX,2026-09-24,0.408
FEZ,2023-09-18,0.12
FEZ,2023-12-18,0.119
FEZ,2024-03-18,0.099
FEZ,2024-06-24,1.074
FEZ,2024-09-23,0.085
FEZ,2024-12-23,0.157
FEZ,2025-03-24,0.146
FEZ,2025-06-23,1.07
FEZ,2025-09-22,0.063
FEZ,2025-12-22,0.514
FEZ,2026-03-23,0.092
FEZ,2026-06-22,1.112
FEZ,2026-09-21,0.111
FFLC,2023-09-15,0.041
FFLC,2023-12-15,0.04
FFLC,2024-03-15,0.062
FFLC,2024-06-21,0.105
FFLC,2024-09-20,0.113
FFLC,2024-12-20,0.098
FFLC,2025-03-21,0.118
FFLC,2025-06-20,0.13
FFLC,2025-09-19,0.109
FFLC,2025-12-19,0.228
FFLC,2026-03-20,0.118
FFLC,2026-06-18,0.128
FFLC,2026-09-18,0.125
FFLG,2024-09-20,0.007
FFLG,2024-12-20,0.016
FFLG,2025-03-21,0.001
FFLG,2025-06-20,0.007
FFLG,2025-09-19,0.031
FFLG,2025-12-19,0.004
FFLG,2026-03-20,0.002
FFLG,2026-06-18,0.007
FFLG,2026-09-18,0.01
FFLX,2026-08-21,0.049
FFSM,2023-09-15,0.03
FFSM,2023-12-15,0.04
FFSM,2024-03-15,0.032
FFSM,2024-06-21,0.036
FFSM,2024-09-20,0.038
FFSM,2024-12-20,0.06
FFSM,2025-03-21,0.045
FFSM,2025-06-20,0.045
FFSM,2025-09-19,0.043
FFSM,2025-12-19,0.04
FFSM,2026-03-20,0.04
FFSM,2026-06-18,0.039
FFSM,2026-09-18,0.047
FFUT,2025-12-19,1.102
FFUT,2025-12-30,0.015
FGD,2023-09-22,0.241
FGD,2023-12-22,0.466
FGD,2024-03-21,0.018
FGD,2024-06-27,0.547
FGD,2024-09-26,0.357
FGD,2024-12-13,0.383
FGD,2025-03-27,0.106
FGD,2025-06-26,0.491
FGD,2025-09-25,0.462
FGD,2025-12-12,0.642
FGD,2026-03-26,0.111
FGD,2026-06-25,0.52
FGD,2026-09-24,0.641
FHEQ,2024-06-21,0.03
FHEQ,2024-09-20,0.05
FHEQ,2024-12-20,0.057
FHEQ,2025-03-21,0.057
FHEQ,2025-06-20,0.057
FHEQ,2025-09-19,0.04
FHEQ,2025-12-19,0.04
FHEQ,2026-03-20,0.059
FHEQ,2026-06-18,0.042
FHEQ,2026-09-18,0.057
FHLC,2023-09-15,0.219
FHLC,2023-12-15,0.224
FHLC,2024-03-15,0.238
FHLC,2024-06-21,0.242
FHLC,2024-09-20,0.25
FHLC,2024-12-20,0.258
FHLC,2025-03-21,0.252
FHLC,2025-06-20,0.257
FHLC,2025-09-19,0.256
FHLC,2025-12-19,0.272
FHLC,2026-03-20,0.229
FHLC,2026-06-18,0.263
FHLC,2026-09-18,0.254
FIAT,2024-08-07,18.92
FIAT,2024-09-06,18.71
FIAT,2024-10-17,14.51
FIAT,2024-11-14,7.26
FIAT,2024-12-12,6.82
FIAT,2025-01-08,6.53
FIAT,2025-02-06,5.5
FIAT,2025-03-06,6.83
FIAT,2025-04-03,9.24
FIAT,2025-05-01,5.62
FIAT,2025-05-29,2.67
FIAT,2025-06-26,1.54
FIAT,2025-07-24,1.38
FIAT,2025-08-21,2.69
FIAT,2025-09-18,1.9
FIAT,2025-10-16,1.12
FIAT,2025-10-23,0.52
FIAT,2025-10-30,0.36
FIAT,2025-11-06,0.43
FIAT,2025-11-13,0.62
FIAT,2025-11-20,0.68
FIAT,2025-11-28,0.69
FIAT,2025-12-04,0.399
FIAT,2025-12-11,0.321
FIAT,2025-12-18,0.405
FIAT,2025-12-26,0.393
FIAT,2026-01-02,0.413
FIAT,2026-01-08,0.27
FIAT,2026-01-15,0.245
FIAT,2026-01-22,0.261
FIAT,2026-01-29,0.326
FIAT,2026-02-05,0.482
FIAT,2026-02-12,0.629
FIAT,2026-02-19,0.605
FIAT,2026-02-26,0.614
FIAT,2026-03-05,0.294
FIAT,2026-03-12,0.349
FIAT,2026-03-19,0.306
FIAT,2026-03-26,0.362
FIAT,2026-04-02,0.368
FIAT,2026-04-09,0.444
FIAT,2026-04-16,0.445
FIAT,2026-04-23,0.299
FIAT,2026-04-30,0.309
FIAT,2026-05-07,0.291
FIAT,2026-05-14,0.279
FIAT,2026-05-21,0.296
FIAT,2026-05-28,0.307
FIAT,2026-06-04,0.303
FIAT,2026-06-11,0.34
FIAT,2026-06-18,0.401
FIAT,2026-06-25,0.341
FIAT,2026-07-02,0.459
FIAT,2026-07-09,0.272
FIAT,2026-07-16,0.261
FIAT,2026-07-23,0.274
FIAT,2026-07-30,0.265
FIAT,2026-08-06,0.356
FIAT,2026-08-13,0.306
FIAT,2026-08-20,0.31
FIAT,2026-08-27,0.216
FIAT,2026-09-03,0.215
FIAT,2026-09-10,0.158
FIAT,2026-09-17,0.182
FIAT,2026-09-24,0.157
FIAT,2026-10-01,0.162
FIDI,2023-09-15,0.196
FIDI,2023-12-15,0.195
FIDI,2024-03-15,0.233
FIDI,2024-06-21,0.45
FIDI,2024-09-20,0.215
FIDI,2024-12-20,0.217
FIDI,2025-03-21,0.235
FIDI,2025-06-20,0.436
FIDI,2025-09-19,0.198
FIDI,2025-12-19,0.254
FIDI,2026-03-20,0.265
FIDI,2026-06-18,0.421
FIDI,2026-09-18,0.291
FIDU,2023-09-15,0.194
FIDU,2023-12-15,0.277
FIDU,2024-03-15,0.187
FIDU,2024-06-21,0.209
FIDU,2024-09-20,0.22
FIDU,2024-12-20,0.384
FIDU,2025-03-21,0.209
FIDU,2025-06-20,0.212
FIDU,2025-09-19,0.28
FIDU,2025-12-19,0.143
FIDU,2026-03-20,0.265
FIDU,2026-06-18,0.213
FIDU,2026-09-18,0.207
FIGB,2023-09-27,0.137
FIGB,2023-10-27,0.153
FIGB,2023-11-28,0.147
FIGB,2023-12-27,0.154
FIGB,2024-01-29,0.151
FIGB,2024-02-27,0.157
FIGB,2024-03-26,0.138
FIGB,2024-04-26,0.154
FIGB,2024-05-30,0.148
FIGB,2024-06-27,0.164
FIGB,2024-07-30,0.139
FIGB,2024-08-29,0.151
FIGB,2024-09-27,0.14
FIGB,2024-10-30,0.144
FIGB,2024-11-27,0.154
FIGB,2024-12-30,0.171
FIGB,2025-01-30,0.147
FIGB,2025-02-27,0.131
FIGB,2025-03-28,0.153
FIGB,2025-04-29,0.156
FIGB,2025-05-29,0.148
FIGB,2025-06-27,0.153
FIGB,2025-07-30,0.152
FIGB,2025-08-28,0.151
FIGB,2025-09-29,0.139
FIGB,2025-10-30,0.147
FIGB,2025-11-26,0.14
FIGB,2025-12-30,0.186
FIGB,2026-01-29,0.129
FIGB,2026-02-26,0.137
FIGB,2026-03-30,0.137
FIGB,2026-04-29,0.149
FIGB,2026-05-28,0.138
FIGB,2026-06-29,0.15
FIGB,2026-07-30,0.145
FIGB,2026-08-28,0.146
FIGB,2026-09-29,0.151
FIIG,2023-09-22,0.09
FIIG,2023-10-24,0.09
FIIG,2023-11-21,0.09
FIIG,2023-12-22,0.09
FIIG,2024-01-23,0.07
FIIG,2024-02-21,0.075
FIIG,2024-03-21,0.075
FIIG,2024-04-23,0.075
FIIG,2024-05-21,0.075
FIIG,2024-06-27,0.076
FIIG,2024-07-23,0.076
FIIG,2024-08-21,0.078
FIIG,2024-09-26,0.078
FIIG,2024-10-22,0.078
FIIG,2024-11-21,0.078
FIIG,2024-12-13,0.078
FIIG,2025-01-22,0.078
FIIG,2025-02-21,0.078
FIIG,2025-03-27,0.078
FIIG,2025-04-22,0.078
FIIG,2025-05-21,0.08
FIIG,2025-06-26,0.08
FIIG,2025-07-22,0.08
FIIG,2025-08-21,0.08
FIIG,2025-09-25,0.08
FIIG,2025-10-21,0.08
FIIG,2025-11-21,0.08
FIIG,2025-12-12,0.14
FIIG,2026-01-21,0.081
FIIG,2026-02-20,0.081
FIIG,2026-03-26,0.081
FIIG,2026-04-21,0.081
FIIG,2026-05-21,0.081
FIIG,2026-06-25,0.081
FIIG,2026-07-21,0.081
FIIG,2026-08-21,0.081
FIIG,2026-09-24,0.081
FINA,2026-09-18,0.043
FINX,2023-12-28,0.003
FINX,2024-06-27,0.057
FINX,2024-12-30,0.168
FINX,2025-12-30,0.171
FINX,2026-06-29,0.043
FISR,2023-09-01,0.071
FISR,2023-10-02,0.067
FISR,2023-11-01,0.074
FISR,2023-12-01,0.075
FISR,2023-12-18,0.148
FISR,2024-02-01,0.064
FISR,2024-03-01,0.063
FISR,2024-04-01,0.068
FISR,2024-05-01,0.074
FISR,2024-06-03,0.071
FISR,2024-07-01,0.065
FISR,2024-08-01,0.07
FISR,2024-09-03,0.063
FISR,2024-10-01,0.064
FISR,2024-11-01,0.065
FISR,2024-12-02,0.064
FISR,2024-12-19,0.18
FISR,2025-02-03,0.07
FISR,2025-03-03,0.084
FISR,2025-04-01,0.084
FISR,2025-05-01,0.08
FISR,2025-06-02,0.082
FISR,2025-07-01,0.078
FISR,2025-08-01,0.083
FISR,2025-09-02,0.09
FISR,2025-10-01,0.086
FISR,2025-11-03,0.085
FISR,2025-12-01,0.078
FISR,2025-12-18,0.128
FISR,2026-02-02,0.092
FISR,2026-03-02,0.085
FISR,2026-04-01,0.087
FISR,2026-05-01,0.082
FISR,2026-06-01,0.094
FISR,2026-07-01,0.09
FISR,2026-08-03,0.077
FISR,2026-09-01,0.091
FISR,2026-10-01,0.093
FIVA,2023-09-15,0.159
FIVA,2023-12-15,0.157
FIVA,2024-03-15,0.236
FIVA,2024-06-21,0.296
FIVA,2024-09-20,0.21
FIVA,2024-12-20,0.111
FIVA,2025-03-21,0.256
FIVA,2025-06-20,0.342
FIVA,2025-09-19,0.176
FIVA,2025-12-19,0.142
FIVA,2026-03-20,0.307
FIVA,2026-06-18,0.388
FIVA,2026-09-18,0.244
FIW,2023-09-22,0.144
FIW,2023-12-22,0.203
FIW,2024-03-21,0.08
FIW,2024-06-27,0.206
FIW,2024-09-26,0.153
FIW,2024-12-13,0.271
FIW,2025-03-27,0.118
FIW,2025-06-26,0.231
FIW,2025-09-25,0.171
FIW,2025-12-12,0.227
FIW,2026-03-26,0.191
FIW,2026-06-25,0.189
FIW,2026-09-24,0.187
FIXD,2023-09-22,0.165
FIXD,2023-10-24,0.165
FIXD,2023-11-21,0.165
FIXD,2023-12-22,0.165
FIXD,2024-01-23,0.165
FIXD,2024-02-21,0.155
FIXD,2024-03-21,0.155
FIXD,2024-04-23,0.155
FIXD,2024-05-21,0.155
FIXD,2024-06-27,0.155
FIXD,2024-07-23,0.155
FIXD,2024-08-21,0.155
FIXD,2024-09-26,0.155
FIXD,2024-10-22,0.155
FIXD,2024-11-21,0.145
FIXD,2024-12-13,0.145
FIXD,2025-01-22,0.155
FIXD,2025-02-21,0.155
FIXD,2025-03-27,0.155
FIXD,2025-04-22,0.155
FIXD,2025-05-21,0.155
FIXD,2025-06-26,0.155
FIXD,2025-07-22,0.165
FIXD,2025-08-21,0.165
FIXD,2025-09-25,0.165
FIXD,2025-10-21,0.19
FIXD,2025-11-21,0.19
FIXD,2025-12-12,0.19
FIXD,2026-01-21,0.165
FIXD,2026-02-20,0.165
FIXD,2026-03-26,0.165
FIXD,2026-04-21,0.165
FIXD,2026-05-21,0.165
FIXD,2026-06-25,0.165
FIXD,2026-07-21,0.165
FIXD,2026-08-21,0.165
FIXD,2026-09-24,0.165
FIXT,2025-07-01,0.13
FIXT,2025-08-01,0.13
FIXT,2025-09-02,0.15
FIXT,2025-10-01,0.21
FIXT,2025-11-03,0.21
FIXT,2025-12-01,0.21
FIXT,2025-12-17,0.2
FIXT,2026-02-02,0.18
FIXT,2026-03-02,0.18
FIXT,2026-04-01,0.18
FIXT,2026-05-01,0.16
FIXT,2026-06-01,0.14
FIXT,2026-07-01,0.14
FIXT,2026-08-03,0.14
FIXT,2026-09-01,0.14
FIXT,2026-10-01,0.14
FLBL,2023-09-01,0.188
FLBL,2023-10-02,0.169
FLBL,2023-11-01,0.175
FLBL,2023-12-01,0.164
FLBL,2023-12-15,0.151
FLBL,2024-02-01,0.178
FLBL,2024-03-01,0.172
FLBL,2024-04-01,0.156
FLBL,2024-05-01,0.197
FLBL,2024-06-03,0.154
FLBL,2024-07-01,0.148
FLBL,2024-08-01,0.166
FLBL,2024-09-03,0.163
FLBL,2024-10-01,0.159
FLBL,2024-11-01,0.172
FLBL,2024-12-02,0.128
FLBL,2024-12-13,0.16
FLBL,2025-02-03,0.133
FLBL,2025-03-03,0.12
FLBL,2025-04-01,0.123
FLBL,2025-05-01,0.147
FLBL,2025-06-02,0.141
FLBL,2025-07-01,0.136
FLBL,2025-08-01,0.144
FLBL,2025-09-02,0.132
FLBL,2025-10-01,0.131
FLBL,2025-11-03,0.166
FLBL,2025-12-01,0.135
FLBL,2025-12-19,0.187
FLBL,2026-02-02,0.114
FLBL,2026-03-02,0.128
FLBL,2026-04-01,0.146
FLBL,2026-05-01,0.153
FLBL,2026-06-01,0.163
FLBL,2026-07-01,0.127
FLBL,2026-08-03,0.141
FLBL,2026-09-01,0.128
FLBL,2026-10-01,0.142
FLBR,2023-12-15,0.717
FLBR,2024-06-21,0.523
FLBR,2024-12-20,0.563
FLBR,2025-06-20,0.435
FLBR,2025-12-19,0.573
FLBR,2025-12-30,0.46
FLBR,2026-06-26,0.261
FLCA,2023-12-15,0.524
FLCA,2024-06-21,0.364
FLCA,2024-12-20,0.55
FLCA,2025-06-20,0.367
FLCA,2025-12-19,0.529
FLCA,2026-06-26,0.392
FLCB,2023-09-01,0.066
FLCB,2023-10-02,0.058
FLCB,2023-11-01,0.064
FLCB,2023-12-01,0.066
FLCB,2023-12-15,0.089
FLCB,2024-02-01,0.062
FLCB,2024-03-01,0.063
FLCB,2024-04-01,0.065
FLCB,2024-05-01,0.103
FLCB,2024-06-03,0.073
FLCB,2024-07-01,0.066
FLCB,2024-08-01,0.078
FLCB,2024-09-03,0.072
FLCB,2024-10-01,0.065
FLCB,2024-11-01,0.082
FLCB,2024-12-02,0.066
FLCB,2024-12-13,0.07
FLCB,2025-02-03,0.082
FLCB,2025-03-03,0.067
FLCB,2025-04-01,0.073
FLCB,2025-05-01,0.076
FLCB,2025-06-02,0.075
FLCB,2025-07-01,0.072
FLCB,2025-08-01,0.081
FLCB,2025-09-02,0.076
FLCB,2025-10-01,0.071
FLCB,2025-11-03,0.087
FLCB,2025-12-01,0.067
FLCB,2025-12-19,0.079
FLCB,2026-02-02,0.081
FLCB,2026-03-02,0.066
FLCB,2026-04-01,0.077
FLCB,2026-05-01,0.086
FLCB,2026-06-01,0.075
FLCB,2026-07-01,0.076
FLCB,2026-08-03,0.084
FLCB,2026-09-01,0.072
FLCB,2026-10-01,0.081
FLCC,2024-12-31,0.055
FLCC,2025-12-31,0.164
FLCG,2024-12-31,0.018
FLCG,2025-12-31,0.016
FLCH,2023-12-15,0.369
FLCH,2024-06-21,0.119
FLCH,2024-12-20,0.41
FLCH,2025-06-20,0.192
FLCH,2025-12-19,0.37
FLCH,2026-06-26,0.142
FLCO,2023-09-01,0.079
FLCO,2023-10-02,0.069
FLCO,2023-11-01,0.08
FLCO,2023-12-01,0.073
FLCO,2023-12-15,0.077
FLCO,2024-02-01,0.074
FLCO,2024-03-01,0.123
FLCO,2024-04-01,0.073
FLCO,2024-05-01,0.08
FLCO,2024-06-03,0.078
FLCO,2024-07-01,0.069
FLCO,2024-08-01,0.085
FLCO,2024-09-03,0.077
FLCO,2024-10-01,0.066
FLCO,2024-11-01,0.089
FLCO,2024-12-02,0.073
FLCO,2024-12-13,0.09
FLCO,2025-02-03,0.081
FLCO,2025-03-03,0.074
FLCO,2025-04-01,0.084
FLCO,2025-05-01,0.083
FLCO,2025-06-02,0.083
FLCO,2025-07-01,0.077
FLCO,2025-08-01,0.091
FLCO,2025-09-02,0.078
FLCO,2025-10-01,0.077
FLCO,2025-11-03,0.097
FLCO,2025-12-01,0.071
FLCO,2025-12-19,0.1
FLCO,2026-02-02,0.073
FLCO,2026-03-02,0.073
FLCO,2026-04-01,0.089
FLCO,2026-05-01,0.086
FLCO,2026-06-01,0.081
FLCO,2026-07-01,0.081
FLCO,2026-08-03,0.096
FLCO,2026-09-01,0.08
FLCV,2024-12-31,0.066
FLCV,2025-12-31,0.257
FLDR,2023-09-27,0.229
FLDR,2023-10-27,0.231
FLDR,2023-11-28,0.238
FLDR,2023-12-27,0.243
FLDR,2024-01-29,0.233
FLDR,2024-02-27,0.233
FLDR,2024-03-26,0.216
FLDR,2024-04-26,0.247
FLDR,2024-05-30,0.223
FLDR,2024-06-27,0.252
FLDR,2024-07-30,0.225
FLDR,2024-08-29,0.241
FLDR,2024-09-27,0.229
FLDR,2024-10-30,0.216
FLDR,2024-11-27,0.212
FLDR,2024-11-29,0.212
FLDR,2024-12-30,0.219
FLDR,2025-01-30,0.189
FLDR,2025-02-27,0.202
FLDR,2025-03-28,0.183
FLDR,2025-04-29,0.202
FLDR,2025-05-29,0.195
FLDR,2025-06-27,0.199
FLDR,2025-07-30,0.198
FLDR,2025-08-28,0.206
FLDR,2025-09-29,0.198
FLDR,2025-10-30,0.185
FLDR,2025-11-26,0.187
FLDR,2025-12-30,0.199
FLDR,2026-01-29,0.166
FLDR,2026-02-26,0.168
FLDR,2026-03-30,0.171
FLDR,2026-04-29,0.177
FLDR,2026-05-28,0.163
FLDR,2026-06-29,0.153
FLDR,2026-07-30,0.172
FLDR,2026-08-28,0.163
FLDR,2026-09-29,0.166
FLGB,2023-12-15,0.513
FLGB,2024-06-21,0.639
FLGB,2024-12-20,0.519
FLGB,2025-06-20,0.588
FLGB,2025-12-19,0.592
FLGB,2026-06-26,0.466
FLGV,2023-09-01,0.065
FLGV,2023-10-02,0.053
FLGV,2023-11-01,0.065
FLGV,2023-12-01,0.062
FLGV,2023-12-15,0.065
FLGV,2024-02-01,0.062
FLGV,2024-03-01,0.058
FLGV,2024-04-01,0.065
FLGV,2024-05-01,0.078
FLGV,2024-06-03,0.071
FLGV,2024-07-01,0.066
FLGV,2024-08-01,0.075
FLGV,2024-09-03,0.07
FLGV,2024-10-01,0.065
FLGV,2024-11-01,0.077
FLGV,2024-12-02,0.065
FLGV,2024-12-13,0.08
FLGV,2025-02-03,0.07
FLGV,2025-03-03,0.066
FLGV,2025-04-01,0.065
FLGV,2025-05-01,0.075
FLGV,2025-06-02,0.07
FLGV,2025-07-01,0.067
FLGV,2025-08-01,0.074
FLGV,2025-09-02,0.067
FLGV,2025-10-01,0.068
FLGV,2025-11-03,0.075
FLGV,2025-12-01,0.062
FLGV,2025-12-19,0.077
FLGV,2026-02-02,0.066
FLGV,2026-03-02,0.064
FLGV,2026-04-01,0.071
FLGV,2026-05-01,0.076
FLGV,2026-06-01,0.071
FLGV,2026-07-01,0.073
FLGV,2026-08-03,0.079
FLGV,2026-09-01,0.062
FLGV,2026-10-01,0.062
FLHY,2023-09-01,0.13
FLHY,2023-10-02,0.117
FLHY,2023-11-01,0.134
FLHY,2023-12-01,0.122
FLHY,2023-12-15,0.128
FLHY,2024-02-01,0.132
FLHY,2024-03-01,0.12
FLHY,2024-04-01,0.125
FLHY,2024-05-01,0.139
FLHY,2024-06-03,0.137
FLHY,2024-07-01,0.114
FLHY,2024-08-01,0.142
FLHY,2024-09-03,0.124
FLHY,2024-10-01,0.109
FLHY,2024-11-01,0.149
FLHY,2024-12-02,0.117
FLHY,2024-12-13,0.147
FLHY,2025-02-03,0.131
FLHY,2025-03-03,0.119
FLHY,2025-04-01,0.138
FLHY,2025-05-01,0.147
FLHY,2025-06-02,0.13
FLHY,2025-07-01,0.124
FLHY,2025-08-01,0.147
FLHY,2025-09-02,0.125
FLHY,2025-10-01,0.125
FLHY,2025-11-03,0.144
FLHY,2025-12-01,0.115
FLHY,2025-12-19,0.148
FLHY,2026-02-02,0.131
FLHY,2026-03-02,0.115
FLHY,2026-04-01,0.139
FLHY,2026-05-01,0.126
FLHY,2026-06-01,0.127
FLHY,2026-07-01,0.128
FLHY,2026-08-03,0.143
FLHY,2026-09-01,0.125
FLHY,2026-10-01,0.141
FLIA,2023-12-15,0.191
FLIA,2024-12-13,0.602
FLIA,2025-06-02,0.019
FLIA,2025-07-01,0.018
FLIA,2025-08-01,0.018
FLIA,2025-09-02,0.018
FLIA,2025-10-01,0.019
FLIA,2025-11-03,0.02
FLIA,2025-12-01,0.019
FLIA,2025-12-19,0.399
FLIA,2026-06-01,0.038
FLIA,2026-07-01,0.038
FLIA,2026-08-03,0.037
FLIA,2026-09-01,0.038
FLIA,2026-10-01,0.067
FLIN,2023-12-15,0.25
FLIN,2023-12-28,0.005
FLIN,2024-06-21,0.354
FLIN,2024-12-20,0.244
FLIN,2025-06-20,0.064
FLIN,2025-12-19,0.152
FLJH,2023-12-15,6.383
FLJH,2024-06-21,0.754
FLJH,2024-12-20,0.21
FLJH,2025-06-20,0.628
FLJH,2025-12-19,0.841
FLJH,2026-06-26,0.286
FLJP,2023-12-15,0.478
FLJP,2024-06-21,1.027
FLJP,2024-12-20,0.277
FLJP,2025-06-20,0.254
FLJP,2025-12-19,1.52
FLJP,2026-06-26,0.169
FLKR,2023-12-15,0.351
FLKR,2024-06-21,1.177
FLKR,2024-12-20,0.056
FLKR,2025-06-20,0.066
FLKR,2025-12-19,1.174
FLKR,2026-06-26,0.298
FLMB,2023-09-01,0.075
FLMB,2023-10-02,0.065
FLMB,2023-11-01,0.076
FLMB,2023-12-01,0.071
FLMB,2023-12-15,0.076
FLMB,2024-02-01,0.076
FLMB,2024-03-01,0.069
FLMB,2024-04-01,0.072
FLMB,2024-05-01,0.08
FLMB,2024-06-03,0.076
FLMB,2024-07-01,0.069
FLMB,2024-08-01,0.083
FLMB,2024-09-03,0.072
FLMB,2024-10-01,0.072
FLMB,2024-11-01,0.084
FLMB,2024-12-02,0.068
FLMB,2024-12-13,0.008
FLMB,2024-12-31,0.076
FLMB,2025-02-03,0.074
FLMB,2025-03-03,0.068
FLMB,2025-04-01,0.081
FLMB,2025-05-01,0.07
FLMB,2025-06-02,0.077
FLMB,2025-07-01,0.071
FLMB,2025-08-01,0.088
FLMB,2025-09-02,0.076
FLMB,2025-10-01,0.075
FLMB,2025-11-03,0.091
FLMB,2025-12-01,0.073
FLMB,2025-12-19,0.075
FLMB,2026-02-02,0.06
FLMB,2026-03-02,0.052
FLMB,2026-04-01,0.055
FLMB,2026-05-01,0.08
FLMB,2026-06-01,0.1
FLMB,2026-07-01,0.135
FLMB,2026-08-03,0.092
FLMB,2026-09-01,0.077
FLMB,2026-10-01,0.1
FLMI,2023-09-01,0.078
FLMI,2023-10-02,0.068
FLMI,2023-11-01,0.084
FLMI,2023-12-01,0.077
FLMI,2023-12-15,0.087
FLMI,2024-02-01,0.083
FLMI,2024-03-01,0.075
FLMI,2024-04-01,0.08
FLMI,2024-05-01,0.09
FLMI,2024-06-03,0.09
FLMI,2024-07-01,0.076
FLMI,2024-08-01,0.09
FLMI,2024-09-03,0.08
FLMI,2024-10-01,0.075
FLMI,2024-11-01,0.093
FLMI,2024-12-02,0.074
FLMI,2024-12-13,0.021
FLMI,2024-12-31,0.072
FLMI,2025-02-03,0.071
FLMI,2025-03-03,0.073
FLMI,2025-04-01,0.088
FLMI,2025-05-01,0.093
FLMI,2025-06-02,0.084
FLMI,2025-07-01,0.08
FLMI,2025-08-01,0.091
FLMI,2025-09-02,0.078
FLMI,2025-10-01,0.079
FLMI,2025-11-03,0.091
FLMI,2025-12-01,0.073
FLMI,2025-12-19,0.068
FLMI,2026-02-02,0.076
FLMI,2026-03-02,0.075
FLMI,2026-04-01,0.088
FLMI,2026-05-01,0.089
FLMI,2026-06-01,0.083
FLMI,2026-07-01,0.087
FLMI,2026-08-03,0.094
FLMI,2026-09-01,0.08
FLMI,2026-10-01,0.091
FLOT,2023-09-01,0.254
FLOT,2023-10-02,0.247
FLOT,2023-11-01,0.253
FLOT,2023-12-01,0.252
FLOT,2023-12-14,0.253
FLOT,2024-02-01,0.259
FLOT,2024-03-01,0.241
FLOT,2024-04-01,0.256
FLOT,2024-05-01,0.249
FLOT,2024-06-03,0.259
FLOT,2024-07-01,0.249
FLOT,2024-08-01,0.254
FLOT,2024-09-03,0.26
FLOT,2024-10-01,0.24
FLOT,2024-11-01,0.243
FLOT,2024-12-02,0.222
FLOT,2024-12-18,0.227
FLOT,2025-02-03,0.202
FLOT,2025-03-03,0.191
FLOT,2025-04-01,0.21
FLOT,2025-05-01,0.208
FLOT,2025-06-02,0.211
FLOT,2025-07-01,0.205
FLOT,2025-08-01,0.21
FLOT,2025-09-02,0.214
FLOT,2025-10-01,0.208
FLOT,2025-11-03,0.205
FLOT,2025-12-01,0.193
FLOT,2025-12-19,0.203
FLOT,2026-02-02,0.174
FLOT,2026-03-02,0.164
FLOT,2026-04-01,0.179
FLOT,2026-05-01,0.177
FLOT,2026-06-01,0.177
FLOT,2026-07-01,0.173
FLOT,2026-08-03,0.177
FLOT,2026-09-01,0.181
FLOT,2026-10-01,0.175
FLQL,2023-09-15,0.155
FLQL,2023-12-15,0.224
FLQL,2024-03-15,0.106
FLQL,2024-06-21,0.153
FLQL,2024-09-20,0.167
FLQL,2024-12-20,0.236
FLQL,2025-03-21,0.133
FLQL,2025-06-27,0.211
FLQL,2025-09-19,0.163
FLQL,2025-12-19,0.258
FLQL,2026-03-20,0.154
FLQL,2026-06-26,0.224
FLQL,2026-09-18,0.194
FLQM,2023-09-15,0.136
FLQM,2023-12-15,0.249
FLQM,2024-03-15,0.082
FLQM,2024-06-21,0.181
FLQM,2024-09-20,0.192
FLQM,2024-12-20,0.239
FLQM,2025-03-21,0.108
FLQM,2025-06-27,0.226
FLQM,2025-09-19,0.189
FLQM,2025-12-19,0.315
FLQM,2026-03-20,0.127
FLQM,2026-06-26,0.355
FLQM,2026-09-18,0.187
FLRN,2023-09-01,0.153
FLRN,2023-10-02,0.148
FLRN,2023-11-01,0.154
FLRN,2023-12-01,0.15
FLRN,2023-12-18,0.157
FLRN,2024-02-01,0.153
FLRN,2024-03-01,0.143
FLRN,2024-04-01,0.153
FLRN,2024-05-01,0.148
FLRN,2024-06-03,0.155
FLRN,2024-07-01,0.148
FLRN,2024-08-01,0.155
FLRN,2024-09-03,0.155
FLRN,2024-10-01,0.145
FLRN,2024-11-01,0.143
FLRN,2024-12-02,0.133
FLRN,2024-12-19,0.111
FLRN,2025-02-03,0.15
FLRN,2025-03-03,0.118
FLRN,2025-04-01,0.127
FLRN,2025-05-01,0.124
FLRN,2025-06-02,0.128
FLRN,2025-07-01,0.123
FLRN,2025-08-01,0.128
FLRN,2025-09-02,0.128
FLRN,2025-10-01,0.124
FLRN,2025-11-03,0.123
FLRN,2025-12-01,0.115
FLRN,2025-12-18,0.116
FLRN,2026-02-02,0.108
FLRN,2026-03-02,0.099
FLRN,2026-04-01,0.109
FLRN,2026-05-01,0.105
FLRN,2026-06-01,0.108
FLRN,2026-07-01,0.105
FLRN,2026-08-03,0.108
FLRN,2026-09-01,0.109
FLRN,2026-10-01,0.106
FLRT,2023-09-21,0.302
FLRT,2023-10-26,0.401
FLRT,2023-11-22,0.337
FLRT,2023-12-27,0.484
FLRT,2024-01-25,0.263
FLRT,2024-02-22,0.291
FLRT,2024-03-21,0.299
FLRT,2024-04-25,0.378
FLRT,2024-05-23,0.211
FLRT,2024-06-27,0.413
FLRT,2024-07-25,0.285
FLRT,2024-08-22,0.299
FLRT,2024-09-26,0.383
FLRT,2024-10-24,0.295
FLRT,2024-11-21,0.274
FLRT,2024-12-27,0.379
FLRT,2025-01-23,0.212
FLRT,2025-02-26,0.301
FLRT,2025-03-27,0.261
FLRT,2025-04-24,0.224
FLRT,2025-05-22,0.181
FLRT,2025-06-26,0.316
FLRT,2025-07-24,0.25
FLRT,2025-08-27,0.307
FLRT,2025-09-25,0.259
FLRT,2025-10-23,0.253
FLRT,2025-11-25,0.294
FLRT,2025-12-23,0.41
FLRT,2026-01-22,0.161
FLRT,2026-02-25,0.29
FLRT,2026-03-26,0.26
FLRT,2026-04-23,0.234
FLRT,2026-05-21,0.156
FLRT,2026-06-25,0.281
FLRT,2026-07-23,0.226
FLRT,2026-08-27,0.333
FLRT,2026-09-24,0.219
FLSP,2023-12-15,0.257
FLSP,2024-12-20,0.283
FLSP,2025-12-19,0.713
FLTB,2023-09-27,0.141
FLTB,2023-10-27,0.14
FLTB,2023-11-28,0.147
FLTB,2023-12-27,0.15
FLTB,2024-01-29,0.146
FLTB,2024-02-27,0.152
FLTB,2024-03-26,0.162
FLTB,2024-04-26,0.17
FLTB,2024-05-30,0.176
FLTB,2024-06-27,0.18
FLTB,2024-07-30,0.175
FLTB,2024-08-29,0.173
FLTB,2024-09-27,0.169
FLTB,2024-10-30,0.168
FLTB,2024-11-27,0.175
FLTB,2024-12-30,0.192
FLTB,2025-01-30,0.175
FLTB,2025-02-27,0.16
FLTB,2025-03-28,0.188
FLTB,2025-04-29,0.192
FLTB,2025-05-29,0.183
FLTB,2025-06-27,0.19
FLTB,2025-07-30,0.184
FLTB,2025-08-28,0.189
FLTB,2025-09-29,0.178
FLTB,2025-10-30,0.184
FLTB,2025-11-26,0.168
FLTB,2025-12-30,0.194
FLTB,2026-01-29,0.175
FLTB,2026-02-26,0.165
FLTB,2026-03-30,0.191
FLTB,2026-04-29,0.19
FLTB,2026-05-28,0.18
FLTB,2026-06-29,0.192
FLTB,2026-07-30,0.196
FLTB,2026-08-28,0.18
FLTB,2026-09-29,0.181
FLTR,2023-09-01,0.132
FLTR,2023-10-02,0.127
FLTR,2023-11-01,0.134
FLTR,2023-12-01,0.139
FLTR,2023-12-27,0.133
FLTR,2024-02-01,0.14
FLTR,2024-03-01,0.125
FLTR,2024-04-01,0.133
FLTR,2024-05-01,0.126
FLTR,2024-06-03,0.13
FLTR,2024-07-01,0.128
FLTR,2024-08-01,0.122
FLTR,2024-09-03,0.133
FLTR,2024-10-01,0.13
FLTR,2024-11-01,0.116
FLTR,2024-12-02,0.112
FLTR,2024-12-27,0.113
FLTR,2025-02-03,0.107
FLTR,2025-03-03,0.095
FLTR,2025-04-01,0.105
FLTR,2025-05-01,0.108
FLTR,2025-06-02,0.108
FLTR,2025-07-01,0.108
FLTR,2025-08-01,0.108
FLTR,2025-09-02,0.11
FLTR,2025-10-01,0.107
FLTR,2025-11-03,0.108
FLTR,2025-11-28,0.101
FLTR,2025-12-29,0.102
FLTR,2026-02-02,0.095
FLTR,2026-03-02,0.086
FLTR,2026-04-01,0.093
FLTR,2026-05-01,0.093
FLTR,2026-06-01,0.097
FLTR,2026-07-01,0.087
FLTR,2026-08-03,0.09
FLTR,2026-09-01,0.091
FLTR,2026-10-01,0.089
FLTW,2023-12-15,1.013
FLTW,2024-06-21,0.199
FLTW,2024-12-20,0.696
FLTW,2025-06-20,0.07
FLTW,2025-12-19,1.456
FLTW,2026-06-26,0.184
FLUD,2023-09-01,0.103
FLUD,2023-10-02,0.098
FLUD,2023-11-01,0.111
FLUD,2023-12-01,0.107
FLUD,2023-12-15,0.117
FLUD,2024-02-01,0.115
FLUD,2024-03-01,0.088
FLUD,2024-04-01,0.103
FLUD,2024-05-01,0.121
FLUD,2024-06-03,0.089
FLUD,2024-07-01,0.097
FLUD,2024-08-01,0.098
FLUD,2024-09-03,0.104
FLUD,2024-10-01,0.115
FLUD,2024-11-01,0.116
FLUD,2024-12-02,0.096
FLUD,2024-12-13,0.073
FLUD,2024-12-31,0.019
FLUD,2025-02-03,0.068
FLUD,2025-03-03,0.09
FLUD,2025-04-01,0.098
FLUD,2025-05-01,0.104
FLUD,2025-06-02,0.091
FLUD,2025-07-01,0.094
FLUD,2025-08-01,0.106
FLUD,2025-09-02,0.094
FLUD,2025-10-01,0.091
FLUD,2025-11-03,0.101
FLUD,2025-12-01,0.081
FLUD,2025-12-19,0.107
FLUD,2026-02-02,0.075
FLUD,2026-03-02,0.077
FLUD,2026-04-01,0.084
FLUD,2026-05-01,0.087
FLUD,2026-06-01,0.068
FLUD,2026-07-01,0.066
FLUD,2026-08-03,0.093
FLUD,2026-09-01,0.08
FLUD,2026-10-01,0.088
FLXR,2024-07-01,0.135
FLXR,2024-08-01,0.25
FLXR,2024-09-03,0.24
FLXR,2024-10-01,0.2
FLXR,2024-11-01,0.2
FLXR,2024-12-02,0.19
FLXR,2024-12-18,0.117
FLXR,2025-02-03,0.23
FLXR,2025-03-03,0.2
FLXR,2025-04-01,0.19
FLXR,2025-05-01,0.18
FLXR,2025-06-02,0.17
FLXR,2025-07-01,0.17
FLXR,2025-08-01,0.17
FLXR,2025-09-02,0.16
FLXR,2025-10-01,0.17
FLXR,2025-11-03,0.2
FLXR,2025-12-01,0.2
FLXR,2025-12-17,0.2
FLXR,2026-02-02,0.2
FLXR,2026-03-02,0.2
FLXR,2026-04-01,0.2
FLXR,2026-05-01,0.2
FLXR,2026-06-01,0.2
FLXR,2026-07-01,0.2
FLXR,2026-08-03,0.2
FLXR,2026-09-01,0.2
FLXR,2026-10-01,0.2
FMAT,2023-09-15,0.208
FMAT,2023-12-15,0.214
FMAT,2024-03-15,0.207
FMAT,2024-06-21,0.187
FMAT,2024-09-20,0.21
FMAT,2024-12-20,0.205
FMAT,2025-03-21,0.22
FMAT,2025-06-20,0.224
FMAT,2025-09-19,0.216
FMAT,2025-12-19,0.21
FMAT,2026-03-20,0.198
FMAT,2026-06-18,0.211
FMAT,2026-09-18,0.202
FMB,2023-09-22,0.128
FMB,2023-10-24,0.128
FMB,2023-11-21,0.128
FMB,2023-12-22,0.133
FMB,2024-01-23,0.135
FMB,2024-02-21,0.135
FMB,2024-03-21,0.135
FMB,2024-04-23,0.135
FMB,2024-05-21,0.135
FMB,2024-06-27,0.137
FMB,2024-07-23,0.137
FMB,2024-08-21,0.138
FMB,2024-09-26,0.139
FMB,2024-10-22,0.139
FMB,2024-11-21,0.139
FMB,2024-12-13,0.139
FMB,2025-01-22,0.14
FMB,2025-02-21,0.14
FMB,2025-03-27,0.14
FMB,2025-04-22,0.141
FMB,2025-05-21,0.142
FMB,2025-06-26,0.144
FMB,2025-07-22,0.144
FMB,2025-08-21,0.144
FMB,2025-09-25,0.146
FMB,2025-10-21,0.146
FMB,2025-11-21,0.147
FMB,2025-12-12,0.147
FMB,2026-01-21,0.154
FMB,2026-02-20,0.155
FMB,2026-03-26,0.155
FMB,2026-04-21,0.156
FMB,2026-05-21,0.156
FMB,2026-06-25,0.157
FMB,2026-07-21,0.157
FMB,2026-08-21,0.158
FMB,2026-09-24,0.159
FMDE,2023-12-28,0.026
FMDE,2024-03-15,0.093
FMDE,2024-06-21,0.077
FMDE,2024-09-20,0.098
FMDE,2024-12-20,0.098
FMDE,2025-03-21,0.111
FMDE,2025-06-20,0.108
FMDE,2025-09-19,0.121
FMDE,2025-12-19,0.106
FMDE,2026-03-20,0.107
FMDE,2026-06-18,0.104
FMDE,2026-09-18,0.116
FMF,2023-09-22,0.379
FMF,2023-12-15,0.414
FMF,2024-03-21,0.347
FMF,2024-06-27,0.391
FMF,2024-09-26,0.228
FMF,2024-12-17,1.339
FMF,2025-03-27,0.243
FMF,2025-06-26,0.283
FMF,2025-09-25,0.27
FMF,2025-12-16,1.837
FMF,2026-03-26,0.187
FMF,2026-06-25,0.23
FMF,2026-09-24,0.232
FMHI,2023-09-22,0.158
FMHI,2023-10-24,0.158
FMHI,2023-11-21,0.158
FMHI,2023-12-22,0.158
FMHI,2024-01-23,0.158
FMHI,2024-02-21,0.159
FMHI,2024-03-21,0.159
FMHI,2024-04-23,0.159
FMHI,2024-05-21,0.159
FMHI,2024-06-27,0.163
FMHI,2024-07-23,0.163
FMHI,2024-08-21,0.163
FMHI,2024-09-26,0.163
FMHI,2024-10-22,0.163
FMHI,2024-11-21,0.163
FMHI,2024-12-13,0.163
FMHI,2025-01-22,0.163
FMHI,2025-02-21,0.163
FMHI,2025-03-27,0.163
FMHI,2025-04-22,0.164
FMHI,2025-05-21,0.165
FMHI,2025-06-26,0.166
FMHI,2025-07-22,0.166
FMHI,2025-08-21,0.167
FMHI,2025-09-25,0.169
FMHI,2025-10-21,0.169
FMHI,2025-11-21,0.169
FMHI,2025-12-12,0.169
FMHI,2026-01-21,0.174
FMHI,2026-02-20,0.175
FMHI,2026-03-26,0.175
FMHI,2026-04-21,0.175
FMHI,2026-05-21,0.176
FMHI,2026-06-25,0.177
FMHI,2026-07-21,0.177
FMHI,2026-08-21,0.178
FMHI,2026-09-24,0.179
FMTM,2025-12-23,0.095
FMUB,2025-04-29,0.106
FMUB,2025-05-29,0.161
FMUB,2025-06-27,0.115
FMUB,2025-07-30,0.144
FMUB,2025-08-28,0.134
FMUB,2025-09-29,0.143
FMUB,2025-10-30,0.146
FMUB,2025-11-26,0.146
FMUB,2025-12-05,0.097
FMUB,2025-12-30,0.146
FMUB,2026-01-29,0.139
FMUB,2026-02-26,0.131
FMUB,2026-03-30,0.139
FMUB,2026-04-29,0.141
FMUB,2026-05-28,0.133
FMUB,2026-06-29,0.152
FMUB,2026-07-30,0.142
FMUB,2026-08-28,0.143
FMUB,2026-09-29,0.157
FNCL,2023-09-15,0.244
FNCL,2023-12-15,0.229
FNCL,2024-03-15,0.261
FNCL,2024-06-21,0.248
FNCL,2024-09-20,0.265
FNCL,2024-12-20,0.271
FNCL,2025-03-21,0.298
FNCL,2025-06-20,0.276
FNCL,2025-09-19,0.28
FNCL,2025-12-19,0.271
FNCL,2026-03-20,0.403
FNCL,2026-06-18,0.307
FNCL,2026-09-18,0.31
FNDA,2023-09-20,0.09
FNDA,2023-12-06,0.127
FNDA,2024-03-20,0.078
FNDA,2024-06-26,0.1055
FNDA,2024-09-25,0.1075
FNDA,2024-12-11,0.164
FNDA,2025-03-26,0.051
FNDA,2025-06-25,0.074
FNDA,2025-09-24,0.108
FNDA,2025-12-10,0.152
FNDA,2026-03-25,0.06
FNDA,2026-06-24,0.097
FNDA,2026-09-23,0.133
FNDB,2023-09-20,0.087333
FNDB,2023-12-06,0.106
FNDB,2024-03-20,0.090333
FNDB,2024-06-26,0.101667
FNDB,2024-09-25,0.098
FNDB,2024-12-11,0.115
FNDB,2025-03-26,0.098
FNDB,2025-06-25,0.104
FNDB,2025-09-24,0.109
FNDB,2025-12-10,0.12
FNDB,2026-03-25,0.105
FNDB,2026-06-24,0.11
FNDB,2026-09-23,0.116
FNDC,2023-12-06,0.761
FNDC,2024-06-26,0.258
FNDC,2024-12-13,0.968
FNDC,2025-06-25,0.194
FNDC,2025-12-11,1.524
FNDC,2026-06-24,0.278
FNDE,2023-12-06,1.018
FNDE,2024-06-26,0.232
FNDE,2024-12-13,1.168
FNDE,2025-06-25,0.211
FNDE,2025-12-11,1.299
FNDE,2026-06-24,0.187
FNDF,2023-12-06,0.769
FNDF,2024-06-26,0.319
FNDF,2024-12-13,1.014
FNDF,2025-06-25,0.214
FNDF,2025-12-11,1.341
FNDF,2026-06-24,0.296
FNDX,2023-09-20,0.091667
FNDX,2023-12-06,0.106333
FNDX,2024-03-20,0.095
FNDX,2024-06-26,0.105333
FNDX,2024-09-25,0.101667
FNDX,2024-12-11,0.115
FNDX,2025-03-26,0.106
FNDX,2025-06-25,0.108
FNDX,2025-09-24,0.109
FNDX,2025-12-10,0.122
FNDX,2026-03-25,0.112
FNDX,2026-06-24,0.118
FNDX,2026-09-23,0.12
FNX,2023-09-22,0.238
FNX,2023-12-22,0.439
FNX,2024-03-21,0.169
FNX,2024-06-27,0.347
FNX,2024-09-26,0.481
FNX,2024-12-13,0.466
FNX,2025-03-27,0.256
FNX,2025-06-26,0.267
FNX,2025-09-25,0.194
FNX,2025-12-12,0.391
FNX,2026-03-26,0.314
FNX,2026-06-25,0.266
FNX,2026-09-24,0.411
FNY,2023-12-22,0.062
FNY,2024-09-26,0.305
FNY,2024-12-13,0.142
FNY,2025-06-26,0.03
FOXY,2025-03-26,0.2
FOXY,2025-06-25,0.35
FOXY,2025-09-25,0.55
FOXY,2025-11-21,0.2
FOXY,2025-12-23,0.2
FOXY,2026-01-27,0.2
FOXY,2026-02-24,0.22
FOXY,2026-03-26,0.22
FOXY,2026-04-27,0.22
FOXY,2026-05-26,0.22
FOXY,2026-06-25,0.22
FOXY,2026-07-28,0.23
FOXY,2026-08-26,0.23
FOXY,2026-09-25,0.23
FPAG,2023-09-14,0.098
FPAG,2023-12-14,0.124
FPAG,2024-03-15,0.05
FPAG,2024-06-14,0.093
FPAG,2024-09-13,0.078
FPAG,2024-12-13,0.208
FPAG,2025-03-13,0.176
FPAG,2025-06-13,0.155
FPAG,2025-09-15,0.084
FPAG,2025-12-12,0.322
FPAG,2026-06-16,0.132
FPAG,2026-09-15,0.087
FPE,2023-09-22,0.089
FPE,2023-10-24,0.06
FPE,2023-11-21,0.096
FPE,2023-12-22,0.086
FPE,2024-01-23,0.071
FPE,2024-02-21,0.088
FPE,2024-03-21,0.089
FPE,2024-04-23,0.066
FPE,2024-05-21,0.087
FPE,2024-06-27,0.097
FPE,2024-07-23,0.067
FPE,2024-08-21,0.094
FPE,2024-09-26,0.093
FPE,2024-10-22,0.072
FPE,2024-11-21,0.09
FPE,2024-12-13,0.093
FPE,2025-01-22,0.075
FPE,2025-02-21,0.086
FPE,2025-03-27,0.093
FPE,2025-04-22,0.078
FPE,2025-05-21,0.092
FPE,2025-06-26,0.084
FPE,2025-07-22,0.077
FPE,2025-08-21,0.099
FPE,2025-09-25,0.085
FPE,2025-10-21,0.073
FPE,2025-11-21,0.096
FPE,2025-12-12,0.122
FPE,2026-01-21,0.068
FPE,2026-02-20,0.093
FPE,2026-03-26,0.091
FPE,2026-04-21,0.074
FPE,2026-05-21,0.089
FPE,2026-06-25,0.098
FPE,2026-07-21,0.081
FPE,2026-08-21,0.089
FPE,2026-09-24,0.1
FPEI,2023-09-22,0.088
FPEI,2023-10-24,0.074
FPEI,2023-11-21,0.086
FPEI,2023-12-22,0.087
FPEI,2024-01-23,0.081
FPEI,2024-02-21,0.081
FPEI,2024-03-21,0.088
FPEI,2024-04-23,0.084
FPEI,2024-05-21,0.089
FPEI,2024-06-27,0.09
FPEI,2024-07-23,0.088
FPEI,2024-08-21,0.091
FPEI,2024-09-26,0.08
FPEI,2024-10-22,0.091
FPEI,2024-11-21,0.089
FPEI,2024-12-13,0.087
FPEI,2025-01-22,0.089
FPEI,2025-02-21,0.085
FPEI,2025-03-27,0.088
FPEI,2025-04-22,0.092
FPEI,2025-05-21,0.091
FPEI,2025-06-26,0.086
FPEI,2025-07-22,0.091
FPEI,2025-08-21,0.094
FPEI,2025-09-25,0.085
FPEI,2025-10-21,0.091
FPEI,2025-11-21,0.091
FPEI,2025-12-12,0.106
FPEI,2026-01-21,0.091
FPEI,2026-02-20,0.086
FPEI,2026-03-26,0.092
FPEI,2026-04-21,0.09
FPEI,2026-05-21,0.099
FPEI,2026-06-25,0.09
FPEI,2026-07-21,0.095
FPEI,2026-08-21,0.097
FPEI,2026-09-24,0.093
FPX,2023-09-22,0.059
FPX,2023-12-22,0.019
FPX,2024-03-21,0.011
FPX,2024-12-13,0.101
FPX,2025-03-27,0.007
FPX,2025-06-26,0.093
FPX,2025-09-25,0.535
FPX,2025-12-12,0.234
FPX,2026-03-26,0.078
FPX,2026-06-25,0.005
FPXI,2023-09-22,0.073
FPXI,2023-12-22,0.087
FPXI,2024-06-27,0.299
FPXI,2024-09-26,0.044
FPXI,2024-12-13,0.095
FPXI,2025-06-26,0.348
FPXI,2025-12-12,0.069
FPXI,2026-03-26,0.054
FPXI,2026-06-25,0.342
FPXI,2026-09-24,0.228
FQAL,2023-09-15,0.18
FQAL,2023-12-15,0.177
FQAL,2024-03-15,0.159
FQAL,2024-06-21,0.18
FQAL,2024-09-20,0.202
FQAL,2024-12-20,0.242
FQAL,2025-03-21,0.2
FQAL,2025-06-20,0.211
FQAL,2025-09-19,0.215
FQAL,2025-12-19,0.219
FQAL,2026-03-20,0.262
FQAL,2026-06-18,0.252
FQAL,2026-09-18,0.235
FRDM,2023-09-27,0.231
FRDM,2023-12-20,0.254
FRDM,2024-03-26,0.025
FRDM,2024-06-27,0.42
FRDM,2024-09-27,0.171
FRDM,2024-12-30,0.213
FRDM,2025-03-28,0.27
FRDM,2025-06-27,0.346
FRDM,2025-09-29,0.215
FRDM,2025-12-23,0.329
FRDM,2026-03-30,0.226
FRDM,2026-06-29,0.33
FRDM,2026-09-28,0.293
FREL,2023-09-15,0.225
FREL,2023-12-15,0.209
FREL,2024-03-15,0.25
FREL,2024-06-21,0.246
FREL,2024-09-20,0.221
FREL,2024-12-20,0.224
FREL,2025-03-21,0.256
FREL,2025-06-20,0.267
FREL,2025-09-19,0.226
FREL,2025-12-19,0.216
FREL,2026-03-20,0.25
FREL,2026-06-18,0.273
FREL,2026-09-18,0.233
FRI,2023-12-22,0.28
FRI,2024-03-21,0.098
FRI,2024-06-27,0.28
FRI,2024-09-26,0.098
FRI,2024-12-13,0.435
FRI,2025-03-27,0.117
FRI,2025-06-26,0.192
FRI,2025-09-25,0.173
FRI,2025-12-12,0.334
FRI,2026-03-26,0.093
FRI,2026-06-25,0.178
FRI,2026-09-24,0.195
FSCC,2024-12-31,0.043
FSCC,2025-12-31,0.081
FSEC,2023-09-27,0.118
FSEC,2023-10-27,0.126
FSEC,2023-11-28,0.123
FSEC,2023-12-27,0.128
FSEC,2024-01-29,0.121
FSEC,2024-02-27,0.123
FSEC,2024-03-26,0.121
FSEC,2024-04-26,0.131
FSEC,2024-05-30,0.132
FSEC,2024-06-27,0.131
FSEC,2024-07-30,0.128
FSEC,2024-08-29,0.009
FSEC,2024-09-27,0.077
FSEC,2024-10-30,0.113
FSEC,2024-11-27,0.12
FSEC,2024-12-30,0.164
FSEC,2025-01-30,0.094
FSEC,2025-02-27,0.126
FSEC,2025-03-28,0.105
FSEC,2025-04-29,0.143
FSEC,2025-05-29,0.134
FSEC,2025-06-27,0.143
FSEC,2025-07-30,0.139
FSEC,2025-08-28,0.137
FSEC,2025-09-29,0.131
FSEC,2025-10-30,0.135
FSEC,2025-11-26,0.137
FSEC,2025-12-05,0.04
FSEC,2025-12-30,0.397
FSEC,2026-01-29,0.132
FSEC,2026-02-26,0.136
FSEC,2026-03-30,0.14
FSEC,2026-04-29,0.142
FSEC,2026-05-28,0.138
FSEC,2026-06-29,0.137
FSEC,2026-07-30,0.14
FSEC,2026-08-28,0.136
FSEC,2026-09-29,0.136
FSIG,2023-09-22,0.075
FSIG,2023-10-24,0.075
FSIG,2023-11-21,0.075
FSIG,2023-12-22,0.073
FSIG,2024-01-23,0.073
FSIG,2024-02-21,0.073
FSIG,2024-03-21,0.073
FSIG,2024-04-23,0.073
FSIG,2024-05-21,0.073
FSIG,2024-06-27,0.073
FSIG,2024-07-23,0.073
FSIG,2024-08-21,0.073
FSIG,2024-09-26,0.073
FSIG,2024-10-22,0.073
FSIG,2024-11-21,0.073
FSIG,2024-12-13,0.073
FSIG,2025-01-22,0.073
FSIG,2025-02-21,0.073
FSIG,2025-03-27,0.073
FSIG,2025-04-22,0.073
FSIG,2025-05-21,0.073
FSIG,2025-06-26,0.073
FSIG,2025-07-22,0.073
FSIG,2025-08-21,0.073
FSIG,2025-09-25,0.073
FSIG,2025-10-21,0.073
FSIG,2025-11-21,0.073
FSIG,2025-12-12,0.111
FSIG,2026-01-21,0.073
FSIG,2026-02-20,0.073
FSIG,2026-03-26,0.073
FSIG,2026-04-21,0.073
FSIG,2026-05-21,0.073
FSIG,2026-06-25,0.073
FSIG,2026-07-21,0.073
FSIG,2026-08-21,0.073
FSIG,2026-09-24,0.073
FSMB,2023-09-22,0.042
FSMB,2023-10-24,0.042
FSMB,2023-11-21,0.042
FSMB,2023-12-22,0.042
FSMB,2024-01-23,0.043
FSMB,2024-02-21,0.044
FSMB,2024-03-21,0.046
FSMB,2024-04-23,0.047
FSMB,2024-05-21,0.047
FSMB,2024-06-27,0.048
FSMB,2024-07-23,0.048
FSMB,2024-08-21,0.049
FSMB,2024-09-26,0.05
FSMB,2024-10-22,0.05
FSMB,2024-11-21,0.05
FSMB,2024-12-13,0.05
FSMB,2025-01-22,0.051
FSMB,2025-02-21,0.051
FSMB,2025-03-27,0.051
FSMB,2025-04-22,0.051
FSMB,2025-05-21,0.051
FSMB,2025-06-26,0.052
FSMB,2025-07-22,0.052
FSMB,2025-08-21,0.052
FSMB,2025-09-25,0.052
FSMB,2025-10-21,0.052
FSMB,2025-11-21,0.052
FSMB,2025-12-12,0.052
FSMB,2026-01-21,0.053
FSMB,2026-02-20,0.053
FSMB,2026-03-26,0.053
FSMB,2026-04-21,0.053
FSMB,2026-05-21,0.053
FSMB,2026-06-25,0.053
FSMB,2026-07-21,0.053
FSMB,2026-08-21,0.053
FSMB,2026-09-24,0.054
FSMD,2023-09-15,0.122
FSMD,2023-12-15,0.117
FSMD,2024-03-15,0.126
FSMD,2024-06-21,0.135
FSMD,2024-09-20,0.137
FSMD,2024-12-20,0.133
FSMD,2025-03-21,0.148
FSMD,2025-06-20,0.143
FSMD,2025-09-19,0.171
FSMD,2025-12-19,0.127
FSMD,2026-03-20,0.17
FSMD,2026-06-18,0.168
FSMD,2026-09-18,0.185
FSTA,2023-09-15,0.283
FSTA,2023-12-15,0.276
FSTA,2023-12-28,0.096
FSTA,2024-03-15,0.279
FSTA,2024-06-21,0.285
FSTA,2024-09-20,0.273
FSTA,2024-12-20,0.274
FSTA,2025-03-21,0.277
FSTA,2025-06-20,0.296
FSTA,2025-09-19,0.276
FSTA,2025-12-19,0.302
FSTA,2026-03-20,0.29
FSTA,2026-06-18,0.296
FSTA,2026-09-18,0.291
FSYD,2023-09-27,0.249
FSYD,2023-10-27,0.274
FSYD,2023-11-28,0.254
FSYD,2023-12-27,0.321
FSYD,2024-01-29,0.22
FSYD,2024-02-27,0.238
FSYD,2024-03-26,0.226
FSYD,2024-04-26,0.263
FSYD,2024-05-30,0.274
FSYD,2024-06-27,0.266
FSYD,2024-07-30,0.259
FSYD,2024-08-29,0.259
FSYD,2024-09-27,0.242
FSYD,2024-10-30,0.274
FSYD,2024-11-27,0.255
FSYD,2024-12-30,0.291
FSYD,2025-01-30,0.243
FSYD,2025-02-27,0.247
FSYD,2025-03-28,0.276
FSYD,2025-04-29,0.286
FSYD,2025-05-29,0.267
FSYD,2025-06-27,0.235
FSYD,2025-07-30,0.291
FSYD,2025-08-28,0.282
FSYD,2025-09-29,0.241
FSYD,2025-10-30,0.256
FSYD,2025-11-26,0.249
FSYD,2025-12-30,0.271
FSYD,2026-01-29,0.232
FSYD,2026-02-26,0.202
FSYD,2026-03-30,0.302
FSYD,2026-04-29,0.278
FSYD,2026-05-28,0.244
FSYD,2026-06-29,0.257
FSYD,2026-07-30,0.263
FSYD,2026-08-28,0.235
FSYD,2026-09-29,0.254
FTA,2023-09-22,0.412
FTA,2023-12-22,0.49
FTA,2024-03-21,0.309
FTA,2024-06-27,0.33
FTA,2024-09-26,0.453
FTA,2024-12-13,0.453
FTA,2025-03-27,0.395
FTA,2025-06-26,0.309
FTA,2025-09-25,0.401
FTA,2025-12-12,0.523
FTA,2026-03-26,0.362
FTA,2026-06-25,0.339
FTA,2026-09-24,0.526
FTC,2023-09-22,0.113
FTC,2023-12-22,0.209
FTC,2024-03-21,0.021
FTC,2024-06-27,0.052
FTC,2024-09-26,0.1
FTC,2024-12-13,0.275
FTC,2025-03-27,0.043
FTC,2025-06-26,0.112
FTC,2025-09-25,0.132
FTC,2025-12-12,0.033
FTC,2026-03-26,0.061
FTC,2026-06-25,0.042
FTC,2026-09-24,0.068
FTCA,2025-12-01,0.024
FTCA,2025-12-19,0.03
FTCA,2026-02-02,0.022
FTCA,2026-03-02,0.023
FTCA,2026-04-01,0.024
FTCA,2026-05-01,0.026
FTCA,2026-06-01,0.023
FTCA,2026-07-01,0.025
FTCA,2026-08-03,0.029
FTCA,2026-09-01,0.024
FTCA,2026-10-01,0.025
FTCB,2023-12-22,0.075
FTCB,2024-01-23,0.075
FTCB,2024-02-21,0.075
FTCB,2024-03-21,0.075
FTCB,2024-04-23,0.078
FTCB,2024-05-21,0.078
FTCB,2024-06-27,0.078
FTCB,2024-07-23,0.105
FTCB,2024-08-21,0.105
FTCB,2024-09-26,0.105
FTCB,2024-10-22,0.105
FTCB,2024-11-21,0.105
FTCB,2024-12-13,0.09
FTCB,2025-01-22,0.09
FTCB,2025-02-21,0.08
FTCB,2025-03-27,0.08
FTCB,2025-04-22,0.075
FTCB,2025-05-21,0.075
FTCB,2025-06-26,0.075
FTCB,2025-07-22,0.075
FTCB,2025-08-21,0.075
FTCB,2025-09-25,0.083
FTCB,2025-10-21,0.083
FTCB,2025-11-21,0.095
FTCB,2025-12-12,0.174
FTCB,2026-01-21,0.09
FTCB,2026-02-20,0.09
FTCB,2026-03-26,0.09
FTCB,2026-04-21,0.09
FTCB,2026-05-21,0.085
FTCB,2026-06-25,0.083
FTCB,2026-07-21,0.08
FTCB,2026-08-21,0.078
FTCB,2026-09-24,0.078
FTCS,2023-09-22,0.215
FTCS,2023-12-22,0.431
FTCS,2024-03-21,0.225
FTCS,2024-06-27,0.284
FTCS,2024-09-26,0.257
FTCS,2024-12-13,0.404
FTCS,2025-03-27,0.216
FTCS,2025-06-26,0.233
FTCS,2025-09-25,0.253
FTCS,2025-12-12,0.261
FTCS,2026-03-26,0.287
FTCS,2026-06-25,0.264
FTCS,2026-09-24,0.333
FTEC,2023-09-15,0.223
FTEC,2023-12-15,0.433
FTEC,2024-03-15,0.236
FTEC,2024-06-21,0.232
FTEC,2024-09-20,0.225
FTEC,2024-12-20,0.212
FTEC,2025-03-21,0.23
FTEC,2025-06-20,0.234
FTEC,2025-09-19,0.225
FTEC,2025-12-19,0.267
FTEC,2026-03-20,0.221
FTEC,2026-06-18,0.289
FTEC,2026-09-18,0.332
FTGC,2023-09-22,0.188
FTGC,2023-12-15,0.212
FTGC,2024-03-21,0.164
FTGC,2024-06-27,0.196
FTGC,2024-09-26,0.187
FTGC,2024-12-17,0.185
FTGC,2025-03-27,0.142
FTGC,2025-06-26,0.151
FTGC,2025-09-25,0.164
FTGC,2025-12-16,3.665
FTGC,2026-03-26,0.409
FTGC,2026-06-25,0.169
FTGC,2026-09-24,0.132
FTGS,2023-09-22,0.023
FTGS,2023-12-22,0.049
FTGS,2024-03-21,0.021
FTGS,2024-06-27,0.014
FTGS,2024-09-26,0.021
FTGS,2024-12-13,0.066
FTGS,2025-03-27,0.025
FTGS,2025-06-26,0.004
FTGS,2025-09-25,0.024
FTGS,2025-12-12,0.006
FTGS,2026-09-24,0.009
FTHF,2023-12-22,0.12
FTHF,2024-03-21,0.048
FTHF,2024-06-27,0.212
FTHF,2024-09-26,0.22
FTHF,2024-12-13,0.223
FTHF,2025-03-27,0.032
FTHF,2025-06-26,0.259
FTHF,2025-09-25,0.206
FTHF,2025-12-12,0.956
FTHF,2026-03-26,0.066
FTHF,2026-06-25,0.268
FTHF,2026-09-24,0.231
FTHI,2023-09-22,0.157
FTHI,2023-10-24,0.152
FTHI,2023-11-21,0.152
FTHI,2023-12-22,0.152
FTHI,2024-01-23,0.16
FTHI,2024-02-21,0.16
FTHI,2024-03-21,0.16
FTHI,2024-04-23,0.168
FTHI,2024-05-21,0.168
FTHI,2024-06-27,0.168
FTHI,2024-07-23,0.168
FTHI,2024-08-21,0.168
FTHI,2024-09-26,0.168
FTHI,2024-10-22,0.172
FTHI,2024-11-21,0.172
FTHI,2024-12-13,0.172
FTHI,2025-01-22,0.174
FTHI,2025-02-21,0.174
FTHI,2025-03-27,0.174
FTHI,2025-04-22,0.163
FTHI,2025-05-21,0.163
FTHI,2025-06-26,0.163
FTHI,2025-07-22,0.171
FTHI,2025-08-21,0.171
FTHI,2025-09-25,0.171
FTHI,2025-10-21,0.177
FTHI,2025-11-21,0.177
FTHI,2025-12-12,0.177
FTHI,2026-01-21,0.177
FTHI,2026-02-20,0.177
FTHI,2026-03-26,0.177
FTHI,2026-04-21,0.172
FTHI,2026-05-21,0.172
FTHI,2026-06-25,0.172
FTHI,2026-07-21,0.179
FTHI,2026-08-21,0.179
FTHI,2026-09-24,0.179
FTLS,2023-09-22,0.206
FTLS,2023-12-22,0.298
FTLS,2024-03-21,0.128
FTLS,2024-06-27,0.309
FTLS,2024-09-26,0.265
FTLS,2024-12-13,0.288
FTLS,2025-03-27,0.151
FTLS,2025-06-26,0.22
FTLS,2025-09-25,0.175
FTLS,2025-12-12,0.213
FTLS,2026-03-26,0.063
FTLS,2026-06-25,0.207
FTLS,2026-09-24,0.183
FTMA,2025-12-01,0.015
FTMA,2025-12-19,0.034
FTMA,2026-02-02,0.024
FTMA,2026-03-02,0.025
FTMA,2026-04-01,0.027
FTMA,2026-05-01,0.027
FTMA,2026-06-01,0.027
FTMA,2026-07-01,0.027
FTMA,2026-08-03,0.031
FTMA,2026-09-01,0.026
FTMA,2026-10-01,0.027
FTMH,2025-12-01,0.045
FTMH,2025-12-19,0.055
FTMH,2026-02-02,0.045
FTMH,2026-03-02,0.042
FTMH,2026-04-01,0.047
FTMH,2026-05-01,0.048
FTMH,2026-06-01,0.038
FTMH,2026-07-01,0.044
FTMH,2026-08-03,0.051
FTMH,2026-09-01,0.044
FTMN,2025-12-01,0.015
FTMN,2025-12-19,0.029
FTMN,2026-02-02,0.021
FTMN,2026-03-02,0.022
FTMN,2026-04-01,0.025
FTMN,2026-05-01,0.027
FTMN,2026-06-01,0.023
FTMN,2026-07-01,0.025
FTMN,2026-08-03,0.029
FTMN,2026-09-01,0.017
FTMN,2026-10-01,0.026
FTMS,2025-12-01,0.028
FTMS,2025-12-19,0.029
FTMS,2026-02-02,0.031
FTMS,2026-03-02,0.026
FTMS,2026-04-01,0.027
FTMS,2026-05-01,0.027
FTMS,2026-06-01,0.029
FTMS,2026-07-01,0.026
FTMS,2026-08-03,0.028
FTMS,2026-09-01,0.027
FTMS,2026-10-01,0.026
FTMU,2025-12-01,0.026
FTMU,2025-12-19,0.032
FTMU,2026-02-02,0.024
FTMU,2026-03-02,0.026
FTMU,2026-04-01,0.027
FTMU,2026-05-01,0.028
FTMU,2026-06-01,0.025
FTMU,2026-07-01,0.027
FTMU,2026-08-03,0.036
FTMU,2026-09-01,0.026
FTMU,2026-10-01,0.026
FTNJ,2025-12-01,0.016
FTNJ,2025-12-19,0.031
FTNJ,2026-02-02,0.025
FTNJ,2026-03-02,0.024
FTNJ,2026-04-01,0.026
FTNJ,2026-05-01,0.027
FTNJ,2026-06-01,0.025
FTNJ,2026-07-01,0.026
FTNJ,2026-08-03,0.031
FTNJ,2026-09-01,0.024
FTNJ,2026-10-01,0.026
FTNY,2025-12-01,0.025
FTNY,2025-12-19,0.031
FTNY,2026-02-02,0.02
FTNY,2026-03-02,0.024
FTNY,2026-04-01,0.026
FTNY,2026-05-01,0.027
FTNY,2026-06-01,0.025
FTNY,2026-07-01,0.025
FTNY,2026-08-03,0.031
FTNY,2026-09-01,0.025
FTNY,2026-10-01,0.026
FTPA,2025-12-01,0.016
FTPA,2025-12-19,0.025
FTPA,2026-02-02,0.034
FTPA,2026-03-02,0.025
FTPA,2026-04-01,0.026
FTPA,2026-05-01,0.028
FTPA,2026-06-01,0.026
FTPA,2026-07-01,0.027
FTPA,2026-08-03,0.031
FTPA,2026-09-01,0.024
FTPA,2026-10-01,0.025
FTQI,2023-09-22,0.198
FTQI,2023-10-24,0.188
FTQI,2023-11-21,0.188
FTQI,2023-12-22,0.188
FTQI,2024-01-23,0.198
FTQI,2024-02-21,0.198
FTQI,2024-03-21,0.198
FTQI,2024-04-23,0.204
FTQI,2024-05-21,0.204
FTQI,2024-06-27,0.204
FTQI,2024-07-23,0.203
FTQI,2024-08-21,0.203
FTQI,2024-09-26,0.203
FTQI,2024-10-22,0.204
FTQI,2024-11-21,0.204
FTQI,2024-12-13,0.204
FTQI,2025-01-22,0.207
FTQI,2025-02-21,0.207
FTQI,2025-03-27,0.207
FTQI,2025-04-22,0.188
FTQI,2025-05-21,0.188
FTQI,2025-06-26,0.188
FTQI,2025-07-22,0.195
FTQI,2025-08-21,0.195
FTQI,2025-09-25,0.195
FTQI,2025-10-21,0.205
FTQI,2025-11-21,0.205
FTQI,2025-12-12,0.205
FTQI,2026-01-21,0.207
FTQI,2026-02-20,0.207
FTQI,2026-03-26,0.207
FTQI,2026-04-21,0.199
FTQI,2026-05-21,0.199
FTQI,2026-06-25,0.199
FTQI,2026-07-21,0.222
FTQI,2026-08-21,0.222
FTQI,2026-09-24,0.222
FTRB,2024-01-29,0.079
FTRB,2024-02-27,0.091
FTRB,2024-03-26,0.082
FTRB,2024-04-26,0.088
FTRB,2024-05-31,0.095
FTRB,2024-06-28,0.095
FTRB,2024-07-31,0.081
FTRB,2024-08-30,0.078
FTRB,2024-09-30,0.059
FTRB,2024-10-31,0.09
FTRB,2024-11-29,0.087
FTRB,2024-12-31,0.159
FTRB,2025-01-31,0.078
FTRB,2025-02-28,0.087
FTRB,2025-03-31,0.081
FTRB,2025-04-30,0.077
FTRB,2025-05-30,0.082
FTRB,2025-06-30,0.116
FTRB,2025-07-31,0.09
FTRB,2025-08-29,0.095
FTRB,2025-09-30,0.099
FTRB,2025-10-31,0.094
FTRB,2025-11-28,0.09
FTRB,2025-12-31,0.145
FTRB,2026-01-30,0.057
FTRB,2026-02-27,0.089
FTRB,2026-03-31,0.082
FTRB,2026-04-30,0.07
FTRB,2026-05-29,0.052
FTRB,2026-06-30,0.117
FTRB,2026-07-31,0.099
FTRB,2026-08-31,0.09
FTRB,2026-09-30,0.081
FTSD,2023-09-01,0.343
FTSD,2023-10-02,0.326
FTSD,2023-11-01,0.371
FTSD,2023-12-01,0.325
FTSD,2023-12-15,0.371
FTSD,2024-02-01,0.356
FTSD,2024-03-01,0.341
FTSD,2024-04-01,0.34
FTSD,2024-05-01,0.39
FTSD,2024-06-03,0.367
FTSD,2024-07-01,0.33
FTSD,2024-08-01,0.404
FTSD,2024-09-03,0.359
FTSD,2024-10-01,0.352
FTSD,2024-11-01,0.392
FTSD,2024-12-02,0.295
FTSD,2024-12-13,0.359
FTSD,2025-02-03,0.411
FTSD,2025-03-03,0.312
FTSD,2025-04-01,0.342
FTSD,2025-05-01,0.367
FTSD,2025-06-02,0.349
FTSD,2025-07-01,0.323
FTSD,2025-08-01,0.385
FTSD,2025-09-02,0.33
FTSD,2025-10-01,0.344
FTSD,2025-11-03,0.387
FTSD,2025-12-01,0.29
FTSD,2025-12-19,0.412
FTSD,2026-02-02,0.303
FTSD,2026-03-02,0.299
FTSD,2026-04-01,0.326
FTSD,2026-05-01,0.339
FTSD,2026-06-01,0.324
FTSD,2026-07-01,0.304
FTSD,2026-08-03,0.337
FTSD,2026-09-01,0.297
FTSD,2026-10-01,0.33
FTSL,2023-09-22,0.3
FTSL,2023-10-24,0.295
FTSL,2023-11-21,0.295
FTSL,2023-12-22,0.303
FTSL,2024-01-23,0.308
FTSL,2024-02-21,0.3
FTSL,2024-03-21,0.3
FTSL,2024-04-23,0.295
FTSL,2024-05-21,0.293
FTSL,2024-06-27,0.288
FTSL,2024-07-23,0.288
FTSL,2024-08-21,0.29
FTSL,2024-09-26,0.29
FTSL,2024-10-22,0.29
FTSL,2024-11-21,0.28
FTSL,2024-12-13,0.275
FTSL,2025-01-22,0.268
FTSL,2025-02-21,0.263
FTSL,2025-03-27,0.26
FTSL,2025-04-22,0.258
FTSL,2025-05-21,0.258
FTSL,2025-06-26,0.253
FTSL,2025-07-22,0.253
FTSL,2025-08-21,0.245
FTSL,2025-09-25,0.245
FTSL,2025-10-21,0.245
FTSL,2025-11-21,0.24
FTSL,2025-12-12,0.24
FTSL,2026-01-21,0.24
FTSL,2026-02-20,0.24
FTSL,2026-03-26,0.235
FTSL,2026-04-21,0.235
FTSL,2026-05-21,0.235
FTSL,2026-06-25,0.23
FTSL,2026-07-21,0.225
FTSL,2026-08-21,0.225
FTSL,2026-09-24,0.225
FTSM,2023-09-29,0.247
FTSM,2023-10-31,0.244
FTSM,2023-11-30,0.243
FTSM,2023-12-26,0.253
FTSM,2024-01-31,0.255
FTSM,2024-02-29,0.24
FTSM,2024-03-28,0.249
FTSM,2024-04-30,0.249
FTSM,2024-05-31,0.25
FTSM,2024-06-28,0.245
FTSM,2024-07-31,0.247
FTSM,2024-08-30,0.247
FTSM,2024-09-30,0.247
FTSM,2024-10-31,0.241
FTSM,2024-11-29,0.23
FTSM,2024-12-27,0.233
FTSM,2025-01-31,0.226
FTSM,2025-02-28,0.203
FTSM,2025-03-31,0.222
FTSM,2025-04-30,0.213
FTSM,2025-05-30,0.228
FTSM,2025-06-30,0.215
FTSM,2025-07-31,0.218
FTSM,2025-08-29,0.22
FTSM,2025-09-30,0.213
FTSM,2025-10-31,0.21
FTSM,2025-11-28,0.2
FTSM,2025-12-29,0.2
FTSM,2026-01-30,0.205
FTSM,2026-02-27,0.191
FTSM,2026-03-31,0.208
FTSM,2026-04-30,0.201
FTSM,2026-05-29,0.205
FTSM,2026-06-30,0.203
FTSM,2026-07-31,0.206
FTSM,2026-08-31,0.204
FTSM,2026-09-30,0.205
FTXH,2023-09-22,0.073
FTXH,2023-12-22,0.123
FTXH,2024-03-21,0.068
FTXH,2024-06-27,0.128
FTXH,2024-09-26,0.122
FTXH,2024-12-13,0.13
FTXH,2025-03-27,0.099
FTXH,2025-06-26,0.089
FTXH,2025-09-25,0.145
FTXH,2025-12-12,0.129
FTXH,2026-03-26,0.057
FTXH,2026-06-25,0.092
FTXH,2026-09-24,0.011
FTXL,2023-09-22,0.132
FTXL,2023-12-22,0.166
FTXL,2024-03-21,0.077
FTXL,2024-06-27,0.125
FTXL,2024-09-26,0.102
FTXL,2024-12-13,0.166
FTXL,2025-03-27,0.034
FTXL,2025-06-26,0.137
FTXL,2025-09-25,0.077
FTXL,2025-12-12,0.12
FTXL,2026-03-26,0.013
FTXL,2026-06-25,0.036
FTXN,2023-09-22,0.18
FTXN,2023-12-22,0.217
FTXN,2024-03-21,0.14
FTXN,2024-06-27,0.202
FTXN,2024-09-26,0.203
FTXN,2024-12-13,0.177
FTXN,2025-03-27,0.175
FTXN,2025-06-26,0.221
FTXN,2025-09-25,0.178
FTXN,2025-12-12,0.218
FTXN,2026-03-26,0.137
FTXN,2026-06-25,0.117
FTXN,2026-09-24,0.245
FTXO,2023-09-22,0.177
FTXO,2023-12-22,0.236
FTXO,2024-03-21,0.107
FTXO,2024-06-27,0.222
FTXO,2024-09-26,0.18
FTXO,2024-12-13,0.186
FTXO,2025-03-27,0.121
FTXO,2025-06-26,0.208
FTXO,2025-09-25,0.169
FTXO,2025-12-12,0.228
FTXO,2026-03-26,0.074
FTXO,2026-06-25,0.257
FTXO,2026-09-24,0.21
FTXR,2023-09-22,0.072
FTXR,2023-12-22,0.121
FTXR,2024-03-21,0.115
FTXR,2024-06-27,0.089
FTXR,2024-09-26,0.128
FTXR,2024-12-13,0.399
FTXR,2025-03-27,0.117
FTXR,2025-06-26,0.196
FTXR,2025-09-25,0.106
FTXR,2025-12-12,0.169
FTXR,2026-03-26,0.034
FTXR,2026-06-25,0.127
FTXR,2026-09-24,0.119
FUMB,2023-09-22,0.039
FUMB,2023-10-24,0.039
FUMB,2023-11-21,0.04
FUMB,2023-12-22,0.04
FUMB,2024-01-23,0.041
FUMB,2024-02-21,0.042
FUMB,2024-03-21,0.044
FUMB,2024-04-23,0.045
FUMB,2024-05-21,0.047
FUMB,2024-06-27,0.048
FUMB,2024-07-23,0.05
FUMB,2024-08-21,0.051
FUMB,2024-09-26,0.052
FUMB,2024-10-22,0.052
FUMB,2024-11-21,0.052
FUMB,2024-12-13,0.05
FUMB,2025-01-22,0.05
FUMB,2025-02-21,0.05
FUMB,2025-03-27,0.05
FUMB,2025-04-22,0.05
FUMB,2025-05-21,0.05
FUMB,2025-06-26,0.05
FUMB,2025-07-22,0.049
FUMB,2025-08-21,0.048
FUMB,2025-09-25,0.047
FUMB,2025-10-21,0.046
FUMB,2025-11-21,0.046
FUMB,2025-12-12,0.046
FUMB,2026-01-21,0.046
FUMB,2026-02-20,0.046
FUMB,2026-03-26,0.046
FUMB,2026-04-21,0.046
FUMB,2026-05-21,0.045
FUMB,2026-06-25,0.045
FUMB,2026-07-21,0.044
FUMB,2026-08-21,0.044
FUMB,2026-09-24,0.044
FUSI,2023-09-01,0.264
FUSI,2023-10-02,0.298
FUSI,2023-11-01,0.279
FUSI,2023-12-01,0.273
FUSI,2023-12-18,0.292
FUSI,2024-02-01,0.223
FUSI,2024-03-01,0.245
FUSI,2024-04-01,0.237
FUSI,2024-05-01,0.288
FUSI,2024-06-03,0.262
FUSI,2024-07-01,0.212
FUSI,2024-08-01,0.279
FUSI,2024-09-03,0.271
FUSI,2024-10-01,0.242
FUSI,2024-11-01,0.269
FUSI,2024-12-02,0.221
FUSI,2024-12-17,0.274
FUSI,2025-02-03,0.203
FUSI,2025-03-03,0.198
FUSI,2025-04-01,0.205
FUSI,2025-05-01,0.243
FUSI,2025-06-02,0.242
FUSI,2025-07-01,0.217
FUSI,2025-08-01,0.244
FUSI,2025-09-02,0.219
FUSI,2025-10-01,0.236
FUSI,2025-11-03,0.213
FUSI,2025-12-01,0.213
FUSI,2025-12-16,0.222
FUSI,2026-02-05,0.274
FUSI,2026-03-05,0.199
FUSI,2026-04-07,0.227
FUSI,2026-05-06,0.191
FUSI,2026-06-04,0.197
FUSI,2026-07-07,0.204
FUSI,2026-08-06,0.224
FUSI,2026-09-04,0.158
FUTY,2023-09-15,0.384
FUTY,2023-12-15,0.293
FUTY,2024-03-15,0.385
FUTY,2024-06-21,0.349
FUTY,2024-09-20,0.366
FUTY,2024-12-20,0.342
FUTY,2025-03-21,0.378
FUTY,2025-06-20,0.369
FUTY,2025-09-19,0.373
FUTY,2025-12-19,0.352
FUTY,2026-03-20,0.386
FUTY,2026-06-18,0.401
FUTY,2026-09-18,0.391
FV,2023-09-22,0.01
FV,2023-12-22,0.047
FV,2024-03-21,0.007
FV,2024-06-27,0.017
FV,2024-09-26,0.02
FV,2024-12-13,0.039
FV,2025-03-27,0.062
FV,2025-06-26,0.096
FV,2025-09-25,0.101
FV,2025-12-12,0.136
FV,2026-03-26,0.051
FV,2026-06-25,0.076
FVAL,2023-09-15,0.2
FVAL,2023-12-15,0.247
FVAL,2024-03-15,0.249
FVAL,2024-06-21,0.248
FVAL,2024-09-20,0.247
FVAL,2024-12-20,0.238
FVAL,2025-03-21,0.278
FVAL,2025-06-20,0.232
FVAL,2025-09-19,0.278
FVAL,2025-12-19,0.377
FVAL,2026-03-20,0.301
FVAL,2026-06-18,0.297
FVAL,2026-09-18,0.254
FVD,2023-09-22,0.183
FVD,2023-12-22,0.293
FVD,2024-03-21,0.189
FVD,2024-06-27,0.28
FVD,2024-09-26,0.228
FVD,2024-12-13,0.275
FVD,2025-03-27,0.261
FVD,2025-06-26,0.256
FVD,2025-09-25,0.252
FVD,2025-12-12,0.319
FVD,2026-03-26,0.257
FVD,2026-06-25,0.291
FVD,2026-09-24,0.256
FWD,2024-12-17,1.498
FWD,2025-07-22,0.006
FWD,2025-12-17,0.113
FXB,2023-09-01,0.335
FXB,2023-10-02,0.314
FXB,2023-11-01,0.323
FXB,2023-12-01,0.325
FXB,2024-01-02,0.339
FXB,2024-02-01,0.337
FXB,2024-03-01,0.314
FXB,2024-04-01,0.335
FXB,2024-05-01,0.321
FXB,2024-06-03,0.339
FXB,2024-07-01,0.325
FXB,2024-08-01,0.342
FXB,2024-09-03,0.328
FXB,2024-10-01,0.323
FXB,2024-11-01,0.322
FXB,2024-12-02,0.292
FXB,2025-01-02,0.292
FXB,2025-02-03,0.289
FXB,2025-03-03,0.25
FXB,2025-04-01,0.28
FXB,2025-05-01,0.28
FXB,2025-06-02,0.275
FXB,2025-07-01,0.266
FXB,2025-08-01,0.265
FXB,2025-09-02,0.253
FXB,2025-10-01,0.24
FXB,2025-11-03,0.24
FXB,2025-12-01,0.236
FXB,2026-01-02,0.239
FXB,2026-02-02,0.228
FXB,2026-03-02,0.204
FXB,2026-04-01,0.222
FXB,2026-05-01,0.221
FXB,2026-06-01,0.226
FXB,2026-07-01,0.215
FXB,2026-08-03,0.226
FXB,2026-09-01,0.227
FXB,2026-10-01,0.215
FXC,2023-09-01,0.147
FXC,2023-10-02,0.142
FXC,2023-11-01,0.143
FXC,2023-12-01,0.142
FXC,2024-01-02,0.15
FXC,2024-02-01,0.148
FXC,2024-03-01,0.137
FXC,2024-04-01,0.147
FXC,2024-05-01,0.14
FXC,2024-06-03,0.146
FXC,2024-07-01,0.128
FXC,2024-08-01,0.126
FXC,2024-09-03,0.12
FXC,2024-10-01,0.105
FXC,2024-11-01,0.097
FXC,2024-12-02,0.077
FXC,2025-01-02,0.062
FXC,2025-02-03,0.052
FXC,2025-03-03,0.038
FXC,2025-04-01,0.035
FXC,2025-05-01,0.03
FXC,2025-06-02,0.032
FXC,2025-07-01,0.031
FXC,2025-08-01,0.031
FXC,2025-09-02,0.032
FXC,2025-10-01,0.025
FXC,2025-11-03,0.025
FXC,2025-12-01,0.007
FXC,2026-01-02,0.007
FXC,2026-02-02,0.007
FXC,2026-03-02,0.006
FXC,2026-04-01,0.007
FXC,2026-05-01,0.007
FXC,2026-06-01,0.007
FXC,2026-07-01,0.007
FXC,2026-08-03,0.007
FXC,2026-09-01,0.007
FXC,2026-10-01,0.007
FXE,2023-09-01,0.176
FXE,2023-10-02,0.174
FXE,2023-11-01,0.194
FXE,2023-12-01,0.193
FXE,2024-01-02,0.202
FXE,2024-02-01,0.198
FXE,2024-03-01,0.185
FXE,2024-04-01,0.197
FXE,2024-05-01,0.189
FXE,2024-06-03,0.199
FXE,2024-07-01,0.179
FXE,2024-08-01,0.181
FXE,2024-09-03,0.185
FXE,2024-10-01,0.173
FXE,2024-11-01,0.16
FXE,2024-12-02,0.139
FXE,2025-01-02,0.133
FXE,2025-02-03,0.124
FXE,2025-03-03,0.099
FXE,2025-04-01,0.101
FXE,2025-05-01,0.092
FXE,2025-06-02,0.082
FXE,2025-07-01,0.07
FXE,2025-08-01,0.064
FXE,2025-09-02,0.065
FXE,2025-10-01,0.064
FXE,2025-11-03,0.064
FXE,2025-12-01,0.063
FXE,2026-01-02,0.066
FXE,2026-02-02,0.066
FXE,2026-03-02,0.067
FXE,2026-04-01,0.065
FXE,2026-05-01,0.064
FXE,2026-06-01,0.065
FXE,2026-07-01,0.07
FXE,2026-08-03,0.083
FXE,2026-09-01,0.083
FXE,2026-10-01,0.087
FXF,2023-10-02,0.002
FXF,2023-11-01,0.009
FXF,2023-12-01,0.009
FXF,2024-01-02,0.01
FXF,2024-02-01,0.01
FXF,2024-03-01,0.009
FXF,2024-04-01,0.004
FXH,2023-09-22,0.033
FXH,2023-12-22,0.13
FXH,2024-03-21,0.106
FXH,2024-06-27,0.109
FXH,2024-09-26,0.126
FXH,2024-12-13,0.09
FXH,2025-03-27,0.067
FXH,2025-06-26,0.062
FXH,2025-09-25,0.582
FXH,2025-12-12,0.14
FXH,2026-03-26,0.186
FXH,2026-06-25,0.118
FXH,2026-09-24,0.292
FXI,2023-12-20,0.607
FXI,2024-06-11,0.085
FXI,2024-12-17,0.451
FXI,2025-06-16,0.509
FXI,2025-12-16,0.416
FXI,2026-06-15,0.263
FXL,2023-09-22,0.027
FXL,2023-12-22,0.373
FXL,2024-03-21,0.118
FXL,2024-09-26,0.018
FXL,2024-12-13,0.033
FXL,2025-09-25,0.01
FXN,2023-09-22,0.071
FXN,2023-12-22,0.108
FXN,2024-03-21,0.081
FXN,2024-06-27,0.079
FXN,2024-09-26,0.157
FXN,2024-12-13,0.092
FXN,2025-03-27,0.109
FXN,2025-06-26,0.096
FXN,2025-09-25,0.099
FXN,2025-12-12,0.114
FXN,2026-03-26,0.084
FXN,2026-06-25,0.062
FXN,2026-09-24,0.161
FXO,2023-09-22,0.37
FXO,2023-12-22,0.38
FXO,2024-03-21,0.159
FXO,2024-06-27,0.277
FXO,2024-09-26,0.278
FXO,2024-12-13,0.351
FXO,2025-03-27,0.253
FXO,2025-06-26,0.226
FXO,2025-09-25,0.238
FXO,2025-12-12,0.357
FXO,2026-03-26,0.471
FXO,2026-06-25,0.242
FXO,2026-09-24,0.329
FXR,2023-09-22,0.108
FXR,2023-12-22,0.195
FXR,2024-03-21,0.072
FXR,2024-06-27,0.167
FXR,2024-09-26,0.125
FXR,2024-12-13,0.173
FXR,2025-03-27,0.111
FXR,2025-06-26,0.122
FXR,2025-09-25,0.165
FXR,2025-12-12,0.172
FXR,2026-03-26,0.085
FXR,2026-06-25,0.159
FXR,2026-09-24,0.246
FXU,2023-09-22,0.261
FXU,2023-12-22,0.254
FXU,2024-03-21,0.176
FXU,2024-06-27,0.215
FXU,2024-09-26,0.257
FXU,2024-12-13,0.265
FXU,2025-03-27,0.211
FXU,2025-06-26,0.202
FXU,2025-09-25,0.274
FXU,2025-12-12,0.344
FXU,2026-03-26,0.229
FXU,2026-06-25,0.217
FXU,2026-09-24,0.332
FXZ,2023-09-22,0.322
FXZ,2023-12-22,0.31
FXZ,2024-03-21,0.193
FXZ,2024-06-27,0.211
FXZ,2024-09-26,0.285
FXZ,2024-12-13,0.336
FXZ,2025-03-27,0.213
FXZ,2025-06-26,0.233
FXZ,2025-09-25,0.309
FXZ,2025-12-12,0.373
FXZ,2026-03-26,0.244
FXZ,2026-06-25,0.162
FXZ,2026-09-24,0.251
FYC,2023-09-22,0.077
FYC,2023-12-22,0.156
FYC,2024-06-27,0.07
FYC,2024-09-26,0.344
FYC,2024-12-13,0.147
FYC,2025-09-25,0.078
FYC,2026-06-25,0.13
FYEE,2024-06-21,0.451
FYEE,2024-09-20,0.496
FYEE,2024-12-20,0.508
FYEE,2025-03-21,0.6
FYEE,2025-06-20,0.52
FYEE,2025-09-19,0.292
FYEE,2025-12-19,0.619
FYEE,2026-03-20,0.824
FYEE,2026-06-18,0.732
FYEE,2026-09-18,0.555
FYLD,2023-09-21,0.304
FYLD,2023-12-14,0.211
FYLD,2024-03-21,0.218
FYLD,2024-06-21,0.743
FYLD,2024-12-20,0.402
FYLD,2025-03-20,0.02
FYLD,2025-06-18,0.469
FYLD,2025-09-18,0.403
FYLD,2025-12-18,0.43
FYLD,2026-03-20,0.099
FYLD,2026-06-18,0.362
FYLD,2026-09-18,0.26
FYT,2023-09-22,0.155
FYT,2023-12-22,0.283
FYT,2024-03-21,0.122
FYT,2024-06-27,0.237
FYT,2024-09-26,0.237
FYT,2024-12-13,0.544
FYT,2025-09-25,0.205
FYT,2025-12-12,0.325
FYT,2026-03-26,0.201
FYT,2026-06-25,0.298
FYT,2026-09-24,0.466
FYX,2023-09-22,0.215
FYX,2023-12-22,0.408
FYX,2024-03-21,0.123
FYX,2024-06-27,0.373
FYX,2024-09-26,0.516
FYX,2024-12-13,0.622
FYX,2025-06-26,0.082
FYX,2025-09-25,0.269
FYX,2025-12-12,0.371
FYX,2026-03-26,0.203
FYX,2026-06-25,0.437
FYX,2026-09-24,0.51
GARP,2023-09-26,0.056
GARP,2023-12-20,0.063
GARP,2024-03-21,0.034
GARP,2024-06-11,0.036
GARP,2024-09-25,0.072
GARP,2024-12-17,0.072
GARP,2024-12-30,0.003
GARP,2025-03-18,0.05
GARP,2025-06-16,0.041
GARP,2025-09-16,0.059
GARP,2025-12-16,0.064
GARP,2026-03-17,0.04
GARP,2026-06-15,0.053
GARP,2026-09-15,0.049
GBIL,2023-09-01,0.403
GBIL,2023-10-02,0.407
GBIL,2023-11-01,0.461
GBIL,2023-12-01,0.455
GBIL,2023-12-27,0.469
GBIL,2024-02-01,0.404
GBIL,2024-03-01,0.402
GBIL,2024-04-01,0.396
GBIL,2024-05-01,0.458
GBIL,2024-06-03,0.438
GBIL,2024-07-01,0.391
GBIL,2024-08-01,0.463
GBIL,2024-09-03,0.413
GBIL,2024-10-01,0.409
GBIL,2024-11-01,0.393
GBIL,2024-12-02,0.359
GBIL,2024-12-31,0.399
GBIL,2025-02-03,0.345
GBIL,2025-03-03,0.32
GBIL,2025-04-01,0.343
GBIL,2025-05-01,0.345
GBIL,2025-06-02,0.345
GBIL,2025-07-01,0.338
GBIL,2025-08-01,0.347
GBIL,2025-09-02,0.328
GBIL,2025-10-01,0.347
GBIL,2025-11-03,0.336
GBIL,2025-12-01,0.286
GBIL,2025-12-31,0.338
GBIL,2026-02-02,0.273
GBIL,2026-03-02,0.275
GBIL,2026-04-01,0.302
GBIL,2026-05-01,0.294
GBIL,2026-06-01,0.278
GBIL,2026-07-01,0.311
GBIL,2026-08-03,0.305
GBIL,2026-09-01,0.305
GBND,2025-08-01,0.205
GBND,2025-09-02,0.169
GBND,2025-10-01,0.21
GBND,2025-11-03,0.183
GBND,2025-12-01,0.144
GBND,2025-12-31,0.21
GBND,2026-02-02,0.072
GBND,2026-03-02,0.151
GBND,2026-04-01,0.136
GBND,2026-05-01,0.093
GBND,2026-06-01,0.166
GBND,2026-07-01,0.184
GBND,2026-08-03,0.187
GBND,2026-09-01,0.189
GBND,2026-10-01,0.193
GBUG,2025-12-18,0.68
GCAL,2024-09-03,0.156
GCAL,2024-10-01,0.147
GCAL,2024-11-01,0.131
GCAL,2024-12-02,0.132
GCAL,2024-12-31,0.141
GCAL,2025-02-03,0.132
GCAL,2025-03-03,0.101
GCAL,2025-04-01,0.145
GCAL,2025-05-01,0.109
GCAL,2025-06-02,0.133
GCAL,2025-07-01,0.133
GCAL,2025-08-01,0.058
GCAL,2025-09-02,0.139
GCAL,2025-10-01,0.158
GCAL,2025-11-03,0.153
GCAL,2025-12-01,0.14
GCAL,2025-12-31,0.156
GCAL,2026-02-02,0.155
GCAL,2026-03-02,0.144
GCAL,2026-04-01,0.16
GCAL,2026-05-01,0.151
GCAL,2026-06-01,0.145
GCAL,2026-07-01,0.163
GCAL,2026-08-03,0.155
GCAL,2026-09-01,0.15
GCAL,2026-10-01,0.136
GCC,2023-10-25,0.399
GCC,2023-12-22,0.225
GCC,2024-10-28,0.44
GCC,2024-12-26,0.221
GCC,2025-10-28,1.085
GCC,2025-12-26,0.319
GCOR,2023-09-01,0.131
GCOR,2023-10-02,0.144
GCOR,2023-11-01,0.141
GCOR,2023-12-01,0.133
GCOR,2023-12-27,0.159
GCOR,2024-02-01,0.108
GCOR,2024-03-01,0.142
GCOR,2024-04-01,0.123
GCOR,2024-05-01,0.146
GCOR,2024-06-03,0.141
GCOR,2024-07-01,0.128
GCOR,2024-08-01,0.157
GCOR,2024-09-03,0.135
GCOR,2024-10-01,0.237
GCOR,2024-11-01,0.135
GCOR,2024-12-02,0.128
GCOR,2024-12-31,0.176
GCOR,2025-02-03,0.1
GCOR,2025-03-03,0.127
GCOR,2025-04-01,0.153
GCOR,2025-05-01,0.1
GCOR,2025-06-02,0.136
GCOR,2025-07-01,0.14
GCOR,2025-08-01,0.142
GCOR,2025-09-02,0.129
GCOR,2025-10-01,0.207
GCOR,2025-11-03,0.141
GCOR,2025-12-01,0.127
GCOR,2025-12-31,0.173
GCOR,2026-02-02,0.109
GCOR,2026-03-02,0.13
GCOR,2026-04-01,0.143
GCOR,2026-05-01,0.136
GCOR,2026-06-01,0.131
GCOR,2026-07-01,0.146
GCOR,2026-08-03,0.138
GCOR,2026-09-01,0.139
GCOR,2026-10-01,0.185
GCOW,2023-09-21,0.792
GCOW,2023-12-27,0.282
GCOW,2024-03-21,0.346
GCOW,2024-06-27,0.717
GCOW,2024-09-26,0.316
GCOW,2024-12-27,0.355
GCOW,2025-03-06,0.064
GCOW,2025-06-05,0.321
GCOW,2025-09-04,0.283
GCOW,2025-12-30,1.005
GCOW,2026-03-05,0.422
GCOW,2026-06-04,0.419
GCOW,2026-09-03,0.428
GCSH,2026-08-05,0.322
GCSH,2026-09-03,0.125
GDE,2023-10-25,0.522
GDE,2023-12-22,0.085
GDE,2024-10-28,2.53
GDE,2024-12-26,0.117
GDE,2025-10-28,2.52
GDE,2025-12-26,0.142
GDMN,2023-10-25,1.682
GDMN,2023-12-22,0.16
GDMN,2024-10-28,2.575
GDMN,2024-12-26,0.117
GDMN,2025-10-28,2.285
GDMN,2025-12-26,0.228
GDX,2023-12-18,0.5
GDX,2024-12-23,0.403
GDX,2025-12-22,0.633
GDXJ,2023-12-18,0.274
GDXJ,2024-12-23,1.114
GDXJ,2025-12-22,2.649
GDXW,2025-11-10,0.424
GDXW,2025-11-17,0.48
GDXW,2025-11-24,0.599
GDXW,2025-12-01,0.43
GDXW,2025-12-08,0.651
GDXW,2025-12-15,0.446
GDXW,2025-12-22,0.651
GDXW,2025-12-29,0.663
GDXW,2026-01-05,0.722
GDXW,2026-01-12,0.308
GDXW,2026-01-20,0.723
GDXW,2026-01-26,1.081
GDXW,2026-02-02,0.902
GDXW,2026-02-09,0.26
GDXW,2026-02-17,0.691
GDXW,2026-02-23,0.763
GDXW,2026-03-02,0.842
GDXW,2026-03-09,0.931
GDXW,2026-03-16,0.333
GDXW,2026-03-23,0.409
GDXW,2026-03-30,0.206
GDXW,2026-04-06,0.688
GDXW,2026-04-13,0.766
GDXW,2026-04-20,0.729
GDXW,2026-04-27,0.629
GDXW,2026-05-04,0.388
GDXW,2026-05-11,0.304
GDXW,2026-05-18,0.637
GDXW,2026-05-26,0.344
GDXW,2026-06-01,0.412
GDXW,2026-06-08,0.597
GDXW,2026-06-15,0.199
GDXW,2026-06-22,0.471
GDXW,2026-06-29,0.486
GDXW,2026-07-06,0.268
GDXW,2026-07-13,0.42
GDXW,2026-07-20,0.292
GDXW,2026-07-27,0.241
GDXW,2026-08-03,0.386
GDXW,2026-08-10,0.309
GDXW,2026-08-17,0.478
GDXW,2026-08-24,0.419
GDXW,2026-08-31,0.606
GDXW,2026-09-08,0.426
GDXW,2026-09-14,0.462
GDXW,2026-09-21,0.4
GDXW,2026-09-28,0.392
GDXY,2024-07-05,0.796
GDXY,2024-08-07,0.579
GDXY,2024-09-06,0.601
GDXY,2024-10-10,0.606
GDXY,2024-11-07,0.485
GDXY,2024-12-05,0.378
GDXY,2025-01-03,0.35
GDXY,2025-01-30,0.594
GDXY,2025-02-27,0.442
GDXY,2025-03-27,0.639
GDXY,2025-04-24,0.728
GDXY,2025-05-22,0.374
GDXY,2025-06-20,0.845
GDXY,2025-07-17,0.332
GDXY,2025-08-14,0.61
GDXY,2025-09-11,0.648
GDXY,2025-10-09,1.003
GDXY,2025-10-16,0.113
GDXY,2025-10-23,0.145
GDXY,2025-10-30,0.141
GDXY,2025-11-06,0.132
GDXY,2025-11-13,0.132
GDXY,2025-11-20,0.207
GDXY,2025-11-28,0.125
GDXY,2025-12-04,0.311
GDXY,2025-12-11,0.103
GDXY,2025-12-18,0.181
GDXY,2025-12-26,0.196
GDXY,2026-01-02,0.159
GDXY,2026-01-08,0.128
GDXY,2026-01-15,0.128
GDXY,2026-01-22,0.168
GDXY,2026-01-29,0.284
GDXY,2026-02-05,0.153
GDXY,2026-02-12,0.163
GDXY,2026-02-19,0.194
GDXY,2026-02-26,0.173
GDXY,2026-03-05,0.325
GDXY,2026-03-12,0.16
GDXY,2026-03-19,0.114
GDXY,2026-03-26,0.13
GDXY,2026-04-02,0.144
GDXY,2026-04-09,0.154
GDXY,2026-04-16,0.159
GDXY,2026-04-23,0.201
GDXY,2026-04-30,0.157
GDXY,2026-05-07,0.124
GDXY,2026-05-14,0.125
GDXY,2026-05-21,0.108
GDXY,2026-05-28,0.111
GDXY,2026-06-04,0.094
GDXY,2026-06-11,0.097
GDXY,2026-06-18,0.085
GDXY,2026-06-25,0.077
GDXY,2026-07-02,0.079
GDXY,2026-07-09,0.077
GDXY,2026-07-16,0.088
GDXY,2026-07-23,0.094
GDXY,2026-07-30,0.096
GDXY,2026-08-06,0.099
GDXY,2026-08-13,0.149
GDXY,2026-08-20,0.157
GDXY,2026-08-27,0.236
GDXY,2026-09-03,0.149
GDXY,2026-09-10,0.12
GDXY,2026-09-17,0.105
GDXY,2026-09-24,0.096
GDXY,2026-10-01,0.07
GEM,2023-09-25,0.208
GEM,2023-12-26,0.174
GEM,2024-12-23,0.823
GEM,2025-12-23,0.958
GEME,2025-12-30,2.255
GFLW,2024-12-12,0.001
GFLW,2024-12-26,0.002
GFLW,2025-04-10,0.003
GFLW,2025-07-10,0.004
GFLW,2026-09-09,0.113
GGLL,2023-09-19,0.191
GGLL,2023-12-21,0.226
GGLL,2024-03-19,0.2
GGLL,2024-06-25,0.333
GGLL,2024-09-24,0.238
GGLL,2024-12-12,0.393
GGLL,2024-12-23,0.34
GGLL,2025-03-25,0.217
GGLL,2025-06-24,0.259
GGLL,2025-09-23,0.36
GGLL,2025-12-10,2.851
GGLL,2025-12-23,0.344
GGLL,2026-03-24,0.58
GGLL,2026-06-23,0.581
GGLL,2026-09-22,0.605
GGLS,2023-09-19,3.06
GGLS,2023-12-21,1.91
GGLS,2024-03-19,0.79
GGLS,2024-06-25,2.02
GGLS,2024-09-24,1.24
GGLS,2024-12-23,1.19
GGLS,2025-03-25,0.99
GGLS,2025-06-24,1.46
GGLS,2025-09-23,0.21
GGLS,2025-12-23,0.64
GGLS,2026-03-24,0.53
GGLS,2026-06-23,0.33
GGLS,2026-09-22,0.375
GGOV,2025-12-19,1.619
GGOV,2026-10-01,0.405
GGUS,2023-12-26,0.001
GGUS,2024-03-22,0.08
GGUS,2024-06-24,0.13
GGUS,2024-09-24,0.081
GGUS,2024-12-23,0.078
GGUS,2025-03-25,0.067
GGUS,2025-06-24,0.082
GGUS,2025-09-24,0.066
GGUS,2025-12-23,0.059
GGUS,2026-03-25,0.073
GGUS,2026-06-24,0.078
GGUS,2026-09-24,0.057
GIAX,2024-08-26,0.404
GIAX,2024-09-25,0.402
GIAX,2024-10-25,0.396
GIAX,2024-11-25,0.396
GIAX,2024-12-26,0.382
GIAX,2025-01-30,0.382
GIAX,2025-02-27,0.371
GIAX,2025-03-27,0.348
GIAX,2025-04-29,0.331
GIAX,2025-05-29,0.347
GIAX,2025-06-26,0.358
GIAX,2025-07-30,0.362
GIAX,2025-08-28,0.354
GIAX,2025-09-25,0.356
GIAX,2025-10-30,0.356
GIAX,2025-11-28,0.336
GIAX,2025-12-05,0.078
GIAX,2025-12-12,0.079
GIAX,2025-12-19,0.08
GIAX,2025-12-26,0.077
GIAX,2026-01-02,0.077
GIAX,2026-01-09,0.078
GIAX,2026-01-16,0.079
GIAX,2026-01-23,0.075
GIAX,2026-01-30,0.078
GIAX,2026-02-06,0.075
GIAX,2026-02-13,0.073
GIAX,2026-02-20,0.071
GIAX,2026-02-27,0.073
GIAX,2026-03-06,0.07
GIAX,2026-03-13,0.07
GIAX,2026-03-20,0.07
GIAX,2026-03-27,0.068
GIAX,2026-04-06,0.065
GIAX,2026-04-10,0.067
GIAX,2026-04-17,0.073
GIAX,2026-04-24,0.074
GIAX,2026-05-01,0.073
GIAX,2026-05-08,0.077
GIAX,2026-05-15,0.078
GIAX,2026-05-22,0.076
GIAX,2026-05-29,0.08
GIAX,2026-06-05,0.085
GIAX,2026-06-12,0.079
GIAX,2026-06-22,0.081
GIAX,2026-06-26,0.079
GIAX,2026-07-06,0.079
GIAX,2026-07-10,0.075
GIAX,2026-07-17,0.075
GIAX,2026-07-24,0.073
GIAX,2026-07-31,0.068
GIAX,2026-08-07,0.074
GIAX,2026-08-14,0.074
GIAX,2026-08-21,0.074
GIAX,2026-08-28,0.074
GIAX,2026-09-04,0.073
GIAX,2026-09-11,0.075
GIAX,2026-09-18,0.072
GIAX,2026-09-25,0.076
GIAX,2026-10-02,0.074
GIGB,2023-09-01,0.137
GIGB,2023-10-02,0.148
GIGB,2023-11-01,0.164
GIGB,2023-12-01,0.143
GIGB,2023-12-27,0.167
GIGB,2024-02-01,0.155
GIGB,2024-03-01,0.137
GIGB,2024-04-01,0.155
GIGB,2024-05-01,0.183
GIGB,2024-06-03,0.16
GIGB,2024-07-01,0.158
GIGB,2024-08-01,0.188
GIGB,2024-09-03,0.161
GIGB,2024-10-01,0.176
GIGB,2024-11-01,0.177
GIGB,2024-12-02,0.164
GIGB,2024-12-31,0.191
GIGB,2025-02-03,0.176
GIGB,2025-03-03,0.168
GIGB,2025-04-01,0.182
GIGB,2025-05-01,0.2
GIGB,2025-06-02,0.18
GIGB,2025-07-01,0.184
GIGB,2025-08-01,0.184
GIGB,2025-09-02,0.171
GIGB,2025-10-01,0.189
GIGB,2025-11-03,0.182
GIGB,2025-12-01,0.16
GIGB,2025-12-31,0.194
GIGB,2026-02-02,0.166
GIGB,2026-03-02,0.16
GIGB,2026-04-01,0.182
GIGB,2026-05-01,0.166
GIGB,2026-06-01,0.169
GIGB,2026-07-01,0.19
GIGB,2026-08-03,0.182
GIGB,2026-09-01,0.184
GIGB,2026-10-01,0.18
GIGL,2025-08-01,0.236
GIGL,2025-09-02,0.182
GIGL,2025-10-01,0.178
GIGL,2025-11-03,0.131
GIGL,2025-12-01,0.175
GIGL,2025-12-31,0.177
GIGL,2026-02-02,0.185
GIGL,2026-03-02,0.166
GIGL,2026-04-01,0.165
GIGL,2026-05-01,0.128
GIGL,2026-06-01,0.179
GIGL,2026-07-01,0.197
GIGL,2026-08-03,0.205
GIGL,2026-09-01,0.19
GIGL,2026-10-01,0.195
GII,2023-12-15,2.399
GII,2024-06-03,0.867
GII,2024-12-18,1.043
GII,2025-06-02,0.974
GII,2025-12-18,1.236
GII,2026-06-01,0.784
GINC,2026-09-01,0.294
GINC,2026-10-01,0.178
GISC,2026-08-05,0.316
GISC,2026-09-03,0.217
GLDI,2023-09-19,0.309
GLDI,2023-10-19,0.402
GLDI,2023-11-20,1.515
GLDI,2023-12-19,0.578
GLDI,2024-01-19,1.022
GLDI,2024-02-20,0.864
GLDI,2024-03-19,0.603
GLDI,2024-04-19,1.627
GLDI,2024-05-21,1.848
GLDI,2024-06-21,1.177
GLDI,2024-07-22,1.442
GLDI,2024-08-21,2.051
GLDI,2024-09-20,2.205
GLDI,2024-10-22,2.308
GLDI,2024-11-20,1.397
GLDI,2024-12-20,0.68
GLDI,2025-01-22,1.626
GLDI,2025-02-21,1.924
GLDI,2025-03-20,0.885
GLDI,2025-04-22,2.869
GLDI,2025-05-21,3.857
GLDI,2025-06-20,2.888
GLDI,2025-07-22,2.879
GLDI,2025-08-20,1.344
GLDI,2025-09-22,1.749
GLDI,2025-10-22,1.71
GLDI,2025-11-20,3.09
GLDI,2025-12-22,3.241
GLDI,2026-01-21,3.467
GLDI,2026-02-20,4.312
GLDI,2026-03-20,2.77
GLDI,2026-04-22,3.683
GLDI,2026-05-20,4.427
GLDI,2026-06-22,5.559
GLDI,2026-07-22,1.588
GLDI,2026-08-20,1.85
GLDI,2026-09-22,2.485
GLOF,2023-12-20,0.594
GLOF,2024-06-11,0.415
GLOF,2024-12-17,0.709
GLOF,2025-06-16,0.412
GLOF,2025-12-16,0.484
GLOF,2026-06-15,0.449
GMF,2023-12-18,1.921
GMF,2024-06-24,0.637
GMF,2024-12-23,1.577
GMF,2025-06-23,0.862
GMF,2025-12-22,1.202
GMF,2026-06-22,0.655
GMMF,2025-03-03,0.25
GMMF,2025-04-01,0.316
GMMF,2025-05-01,0.314
GMMF,2025-06-02,0.323
GMMF,2025-07-01,0.337
GMMF,2025-08-01,0.321
GMMF,2025-09-02,0.353
GMMF,2025-10-01,0.297
GMMF,2025-11-03,0.335
GMMF,2025-12-01,0.298
GMMF,2025-12-19,0.311
GMMF,2026-02-02,0.298
GMMF,2026-03-02,0.25
GMMF,2026-04-01,0.313
GMMF,2026-04-08,0.055
GMMF,2026-04-15,0.065
GMMF,2026-04-22,0.066
GMMF,2026-04-29,0.066
GMMF,2026-05-06,0.063
GMMF,2026-05-13,0.064
GMMF,2026-05-20,0.062
GMMF,2026-05-27,0.058
GMMF,2026-06-03,0.066
GMMF,2026-06-10,0.063
GMMF,2026-06-17,0.067
GMMF,2026-06-24,0.066
GMMF,2026-07-01,0.067
GMMF,2026-07-08,0.067
GMMF,2026-07-15,0.066
GMMF,2026-07-22,0.066
GMMF,2026-07-29,0.066
GMMF,2026-08-05,0.068
GMMF,2026-08-12,0.066
GMMF,2026-08-19,0.068
GMMF,2026-08-26,0.068
GMMF,2026-09-02,0.068
GMMF,2026-09-09,0.068
GMMF,2026-09-16,0.068
GMMF,2026-09-23,0.069
GMMF,2026-09-30,0.071
GMNY,2024-10-01,0.148
GMNY,2024-11-01,0.133
GMNY,2024-12-02,0.135
GMNY,2024-12-31,0.155
GMNY,2025-02-03,0.144
GMNY,2025-03-03,0.134
GMNY,2025-04-01,0.15
GMNY,2025-05-01,0.146
GMNY,2025-06-02,0.144
GMNY,2025-07-01,0.151
GMNY,2025-08-01,0.078
GMNY,2025-09-02,0.14
GMNY,2025-10-01,0.155
GMNY,2025-11-03,0.146
GMNY,2025-12-01,0.129
GMNY,2025-12-31,0.149
GMNY,2026-02-02,0.143
GMNY,2026-03-02,0.135
GMNY,2026-04-01,0.149
GMNY,2026-05-01,0.143
GMNY,2026-06-01,0.132
GMNY,2026-07-01,0.154
GMNY,2026-08-03,0.145
GMNY,2026-09-01,0.141
GMNY,2026-10-01,0.129
GMOI,2024-12-30,0.127
GMOI,2025-09-30,0.57
GMOI,2025-12-30,0.349
GMOI,2026-06-30,0.151
GMUB,2024-09-03,0.15
GMUB,2024-10-01,0.158
GMUB,2024-11-01,0.142
GMUB,2024-12-02,0.14
GMUB,2024-12-31,0.138
GMUB,2025-02-03,0.154
GMUB,2025-03-03,0.139
GMUB,2025-04-01,0.115
GMUB,2025-05-01,0.142
GMUB,2025-06-02,0.105
GMUB,2025-07-01,0.112
GMUB,2025-08-01,0.105
GMUB,2025-09-02,0.134
GMUB,2025-10-01,0.158
GMUB,2025-11-03,0.156
GMUB,2025-12-01,0.142
GMUB,2025-12-31,0.148
GMUB,2026-02-02,0.145
GMUB,2026-03-02,0.141
GMUB,2026-04-01,0.14
GMUB,2026-05-01,0.148
GMUB,2026-06-01,0.141
GMUB,2026-07-01,0.158
GMUB,2026-08-03,0.154
GMUB,2026-09-01,0.115
GNMA,2023-09-01,0.13
GNMA,2023-10-02,0.13
GNMA,2023-11-01,0.122
GNMA,2023-12-01,0.14
GNMA,2023-12-14,0.13
GNMA,2024-02-01,0.149
GNMA,2024-03-01,0.145
GNMA,2024-04-01,0.163
GNMA,2024-05-01,0.142
GNMA,2024-06-03,0.149
GNMA,2024-07-01,0.15
GNMA,2024-08-01,0.147
GNMA,2024-09-03,0.15
GNMA,2024-10-01,0.149
GNMA,2024-11-01,0.147
GNMA,2024-12-02,0.14
GNMA,2024-12-18,0.149
GNMA,2025-02-03,0.157
GNMA,2025-03-03,0.151
GNMA,2025-04-01,0.153
GNMA,2025-05-01,0.155
GNMA,2025-06-02,0.152
GNMA,2025-07-01,0.155
GNMA,2025-08-01,0.157
GNMA,2025-09-02,0.16
GNMA,2025-10-01,0.158
GNMA,2025-11-03,0.153
GNMA,2025-12-01,0.155
GNMA,2025-12-19,0.158
GNMA,2026-02-02,0.157
GNMA,2026-03-02,0.152
GNMA,2026-04-01,0.152
GNMA,2026-05-01,0.155
GNMA,2026-06-01,0.154
GNMA,2026-07-01,0.158
GNMA,2026-08-03,0.162
GNMA,2026-09-01,0.158
GNMA,2026-10-01,0.166
GNOM,2025-06-27,0.032
GNOM,2025-12-30,0.591
GNOM,2026-06-29,0.058
GNR,2023-12-15,0.982
GNR,2024-06-03,0.987
GNR,2024-12-18,1.368
GNR,2025-06-02,0.756
GNR,2025-12-18,0.961
GNR,2026-06-01,0.861
GOOW,2025-08-04,0.352
GOOW,2025-08-11,0.558
GOOW,2025-08-18,0.801
GOOW,2025-08-25,1.592
GOOW,2025-09-02,0.397
GOOW,2025-09-08,0.855
GOOW,2025-09-15,0.453
GOOW,2025-09-22,0.486
GOOW,2025-09-29,0.793
GOOW,2025-10-06,0.546
GOOW,2025-10-14,0.682
GOOW,2025-10-20,0.528
GOOW,2025-10-27,0.575
GOOW,2025-11-03,0.568
GOOW,2025-11-10,0.637
GOOW,2025-11-17,0.55
GOOW,2025-11-24,0.53
GOOW,2025-12-01,0.725
GOOW,2025-12-08,0.751
GOOW,2025-12-15,0.64
GOOW,2025-12-22,0.459
GOOW,2025-12-29,0.525
GOOW,2026-01-05,0.617
GOOW,2026-01-12,0.478
GOOW,2026-01-20,0.639
GOOW,2026-01-26,0.501
GOOW,2026-02-02,0.462
GOOW,2026-02-09,0.625
GOOW,2026-02-17,0.31
GOOW,2026-02-23,0.257
GOOW,2026-03-02,0.551
GOOW,2026-03-09,0.418
GOOW,2026-03-16,0.316
GOOW,2026-03-23,0.483
GOOW,2026-03-30,0.423
GOOW,2026-04-06,0.159
GOOW,2026-04-13,0.541
GOOW,2026-04-20,0.547
GOOW,2026-04-27,0.587
GOOW,2026-05-04,0.491
GOOW,2026-05-11,0.683
GOOW,2026-05-18,0.717
GOOW,2026-05-26,0.526
GOOW,2026-06-01,0.381
GOOW,2026-06-08,0.467
GOOW,2026-06-15,0.392
GOOW,2026-06-22,0.403
GOOW,2026-06-29,0.571
GOOW,2026-07-06,0.15
GOOW,2026-07-13,0.621
GOOW,2026-07-20,0.426
GOOW,2026-07-27,0.345
GOOW,2026-08-03,0.136
GOOW,2026-08-10,0.572
GOOW,2026-08-17,0.392
GOOW,2026-08-24,0.313
GOOW,2026-08-31,0.383
GOOW,2026-09-08,0.4
GOOW,2026-09-14,0.306
GOOW,2026-09-21,0.374
GOOW,2026-09-28,0.476
GOOX,2024-12-24,5.304
GOOX,2025-12-24,0.213
GOOY,2023-09-08,0.291
GOOY,2023-10-06,0.39
GOOY,2023-11-08,0.391
GOOY,2023-12-07,0.374
GOOY,2024-01-05,0.23
GOOY,2024-02-07,0.421
GOOY,2024-03-06,0.255
GOOY,2024-04-04,0.31
GOOY,2024-05-06,0.668
GOOY,2024-06-06,0.686
GOOY,2024-07-05,0.468
GOOY,2024-08-07,0.499
GOOY,2024-09-06,0.358
GOOY,2024-10-03,0.255
GOOY,2024-10-31,0.377
GOOY,2024-11-29,0.285
GOOY,2024-12-27,0.633
GOOY,2025-01-23,0.332
GOOY,2025-02-20,0.388
GOOY,2025-03-20,0.328
GOOY,2025-04-17,0.373
GOOY,2025-05-15,0.345
GOOY,2025-06-12,0.398
GOOY,2025-07-10,0.308
GOOY,2025-08-07,0.449
GOOY,2025-09-04,0.694
GOOY,2025-10-02,0.694
GOOY,2025-10-16,0.164
GOOY,2025-10-23,0.21
GOOY,2025-10-30,0.138
GOOY,2025-11-06,0.28
GOOY,2025-11-13,0.094
GOOY,2025-11-20,0.1
GOOY,2025-11-28,0.228
GOOY,2025-12-04,0.251
GOOY,2025-12-11,0.108
GOOY,2025-12-18,0.092
GOOY,2025-12-26,0.087
GOOY,2026-01-02,0.085
GOOY,2026-01-08,0.08
GOOY,2026-01-15,0.098
GOOY,2026-01-22,0.105
GOOY,2026-01-29,0.103
GOOY,2026-02-05,0.112
GOOY,2026-02-12,0.096
GOOY,2026-02-19,0.102
GOOY,2026-02-26,0.105
GOOY,2026-03-05,0.103
GOOY,2026-03-12,0.087
GOOY,2026-03-19,0.085
GOOY,2026-03-26,0.082
GOOY,2026-04-02,0.079
GOOY,2026-04-09,0.085
GOOY,2026-04-16,0.092
GOOY,2026-04-23,0.121
GOOY,2026-04-30,0.225
GOOY,2026-05-07,0.297
GOOY,2026-05-14,0.243
GOOY,2026-05-21,0.182
GOOY,2026-05-28,0.151
GOOY,2026-06-04,0.084
GOOY,2026-06-11,0.082
GOOY,2026-06-18,0.084
GOOY,2026-06-25,0.076
GOOY,2026-07-02,0.08
GOOY,2026-07-09,0.074
GOOY,2026-07-16,0.073
GOOY,2026-07-23,0.078
GOOY,2026-07-30,0.086
GOOY,2026-08-06,0.094
GOOY,2026-08-13,0.072
GOOY,2026-08-20,0.072
GOOY,2026-08-27,0.08
GOOY,2026-09-03,0.066
GOOY,2026-09-10,0.053
GOOY,2026-09-17,0.06
GOOY,2026-09-24,0.061
GOOY,2026-10-01,0.058
GOVI,2023-09-18,0.076
GOVI,2023-10-23,0.074
GOVI,2023-11-20,0.082
GOVI,2023-12-18,0.106
GOVI,2024-01-22,0.077
GOVI,2024-02-20,0.078
GOVI,2024-03-18,0.079
GOVI,2024-04-22,0.083
GOVI,2024-05-20,0.083
GOVI,2024-06-24,0.078
GOVI,2024-07-22,0.077
GOVI,2024-08-19,0.074
GOVI,2024-09-23,0.079
GOVI,2024-10-21,0.08
GOVI,2024-11-18,0.076
GOVI,2024-12-23,0.1
GOVI,2025-01-21,0.087
GOVI,2025-02-24,0.082
GOVI,2025-03-24,0.083
GOVI,2025-04-21,0.084
GOVI,2025-05-19,0.088
GOVI,2025-06-23,0.089
GOVI,2025-07-21,0.085
GOVI,2025-08-18,0.088
GOVI,2025-09-22,0.087
GOVI,2025-10-20,0.083
GOVI,2025-11-24,0.086
GOVI,2025-12-22,0.094
GOVI,2026-01-20,0.089
GOVI,2026-02-23,0.083
GOVI,2026-03-23,0.084
GOVI,2026-04-20,0.082
GOVI,2026-05-18,0.084
GOVI,2026-06-22,0.09
GOVI,2026-07-20,0.092
GOVI,2026-08-24,0.092
GOVI,2026-09-21,0.093
GOVT,2023-09-01,0.053
GOVT,2023-10-02,0.049
GOVT,2023-11-01,0.057
GOVT,2023-12-01,0.055
GOVT,2023-12-14,0.061
GOVT,2024-02-01,0.053
GOVT,2024-03-01,0.053
GOVT,2024-04-01,0.058
GOVT,2024-05-01,0.06
GOVT,2024-06-03,0.059
GOVT,2024-07-01,0.061
GOVT,2024-08-01,0.062
GOVT,2024-09-03,0.063
GOVT,2024-10-01,0.062
GOVT,2024-11-01,0.063
GOVT,2024-12-02,0.063
GOVT,2024-12-18,0.065
GOVT,2025-02-03,0.067
GOVT,2025-03-03,0.061
GOVT,2025-04-01,0.071
GOVT,2025-05-01,0.064
GOVT,2025-06-02,0.068
GOVT,2025-07-01,0.066
GOVT,2025-08-01,0.068
GOVT,2025-09-02,0.068
GOVT,2025-10-01,0.065
GOVT,2025-11-03,0.064
GOVT,2025-12-01,0.068
GOVT,2025-12-19,0.072
GOVT,2026-02-02,0.069
GOVT,2026-03-02,0.064
GOVT,2026-04-01,0.068
GOVT,2026-05-01,0.069
GOVT,2026-06-01,0.071
GOVT,2026-07-01,0.068
GOVT,2026-08-03,0.073
GOVT,2026-09-01,0.076
GOVT,2026-10-01,0.071
GOVZ,2023-09-01,0.156
GOVZ,2023-10-02,0.144
GOVZ,2023-11-01,0.148
GOVZ,2023-12-01,0.152
GOVZ,2023-12-14,0.164
GOVZ,2024-02-01,0.148
GOVZ,2024-03-01,0.128
GOVZ,2024-04-01,0.18
GOVZ,2024-05-01,0.152
GOVZ,2024-06-03,0.152
GOVZ,2024-07-01,0.148
GOVZ,2024-08-01,0.144
GOVZ,2024-09-03,0.152
GOVZ,2024-10-01,0.164
GOVZ,2024-11-01,0.16
GOVZ,2024-12-02,0.156
GOVZ,2024-12-18,0.164
GOVZ,2025-02-03,0.152
GOVZ,2025-03-03,0.148
GOVZ,2025-04-01,0.16
GOVZ,2025-05-01,0.156
GOVZ,2025-06-02,0.156
GOVZ,2025-07-01,0.152
GOVZ,2025-08-01,0.156
GOVZ,2025-09-02,0.152
GOVZ,2025-10-01,0.144
GOVZ,2025-11-03,0.164
GOVZ,2025-12-01,0.148
GOVZ,2025-12-19,0.156
GOVZ,2026-02-02,0.16
GOVZ,2026-03-02,0.144
GOVZ,2026-04-01,0.156
GOVZ,2026-05-01,0.152
GOVZ,2026-06-01,0.171
GOVZ,2026-07-01,0.151
GOVZ,2026-08-03,0.154
GOVZ,2026-09-01,0.141
GOVZ,2026-10-01,0.143
GPIQ,2023-12-04,0.375
GPIQ,2023-12-28,0.387
GPIQ,2024-02-02,0.391
GPIQ,2024-03-04,0.404
GPIQ,2024-04-02,0.407
GPIQ,2024-05-02,0.388
GPIQ,2024-06-04,0.406
GPIQ,2024-07-02,0.42
GPIQ,2024-08-02,0.41
GPIQ,2024-09-04,0.411
GPIQ,2024-10-02,0.418
GPIQ,2024-11-04,0.414
GPIQ,2024-12-03,0.431
GPIQ,2025-01-03,0.429
GPIQ,2025-02-03,0.438
GPIQ,2025-03-03,0.415
GPIQ,2025-04-01,0.386
GPIQ,2025-05-01,0.388
GPIQ,2025-06-02,0.415
GPIQ,2025-07-01,0.435
GPIQ,2025-08-01,0.442
GPIQ,2025-09-02,0.443
GPIQ,2025-10-01,0.458
GPIQ,2025-11-03,0.474
GPIQ,2025-12-01,0.465
GPIQ,2026-01-02,0.463
GPIQ,2026-02-02,0.466
GPIQ,2026-03-02,0.453
GPIQ,2026-04-01,0.432
GPIQ,2026-05-01,0.483
GPIQ,2026-06-01,0.519
GPIQ,2026-07-01,0.519
GPIQ,2026-08-03,0.486
GPIQ,2026-09-01,0.497
GPIQ,2026-10-01,0.509
GPIX,2023-12-04,0.303
GPIX,2023-12-28,0.313
GPIX,2024-02-02,0.316
GPIX,2024-03-04,0.327
GPIX,2024-04-02,0.333
GPIX,2024-05-02,0.318
GPIX,2024-06-04,0.329
GPIX,2024-07-02,0.336
GPIX,2024-08-02,0.338
GPIX,2024-09-04,0.342
GPIX,2024-10-02,0.347
GPIX,2024-11-04,0.343
GPIX,2024-12-03,0.358
GPIX,2025-01-03,0.35
GPIX,2025-02-03,0.358
GPIX,2025-03-03,0.344
GPIX,2025-04-01,0.327
GPIX,2025-05-01,0.323
GPIX,2025-06-02,0.339
GPIX,2025-07-01,0.352
GPIX,2025-08-01,0.358
GPIX,2025-09-02,0.362
GPIX,2025-10-01,0.369
GPIX,2025-11-03,0.376
GPIX,2025-12-01,0.374
GPIX,2026-01-02,0.375
GPIX,2026-02-02,0.376
GPIX,2026-03-02,0.372
GPIX,2026-04-01,0.353
GPIX,2026-05-01,0.383
GPIX,2026-06-01,0.397
GPIX,2026-07-01,0.394
GPIX,2026-08-03,0.392
GPIX,2026-09-01,0.397
GPIX,2026-10-01,0.397
GPTY,2025-02-07,0.335
GPTY,2025-02-13,0.294
GPTY,2025-02-20,0.326
GPTY,2025-02-27,0.313
GPTY,2025-03-06,0.309
GPTY,2025-03-13,0.282
GPTY,2025-03-20,0.264
GPTY,2025-03-27,0.279
GPTY,2025-04-03,0.267
GPTY,2025-04-10,0.236
GPTY,2025-04-17,0.255
GPTY,2025-04-24,0.247
GPTY,2025-05-01,0.293
GPTY,2025-05-08,0.274
GPTY,2025-05-15,0.271
GPTY,2025-05-22,0.291
GPTY,2025-05-29,0.29
GPTY,2025-06-05,0.298
GPTY,2025-06-12,0.307
GPTY,2025-06-20,0.323
GPTY,2025-06-26,0.314
GPTY,2025-07-03,0.318
GPTY,2025-07-10,0.295
GPTY,2025-07-17,0.296
GPTY,2025-07-24,0.322
GPTY,2025-07-31,0.315
GPTY,2025-08-07,0.304
GPTY,2025-08-14,0.292
GPTY,2025-08-21,0.308
GPTY,2025-08-28,0.292
GPTY,2025-09-04,0.299
GPTY,2025-09-11,0.296
GPTY,2025-09-18,0.361
GPTY,2025-09-25,0.366
GPTY,2025-10-02,0.312
GPTY,2025-10-09,0.301
GPTY,2025-10-15,0.314
GPTY,2025-10-22,0.456
GPTY,2025-10-29,0.325
GPTY,2025-11-05,0.337
GPTY,2025-11-12,0.323
GPTY,2025-11-19,0.301
GPTY,2025-11-26,0.305
GPTY,2025-12-03,0.3
GPTY,2025-12-10,0.308
GPTY,2025-12-17,0.253
GPTY,2025-12-24,0.294
GPTY,2025-12-31,0.257
GPTY,2026-01-07,0.292
GPTY,2026-01-14,0.337
GPTY,2026-01-21,0.292
GPTY,2026-01-28,0.283
GPTY,2026-02-04,0.238
GPTY,2026-02-11,0.233
GPTY,2026-02-18,0.262
GPTY,2026-02-25,0.218
GPTY,2026-03-04,0.223
GPTY,2026-03-11,0.261
GPTY,2026-03-18,0.222
GPTY,2026-03-25,0.259
GPTY,2026-04-01,0.269
GPTY,2026-04-08,0.288
GPTY,2026-04-15,0.307
GPTY,2026-04-22,0.32
GPTY,2026-04-29,0.335
GPTY,2026-05-06,0.334
GPTY,2026-05-13,0.356
GPTY,2026-05-20,0.347
GPTY,2026-05-27,0.36
GPTY,2026-06-03,0.383
GPTY,2026-06-10,0.324
GPTY,2026-06-17,0.371
GPTY,2026-06-24,0.368
GPTY,2026-07-01,0.305
GPTY,2026-07-08,0.308
GPTY,2026-07-15,0.342
GPTY,2026-07-22,0.281
GPTY,2026-07-29,0.276
GPTY,2026-08-05,0.286
GPTY,2026-08-12,0.293
GPTY,2026-08-19,0.295
GPTY,2026-08-26,0.283
GPTY,2026-09-02,0.29
GPTY,2026-09-09,0.289
GPTY,2026-09-16,0.29
GPTY,2026-09-23,0.291
GPTY,2026-09-30,0.294
GPZ,2025-12-22,0.225
GQGU,2025-12-30,0.25
GQI,2023-12-22,0.156
GQI,2024-02-01,0.386
GQI,2024-03-01,0.281
GQI,2024-04-01,0.325
GQI,2024-05-01,0.324
GQI,2024-07-01,0.288
GQI,2024-08-01,0.312
GQI,2024-09-03,0.418
GQI,2024-10-01,0.383
GQI,2024-11-01,0.393
GQI,2024-12-02,0.416
GQI,2024-12-20,0.319
GQI,2025-02-03,0.383
GQI,2025-03-03,0.383
GQI,2025-04-01,0.402
GQI,2025-05-01,0.595
GQI,2025-06-02,0.621
GQI,2025-07-01,0.397
GQI,2025-08-01,0.417
GQI,2025-09-02,0.374
GQI,2025-10-01,0.343
GQI,2025-11-03,0.383
GQI,2025-12-01,0.4
GQI,2025-12-30,0.423
GQI,2026-02-02,0.474
GQI,2026-03-02,0.418
GQI,2026-04-01,0.526
GQI,2026-05-01,0.615
GQI,2026-06-01,0.395
GQI,2026-07-01,0.326
GQI,2026-08-03,0.523
GQI,2026-09-01,0.406
GQI,2026-10-01,0.378
GQRE,2023-09-15,0.498
GQRE,2023-12-15,0.503
GQRE,2024-03-15,0.053
GQRE,2024-06-21,0.438
GQRE,2024-09-20,0.413
GQRE,2024-12-20,1.247
GQRE,2025-03-21,0.124
GQRE,2025-06-20,0.596
GQRE,2025-09-19,0.506
GQRE,2025-12-19,1.569
GQRE,2026-03-20,0.077
GQRE,2026-06-18,0.582
GQRE,2026-09-18,0.423
GREK,2023-12-28,0.751
GREK,2024-06-27,0.122
GREK,2024-12-30,1.675
GREK,2025-06-27,0.883
GREK,2025-12-30,1.401
GREK,2026-06-29,0.551
GRID,2023-09-22,0.159
GRID,2023-12-22,0.355
GRID,2024-03-21,0.102
GRID,2024-06-27,0.638
GRID,2024-09-26,0.251
GRID,2024-12-13,0.273
GRID,2025-03-27,0.139
GRID,2025-06-26,0.835
GRID,2025-09-25,0.236
GRID,2025-12-12,0.338
GRID,2026-03-26,0.1
GRID,2026-06-25,0.756
GRID,2026-09-24,0.353
GRNB,2023-09-01,0.063
GRNB,2023-10-02,0.061
GRNB,2023-11-01,0.07
GRNB,2023-12-01,0.067
GRNB,2023-12-27,0.073
GRNB,2024-02-01,0.074
GRNB,2024-03-01,0.066
GRNB,2024-04-01,0.076
GRNB,2024-05-01,0.071
GRNB,2024-06-03,0.077
GRNB,2024-07-01,0.073
GRNB,2024-08-01,0.078
GRNB,2024-09-03,0.077
GRNB,2024-10-01,0.075
GRNB,2024-11-01,0.083
GRNB,2024-12-02,0.076
GRNB,2024-12-27,0.082
GRNB,2025-02-03,0.083
GRNB,2025-03-03,0.074
GRNB,2025-04-01,0.089
GRNB,2025-05-01,0.084
GRNB,2025-06-02,0.087
GRNB,2025-07-01,0.08
GRNB,2025-08-01,0.091
GRNB,2025-09-02,0.085
GRNB,2025-10-01,0.084
GRNB,2025-11-03,0.088
GRNB,2025-11-28,0.082
GRNB,2025-12-29,0.09
GRNB,2026-02-02,0.089
GRNB,2026-03-02,0.078
GRNB,2026-04-01,0.098
GRNB,2026-05-01,0.085
GRNB,2026-06-01,0.067
GRNB,2026-07-01,0.111
GRNB,2026-08-03,0.094
GRNB,2026-09-01,0.091
GRNB,2026-10-01,0.086
GRNY,2026-06-29,0.02
GRNY,2026-09-29,0.015
GRPM,2023-09-18,0.151
GRPM,2023-12-18,0.187
GRPM,2024-03-18,0.276
GRPM,2024-06-24,0.296
GRPM,2024-09-23,0.293
GRPM,2024-12-23,0.209
GRPM,2025-03-24,0.406
GRPM,2025-06-23,0.488
GRPM,2025-09-22,0.315
GRPM,2025-12-22,0.217
GRPM,2026-03-23,0.213
GRPM,2026-06-22,0.204
GRPM,2026-09-21,0.151
GSEW,2023-09-25,0.228
GSEW,2023-12-26,0.438
GSEW,2024-03-22,0.184
GSEW,2024-06-24,0.292
GSEW,2024-09-24,0.251
GSEW,2024-12-23,0.398
GSEW,2025-03-25,0.241
GSEW,2025-06-24,0.33
GSEW,2025-09-24,0.347
GSEW,2025-12-23,0.374
GSEW,2026-03-25,0.27
GSEW,2026-06-24,0.314
GSEW,2026-09-24,0.383
GSID,2023-09-25,0.132
GSID,2023-12-26,0.2
GSID,2024-03-22,0.237
GSID,2024-06-24,0.703
GSID,2024-09-24,0.342
GSID,2024-12-23,0.291
GSID,2025-03-25,0.239
GSID,2025-06-24,0.868
GSID,2025-09-24,0.368
GSID,2025-12-23,0.355
GSID,2026-03-25,0.239
GSID,2026-06-24,0.899
GSID,2026-09-24,0.388
GSIE,2023-09-25,0.139
GSIE,2023-12-26,0.149
GSIE,2024-03-22,0.135
GSIE,2024-06-24,0.45
GSIE,2024-09-24,0.229
GSIE,2024-12-23,0.179
GSIE,2024-12-31,0.043
GSIE,2025-03-25,0.131
GSIE,2025-06-24,0.563
GSIE,2025-09-24,0.224
GSIE,2025-12-23,0.219
GSIE,2026-03-25,0.143
GSIE,2026-06-24,0.588
GSIE,2026-09-24,0.26
GSLC,2023-09-25,0.274
GSLC,2023-12-26,0.406
GSLC,2024-03-22,0.305
GSLC,2024-06-24,0.309
GSLC,2024-09-24,0.297
GSLC,2024-12-23,0.363
GSLC,2025-03-25,0.336
GSLC,2025-06-24,0.331
GSLC,2025-09-24,0.318
GSLC,2025-12-23,0.338
GSLC,2026-03-25,0.341
GSLC,2026-06-24,0.345
GSLC,2026-09-24,0.457
GSOL,2026-09-03,0.03
GSSC,2023-09-25,0.118
GSSC,2023-12-26,0.315
GSSC,2024-03-22,0.196
GSSC,2024-06-24,0.23
GSSC,2024-09-24,0.116
GSSC,2024-12-23,0.437
GSSC,2025-03-25,0.176
GSSC,2025-06-24,0.194
GSSC,2025-09-24,0.271
GSSC,2025-12-23,0.247
GSSC,2026-03-25,0.205
GSSC,2026-06-24,0.214
GSSC,2026-09-24,0.198
GSST,2023-09-01,0.219
GSST,2023-10-02,0.202
GSST,2023-11-01,0.219
GSST,2023-12-01,0.23
GSST,2023-12-27,0.251
GSST,2024-02-01,0.199
GSST,2024-03-01,0.209
GSST,2024-04-01,0.211
GSST,2024-05-01,0.236
GSST,2024-06-03,0.229
GSST,2024-07-01,0.212
GSST,2024-08-01,0.252
GSST,2024-09-03,0.229
GSST,2024-10-01,0.284
GSST,2024-11-01,0.228
GSST,2024-12-02,0.19
GSST,2024-12-31,0.256
GSST,2025-02-03,0.181
GSST,2025-03-03,0.184
GSST,2025-04-01,0.194
GSST,2025-05-01,0.197
GSST,2025-06-02,0.188
GSST,2025-07-01,0.194
GSST,2025-08-01,0.193
GSST,2025-09-02,0.177
GSST,2025-10-01,0.231
GSST,2025-11-03,0.184
GSST,2025-12-01,0.164
GSST,2025-12-31,0.215
GSST,2026-02-02,0.14
GSST,2026-03-02,0.162
GSST,2026-04-01,0.181
GSST,2026-05-01,0.171
GSST,2026-06-01,0.166
GSST,2026-07-01,0.185
GSST,2026-08-03,0.176
GSST,2026-09-01,0.178
GSST,2026-10-01,0.193
GSUI,2026-09-03,0.009
GSUS,2023-09-25,0.185
GSUS,2023-12-26,0.252
GSUS,2024-03-22,0.224
GSUS,2024-06-24,0.226
GSUS,2024-09-24,0.227
GSUS,2024-12-23,0.284
GSUS,2025-03-25,0.234
GSUS,2025-06-24,0.251
GSUS,2025-09-24,0.241
GSUS,2025-12-23,0.255
GSUS,2026-03-25,0.273
GSUS,2026-06-24,0.256
GSUS,2026-09-24,0.254
GSWO,2023-09-25,0.161
GSWO,2023-12-26,0.259
GSWO,2024-03-22,0.15
GSWO,2024-06-24,0.32
GSWO,2024-09-24,0.184
GSWO,2024-12-23,0.213
GSWO,2025-03-25,0.163
GSWO,2025-06-24,0.374
GSWO,2025-09-24,0.242
GSWO,2025-12-23,0.226
GSWO,2026-03-25,0.188
GSWO,2026-06-24,0.317
GSWO,2026-09-24,0.204
GSY,2023-09-18,0.216
GSY,2023-10-23,0.216
GSY,2023-11-20,0.221
GSY,2023-12-18,0.393
GSY,2024-01-22,0.221
GSY,2024-02-20,0.229
GSY,2024-03-18,0.222
GSY,2024-04-22,0.221
GSY,2024-05-20,0.228
GSY,2024-06-24,0.228
GSY,2024-07-22,0.22
GSY,2024-08-19,0.23
GSY,2024-09-23,0.217
GSY,2024-10-21,0.207
GSY,2024-11-18,0.233
GSY,2024-12-23,0.204
GSY,2025-01-21,0.209
GSY,2025-02-24,0.198
GSY,2025-03-24,0.196
GSY,2025-04-21,0.186
GSY,2025-05-19,0.198
GSY,2025-06-23,0.2
GSY,2025-07-21,0.189
GSY,2025-08-18,0.189
GSY,2025-09-22,0.185
GSY,2025-10-20,0.18
GSY,2025-11-24,0.18
GSY,2025-12-22,0.18
GSY,2026-01-20,0.187
GSY,2026-02-23,0.174
GSY,2026-03-23,0.17
GSY,2026-04-20,0.163
GSY,2026-05-18,0.18
GSY,2026-06-22,0.177
GSY,2026-07-20,0.168
GSY,2026-08-24,0.17
GSY,2026-09-21,0.175
GTIP,2023-09-01,0.149
GTIP,2023-10-02,0.082
GTIP,2023-11-01,0.219
GTIP,2023-12-01,0.131
GTIP,2024-04-01,0.123
GTIP,2024-05-01,0.379
GTIP,2024-06-03,0.366
GTIP,2024-07-01,0.222
GTIP,2024-08-01,0.14
GTIP,2024-09-03,0.052
GTIP,2024-10-01,0.097
GTIP,2024-11-01,0.082
GTIP,2024-12-02,0.119
GTIP,2024-12-31,0.117
GTIP,2025-02-03,0.005
GTIP,2025-03-03,0.057
GTIP,2025-04-01,0.386
GTIP,2025-05-01,0.289
GTIP,2025-06-02,0.17
GTIP,2025-07-01,0.219
GTIP,2025-08-01,0.167
GTIP,2025-09-02,0.218
GTIP,2025-10-01,0.152
GTIP,2025-11-03,0.211
GTIP,2025-12-01,0.175
GTIP,2025-12-31,0.2
GTIP,2026-04-01,0.115
GTIP,2026-05-01,0.301
GTIP,2026-06-01,0.537
GTIP,2026-07-01,0.534
GTIP,2026-08-03,0.398
GTIP,2026-10-01,0.054
GTO,2023-09-18,0.154
GTO,2023-10-23,0.169
GTO,2023-11-20,0.167
GTO,2023-12-18,0.166
GTO,2024-01-22,0.168
GTO,2024-02-20,0.171
GTO,2024-03-18,0.18
GTO,2024-04-22,0.177
GTO,2024-05-20,0.182
GTO,2024-06-24,0.178
GTO,2024-07-22,0.172
GTO,2024-08-19,0.151
GTO,2024-09-23,0.173
GTO,2024-10-21,0.167
GTO,2024-11-18,0.159
GTO,2024-12-23,0.174
GTO,2025-01-21,0.172
GTO,2025-02-24,0.173
GTO,2025-03-24,0.188
GTO,2025-04-21,0.18
GTO,2025-05-19,0.177
GTO,2025-06-23,0.167
GTO,2025-07-21,0.179
GTO,2025-08-18,0.204
GTO,2025-09-22,0.211
GTO,2025-10-20,0.193
GTO,2025-11-24,0.194
GTO,2025-12-22,0.191
GTO,2026-01-20,0.184
GTO,2026-02-23,0.18
GTO,2026-03-23,0.181
GTO,2026-04-20,0.17
GTO,2026-05-18,0.178
GTO,2026-06-22,0.187
GTO,2026-07-20,0.19
GTO,2026-08-24,0.197
GTO,2026-09-21,0.195
GTOC,2025-08-18,0.094
GTOC,2025-09-22,0.07
GTOC,2025-10-20,0.106
GTOC,2025-11-24,0.07
GTOC,2025-12-22,0.166
GTOC,2026-01-20,0.087
GTOC,2026-02-23,0.088
GTOC,2026-03-23,0.083
GTOC,2026-04-20,0.083
GTOC,2026-05-18,0.094
GTOC,2026-06-22,0.098
GTOC,2026-07-20,0.093
GTOC,2026-08-24,0.09
GTOC,2026-09-21,0.093
GUNR,2023-09-15,0.297
GUNR,2023-12-15,0.459
GUNR,2024-03-15,0.159
GUNR,2024-06-21,0.433
GUNR,2024-09-20,0.319
GUNR,2024-12-20,0.32
GUNR,2025-03-21,0.267
GUNR,2025-06-20,0.353
GUNR,2025-09-19,0.35
GUNR,2025-12-19,0.32
GUNR,2026-03-20,0.198
GUNR,2026-06-18,0.349
GUNR,2026-09-18,0.366
GUSH,2023-09-19,0.258
GUSH,2023-12-21,0.207
GUSH,2024-03-19,0.223
GUSH,2024-06-25,0.22
GUSH,2024-09-24,0.199
GUSH,2024-12-23,0.18
GUSH,2025-03-25,0.164
GUSH,2025-06-24,0.146
GUSH,2025-09-23,0.147
GUSH,2025-12-23,0.112
GUSH,2026-03-24,0.144
GUSH,2026-06-23,0.076
GUSH,2026-09-22,0.148
GVAL,2023-09-21,0.286
GVAL,2023-12-14,0.193
GVAL,2024-03-21,0.02
GVAL,2024-06-21,0.97
GVAL,2025-06-18,0.462
GVAL,2025-09-18,0.206
GVAL,2025-12-18,0.253
GVAL,2026-03-20,0.093
GVAL,2026-06-18,0.336
GVAL,2026-09-18,0.256
GVI,2023-09-01,0.239
GVI,2023-10-02,0.238
GVI,2023-11-01,0.262
GVI,2023-12-01,0.263
GVI,2023-12-14,0.283
GVI,2024-02-01,0.313
GVI,2024-03-01,0.277
GVI,2024-04-01,0.285
GVI,2024-05-01,0.284
GVI,2024-06-03,0.288
GVI,2024-07-01,0.282
GVI,2024-08-01,0.298
GVI,2024-09-03,0.308
GVI,2024-10-01,0.29
GVI,2024-11-01,0.306
GVI,2024-12-02,0.306
GVI,2024-12-18,0.303
GVI,2025-02-03,0.304
GVI,2025-03-03,0.291
GVI,2025-04-01,0.308
GVI,2025-05-01,0.308
GVI,2025-06-02,0.315
GVI,2025-07-01,0.308
GVI,2025-08-01,0.313
GVI,2025-09-02,0.318
GVI,2025-10-01,0.305
GVI,2025-11-03,0.322
GVI,2025-12-01,0.315
GVI,2025-12-19,0.324
GVI,2026-02-02,0.325
GVI,2026-03-02,0.312
GVI,2026-04-01,0.33
GVI,2026-05-01,0.325
GVI,2026-06-01,0.328
GVI,2026-07-01,0.321
GVI,2026-08-03,0.325
GVI,2026-09-01,0.332
GVI,2026-10-01,0.327
GVIP,2023-12-26,0.741
GVIP,2024-12-23,0.355
GVIP,2025-12-23,0.519
GWX,2023-12-18,0.362
GWX,2024-06-24,0.449
GWX,2024-12-23,0.392
GWX,2025-06-23,0.49
GWX,2025-12-22,0.668
GWX,2026-06-22,0.526
GXC,2023-12-18,1.687
GXC,2024-06-24,0.626
GXC,2024-12-23,1.502
GXC,2025-06-23,1.002
GXC,2025-12-22,1.324
GXC,2026-06-22,0.665
GXPC,2025-12-30,0.037
GXPC,2026-06-29,0.059
GXPS,2025-12-30,0.145
GXPS,2026-06-29,0.19
HACK,2023-09-20,0.01
HACK,2023-12-27,0.084
HACK,2024-03-26,0.001
HACK,2024-06-27,0.026
HACK,2024-09-27,0.023
HACK,2024-12-30,0.054
HACK,2025-12-30,0.06
HAP,2023-12-18,1.598
HAP,2024-12-23,1.208
HAP,2025-12-22,1.364
HAUZ,2023-12-15,0.369
HAUZ,2024-06-21,0.429
HAUZ,2024-12-20,0.462
HAUZ,2025-06-20,0.462
HAUZ,2025-12-19,0.573
HAUZ,2026-06-18,0.243
HCMT,2023-09-19,0.064
HCMT,2023-12-21,0.105
HCMT,2024-03-19,0.052
HCMT,2024-06-25,0.062
HCMT,2024-09-24,0.064
HCMT,2024-12-12,0.751
HCMT,2024-12-23,0.065
HCMT,2025-03-25,0.064
HCMT,2025-06-24,0.052
HCMT,2025-09-23,0.042
HCMT,2025-12-23,0.009
HCMT,2026-03-24,0.056
HCMT,2026-06-23,0.128
HCMT,2026-09-22,0.004
HCRB,2023-09-28,0.097
HCRB,2023-10-27,0.097
HCRB,2023-11-28,0.111
HCRB,2023-12-28,0.172
HCRB,2024-01-29,0.113
HCRB,2024-02-27,0.096
HCRB,2024-03-27,0.099
HCRB,2024-04-26,0.108
HCRB,2024-05-30,0.125
HCRB,2024-06-27,0.107
HCRB,2024-07-30,0.121
HCRB,2024-08-29,0.111
HCRB,2024-09-27,0.104
HCRB,2024-10-30,0.112
HCRB,2024-11-27,0.106
HCRB,2024-12-31,0.229
HCRB,2025-01-30,0.111
HCRB,2025-02-27,0.111
HCRB,2025-03-28,0.104
HCRB,2025-04-29,0.135
HCRB,2025-05-29,0.117
HCRB,2025-06-27,0.11
HCRB,2025-07-30,0.125
HCRB,2025-08-28,0.113
HCRB,2025-09-29,0.126
HCRB,2025-10-30,0.122
HCRB,2025-11-26,0.107
HCRB,2025-12-30,0.181
HCRB,2026-01-30,0.11
HCRB,2026-02-27,0.113
HCRB,2026-03-30,0.124
HCRB,2026-04-29,0.116
HCRB,2026-05-28,0.116
HCRB,2026-06-29,0.119
HCRB,2026-07-30,0.126
HCRB,2026-08-28,0.108
HCRB,2026-09-29,0.128
HDEF,2023-09-15,0.232
HDEF,2023-12-15,0.11
HDEF,2024-03-15,0.198
HDEF,2024-06-21,0.556
HDEF,2024-09-20,0.208
HDEF,2024-12-20,0.139
HDEF,2025-03-21,0.179
HDEF,2025-06-20,0.631
HDEF,2025-09-19,0.212
HDEF,2025-12-19,0.181
HDEF,2026-03-20,0.146
HDEF,2026-06-18,0.714
HDEF,2026-09-18,0.226
HDGE,2023-12-26,1.835
HDGE,2024-12-23,1.28
HDGE,2025-12-22,0.56
HDUS,2023-09-26,0.162
HDUS,2023-12-22,0.294
HDUS,2024-03-25,0.163
HDUS,2024-06-27,0.173
HDUS,2024-09-26,0.189
HDUS,2024-12-23,0.369
HDUS,2025-03-25,0.186
HDUS,2025-06-25,0.217
HDUS,2025-09-25,0.197
HDUS,2025-12-23,0.348
HDUS,2026-03-25,0.189
HDUS,2026-06-25,0.206
HDUS,2026-09-25,0.287
HDV,2023-09-26,0.2156
HDV,2023-12-20,0.1954
HDV,2024-03-21,0.167
HDV,2024-06-11,0.1856
HDV,2024-09-25,0.2458
HDV,2024-12-17,0.2244
HDV,2025-03-18,0.159
HDV,2025-06-16,0.1826
HDV,2025-09-16,0.19
HDV,2025-12-16,0.2506
HDV,2026-03-17,0.1686
HDV,2026-06-15,0.185
HDV,2026-07-15,0.087
HDV,2026-08-19,0.105
HDV,2026-09-16,0.056
HECA,2025-12-30,0.558
HEDJ,2023-09-25,0.075
HEDJ,2023-12-22,0.135
HEDJ,2024-06-25,1.135
HEDJ,2024-09-25,0.04
HEDJ,2024-12-26,0.241
HEDJ,2024-12-31,0.018
HEDJ,2025-06-25,0.835
HEDJ,2025-09-25,0.03
HEDJ,2026-06-25,0.985
HEDJ,2026-09-25,0.045
HEEM,2023-12-22,0.472
HEEM,2024-07-02,0.182
HEEM,2024-12-20,0.462
HEEM,2025-07-02,0.283
HEEM,2025-12-02,0.602
HEEM,2025-12-23,0.498
HEEM,2026-07-02,0.229
HEFA,2023-12-22,0.396
HEFA,2024-07-02,0.604
HEFA,2024-12-20,0.47
HEFA,2025-07-02,0.639
HEFA,2025-12-02,0.432
HEFA,2025-12-23,0.748
HEFA,2026-07-02,0.691
HEGD,2023-12-28,0.076
HEGD,2024-12-27,0.096
HEGD,2025-12-23,0.09
HELO,2023-12-19,0.103
HELO,2024-03-19,0.053
HELO,2024-06-25,0.084
HELO,2024-09-24,0.082
HELO,2024-12-24,0.151
HELO,2025-03-25,0.088
HELO,2025-06-24,0.101
HELO,2025-09-23,0.127
HELO,2025-12-16,0.126
HELO,2026-03-24,0.07
HELO,2026-06-23,0.107
HELO,2026-09-22,0.091
HEQT,2023-09-27,0.08
HEQT,2023-12-26,0.797
HEQT,2024-03-25,0.1
HEQT,2024-06-25,0.1
HEQT,2024-09-25,0.08
HEQT,2024-12-23,0.1
HEQT,2025-03-26,0.08
HEQT,2025-06-25,0.1
HEQT,2025-09-25,0.1
HEQT,2025-12-23,0.1
HEQT,2026-03-26,0.1
HEQT,2026-06-25,0.1
HEQT,2026-09-25,0.1
HEWJ,2023-12-22,0.517
HEWJ,2024-07-02,0.29
HEWJ,2024-12-20,0.648
HEWJ,2025-07-02,0.429
HEWJ,2025-12-02,0.284
HEWJ,2025-12-23,1.975
HEWJ,2026-07-02,0.349
HEZU,2023-12-22,0.253
HEZU,2024-07-02,0.751
HEZU,2024-12-20,0.243
HEZU,2025-07-02,0.86
HEZU,2025-12-23,0.419
HEZU,2026-07-02,0.839
HFGM,2025-12-24,3.24
HFSI,2023-09-28,0.137
HFSI,2023-10-27,0.144
HFSI,2023-11-28,0.167
HFSI,2023-12-28,0.446
HFSI,2024-01-29,0.135
HFSI,2024-02-27,0.153
HFSI,2024-03-27,0.157
HFSI,2024-04-26,0.165
HFSI,2024-05-30,0.189
HFSI,2024-06-27,0.152
HFSI,2024-07-30,0.179
HFSI,2024-08-29,0.159
HFSI,2024-09-27,0.152
HFSI,2024-10-30,0.161
HFSI,2024-11-27,0.127
HFSI,2024-12-31,0.505
HFSI,2025-01-30,0.154
HFSI,2025-02-27,0.157
HFSI,2025-03-28,0.147
HFSI,2025-04-29,0.188
HFSI,2025-05-29,0.159
HFSI,2025-06-27,0.163
HFSI,2025-07-30,0.16
HFSI,2025-08-28,0.158
HFSI,2025-09-29,0.162
HFSI,2025-10-30,0.143
HFSI,2025-11-26,0.133
HFSI,2025-12-30,0.287
HFSI,2026-01-30,0.118
HFSI,2026-02-27,0.142
HFSI,2026-03-30,0.153
HFSI,2026-04-29,0.173
HFSI,2026-05-28,0.161
HFSI,2026-06-29,0.168
HFSI,2026-07-30,0.154
HFSI,2026-08-28,0.146
HFSI,2026-09-29,0.171
HFXI,2023-09-15,0.11
HFXI,2023-12-15,0.194
HFXI,2024-03-15,0.032
HFXI,2024-06-21,0.333
HFXI,2024-09-20,0.073
HFXI,2024-12-20,0.26
HFXI,2025-06-20,0.438
HFXI,2025-09-19,0.199
HFXI,2025-12-19,0.723
HFXI,2026-03-20,0.097
HFXI,2026-06-18,0.227
HFXI,2026-09-18,0.121
HGER,2023-12-21,1.517
HGER,2024-12-20,0.726
HGER,2025-12-12,1.759
HGRO,2025-12-30,0.023
HIBL,2023-09-19,0.073
HIBL,2023-12-21,0.114
HIBL,2024-03-19,0.154
HIBL,2024-06-25,0.122
HIBL,2024-09-24,0.066
HIBL,2025-03-25,0.075
HIBL,2025-06-24,0.106
HIBL,2025-12-10,1.413
HIBL,2026-06-23,0.075
HIBS,2023-09-19,4.16
HIBS,2023-12-21,3.33
HIBS,2024-03-19,3.02
HIBS,2024-06-25,3.19
HIBS,2024-09-24,2.5
HIBS,2024-12-23,1.46
HIBS,2025-03-25,2.3
HIBS,2025-06-24,0.76
HIBS,2025-09-23,0.68
HIBS,2025-12-23,0.51
HIBS,2026-03-24,0.422
HIBS,2026-06-23,0.15
HIBS,2026-09-22,0.217
HIMU,2025-03-03,0.118
HIMU,2025-04-01,0.241
HIMU,2025-05-01,0.208
HIMU,2025-06-02,0.192
HIMU,2025-07-01,0.207
HIMU,2025-08-01,0.191
HIMU,2025-09-02,0.199
HIMU,2025-10-01,0.163
HIMU,2025-11-03,0.228
HIMU,2025-12-01,0.245
HIMU,2025-12-19,0.232
HIMU,2026-02-02,0.205
HIMU,2026-03-02,0.2
HIMU,2026-04-01,0.243
HIMU,2026-05-01,0.207
HIMU,2026-06-01,0.201
HIMU,2026-07-01,0.206
HIMU,2026-08-03,0.197
HIMU,2026-09-01,0.202
HIMU,2026-10-01,0.201
HIMZ,2025-12-30,1.974
HIPS,2023-09-27,0.108
HIPS,2023-10-27,0.108
HIPS,2023-11-28,0.108
HIPS,2023-12-27,0.108
HIPS,2024-01-29,0.108
HIPS,2024-02-27,0.108
HIPS,2024-03-26,0.108
HIPS,2024-04-26,0.108
HIPS,2024-05-29,0.108
HIPS,2024-06-26,0.108
HIPS,2024-07-29,0.108
HIPS,2024-08-28,0.108
HIPS,2024-09-26,0.108
HIPS,2024-10-29,0.108
HIPS,2024-11-26,0.108
HIPS,2024-12-27,0.108
HIPS,2025-01-29,0.108
HIPS,2025-02-26,0.108
HIPS,2025-03-27,0.108
HIPS,2025-04-28,0.108
HIPS,2025-05-28,0.108
HIPS,2025-06-26,0.108
HIPS,2025-07-29,0.108
HIPS,2025-08-27,0.108
HIPS,2025-09-26,0.108
HIPS,2025-10-29,0.108
HIPS,2025-11-25,0.108
HIPS,2025-12-29,0.108
HIPS,2026-01-28,0.108
HIPS,2026-02-25,0.108
HIPS,2026-03-27,0.108
HIPS,2026-04-28,0.108
HIPS,2026-05-27,0.108
HIPS,2026-06-26,0.108
HIPS,2026-07-29,0.108
HIPS,2026-08-27,0.108
HIS,2026-09-28,0.013
HLAL,2023-09-27,0.022
HLAL,2023-12-27,0.142
HLAL,2024-03-27,0.031
HLAL,2024-06-27,0.021
HLAL,2024-09-26,0.17
HLAL,2024-12-24,0.083
HLAL,2025-03-26,0.08
HLAL,2025-06-25,0.023
HLAL,2025-09-24,0.15
HLAL,2025-12-24,0.077
HLAL,2026-03-26,0.077
HLAL,2026-06-25,0.019
HLAL,2026-09-24,0.096
HMOP,2023-09-28,0.093
HMOP,2023-10-27,0.094
HMOP,2023-11-28,0.105
HMOP,2023-12-28,0.145
HMOP,2024-01-29,0.088
HMOP,2024-02-27,0.101
HMOP,2024-03-27,0.095
HMOP,2024-04-26,0.099
HMOP,2024-05-30,0.109
HMOP,2024-06-27,0.093
HMOP,2024-07-30,0.1
HMOP,2024-08-29,0.098
HMOP,2024-09-27,0.093
HMOP,2024-10-30,0.104
HMOP,2024-11-27,0.093
HMOP,2024-12-31,0.174
HMOP,2025-01-30,0.091
HMOP,2025-02-27,0.108
HMOP,2025-03-28,0.103
HMOP,2025-04-29,0.117
HMOP,2025-05-29,0.109
HMOP,2025-06-27,0.109
HMOP,2025-07-30,0.113
HMOP,2025-08-28,0.107
HMOP,2025-09-29,0.118
HMOP,2025-10-30,0.114
HMOP,2025-11-26,0.102
HMOP,2025-12-30,0.138
HMOP,2026-01-30,0.107
HMOP,2026-02-27,0.113
HMOP,2026-03-30,0.114
HMOP,2026-04-29,0.114
HMOP,2026-05-28,0.105
HMOP,2026-06-29,0.12
HMOP,2026-07-30,0.114
HMOP,2026-08-28,0.109
HMOP,2026-09-29,0.121
HNDL,2023-09-14,0.116
HNDL,2023-10-12,0.112
HNDL,2023-11-13,0.112
HNDL,2023-12-13,0.118
HNDL,2024-01-12,0.12
HNDL,2024-02-13,0.122
HNDL,2024-03-13,0.124
HNDL,2024-04-11,0.123
HNDL,2024-05-13,0.122
HNDL,2024-06-13,0.122
HNDL,2024-07-12,0.125
HNDL,2024-08-13,0.124
HNDL,2024-09-13,0.129
HNDL,2024-10-11,0.129
HNDL,2024-11-13,0.129
HNDL,2024-12-12,0.129
HNDL,2025-01-14,0.123
HNDL,2025-02-13,0.127
HNDL,2025-03-13,0.122
HNDL,2025-04-11,0.119
HNDL,2025-05-13,0.121
HNDL,2025-06-12,0.124
HNDL,2025-07-14,0.127
HNDL,2025-08-13,0.127
HNDL,2025-09-12,0.129
HNDL,2025-10-14,0.131
HNDL,2025-11-13,0.131
HNDL,2025-12-11,0.129
HNDL,2026-01-14,0.13
HNDL,2026-02-12,0.132
HNDL,2026-03-12,0.131
HNDL,2026-04-14,0.13
HNDL,2026-05-13,0.134
HNDL,2026-06-11,0.132
HNDL,2026-07-14,0.133
HNDL,2026-08-13,0.132
HNDL,2026-09-14,0.129
HODU,2025-12-23,0.069
HODU,2026-03-24,0.071
HODU,2026-06-23,0.058
HODU,2026-09-22,0.036
HOLA,2025-12-16,1.578
HOOG,2025-12-30,6.686
HOOW,2025-06-30,0.919
HOOW,2025-07-07,0.969
HOOW,2025-07-14,1.182
HOOW,2025-07-21,1.128
HOOW,2025-07-28,1.273
HOOW,2025-08-04,0.834
HOOW,2025-08-11,1.598
HOOW,2025-08-18,2.458
HOOW,2025-08-25,1.054
HOOW,2025-09-02,0.84
HOOW,2025-09-08,0.75
HOOW,2025-09-15,1.583
HOOW,2025-09-22,1.046
HOOW,2025-09-29,2.227
HOOW,2025-10-06,1.827
HOOW,2025-10-14,2.183
HOOW,2025-10-20,1.488
HOOW,2025-10-27,0.85
HOOW,2025-11-03,1.265
HOOW,2025-11-10,1.377
HOOW,2025-11-17,0.699
HOOW,2025-11-24,0.787
HOOW,2025-12-01,0.525
HOOW,2025-12-08,1.002
HOOW,2025-12-15,1.011
HOOW,2025-12-22,0.559
HOOW,2025-12-29,0.829
HOOW,2026-01-05,0.653
HOOW,2026-01-12,0.506
HOOW,2026-01-20,0.549
HOOW,2026-01-26,0.382
HOOW,2026-02-02,0.442
HOOW,2026-02-09,0.328
HOOW,2026-02-17,0.175
HOOW,2026-02-23,0.255
HOOW,2026-03-02,0.35
HOOW,2026-03-09,0.354
HOOW,2026-03-16,0.394
HOOW,2026-03-23,0.277
HOOW,2026-03-30,0.273
HOOW,2026-04-06,0.218
HOOW,2026-04-13,0.338
HOOW,2026-04-20,0.283
HOOW,2026-04-27,0.492
HOOW,2026-05-04,0.257
HOOW,2026-05-11,0.115
HOOW,2026-05-18,0.334
HOOW,2026-05-26,0.292
HOOW,2026-06-01,0.215
HOOW,2026-06-08,0.515
HOOW,2026-06-15,0.188
HOOW,2026-06-22,0.492
HOOW,2026-06-29,0.575
HOOW,2026-07-06,0.244
HOOW,2026-07-13,0.592
HOOW,2026-07-20,0.412
HOOW,2026-07-27,0.239
HOOW,2026-08-03,0.286
HOOW,2026-08-10,0.193
HOOW,2026-08-17,0.4
HOOW,2026-08-24,0.321
HOOW,2026-08-31,0.477
HOOW,2026-09-08,0.275
HOOW,2026-09-14,0.532
HOOW,2026-09-21,0.239
HOOW,2026-09-28,0.464
HOOX,2025-12-30,8.757
HOOY,2025-05-29,3.304
HOOY,2025-06-26,6.503
HOOY,2025-07-24,6.898
HOOY,2025-08-21,3.856
HOOY,2025-09-18,3.864
HOOY,2025-10-16,5.947
HOOY,2025-10-23,0.73
HOOY,2025-10-30,1.343
HOOY,2025-11-06,1.257
HOOY,2025-11-13,0.921
HOOY,2025-11-20,0.79
HOOY,2025-11-28,0.738
HOOY,2025-12-04,1.322
HOOY,2025-12-11,0.725
HOOY,2025-12-18,0.425
HOOY,2025-12-26,0.682
HOOY,2026-01-02,0.573
HOOY,2026-01-08,0.553
HOOY,2026-01-15,0.55
HOOY,2026-01-22,0.464
HOOY,2026-01-29,0.454
HOOY,2026-02-05,0.355
HOOY,2026-02-12,0.342
HOOY,2026-02-19,0.331
HOOY,2026-02-26,0.342
HOOY,2026-03-05,0.384
HOOY,2026-03-12,0.43
HOOY,2026-03-19,0.422
HOOY,2026-03-26,0.375
HOOY,2026-04-02,0.382
HOOY,2026-04-09,0.404
HOOY,2026-04-16,0.439
HOOY,2026-04-23,0.683
HOOY,2026-04-30,0.496
HOOY,2026-05-07,0.408
HOOY,2026-05-14,0.434
HOOY,2026-05-21,0.36
HOOY,2026-05-28,0.339
HOOY,2026-06-04,0.606
HOOY,2026-06-11,0.352
HOOY,2026-06-18,0.55
HOOY,2026-06-25,0.645
HOOY,2026-07-02,0.429
HOOY,2026-07-09,0.669
HOOY,2026-07-16,0.632
HOOY,2026-07-23,0.406
HOOY,2026-07-30,0.332
HOOY,2026-08-06,0.307
HOOY,2026-08-13,0.311
HOOY,2026-08-20,0.314
HOOY,2026-08-27,0.389
HOOY,2026-09-03,0.362
HOOY,2026-09-10,0.585
HOOY,2026-09-17,0.406
HOOY,2026-09-24,0.463
HOOY,2026-10-01,0.43
HTAB,2023-09-28,0.056
HTAB,2023-10-27,0.051
HTAB,2023-11-28,0.061
HTAB,2023-12-28,0.058
HTAB,2024-01-29,0.053
HTAB,2024-02-27,0.058
HTAB,2024-03-27,0.053
HTAB,2024-04-26,0.052
HTAB,2024-05-30,0.06
HTAB,2024-06-27,0.055
HTAB,2024-07-30,0.062
HTAB,2024-08-29,0.055
HTAB,2024-09-27,0.05
HTAB,2024-10-30,0.06
HTAB,2024-11-27,0.052
HTAB,2024-12-31,0.082
HTAB,2025-01-30,0.056
HTAB,2025-02-27,0.059
HTAB,2025-03-28,0.057
HTAB,2025-04-29,0.068
HTAB,2025-05-29,0.061
HTAB,2025-06-27,0.058
HTAB,2025-07-30,0.069
HTAB,2025-08-28,0.057
HTAB,2025-09-29,0.071
HTAB,2025-10-30,0.062
HTAB,2025-11-26,0.055
HTAB,2025-12-30,0.07
HTAB,2026-01-30,0.058
HTAB,2026-02-27,0.058
HTAB,2026-03-30,0.061
HTAB,2026-04-29,0.059
HTAB,2026-05-28,0.056
HTAB,2026-06-29,0.063
HTAB,2026-07-30,0.06
HTAB,2026-08-28,0.057
HTAB,2026-09-29,0.066
HTAX,2025-04-30,0.094
HTAX,2025-05-30,0.144
HTAX,2025-06-30,0.08
HTAX,2025-07-31,0.093
HTAX,2025-08-29,0.095
HTAX,2025-09-30,0.094
HTAX,2025-10-31,0.102
HTAX,2025-11-28,0.095
HTAX,2025-12-24,0.096
HTAX,2026-01-30,0.085
HTAX,2026-02-27,0.082
HTAX,2026-03-31,0.094
HTAX,2026-04-30,0.098
HTAX,2026-05-29,0.093
HTAX,2026-06-30,0.096
HTAX,2026-07-31,0.096
HTAX,2026-08-31,0.096
HTAX,2026-09-30,0.082
HTEC,2025-12-30,0.346
HTRB,2023-09-28,0.105
HTRB,2023-10-27,0.108
HTRB,2023-11-28,0.122
HTRB,2023-12-28,0.163
HTRB,2024-01-29,0.105
HTRB,2024-02-27,0.11
HTRB,2024-03-27,0.115
HTRB,2024-04-26,0.119
HTRB,2024-05-30,0.135
HTRB,2024-06-27,0.114
HTRB,2024-07-30,0.129
HTRB,2024-08-29,0.116
HTRB,2024-09-27,0.11
HTRB,2024-10-30,0.125
HTRB,2024-11-27,0.112
HTRB,2024-12-31,0.195
HTRB,2025-01-30,0.116
HTRB,2025-02-27,0.118
HTRB,2025-03-28,0.124
HTRB,2025-04-29,0.138
HTRB,2025-05-29,0.117
HTRB,2025-06-27,0.118
HTRB,2025-07-30,0.133
HTRB,2025-08-28,0.117
HTRB,2025-09-29,0.129
HTRB,2025-10-30,0.126
HTRB,2025-11-26,0.11
HTRB,2025-12-30,0.247
HTRB,2026-01-30,0.098
HTRB,2026-02-27,0.117
HTRB,2026-03-30,0.125
HTRB,2026-04-29,0.122
HTRB,2026-05-28,0.116
HTRB,2026-06-29,0.133
HTRB,2026-07-30,0.132
HTRB,2026-08-28,0.117
HTRB,2026-09-29,0.133
HUMN,2025-12-30,0.216
HYBL,2023-09-01,0.18
HYBL,2023-10-02,0.19
HYBL,2023-11-01,0.19
HYBL,2023-12-01,0.19
HYBL,2023-12-18,0.26
HYBL,2024-02-01,0.19
HYBL,2024-03-01,0.18
HYBL,2024-04-01,0.191
HYBL,2024-05-01,0.187
HYBL,2024-06-03,0.193
HYBL,2024-07-01,0.192
HYBL,2024-08-01,0.191
HYBL,2024-09-03,0.191
HYBL,2024-10-01,0.188
HYBL,2024-11-01,0.183
HYBL,2024-12-02,0.171
HYBL,2024-12-19,0.177
HYBL,2025-02-03,0.176
HYBL,2025-03-03,0.161
HYBL,2025-04-01,0.177
HYBL,2025-05-01,0.163
HYBL,2025-06-02,0.178
HYBL,2025-07-01,0.17
HYBL,2025-08-01,0.176
HYBL,2025-09-02,0.171
HYBL,2025-10-01,0.171
HYBL,2025-11-03,0.176
HYBL,2025-12-01,0.166
HYBL,2025-12-18,0.168
HYBL,2026-02-02,0.155
HYBL,2026-03-02,0.149
HYBL,2026-04-01,0.167
HYBL,2026-05-01,0.161
HYBL,2026-06-01,0.161
HYBL,2026-07-01,0.154
HYBL,2026-08-03,0.165
HYBL,2026-09-01,0.167
HYBL,2026-10-01,0.165
HYD,2023-09-01,0.179
HYD,2023-10-02,0.201
HYD,2023-11-01,0.186
HYD,2023-12-01,0.162
HYD,2023-12-27,0.181
HYD,2024-02-01,0.193
HYD,2024-03-01,0.171
HYD,2024-04-01,0.194
HYD,2024-05-01,0.213
HYD,2024-06-03,0.186
HYD,2024-07-01,0.188
HYD,2024-08-01,0.191
HYD,2024-09-03,0.18
HYD,2024-10-01,0.17
HYD,2024-11-01,0.185
HYD,2024-12-02,0.168
HYD,2024-12-27,0.188
HYD,2025-02-03,0.207
HYD,2025-03-03,0.159
HYD,2025-04-01,0.189
HYD,2025-05-01,0.172
HYD,2025-06-02,0.184
HYD,2025-07-01,0.188
HYD,2025-08-01,0.192
HYD,2025-09-02,0.185
HYD,2025-10-01,0.174
HYD,2025-11-03,0.191
HYD,2025-11-28,0.172
HYD,2025-12-29,0.18
HYD,2026-02-02,0.186
HYD,2026-03-02,0.172
HYD,2026-04-01,0.21
HYD,2026-05-01,0.183
HYD,2026-06-01,0.152
HYD,2026-07-01,0.213
HYD,2026-08-03,0.193
HYD,2026-09-01,0.185
HYD,2026-10-01,0.182
HYDB,2023-09-01,0.302
HYDB,2023-10-02,0.288
HYDB,2023-11-01,0.226
HYDB,2023-12-01,0.288
HYDB,2023-12-14,0.284
HYDB,2024-02-01,0.208
HYDB,2024-03-01,0.273
HYDB,2024-04-01,0.326
HYDB,2024-05-01,0.276
HYDB,2024-06-03,0.288
HYDB,2024-07-01,0.275
HYDB,2024-08-01,0.28
HYDB,2024-09-03,0.278
HYDB,2024-10-01,0.265
HYDB,2024-11-01,0.279
HYDB,2024-12-02,0.246
HYDB,2024-12-18,0.273
HYDB,2025-02-03,0.287
HYDB,2025-03-03,0.234
HYDB,2025-04-01,0.284
HYDB,2025-05-01,0.294
HYDB,2025-06-02,0.307
HYDB,2025-07-01,0.28
HYDB,2025-08-01,0.279
HYDB,2025-09-02,0.278
HYDB,2025-10-01,0.276
HYDB,2025-11-03,0.278
HYDB,2025-12-01,0.27
HYDB,2025-12-19,0.268
HYDB,2026-02-02,0.27
HYDB,2026-03-02,0.263
HYDB,2026-04-01,0.276
HYDB,2026-05-01,0.266
HYDB,2026-06-01,0.261
HYDB,2026-07-01,0.261
HYDB,2026-08-03,0.272
HYDB,2026-09-01,0.262
HYDB,2026-10-01,0.265
HYDR,2024-12-30,0.092
HYDR,2025-06-27,0.264
HYDR,2025-12-30,0.95
HYDR,2026-06-29,0.369
HYEM,2023-09-01,0.1
HYEM,2023-10-02,0.1
HYEM,2023-11-01,0.078
HYEM,2023-12-01,0.085
HYEM,2023-12-27,0.106
HYEM,2024-02-01,0.099
HYEM,2024-03-01,0.095
HYEM,2024-04-01,0.108
HYEM,2024-05-01,0.085
HYEM,2024-06-03,0.106
HYEM,2024-07-01,0.103
HYEM,2024-08-01,0.105
HYEM,2024-09-03,0.099
HYEM,2024-10-01,0.101
HYEM,2024-11-01,0.111
HYEM,2024-12-02,0.103
HYEM,2024-12-27,0.119
HYEM,2025-02-03,0.111
HYEM,2025-03-03,0.098
HYEM,2025-04-01,0.123
HYEM,2025-05-01,0.111
HYEM,2025-06-02,0.111
HYEM,2025-07-01,0.101
HYEM,2025-08-01,0.116
HYEM,2025-09-02,0.112
HYEM,2025-10-01,0.105
HYEM,2025-11-03,0.117
HYEM,2025-11-28,0.109
HYEM,2025-12-29,0.113
HYEM,2026-02-02,0.115
HYEM,2026-03-02,0.1
HYEM,2026-04-01,0.12
HYEM,2026-05-01,0.112
HYEM,2026-06-01,0.092
HYEM,2026-07-01,0.14
HYEM,2026-08-03,0.119
HYEM,2026-09-01,0.116
HYEM,2026-10-01,0.114
HYFI,2023-09-01,0.194
HYFI,2023-10-02,0.202
HYFI,2023-11-01,0.216
HYFI,2023-12-01,0.203
HYFI,2023-12-28,0.214
HYFI,2024-02-01,0.186
HYFI,2024-03-01,0.191
HYFI,2024-04-01,0.212
HYFI,2024-05-01,0.2
HYFI,2024-06-03,0.208
HYFI,2024-07-01,0.204
HYFI,2024-08-01,0.206
HYFI,2024-09-03,0.207
HYFI,2024-10-01,0.199
HYFI,2024-11-01,0.206
HYFI,2024-12-02,0.198
HYFI,2024-12-30,0.21
HYFI,2025-02-03,0.163
HYFI,2025-03-03,0.196
HYFI,2025-04-01,0.225
HYFI,2025-05-01,0.229
HYFI,2025-06-02,0.228
HYFI,2025-07-01,0.212
HYFI,2025-08-01,0.19
HYFI,2025-09-02,0.195
HYFI,2025-10-01,0.202
HYFI,2025-11-03,0.203
HYFI,2025-12-01,0.202
HYFI,2025-12-31,0.257
HYFI,2026-02-02,0.211
HYFI,2026-03-02,0.201
HYFI,2026-04-01,0.211
HYFI,2026-05-01,0.198
HYFI,2026-06-01,0.194
HYFI,2026-07-01,0.204
HYFI,2026-08-03,0.198
HYFI,2026-09-01,0.188
HYG,2023-09-01,0.351
HYG,2023-10-02,0.385
HYG,2023-11-01,0.388
HYG,2023-12-01,0.344
HYG,2023-12-14,0.379
HYG,2024-02-01,0.384
HYG,2024-03-01,0.438
HYG,2024-04-01,0.395
HYG,2024-05-01,0.4
HYG,2024-06-03,0.358
HYG,2024-07-01,0.405
HYG,2024-08-01,0.409
HYG,2024-09-03,0.38
HYG,2024-10-01,0.39
HYG,2024-11-01,0.395
HYG,2024-12-02,0.361
HYG,2024-12-18,0.409
HYG,2025-02-03,0.36
HYG,2025-03-03,0.374
HYG,2025-04-01,0.382
HYG,2025-05-01,0.401
HYG,2025-06-02,0.376
HYG,2025-07-01,0.379
HYG,2025-08-01,0.404
HYG,2025-09-02,0.383
HYG,2025-10-01,0.381
HYG,2025-11-03,0.41
HYG,2025-12-01,0.375
HYG,2025-12-19,0.381
HYG,2026-02-02,0.399
HYG,2026-03-02,0.394
HYG,2026-04-01,0.384
HYG,2026-05-01,0.419
HYG,2026-06-01,0.409
HYG,2026-07-01,0.369
HYG,2026-08-03,0.384
HYG,2026-09-01,0.435
HYG,2026-10-01,0.342
HYGH,2023-09-05,0.73
HYGH,2023-10-03,0.699
HYGH,2023-11-02,0.752
HYGH,2023-12-04,0.646
HYGH,2023-12-22,0.73
HYGH,2024-02-02,0.575
HYGH,2024-03-04,0.64
HYGH,2024-04-02,0.573
HYGH,2024-05-02,0.621
HYGH,2024-06-04,0.549
HYGH,2024-07-02,0.52
HYGH,2024-08-02,0.582
HYGH,2024-09-04,0.561
HYGH,2024-10-02,0.552
HYGH,2024-11-04,0.551
HYGH,2024-12-03,0.508
HYGH,2024-12-20,0.547
HYGH,2025-02-04,0.507
HYGH,2025-03-04,0.493
HYGH,2025-04-02,0.51
HYGH,2025-05-02,0.514
HYGH,2025-06-03,0.505
HYGH,2025-07-02,0.487
HYGH,2025-08-04,0.513
HYGH,2025-09-03,0.48
HYGH,2025-10-02,0.477
HYGH,2025-11-04,0.499
HYGH,2025-12-02,0.451
HYGH,2025-12-23,0.475
HYGH,2026-02-03,0.429
HYGH,2026-03-03,0.472
HYGH,2026-04-02,0.492
HYGH,2026-05-04,0.488
HYGH,2026-06-02,0.455
HYGH,2026-07-02,0.447
HYGH,2026-08-04,0.444
HYGH,2026-09-02,0.478
HYGH,2026-10-02,0.404
HYGV,2023-09-01,0.305
HYGV,2023-10-02,0.302
HYGV,2023-11-01,0.31
HYGV,2023-12-01,0.288
HYGV,2023-12-15,0.317
HYGV,2024-02-01,0.311
HYGV,2024-03-01,0.282
HYGV,2024-04-01,0.31
HYGV,2024-05-01,0.283
HYGV,2024-06-03,0.283
HYGV,2024-07-01,0.268
HYGV,2024-08-01,0.262
HYGV,2024-09-03,0.287
HYGV,2024-10-01,0.258
HYGV,2024-11-01,0.258
HYGV,2024-12-02,0.265
HYGV,2024-12-20,0.269
HYGV,2025-02-03,0.249
HYGV,2025-03-03,0.258
HYGV,2025-04-01,0.263
HYGV,2025-05-01,0.265
HYGV,2025-06-02,0.275
HYGV,2025-07-01,0.253
HYGV,2025-08-01,0.247
HYGV,2025-09-02,0.254
HYGV,2025-10-01,0.243
HYGV,2025-11-03,0.244
HYGV,2025-12-01,0.295
HYGV,2025-12-19,0.203
HYGV,2026-02-02,0.244
HYGV,2026-03-02,0.226
HYGV,2026-04-01,0.254
HYGV,2026-05-01,0.249
HYGV,2026-06-01,0.257
HYGV,2026-07-01,0.244
HYGV,2026-08-03,0.257
HYGV,2026-09-01,0.242
HYGV,2026-10-01,0.257
HYHG,2023-09-01,0.33
HYHG,2023-10-02,0.336
HYHG,2023-11-01,0.344
HYHG,2023-12-01,0.344
HYHG,2023-12-20,0.375
HYHG,2024-02-01,0.324
HYHG,2024-03-01,0.349
HYHG,2024-04-01,0.361
HYHG,2024-05-01,0.359
HYHG,2024-06-03,0.365
HYHG,2024-07-01,0.363
HYHG,2024-08-01,0.362
HYHG,2024-09-03,0.373
HYHG,2024-10-01,0.364
HYHG,2024-11-01,0.364
HYHG,2024-12-02,0.373
HYHG,2024-12-23,0.349
HYHG,2025-02-03,0.366
HYHG,2025-03-03,0.373
HYHG,2025-04-01,0.38
HYHG,2025-05-01,0.388
HYHG,2025-06-02,0.371
HYHG,2025-07-01,0.392
HYHG,2025-08-01,0.37
HYHG,2025-09-02,0.37
HYHG,2025-10-01,0.367
HYHG,2025-11-03,0.369
HYHG,2025-12-01,0.374
HYHG,2025-12-24,0.366
HYHG,2026-02-02,0.347
HYHG,2026-03-02,0.343
HYHG,2026-04-01,0.36
HYHG,2026-05-01,0.36
HYHG,2026-06-01,0.361
HYHG,2026-07-01,0.362
HYHG,2026-08-03,0.34
HYHG,2026-09-01,0.361
HYHG,2026-10-01,0.353
HYLB,2023-09-01,0.184
HYLB,2023-10-02,0.18
HYLB,2023-11-01,0.181
HYLB,2023-12-01,0.167
HYLB,2023-12-21,0.172
HYLB,2024-02-01,0.182
HYLB,2024-03-01,0.172
HYLB,2024-04-01,0.199
HYLB,2024-05-01,0.183
HYLB,2024-06-03,0.185
HYLB,2024-07-01,0.183
HYLB,2024-08-01,0.19
HYLB,2024-09-03,0.192
HYLB,2024-10-01,0.191
HYLB,2024-11-01,0.192
HYLB,2024-12-02,0.189
HYLB,2024-12-23,0.219
HYLB,2025-02-03,0.197
HYLB,2025-03-03,0.176
HYLB,2025-04-01,0.182
HYLB,2025-05-01,0.187
HYLB,2025-06-02,0.2
HYLB,2025-07-01,0.187
HYLB,2025-08-01,0.199
HYLB,2025-09-02,0.203
HYLB,2025-10-01,0.191
HYLB,2025-11-03,0.196
HYLB,2025-12-01,0.19
HYLB,2025-12-22,0.209
HYLB,2026-02-02,0.206
HYLB,2026-03-02,0.173
HYLB,2026-04-01,0.221
HYLB,2026-05-01,0.188
HYLB,2026-06-01,0.199
HYLB,2026-07-01,0.193
HYLB,2026-08-03,0.202
HYLB,2026-09-01,0.193
HYLB,2026-10-01,0.205
HYLS,2023-09-22,0.215
HYLS,2023-10-24,0.215
HYLS,2023-11-21,0.215
HYLS,2023-12-22,0.22
HYLS,2024-01-23,0.225
HYLS,2024-02-21,0.223
HYLS,2024-03-21,0.22
HYLS,2024-04-23,0.213
HYLS,2024-05-21,0.218
HYLS,2024-06-27,0.218
HYLS,2024-07-23,0.218
HYLS,2024-08-21,0.213
HYLS,2024-09-26,0.208
HYLS,2024-10-22,0.208
HYLS,2024-11-21,0.208
HYLS,2024-12-13,0.215
HYLS,2025-01-22,0.215
HYLS,2025-02-21,0.215
HYLS,2025-03-27,0.215
HYLS,2025-04-22,0.215
HYLS,2025-05-21,0.215
HYLS,2025-06-26,0.22
HYLS,2025-07-22,0.23
HYLS,2025-08-21,0.24
HYLS,2025-09-25,0.24
HYLS,2025-10-21,0.225
HYLS,2025-11-21,0.22
HYLS,2025-12-12,0.223
HYLS,2026-01-21,0.23
HYLS,2026-02-20,0.23
HYLS,2026-03-26,0.225
HYLS,2026-04-21,0.225
HYLS,2026-05-21,0.23
HYLS,2026-06-25,0.23
HYLS,2026-07-21,0.23
HYLS,2026-08-21,0.225
HYLS,2026-09-24,0.22
HYMB,2023-09-01,0.087
HYMB,2023-10-02,0.093
HYMB,2023-11-01,0.087
HYMB,2023-12-01,0.087
HYMB,2023-12-18,0.086
HYMB,2024-02-01,0.093
HYMB,2024-03-01,0.09
HYMB,2024-04-01,0.089
HYMB,2024-05-01,0.09
HYMB,2024-06-03,0.091
HYMB,2024-07-01,0.09
HYMB,2024-08-01,0.094
HYMB,2024-09-03,0.091
HYMB,2024-10-01,0.092
HYMB,2024-11-01,0.091
HYMB,2024-12-02,0.092
HYMB,2024-12-19,0.093
HYMB,2025-02-03,0.094
HYMB,2025-03-03,0.094
HYMB,2025-04-01,0.092
HYMB,2025-05-01,0.095
HYMB,2025-06-02,0.095
HYMB,2025-07-01,0.096
HYMB,2025-08-01,0.096
HYMB,2025-09-02,0.091
HYMB,2025-10-01,0.096
HYMB,2025-11-03,0.094
HYMB,2025-12-01,0.096
HYMB,2025-12-18,0.096
HYMB,2026-02-02,0.096
HYMB,2026-03-02,0.092
HYMB,2026-04-01,0.098
HYMB,2026-05-01,0.097
HYMB,2026-06-01,0.096
HYMB,2026-07-01,0.096
HYMB,2026-08-03,0.097
HYMB,2026-09-01,0.097
HYMB,2026-10-01,0.09
HYPG,2026-08-04,0.029
HYPG,2026-09-03,0.034
HYS,2023-09-01,0.49
HYS,2023-10-02,0.55
HYS,2023-11-01,0.53
HYS,2023-12-01,0.51
HYS,2023-12-28,0.56
HYS,2024-02-01,0.53
HYS,2024-03-01,0.57
HYS,2024-04-01,0.56
HYS,2024-05-01,0.6
HYS,2024-06-03,0.6
HYS,2024-07-01,0.55
HYS,2024-08-01,0.58
HYS,2024-09-03,0.62
HYS,2024-10-01,0.55
HYS,2024-11-01,0.6
HYS,2024-12-02,0.61
HYS,2024-12-31,0.59
HYS,2025-02-03,0.6
HYS,2025-03-03,0.52
HYS,2025-04-01,0.55
HYS,2025-05-01,0.58
HYS,2025-06-02,0.57
HYS,2025-07-01,0.49
HYS,2025-08-01,0.57
HYS,2025-09-02,0.57
HYS,2025-10-01,0.52
HYS,2025-11-03,0.62
HYS,2025-12-01,0.62
HYS,2025-12-31,0.62
HYS,2026-02-02,0.6
HYS,2026-03-02,0.59
HYS,2026-04-01,0.53
HYS,2026-05-01,0.56
HYS,2026-06-01,0.57
HYS,2026-07-01,0.57
HYS,2026-08-03,0.55
HYS,2026-09-01,0.49
HYS,2026-10-01,0.52
HYSA,2023-10-02,0.093
HYSA,2023-11-01,0.1
HYSA,2023-12-01,0.131
HYSA,2023-12-28,0.074
HYSA,2024-02-01,0.094
HYSA,2024-03-01,0.089
HYSA,2024-04-01,0.086
HYSA,2024-05-01,0.086
HYSA,2024-06-03,0.09
HYSA,2024-07-01,0.083
HYSA,2024-08-01,0.091
HYSA,2024-09-03,0.086
HYSA,2024-10-01,0.087
HYSA,2024-11-01,0.085
HYSA,2024-12-02,0.082
HYSA,2024-12-30,0.088
HYSA,2025-02-03,0.081
HYSA,2025-03-03,0.077
HYSA,2025-04-01,0.09
HYSA,2025-05-01,0.09
HYSA,2025-06-02,0.087
HYSA,2025-07-01,0.08
HYSA,2025-08-01,0.086
HYSA,2025-09-02,0.084
HYSA,2025-10-01,0.082
HYSA,2025-11-03,0.084
HYSA,2025-12-01,0.089
HYSA,2025-12-30,0.085
HYSA,2026-02-02,0.082
HYSA,2026-03-02,0.072
HYSA,2026-04-01,0.1
HYSA,2026-05-01,0.085
HYSA,2026-06-01,0.079
HYSA,2026-07-01,0.072
HYSA,2026-08-03,0.083
HYSA,2026-09-01,0.074
HYTR,2023-09-14,0.101
HYTR,2023-10-19,0.105
HYTR,2023-11-16,0.053
HYTR,2023-12-14,0.205
HYTR,2024-02-15,0.095
HYTR,2024-03-14,0.105
HYTR,2024-04-18,0.095
HYTR,2024-05-16,0.115
HYTR,2024-06-13,0.106
HYTR,2024-07-18,0.106
HYTR,2024-08-15,0.057
HYTR,2024-09-19,0.131
HYTR,2024-10-17,0.111
HYTR,2024-11-14,0.112
HYTR,2024-12-12,0.137
HYTR,2024-12-30,0.036
HYTR,2025-02-14,0.096
HYTR,2025-03-14,0.102
HYTR,2025-04-17,0.102
HYTR,2025-05-16,0.102
HYTR,2025-06-13,0.104
HYTR,2025-07-18,0.101
HYTR,2025-08-15,0.106
HYTR,2025-09-19,0.098
HYTR,2025-10-17,0.127
HYTR,2025-11-14,0.088
HYTR,2025-12-12,0.23
HYTR,2026-02-13,0.092
HYTR,2026-03-13,0.104
HYTR,2026-04-17,0.068
HYTR,2026-05-15,0.105
HYTR,2026-06-12,0.108
HYTR,2026-07-17,0.104
HYTR,2026-08-14,0.106
HYTR,2026-09-18,0.107
HYZD,2023-09-25,0.106
HYZD,2023-10-25,0.11
HYZD,2023-11-24,0.11
HYZD,2023-12-22,0.147
HYZD,2024-01-25,0.1
HYZD,2024-02-23,0.105
HYZD,2024-03-22,0.11
HYZD,2024-04-24,0.11
HYZD,2024-05-24,0.11
HYZD,2024-06-25,0.11
HYZD,2024-07-26,0.11
HYZD,2024-08-27,0.12
HYZD,2024-09-25,0.12
HYZD,2024-10-28,0.115
HYZD,2024-11-25,0.115
HYZD,2024-12-26,0.127
HYZD,2025-01-28,0.11
HYZD,2025-02-25,0.105
HYZD,2025-03-26,0.125
HYZD,2025-04-25,0.115
HYZD,2025-05-27,0.12
HYZD,2025-06-25,0.11
HYZD,2025-07-28,0.115
HYZD,2025-08-26,0.115
HYZD,2025-09-25,0.105
HYZD,2025-10-28,0.12
HYZD,2025-11-24,0.105
HYZD,2025-12-26,0.118
HYZD,2026-01-27,0.105
HYZD,2026-02-24,0.1
HYZD,2026-03-26,0.115
HYZD,2026-04-27,0.11
HYZD,2026-05-26,0.11
HYZD,2026-06-25,0.11
HYZD,2026-07-28,0.115
HYZD,2026-08-26,0.1
HYZD,2026-09-25,0.11
IAGG,2023-12-14,1.77
IAGG,2024-12-18,2.135
IAGG,2025-12-19,1.539
IAGG,2026-02-02,0.107
IAGG,2026-04-01,0.191
IAGG,2026-07-01,0.415
IAI,2023-09-26,0.579
IAI,2023-12-20,0.438
IAI,2024-03-21,0.353
IAI,2024-06-11,0.364
IAI,2024-09-25,0.361
IAI,2024-12-17,0.434
IAI,2025-03-18,0.464
IAI,2025-06-16,0.359
IAI,2025-09-16,0.436
IAI,2025-12-16,0.446
IAI,2026-03-17,0.693
IAI,2026-06-15,0.474
IAI,2026-09-15,0.514
IAK,2023-09-26,0.491
IAK,2023-12-20,0.433
IAK,2024-03-21,0.411
IAK,2024-06-11,0.224
IAK,2024-09-25,0.522
IAK,2024-12-17,0.731
IAK,2025-03-18,0.775
IAK,2025-06-16,0.351
IAK,2025-09-16,0.512
IAK,2025-12-16,0.667
IAK,2026-03-17,1.996
IAK,2026-06-15,0.394
IAK,2026-09-15,0.508
IALT,2025-12-30,0.034
IALT,2026-06-15,0.079
IAT,2023-09-26,0.499
IAT,2023-12-20,0.482
IAT,2024-03-21,0.304
IAT,2024-06-11,0.34
IAT,2024-09-25,0.444
IAT,2024-12-17,0.401
IAT,2025-03-18,0.26
IAT,2025-06-16,0.385
IAT,2025-09-16,0.398
IAT,2025-12-16,0.58
IAT,2026-03-17,0.26
IAT,2026-06-15,0.379
IAT,2026-09-15,0.421
IAUI,2025-06-25,0.522
IAUI,2025-07-23,0.52
IAUI,2025-08-20,0.511
IAUI,2025-09-24,0.543
IAUI,2025-10-22,0.581
IAUI,2025-11-26,0.571
IAUI,2025-12-24,0.598
IAUI,2026-01-21,0.609
IAUI,2026-02-18,0.62
IAUI,2026-03-18,0.613
IAUI,2026-04-22,0.586
IAUI,2026-05-20,0.555
IAUI,2026-06-16,0.513
IAUI,2026-07-22,0.486
IAUI,2026-08-19,0.518
IAUI,2026-09-16,0.501
IBB,2023-09-26,0.153
IBB,2023-12-20,0.124
IBB,2024-03-21,0.126
IBB,2024-09-25,0.2
IBB,2024-12-17,0.062
IBB,2025-03-18,0.121
IBB,2025-09-16,0.083
IBB,2025-12-16,0.183
IBB,2026-03-17,0.122
IBB,2026-06-15,0.024
IBB,2026-09-15,0.011
IBBQ,2023-09-18,0.041
IBBQ,2023-12-18,0.053
IBBQ,2024-03-18,0.044
IBBQ,2024-06-24,0.051
IBBQ,2024-09-23,0.089
IBBQ,2024-12-23,0.062
IBBQ,2025-03-24,0.04
IBBQ,2025-06-23,0.029
IBBQ,2025-09-22,0.096
IBBQ,2025-12-22,0.091
IBBQ,2026-03-23,0.036
IBBQ,2026-06-22,0.034
IBBQ,2026-09-21,0.23
IBCA,2025-05-01,0.044
IBCA,2025-06-02,0.106
IBCA,2025-07-01,0.099
IBCA,2025-08-01,0.08
IBCA,2025-09-02,0.099
IBCA,2025-10-01,0.101
IBCA,2025-11-03,0.103
IBCA,2025-12-01,0.097
IBCA,2025-12-19,0.099
IBCA,2026-02-02,0.099
IBCA,2026-03-02,0.101
IBCA,2026-04-01,0.104
IBCA,2026-05-01,0.104
IBCA,2026-06-01,0.103
IBCA,2026-07-01,0.104
IBCA,2026-08-03,0.103
IBCA,2026-09-01,0.1
IBCA,2026-10-01,0.106
IBCB,2026-05-01,0.073
IBCB,2026-06-01,0.085
IBCB,2026-07-01,0.095
IBCB,2026-08-03,0.096
IBCB,2026-09-01,0.086
IBCB,2026-10-01,0.098
IBD,2023-09-22,0.062
IBD,2023-10-27,0.088
IBD,2023-11-21,0.065
IBD,2023-12-14,0.115
IBD,2024-01-26,0.056
IBD,2024-02-23,0.071
IBD,2024-03-27,0.085
IBD,2024-04-26,0.072
IBD,2024-05-24,0.075
IBD,2024-06-25,0.081
IBD,2024-07-26,0.098
IBD,2024-08-26,0.072
IBD,2024-09-25,0.093
IBD,2024-10-28,0.084
IBD,2024-11-22,0.075
IBD,2024-12-16,0.118
IBD,2025-01-27,0.06
IBD,2025-02-24,0.073
IBD,2025-03-27,0.092
IBD,2025-04-25,0.08
IBD,2025-05-23,0.081
IBD,2025-06-26,0.095
IBD,2025-07-25,0.081
IBD,2025-08-26,0.083
IBD,2025-09-26,0.09
IBD,2025-10-28,0.082
IBD,2025-11-21,0.073
IBD,2025-12-17,0.121
IBD,2026-01-27,0.059
IBD,2026-02-24,0.078
IBD,2026-03-27,0.093
IBD,2026-04-24,0.079
IBD,2026-05-22,0.078
IBD,2026-06-26,0.096
IBD,2026-07-24,0.076
IBD,2026-08-26,0.09
IBD,2026-09-25,0.082
IBDR,2023-09-01,0.068
IBDR,2023-10-02,0.069
IBDR,2023-11-01,0.072
IBDR,2023-12-01,0.074
IBDR,2023-12-14,0.076
IBDR,2024-02-01,0.076
IBDR,2024-03-01,0.079
IBDR,2024-04-01,0.081
IBDR,2024-05-01,0.081
IBDR,2024-06-03,0.083
IBDR,2024-07-01,0.083
IBDR,2024-08-01,0.085
IBDR,2024-09-03,0.085
IBDR,2024-10-01,0.085
IBDR,2024-11-01,0.085
IBDR,2024-12-02,0.085
IBDR,2024-12-18,0.087
IBDR,2025-02-03,0.084
IBDR,2025-03-03,0.084
IBDR,2025-04-01,0.086
IBDR,2025-05-01,0.085
IBDR,2025-06-02,0.085
IBDR,2025-07-01,0.084
IBDR,2025-08-01,0.086
IBDR,2025-09-02,0.085
IBDR,2025-10-01,0.084
IBDR,2025-11-03,0.084
IBDR,2025-12-01,0.084
IBDR,2025-12-19,0.086
IBDR,2026-02-02,0.083
IBDR,2026-03-02,0.081
IBDR,2026-04-01,0.081
IBDR,2026-05-01,0.08
IBDR,2026-06-01,0.08
IBDR,2026-07-01,0.08
IBDR,2026-08-03,0.08
IBDR,2026-09-01,0.079
IBDR,2026-10-01,0.078
IBDS,2023-09-01,0.075
IBDS,2023-10-02,0.074
IBDS,2023-11-01,0.079
IBDS,2023-12-01,0.081
IBDS,2023-12-14,0.076
IBDS,2024-02-01,0.086
IBDS,2024-03-01,0.084
IBDS,2024-04-01,0.086
IBDS,2024-05-01,0.085
IBDS,2024-06-03,0.087
IBDS,2024-07-01,0.088
IBDS,2024-08-01,0.089
IBDS,2024-09-03,0.088
IBDS,2024-10-01,0.089
IBDS,2024-11-01,0.088
IBDS,2024-12-02,0.088
IBDS,2024-12-18,0.09
IBDS,2025-02-03,0.088
IBDS,2025-03-03,0.089
IBDS,2025-04-01,0.089
IBDS,2025-05-01,0.088
IBDS,2025-06-02,0.088
IBDS,2025-07-01,0.088
IBDS,2025-08-01,0.088
IBDS,2025-09-02,0.087
IBDS,2025-10-01,0.088
IBDS,2025-11-03,0.088
IBDS,2025-12-01,0.086
IBDS,2025-12-19,0.091
IBDS,2026-02-02,0.085
IBDS,2026-03-02,0.085
IBDS,2026-04-01,0.086
IBDS,2026-05-01,0.086
IBDS,2026-06-01,0.086
IBDS,2026-07-01,0.085
IBDS,2026-08-03,0.085
IBDS,2026-09-01,0.085
IBDS,2026-10-01,0.084
IBDT,2023-09-01,0.086
IBDT,2023-10-02,0.085
IBDT,2023-11-01,0.09
IBDT,2023-12-01,0.095
IBDT,2023-12-14,0.094
IBDT,2024-02-01,0.095
IBDT,2024-03-01,0.096
IBDT,2024-04-01,0.097
IBDT,2024-05-01,0.096
IBDT,2024-06-03,0.097
IBDT,2024-07-01,0.097
IBDT,2024-08-01,0.098
IBDT,2024-09-03,0.097
IBDT,2024-10-01,0.096
IBDT,2024-11-01,0.097
IBDT,2024-12-02,0.096
IBDT,2024-12-18,0.099
IBDT,2025-02-03,0.094
IBDT,2025-03-03,0.096
IBDT,2025-04-01,0.097
IBDT,2025-05-01,0.098
IBDT,2025-06-02,0.097
IBDT,2025-07-01,0.099
IBDT,2025-08-01,0.096
IBDT,2025-09-02,0.094
IBDT,2025-10-01,0.096
IBDT,2025-11-03,0.096
IBDT,2025-12-01,0.099
IBDT,2025-12-19,0.099
IBDT,2026-02-02,0.094
IBDT,2026-03-02,0.093
IBDT,2026-04-01,0.093
IBDT,2026-05-01,0.094
IBDT,2026-06-01,0.093
IBDT,2026-07-01,0.091
IBDT,2026-08-03,0.093
IBDT,2026-09-01,0.093
IBDT,2026-10-01,0.093
IBDU,2023-09-01,0.082
IBDU,2023-10-02,0.084
IBDU,2023-11-01,0.086
IBDU,2023-12-01,0.085
IBDU,2023-12-14,0.084
IBDU,2024-02-01,0.087
IBDU,2024-03-01,0.087
IBDU,2024-04-01,0.088
IBDU,2024-05-01,0.09
IBDU,2024-06-03,0.091
IBDU,2024-07-01,0.093
IBDU,2024-08-01,0.09
IBDU,2024-09-03,0.092
IBDU,2024-10-01,0.09
IBDU,2024-11-01,0.092
IBDU,2024-12-02,0.09
IBDU,2024-12-18,0.094
IBDU,2025-02-03,0.093
IBDU,2025-03-03,0.089
IBDU,2025-04-01,0.092
IBDU,2025-05-01,0.092
IBDU,2025-06-02,0.091
IBDU,2025-07-01,0.091
IBDU,2025-08-01,0.091
IBDU,2025-09-02,0.09
IBDU,2025-10-01,0.09
IBDU,2025-11-03,0.09
IBDU,2025-12-01,0.089
IBDU,2025-12-19,0.094
IBDU,2026-02-02,0.088
IBDU,2026-03-02,0.088
IBDU,2026-04-01,0.089
IBDU,2026-05-01,0.089
IBDU,2026-06-01,0.088
IBDU,2026-07-01,0.086
IBDU,2026-08-03,0.088
IBDU,2026-09-01,0.091
IBDU,2026-10-01,0.088
IBDV,2023-09-01,0.073
IBDV,2023-10-02,0.076
IBDV,2023-11-01,0.078
IBDV,2023-12-01,0.079
IBDV,2023-12-14,0.089
IBDV,2024-02-01,0.081
IBDV,2024-03-01,0.081
IBDV,2024-04-01,0.085
IBDV,2024-05-01,0.08
IBDV,2024-06-03,0.084
IBDV,2024-07-01,0.086
IBDV,2024-08-01,0.085
IBDV,2024-09-03,0.083
IBDV,2024-10-01,0.081
IBDV,2024-11-01,0.084
IBDV,2024-12-02,0.085
IBDV,2024-12-18,0.086
IBDV,2025-02-03,0.082
IBDV,2025-03-03,0.083
IBDV,2025-04-01,0.086
IBDV,2025-05-01,0.085
IBDV,2025-06-02,0.085
IBDV,2025-07-01,0.085
IBDV,2025-08-01,0.085
IBDV,2025-09-02,0.084
IBDV,2025-10-01,0.083
IBDV,2025-11-03,0.083
IBDV,2025-12-01,0.082
IBDV,2025-12-19,0.086
IBDV,2026-02-02,0.082
IBDV,2026-03-02,0.082
IBDV,2026-04-01,0.082
IBDV,2026-05-01,0.083
IBDV,2026-06-01,0.082
IBDV,2026-07-01,0.081
IBDV,2026-08-03,0.082
IBDV,2026-09-01,0.083
IBDV,2026-10-01,0.083
IBDW,2023-09-01,0.079
IBDW,2023-10-02,0.081
IBDW,2023-11-01,0.08
IBDW,2023-12-01,0.082
IBDW,2023-12-14,0.084
IBDW,2024-02-01,0.083
IBDW,2024-03-01,0.083
IBDW,2024-04-01,0.085
IBDW,2024-05-01,0.085
IBDW,2024-06-03,0.086
IBDW,2024-07-01,0.085
IBDW,2024-08-01,0.085
IBDW,2024-09-03,0.087
IBDW,2024-10-01,0.083
IBDW,2024-11-01,0.085
IBDW,2024-12-02,0.084
IBDW,2024-12-18,0.087
IBDW,2025-02-03,0.085
IBDW,2025-03-03,0.084
IBDW,2025-04-01,0.086
IBDW,2025-05-01,0.086
IBDW,2025-06-02,0.085
IBDW,2025-07-01,0.085
IBDW,2025-08-01,0.083
IBDW,2025-09-02,0.083
IBDW,2025-10-01,0.083
IBDW,2025-11-03,0.083
IBDW,2025-12-01,0.083
IBDW,2025-12-19,0.085
IBDW,2026-02-02,0.082
IBDW,2026-03-02,0.08
IBDW,2026-04-01,0.084
IBDW,2026-05-01,0.083
IBDW,2026-06-01,0.083
IBDW,2026-07-01,0.081
IBDW,2026-08-03,0.082
IBDW,2026-09-01,0.083
IBDW,2026-10-01,0.082
IBDX,2023-09-01,0.1
IBDX,2023-10-02,0.097
IBDX,2023-11-01,0.103
IBDX,2023-12-01,0.092
IBDX,2023-12-14,0.105
IBDX,2024-02-01,0.103
IBDX,2024-03-01,0.103
IBDX,2024-04-01,0.102
IBDX,2024-05-01,0.099
IBDX,2024-06-03,0.105
IBDX,2024-07-01,0.105
IBDX,2024-08-01,0.103
IBDX,2024-09-03,0.104
IBDX,2024-10-01,0.102
IBDX,2024-11-01,0.102
IBDX,2024-12-02,0.104
IBDX,2024-12-18,0.104
IBDX,2025-02-03,0.102
IBDX,2025-03-03,0.103
IBDX,2025-04-01,0.105
IBDX,2025-05-01,0.105
IBDX,2025-06-02,0.103
IBDX,2025-07-01,0.104
IBDX,2025-08-01,0.103
IBDX,2025-09-02,0.103
IBDX,2025-10-01,0.101
IBDX,2025-11-03,0.1
IBDX,2025-12-01,0.103
IBDX,2025-12-19,0.095
IBDX,2026-02-02,0.1
IBDX,2026-03-02,0.1
IBDX,2026-04-01,0.101
IBDX,2026-05-01,0.101
IBDX,2026-06-01,0.101
IBDX,2026-07-01,0.1
IBDX,2026-08-03,0.1
IBDX,2026-09-01,0.1
IBDX,2026-10-01,0.101
IBDY,2023-09-01,0.099
IBDY,2023-10-02,0.074
IBDY,2023-11-01,0.094
IBDY,2023-12-01,0.09
IBDY,2023-12-14,0.108
IBDY,2024-02-01,0.102
IBDY,2024-03-01,0.105
IBDY,2024-04-01,0.098
IBDY,2024-05-01,0.106
IBDY,2024-06-03,0.106
IBDY,2024-07-01,0.105
IBDY,2024-08-01,0.107
IBDY,2024-09-03,0.106
IBDY,2024-10-01,0.104
IBDY,2024-11-01,0.105
IBDY,2024-12-02,0.108
IBDY,2024-12-18,0.107
IBDY,2025-02-03,0.106
IBDY,2025-03-03,0.111
IBDY,2025-04-01,0.105
IBDY,2025-05-01,0.108
IBDY,2025-06-02,0.107
IBDY,2025-07-01,0.106
IBDY,2025-08-01,0.105
IBDY,2025-09-02,0.105
IBDY,2025-10-01,0.104
IBDY,2025-11-03,0.105
IBDY,2025-12-01,0.105
IBDY,2025-12-19,0.107
IBDY,2026-02-02,0.104
IBDY,2026-03-02,0.103
IBDY,2026-04-01,0.106
IBDY,2026-05-01,0.103
IBDY,2026-06-01,0.102
IBDY,2026-07-01,0.107
IBDY,2026-08-03,0.104
IBDY,2026-09-01,0.101
IBDY,2026-10-01,0.105
IBDZ,2024-07-01,0.03
IBDZ,2024-08-01,0.084
IBDZ,2024-09-03,0.102
IBDZ,2024-10-01,0.104
IBDZ,2024-11-01,0.103
IBDZ,2024-12-02,0.106
IBDZ,2024-12-18,0.107
IBDZ,2025-02-03,0.108
IBDZ,2025-03-03,0.107
IBDZ,2025-04-01,0.111
IBDZ,2025-05-01,0.104
IBDZ,2025-06-02,0.107
IBDZ,2025-07-01,0.109
IBDZ,2025-08-01,0.106
IBDZ,2025-09-02,0.106
IBDZ,2025-10-01,0.107
IBDZ,2025-11-03,0.106
IBDZ,2025-12-01,0.103
IBDZ,2025-12-19,0.108
IBDZ,2026-02-02,0.104
IBDZ,2026-03-02,0.101
IBDZ,2026-04-01,0.101
IBDZ,2026-05-01,0.107
IBDZ,2026-06-01,0.105
IBDZ,2026-07-01,0.107
IBDZ,2026-08-03,0.108
IBDZ,2026-09-01,0.109
IBDZ,2026-10-01,0.107
IBGA,2024-08-01,0.061
IBGA,2024-09-03,0.088
IBGA,2024-10-01,0.086
IBGA,2024-11-01,0.094
IBGA,2024-12-02,0.069
IBGA,2024-12-18,0.096
IBGA,2025-02-03,0.093
IBGA,2025-03-03,0.079
IBGA,2025-04-01,0.093
IBGA,2025-05-01,0.089
IBGA,2025-06-02,0.096
IBGA,2025-07-01,0.094
IBGA,2025-08-01,0.096
IBGA,2025-09-02,0.094
IBGA,2025-10-01,0.091
IBGA,2025-11-03,0.095
IBGA,2025-12-01,0.091
IBGA,2025-12-19,0.097
IBGA,2026-02-02,0.095
IBGA,2026-03-02,0.087
IBGA,2026-04-01,0.097
IBGA,2026-05-01,0.094
IBGA,2026-06-01,0.094
IBGA,2026-07-01,0.093
IBGA,2026-08-03,0.095
IBGA,2026-09-01,0.096
IBGA,2026-10-01,0.106
IBGC,2026-05-01,0.098
IBGC,2026-06-01,0.102
IBGC,2026-07-01,0.096
IBGC,2026-08-03,0.097
IBGC,2026-09-01,0.085
IBGC,2026-10-01,0.085
IBHF,2023-09-01,0.141
IBHF,2023-10-02,0.137
IBHF,2023-11-01,0.145
IBHF,2023-12-01,0.137
IBHF,2023-12-14,0.144
IBHF,2024-02-01,0.144
IBHF,2024-03-01,0.14
IBHF,2024-04-01,0.14
IBHF,2024-05-01,0.149
IBHF,2024-06-03,0.142
IBHF,2024-07-01,0.138
IBHF,2024-08-01,0.137
IBHF,2024-09-03,0.139
IBHF,2024-10-01,0.136
IBHF,2024-11-01,0.132
IBHF,2024-12-02,0.134
IBHF,2024-12-18,0.13
IBHF,2025-02-03,0.128
IBHF,2025-03-03,0.125
IBHF,2025-04-01,0.129
IBHF,2025-05-01,0.13
IBHF,2025-06-02,0.129
IBHF,2025-07-01,0.13
IBHF,2025-08-01,0.131
IBHF,2025-09-02,0.133
IBHF,2025-10-01,0.126
IBHF,2025-11-03,0.128
IBHF,2025-12-01,0.147
IBHF,2025-12-19,0.12
IBHF,2026-02-02,0.117
IBHF,2026-03-02,0.113
IBHF,2026-04-01,0.115
IBHF,2026-05-01,0.111
IBHF,2026-06-01,0.108
IBHF,2026-07-01,0.083
IBHF,2026-08-03,0.088
IBHF,2026-09-01,0.079
IBHF,2026-10-01,0.073
IBHG,2023-09-01,0.122
IBHG,2023-10-02,0.117
IBHG,2023-11-01,0.121
IBHG,2023-12-01,0.132
IBHG,2023-12-14,0.133
IBHG,2024-02-01,0.136
IBHG,2024-03-01,0.131
IBHG,2024-04-01,0.143
IBHG,2024-05-01,0.132
IBHG,2024-06-03,0.125
IBHG,2024-07-01,0.125
IBHG,2024-08-01,0.129
IBHG,2024-09-03,0.127
IBHG,2024-10-01,0.128
IBHG,2024-11-01,0.127
IBHG,2024-12-02,0.128
IBHG,2024-12-18,0.128
IBHG,2025-02-03,0.118
IBHG,2025-03-03,0.123
IBHG,2025-04-01,0.123
IBHG,2025-05-01,0.124
IBHG,2025-06-02,0.12
IBHG,2025-07-01,0.118
IBHG,2025-08-01,0.119
IBHG,2025-09-02,0.118
IBHG,2025-10-01,0.115
IBHG,2025-11-03,0.115
IBHG,2025-12-01,0.105
IBHG,2025-12-19,0.114
IBHG,2026-02-02,0.111
IBHG,2026-03-02,0.099
IBHG,2026-04-01,0.109
IBHG,2026-05-01,0.113
IBHG,2026-06-01,0.101
IBHG,2026-07-01,0.108
IBHG,2026-08-03,0.107
IBHG,2026-09-01,0.104
IBHG,2026-10-01,0.099
IBHH,2023-09-01,0.135
IBHH,2023-10-02,0.136
IBHH,2023-11-01,0.136
IBHH,2023-12-01,0.082
IBHH,2023-12-14,0.141
IBHH,2024-02-01,0.13
IBHH,2024-03-01,0.134
IBHH,2024-04-01,0.143
IBHH,2024-05-01,0.138
IBHH,2024-06-03,0.137
IBHH,2024-07-01,0.14
IBHH,2024-08-01,0.135
IBHH,2024-09-03,0.133
IBHH,2024-10-01,0.129
IBHH,2024-11-01,0.138
IBHH,2024-12-02,0.135
IBHH,2024-12-18,0.127
IBHH,2025-02-03,0.133
IBHH,2025-03-03,0.131
IBHH,2025-04-01,0.125
IBHH,2025-05-01,0.134
IBHH,2025-06-02,0.132
IBHH,2025-07-01,0.13
IBHH,2025-08-01,0.127
IBHH,2025-09-02,0.127
IBHH,2025-10-01,0.122
IBHH,2025-11-03,0.12
IBHH,2025-12-01,0.118
IBHH,2025-12-19,0.112
IBHH,2026-02-02,0.126
IBHH,2026-03-02,0.121
IBHH,2026-04-01,0.123
IBHH,2026-05-01,0.125
IBHH,2026-06-01,0.118
IBHH,2026-07-01,0.121
IBHH,2026-08-03,0.12
IBHH,2026-09-01,0.118
IBHH,2026-10-01,0.118
IBHI,2023-09-01,0.118
IBHI,2023-10-02,0.128
IBHI,2023-11-01,0.109
IBHI,2023-12-01,0.124
IBHI,2023-12-14,0.118
IBHI,2024-02-01,0.131
IBHI,2024-03-01,0.113
IBHI,2024-04-01,0.133
IBHI,2024-05-01,0.132
IBHI,2024-06-03,0.133
IBHI,2024-07-01,0.129
IBHI,2024-08-01,0.125
IBHI,2024-09-03,0.13
IBHI,2024-10-01,0.127
IBHI,2024-11-01,0.139
IBHI,2024-12-02,0.135
IBHI,2024-12-18,0.133
IBHI,2025-02-03,0.132
IBHI,2025-03-03,0.14
IBHI,2025-04-01,0.131
IBHI,2025-05-01,0.143
IBHI,2025-06-02,0.138
IBHI,2025-07-01,0.138
IBHI,2025-08-01,0.135
IBHI,2025-09-02,0.13
IBHI,2025-10-01,0.129
IBHI,2025-11-03,0.129
IBHI,2025-12-01,0.127
IBHI,2025-12-19,0.131
IBHI,2026-02-02,0.134
IBHI,2026-03-02,0.128
IBHI,2026-04-01,0.133
IBHI,2026-05-01,0.122
IBHI,2026-06-01,0.126
IBHI,2026-07-01,0.126
IBHI,2026-08-03,0.13
IBHI,2026-09-01,0.128
IBHI,2026-10-01,0.127
IBHJ,2023-09-01,0.152
IBHJ,2023-10-02,0.151
IBHJ,2023-11-01,0.153
IBHJ,2023-12-01,0.147
IBHJ,2023-12-14,0.158
IBHJ,2024-02-01,0.153
IBHJ,2024-03-01,0.155
IBHJ,2024-04-01,0.16
IBHJ,2024-05-01,0.142
IBHJ,2024-06-03,0.156
IBHJ,2024-07-01,0.157
IBHJ,2024-08-01,0.137
IBHJ,2024-09-03,0.142
IBHJ,2024-10-01,0.144
IBHJ,2024-11-01,0.15
IBHJ,2024-12-02,0.152
IBHJ,2024-12-18,0.141
IBHJ,2025-02-03,0.149
IBHJ,2025-03-03,0.145
IBHJ,2025-04-01,0.148
IBHJ,2025-05-01,0.154
IBHJ,2025-06-02,0.151
IBHJ,2025-07-01,0.148
IBHJ,2025-08-01,0.146
IBHJ,2025-09-02,0.151
IBHJ,2025-10-01,0.146
IBHJ,2025-11-03,0.146
IBHJ,2025-12-01,0.138
IBHJ,2025-12-19,0.145
IBHJ,2026-02-02,0.147
IBHJ,2026-03-02,0.147
IBHJ,2026-04-01,0.147
IBHJ,2026-05-01,0.146
IBHJ,2026-06-01,0.148
IBHJ,2026-07-01,0.145
IBHJ,2026-08-03,0.147
IBHJ,2026-09-01,0.145
IBHJ,2026-10-01,0.146
IBID,2023-12-14,0.207
IBID,2024-04-01,0.193
IBID,2024-07-01,0.498
IBID,2024-10-01,0.208
IBID,2024-12-18,0.183
IBID,2025-04-01,0.254
IBID,2025-07-01,0.33
IBID,2025-10-01,0.273
IBID,2025-12-19,0.286
IBID,2026-04-01,0.076
IBID,2026-07-01,0.625
IBID,2026-10-01,0.127
IBIE,2023-12-14,0.191
IBIE,2024-04-01,0.187
IBIE,2024-07-01,0.479
IBIE,2024-10-01,0.212
IBIE,2024-12-18,0.199
IBIE,2025-04-01,0.265
IBIE,2025-07-01,0.254
IBIE,2025-10-01,0.26
IBIE,2025-12-19,0.283
IBIE,2026-04-01,0.062
IBIE,2026-07-01,0.67
IBIE,2026-10-01,0.1
IBIF,2023-12-14,0.247
IBIF,2024-04-01,0.186
IBIF,2024-07-01,0.457
IBIF,2024-10-01,0.193
IBIF,2024-12-18,0.191
IBIF,2025-04-01,0.264
IBIF,2025-07-01,0.359
IBIF,2025-10-01,0.263
IBIF,2025-12-19,0.287
IBIF,2026-04-01,0.08
IBIF,2026-07-01,0.638
IBIF,2026-10-01,0.137
IBIG,2023-12-14,0.201
IBIG,2024-04-01,0.173
IBIG,2024-07-01,0.512
IBIG,2024-10-01,0.188
IBIG,2024-12-18,0.176
IBIG,2025-04-01,0.265
IBIG,2025-07-01,0.289
IBIG,2025-10-01,0.278
IBIG,2025-12-19,0.391
IBIG,2026-04-01,0.068
IBIG,2026-07-01,0.676
IBIG,2026-10-01,0.137
IBIH,2023-12-14,0.18
IBIH,2024-04-01,0.191
IBIH,2024-07-01,0.503
IBIH,2024-10-01,0.193
IBIH,2024-12-18,0.204
IBIH,2025-04-01,0.271
IBIH,2025-07-01,0.364
IBIH,2025-10-01,0.277
IBIH,2025-12-19,0.305
IBIH,2026-04-01,0.081
IBIH,2026-07-01,0.61
IBIH,2026-10-01,0.126
IBII,2023-12-14,0.284
IBII,2024-04-01,0.166
IBII,2024-07-01,0.62
IBII,2024-10-01,0.191
IBII,2024-12-18,0.204
IBII,2025-04-01,0.253
IBII,2025-07-01,0.385
IBII,2025-10-01,0.289
IBII,2025-12-19,0.308
IBII,2026-04-01,0.073
IBII,2026-07-01,0.645
IBII,2026-10-01,0.121
IBMO,2023-09-01,0.035
IBMO,2023-10-02,0.037
IBMO,2023-11-01,0.035
IBMO,2023-12-01,0.038
IBMO,2023-12-14,0.041
IBMO,2024-02-01,0.038
IBMO,2024-03-01,0.046
IBMO,2024-04-01,0.043
IBMO,2024-05-01,0.045
IBMO,2024-06-03,0.048
IBMO,2024-07-01,0.046
IBMO,2024-08-01,0.045
IBMO,2024-09-03,0.046
IBMO,2024-10-01,0.048
IBMO,2024-11-01,0.046
IBMO,2024-12-02,0.048
IBMO,2024-12-18,0.047
IBMO,2025-02-03,0.047
IBMO,2025-03-03,0.053
IBMO,2025-04-01,0.049
IBMO,2025-05-01,0.05
IBMO,2025-06-02,0.049
IBMO,2025-07-01,0.051
IBMO,2025-08-01,0.051
IBMO,2025-09-02,0.051
IBMO,2025-10-01,0.053
IBMO,2025-11-03,0.052
IBMO,2025-12-01,0.049
IBMO,2025-12-19,0.051
IBMO,2026-02-02,0.049
IBMO,2026-03-02,0.053
IBMO,2026-04-01,0.05
IBMO,2026-05-01,0.054
IBMO,2026-06-01,0.048
IBMO,2026-07-01,0.053
IBMO,2026-08-03,0.05
IBMO,2026-09-01,0.05
IBMO,2026-10-01,0.059
IBMP,2023-09-01,0.043
IBMP,2023-10-02,0.044
IBMP,2023-11-01,0.043
IBMP,2023-12-01,0.045
IBMP,2023-12-14,0.047
IBMP,2024-02-01,0.045
IBMP,2024-03-01,0.05
IBMP,2024-04-01,0.047
IBMP,2024-05-01,0.049
IBMP,2024-06-03,0.051
IBMP,2024-07-01,0.05
IBMP,2024-08-01,0.048
IBMP,2024-09-03,0.049
IBMP,2024-10-01,0.05
IBMP,2024-11-01,0.049
IBMP,2024-12-02,0.051
IBMP,2024-12-18,0.05
IBMP,2025-02-03,0.05
IBMP,2025-03-03,0.055
IBMP,2025-04-01,0.05
IBMP,2025-05-01,0.052
IBMP,2025-06-02,0.051
IBMP,2025-07-01,0.053
IBMP,2025-08-01,0.053
IBMP,2025-09-02,0.052
IBMP,2025-10-01,0.053
IBMP,2025-11-03,0.052
IBMP,2025-12-01,0.053
IBMP,2025-12-19,0.052
IBMP,2026-02-02,0.052
IBMP,2026-03-02,0.056
IBMP,2026-04-01,0.052
IBMP,2026-05-01,0.053
IBMP,2026-06-01,0.052
IBMP,2026-07-01,0.055
IBMP,2026-08-03,0.052
IBMP,2026-09-01,0.055
IBMP,2026-10-01,0.056
IBMQ,2023-09-01,0.041
IBMQ,2023-10-02,0.041
IBMQ,2023-11-01,0.041
IBMQ,2023-12-01,0.047
IBMQ,2023-12-14,0.046
IBMQ,2024-02-01,0.045
IBMQ,2024-03-01,0.05
IBMQ,2024-04-01,0.047
IBMQ,2024-05-01,0.049
IBMQ,2024-06-03,0.051
IBMQ,2024-07-01,0.05
IBMQ,2024-08-01,0.048
IBMQ,2024-09-03,0.049
IBMQ,2024-10-01,0.05
IBMQ,2024-11-01,0.048
IBMQ,2024-12-02,0.05
IBMQ,2024-12-18,0.05
IBMQ,2025-02-03,0.05
IBMQ,2025-03-03,0.055
IBMQ,2025-04-01,0.051
IBMQ,2025-05-01,0.052
IBMQ,2025-06-02,0.051
IBMQ,2025-07-01,0.053
IBMQ,2025-08-01,0.052
IBMQ,2025-09-02,0.05
IBMQ,2025-10-01,0.053
IBMQ,2025-11-03,0.052
IBMQ,2025-12-01,0.053
IBMQ,2025-12-19,0.051
IBMQ,2026-02-02,0.05
IBMQ,2026-03-02,0.055
IBMQ,2026-04-01,0.052
IBMQ,2026-05-01,0.053
IBMQ,2026-06-01,0.051
IBMQ,2026-07-01,0.053
IBMQ,2026-08-03,0.052
IBMQ,2026-09-01,0.054
IBMQ,2026-10-01,0.055
IBMR,2023-09-01,0.049
IBMR,2023-10-02,0.051
IBMR,2023-11-01,0.046
IBMR,2023-12-01,0.043
IBMR,2023-12-14,0.041
IBMR,2024-02-01,0.055
IBMR,2024-03-01,0.056
IBMR,2024-04-01,0.045
IBMR,2024-05-01,0.056
IBMR,2024-06-03,0.056
IBMR,2024-07-01,0.055
IBMR,2024-08-01,0.053
IBMR,2024-09-03,0.052
IBMR,2024-10-01,0.049
IBMR,2024-11-01,0.052
IBMR,2024-12-02,0.053
IBMR,2024-12-18,0.051
IBMR,2025-02-03,0.051
IBMR,2025-03-03,0.055
IBMR,2025-04-01,0.053
IBMR,2025-05-01,0.054
IBMR,2025-06-02,0.054
IBMR,2025-07-01,0.057
IBMR,2025-08-01,0.055
IBMR,2025-09-02,0.053
IBMR,2025-10-01,0.056
IBMR,2025-11-03,0.054
IBMR,2025-12-01,0.054
IBMR,2025-12-19,0.052
IBMR,2026-02-02,0.051
IBMR,2026-03-02,0.056
IBMR,2026-04-01,0.052
IBMR,2026-05-01,0.054
IBMR,2026-06-01,0.052
IBMR,2026-07-01,0.054
IBMR,2026-08-03,0.052
IBMR,2026-09-01,0.054
IBMR,2026-10-01,0.055
IBMS,2024-07-01,0.076
IBMS,2024-08-01,0.044
IBMS,2024-09-03,0.038
IBMS,2024-10-01,0.052
IBMS,2024-11-01,0.044
IBMS,2024-12-02,0.048
IBMS,2024-12-18,0.047
IBMS,2025-02-03,0.05
IBMS,2025-03-03,0.057
IBMS,2025-04-01,0.054
IBMS,2025-05-01,0.046
IBMS,2025-06-02,0.057
IBMS,2025-07-01,0.057
IBMS,2025-08-01,0.06
IBMS,2025-09-02,0.053
IBMS,2025-10-01,0.053
IBMS,2025-11-03,0.053
IBMS,2025-12-01,0.056
IBMS,2025-12-19,0.052
IBMS,2026-02-02,0.051
IBMS,2026-03-02,0.056
IBMS,2026-04-01,0.052
IBMS,2026-05-01,0.054
IBMS,2026-06-01,0.052
IBMS,2026-07-01,0.053
IBMS,2026-08-03,0.053
IBMS,2026-09-01,0.055
IBMS,2026-10-01,0.056
IBMT,2025-05-01,0.054
IBMT,2025-06-02,0.038
IBMT,2025-07-01,0.061
IBMT,2025-08-01,0.058
IBMT,2025-09-02,0.036
IBMT,2025-10-01,0.052
IBMT,2025-11-03,0.055
IBMT,2025-12-01,0.053
IBMT,2025-12-19,0.045
IBMT,2026-02-02,0.046
IBMT,2026-03-02,0.054
IBMT,2026-04-01,0.051
IBMT,2026-05-01,0.054
IBMT,2026-06-01,0.051
IBMT,2026-07-01,0.05
IBMT,2026-08-03,0.051
IBMT,2026-09-01,0.054
IBMT,2026-10-01,0.052
IBND,2023-09-01,0.058
IBND,2023-10-02,0.057
IBND,2023-11-01,0.062
IBND,2023-12-01,0.06
IBND,2023-12-18,0.058
IBND,2024-02-01,0.064
IBND,2024-03-01,0.066
IBND,2024-04-01,0.061
IBND,2024-05-01,0.057
IBND,2024-06-03,0.062
IBND,2024-07-01,0.059
IBND,2024-08-01,0.062
IBND,2024-09-03,0.062
IBND,2024-10-01,0.061
IBND,2024-11-01,0.065
IBND,2024-12-02,0.057
IBND,2024-12-19,0.063
IBND,2025-02-03,0.056
IBND,2025-03-03,0.057
IBND,2025-04-01,0.061
IBND,2025-05-01,0.058
IBND,2025-06-02,0.065
IBND,2025-07-01,0.065
IBND,2025-08-01,0.072
IBND,2025-09-02,0.069
IBND,2025-10-01,0.071
IBND,2025-11-03,0.078
IBND,2025-12-01,0.073
IBND,2025-12-18,0.073
IBND,2026-02-02,0.072
IBND,2026-03-02,0.065
IBND,2026-04-01,0.074
IBND,2026-05-01,0.07
IBND,2026-06-01,0.076
IBND,2026-07-01,0.072
IBND,2026-08-03,0.074
IBND,2026-09-01,0.076
IBND,2026-10-01,0.072
IBTG,2023-09-01,0.069
IBTG,2023-10-02,0.069
IBTG,2023-11-01,0.069
IBTG,2023-12-01,0.068
IBTG,2023-12-14,0.075
IBTG,2024-02-01,0.074
IBTG,2024-03-01,0.072
IBTG,2024-04-01,0.079
IBTG,2024-05-01,0.076
IBTG,2024-06-03,0.079
IBTG,2024-07-01,0.077
IBTG,2024-08-01,0.079
IBTG,2024-09-03,0.08
IBTG,2024-10-01,0.078
IBTG,2024-11-01,0.079
IBTG,2024-12-02,0.077
IBTG,2024-12-18,0.08
IBTG,2025-02-03,0.078
IBTG,2025-03-03,0.071
IBTG,2025-04-01,0.08
IBTG,2025-05-01,0.077
IBTG,2025-06-02,0.079
IBTG,2025-07-01,0.078
IBTG,2025-08-01,0.078
IBTG,2025-09-02,0.078
IBTG,2025-10-01,0.074
IBTG,2025-11-03,0.078
IBTG,2025-12-01,0.073
IBTG,2025-12-19,0.076
IBTG,2026-02-02,0.078
IBTG,2026-03-02,0.068
IBTG,2026-04-01,0.076
IBTG,2026-05-01,0.072
IBTG,2026-06-01,0.073
IBTG,2026-07-01,0.07
IBTG,2026-08-03,0.073
IBTG,2026-09-01,0.075
IBTG,2026-10-01,0.07
IBTH,2023-09-01,0.07
IBTH,2023-10-02,0.075
IBTH,2023-11-01,0.068
IBTH,2023-12-01,0.055
IBTH,2023-12-14,0.068
IBTH,2024-02-01,0.079
IBTH,2024-03-01,0.071
IBTH,2024-04-01,0.076
IBTH,2024-05-01,0.073
IBTH,2024-06-03,0.074
IBTH,2024-07-01,0.074
IBTH,2024-08-01,0.075
IBTH,2024-09-03,0.076
IBTH,2024-10-01,0.074
IBTH,2024-11-01,0.076
IBTH,2024-12-02,0.074
IBTH,2024-12-18,0.075
IBTH,2025-02-03,0.076
IBTH,2025-03-03,0.069
IBTH,2025-04-01,0.076
IBTH,2025-05-01,0.075
IBTH,2025-06-02,0.076
IBTH,2025-07-01,0.072
IBTH,2025-08-01,0.075
IBTH,2025-09-02,0.075
IBTH,2025-10-01,0.072
IBTH,2025-11-03,0.076
IBTH,2025-12-01,0.068
IBTH,2025-12-19,0.072
IBTH,2026-02-02,0.071
IBTH,2026-03-02,0.064
IBTH,2026-04-01,0.071
IBTH,2026-05-01,0.068
IBTH,2026-06-01,0.071
IBTH,2026-07-01,0.069
IBTH,2026-08-03,0.07
IBTH,2026-09-01,0.069
IBTH,2026-10-01,0.069
IBTI,2023-09-01,0.062
IBTI,2023-10-02,0.063
IBTI,2023-11-01,0.067
IBTI,2023-12-01,0.063
IBTI,2023-12-14,0.072
IBTI,2024-02-01,0.074
IBTI,2024-03-01,0.068
IBTI,2024-04-01,0.073
IBTI,2024-05-01,0.072
IBTI,2024-06-03,0.075
IBTI,2024-07-01,0.072
IBTI,2024-08-01,0.07
IBTI,2024-09-03,0.073
IBTI,2024-10-01,0.071
IBTI,2024-11-01,0.073
IBTI,2024-12-02,0.071
IBTI,2024-12-18,0.068
IBTI,2025-02-03,0.075
IBTI,2025-03-03,0.067
IBTI,2025-04-01,0.075
IBTI,2025-05-01,0.073
IBTI,2025-06-02,0.074
IBTI,2025-07-01,0.072
IBTI,2025-08-01,0.075
IBTI,2025-09-02,0.074
IBTI,2025-10-01,0.071
IBTI,2025-11-03,0.071
IBTI,2025-12-01,0.068
IBTI,2025-12-19,0.071
IBTI,2026-02-02,0.069
IBTI,2026-03-02,0.064
IBTI,2026-04-01,0.069
IBTI,2026-05-01,0.068
IBTI,2026-06-01,0.07
IBTI,2026-07-01,0.068
IBTI,2026-08-03,0.069
IBTI,2026-09-01,0.07
IBTI,2026-10-01,0.069
IBTJ,2023-09-01,0.064
IBTJ,2023-10-02,0.06
IBTJ,2023-11-01,0.066
IBTJ,2023-12-01,0.068
IBTJ,2023-12-14,0.066
IBTJ,2024-02-01,0.073
IBTJ,2024-03-01,0.064
IBTJ,2024-04-01,0.072
IBTJ,2024-05-01,0.069
IBTJ,2024-06-03,0.071
IBTJ,2024-07-01,0.071
IBTJ,2024-08-01,0.072
IBTJ,2024-09-03,0.07
IBTJ,2024-10-01,0.07
IBTJ,2024-11-01,0.072
IBTJ,2024-12-02,0.067
IBTJ,2024-12-18,0.071
IBTJ,2025-02-03,0.066
IBTJ,2025-03-03,0.066
IBTJ,2025-04-01,0.072
IBTJ,2025-05-01,0.071
IBTJ,2025-06-02,0.072
IBTJ,2025-07-01,0.071
IBTJ,2025-08-01,0.072
IBTJ,2025-09-02,0.072
IBTJ,2025-10-01,0.069
IBTJ,2025-11-03,0.068
IBTJ,2025-12-01,0.067
IBTJ,2025-12-19,0.063
IBTJ,2026-02-02,0.07
IBTJ,2026-03-02,0.063
IBTJ,2026-04-01,0.069
IBTJ,2026-05-01,0.069
IBTJ,2026-06-01,0.069
IBTJ,2026-07-01,0.067
IBTJ,2026-08-03,0.069
IBTJ,2026-09-01,0.07
IBTJ,2026-10-01,0.067
IBTK,2023-09-01,0.052
IBTK,2023-10-02,0.04
IBTK,2023-11-01,0.062
IBTK,2023-12-01,0.063
IBTK,2023-12-14,0.06
IBTK,2024-02-01,0.06
IBTK,2024-03-01,0.059
IBTK,2024-04-01,0.067
IBTK,2024-05-01,0.062
IBTK,2024-06-03,0.064
IBTK,2024-07-01,0.062
IBTK,2024-08-01,0.064
IBTK,2024-09-03,0.064
IBTK,2024-10-01,0.062
IBTK,2024-11-01,0.064
IBTK,2024-12-02,0.063
IBTK,2024-12-18,0.064
IBTK,2025-02-03,0.063
IBTK,2025-03-03,0.059
IBTK,2025-04-01,0.065
IBTK,2025-05-01,0.063
IBTK,2025-06-02,0.066
IBTK,2025-07-01,0.063
IBTK,2025-08-01,0.065
IBTK,2025-09-02,0.063
IBTK,2025-10-01,0.062
IBTK,2025-11-03,0.064
IBTK,2025-12-01,0.061
IBTK,2025-12-19,0.059
IBTK,2026-02-02,0.061
IBTK,2026-03-02,0.057
IBTK,2026-04-01,0.062
IBTK,2026-05-01,0.06
IBTK,2026-06-01,0.063
IBTK,2026-07-01,0.061
IBTK,2026-08-03,0.06
IBTK,2026-09-01,0.062
IBTK,2026-10-01,0.059
IBTL,2023-09-01,0.058
IBTL,2023-10-02,0.041
IBTL,2023-11-01,0.064
IBTL,2023-12-01,0.062
IBTL,2023-12-14,0.065
IBTL,2024-02-01,0.065
IBTL,2024-03-01,0.06
IBTL,2024-04-01,0.066
IBTL,2024-05-01,0.064
IBTL,2024-06-03,0.07
IBTL,2024-07-01,0.069
IBTL,2024-08-01,0.069
IBTL,2024-09-03,0.069
IBTL,2024-10-01,0.067
IBTL,2024-11-01,0.068
IBTL,2024-12-02,0.067
IBTL,2024-12-18,0.073
IBTL,2025-02-03,0.067
IBTL,2025-03-03,0.064
IBTL,2025-04-01,0.066
IBTL,2025-05-01,0.068
IBTL,2025-06-02,0.07
IBTL,2025-07-01,0.068
IBTL,2025-08-01,0.068
IBTL,2025-09-02,0.069
IBTL,2025-10-01,0.066
IBTL,2025-11-03,0.069
IBTL,2025-12-01,0.069
IBTL,2025-12-19,0.063
IBTL,2026-02-02,0.064
IBTL,2026-03-02,0.061
IBTL,2026-04-01,0.067
IBTL,2026-05-01,0.066
IBTL,2026-06-01,0.068
IBTL,2026-07-01,0.062
IBTL,2026-08-03,0.066
IBTL,2026-09-01,0.066
IBTL,2026-10-01,0.066
IBTM,2023-09-01,0.064
IBTM,2023-10-02,0.067
IBTM,2023-11-01,0.07
IBTM,2023-12-01,0.069
IBTM,2023-12-14,0.078
IBTM,2024-02-01,0.072
IBTM,2024-03-01,0.068
IBTM,2024-04-01,0.076
IBTM,2024-05-01,0.073
IBTM,2024-06-03,0.075
IBTM,2024-07-01,0.073
IBTM,2024-08-01,0.075
IBTM,2024-09-03,0.072
IBTM,2024-10-01,0.072
IBTM,2024-11-01,0.073
IBTM,2024-12-02,0.072
IBTM,2024-12-18,0.077
IBTM,2025-02-03,0.073
IBTM,2025-03-03,0.065
IBTM,2025-04-01,0.077
IBTM,2025-05-01,0.075
IBTM,2025-06-02,0.078
IBTM,2025-07-01,0.078
IBTM,2025-08-01,0.077
IBTM,2025-09-02,0.078
IBTM,2025-10-01,0.068
IBTM,2025-11-03,0.075
IBTM,2025-12-01,0.073
IBTM,2025-12-19,0.076
IBTM,2026-02-02,0.074
IBTM,2026-03-02,0.069
IBTM,2026-04-01,0.076
IBTM,2026-05-01,0.074
IBTM,2026-06-01,0.076
IBTM,2026-07-01,0.073
IBTM,2026-08-03,0.075
IBTM,2026-09-01,0.076
IBTM,2026-10-01,0.07
IBTO,2023-09-01,0.033
IBTO,2023-10-02,0.062
IBTO,2023-11-01,0.072
IBTO,2023-12-01,0.074
IBTO,2023-12-14,0.086
IBTO,2024-02-01,0.085
IBTO,2024-03-01,0.074
IBTO,2024-04-01,0.086
IBTO,2024-05-01,0.082
IBTO,2024-06-03,0.086
IBTO,2024-07-01,0.076
IBTO,2024-08-01,0.088
IBTO,2024-09-03,0.086
IBTO,2024-10-01,0.083
IBTO,2024-11-01,0.084
IBTO,2024-12-02,0.082
IBTO,2024-12-18,0.089
IBTO,2025-02-03,0.078
IBTO,2025-03-03,0.078
IBTO,2025-04-01,0.085
IBTO,2025-05-01,0.084
IBTO,2025-06-02,0.085
IBTO,2025-07-01,0.083
IBTO,2025-08-01,0.084
IBTO,2025-09-02,0.084
IBTO,2025-10-01,0.081
IBTO,2025-11-03,0.085
IBTO,2025-12-01,0.082
IBTO,2025-12-19,0.085
IBTO,2026-02-02,0.086
IBTO,2026-03-02,0.076
IBTO,2026-04-01,0.084
IBTO,2026-05-01,0.082
IBTO,2026-06-01,0.084
IBTO,2026-07-01,0.081
IBTO,2026-08-03,0.086
IBTO,2026-09-01,0.084
IBTO,2026-10-01,0.079
IBTP,2024-08-01,0.064
IBTP,2024-09-03,0.074
IBTP,2024-10-01,0.068
IBTP,2024-11-01,0.072
IBTP,2024-12-02,0.081
IBTP,2024-12-18,0.078
IBTP,2024-12-30,0.005
IBTP,2025-02-03,0.064
IBTP,2025-03-03,0.079
IBTP,2025-04-01,0.087
IBTP,2025-05-01,0.083
IBTP,2025-06-02,0.09
IBTP,2025-07-01,0.085
IBTP,2025-08-01,0.09
IBTP,2025-09-02,0.09
IBTP,2025-10-01,0.083
IBTP,2025-11-03,0.08
IBTP,2025-12-01,0.09
IBTP,2025-12-19,0.089
IBTP,2026-02-02,0.082
IBTP,2026-03-02,0.08
IBTP,2026-04-01,0.087
IBTP,2026-05-01,0.08
IBTP,2026-06-01,0.086
IBTP,2026-07-01,0.085
IBTP,2026-08-03,0.086
IBTP,2026-09-01,0.087
IBTP,2026-10-01,0.083
IBTQ,2025-05-01,0.098
IBTQ,2025-06-02,0.084
IBTQ,2025-07-01,0.087
IBTQ,2025-08-01,0.049
IBTQ,2025-09-02,0.082
IBTQ,2025-10-01,0.078
IBTQ,2025-11-03,0.086
IBTQ,2025-12-01,0.081
IBTQ,2025-12-19,0.069
IBTQ,2026-02-02,0.081
IBTQ,2026-03-02,0.08
IBTQ,2026-04-01,0.084
IBTQ,2026-05-01,0.064
IBTQ,2026-06-01,0.087
IBTQ,2026-07-01,0.084
IBTQ,2026-08-03,0.088
IBTQ,2026-09-01,0.086
IBTQ,2026-10-01,0.082
IBTR,2026-05-01,0.094
IBTR,2026-06-01,0.072
IBTR,2026-07-01,0.08
IBTR,2026-08-03,0.067
IBTR,2026-09-01,0.083
IBTR,2026-10-01,0.064
ICF,2023-09-26,0.599
ICF,2023-12-20,0.548
ICF,2024-03-21,0.255
ICF,2024-06-11,0.26
ICF,2024-09-25,0.582
ICF,2024-12-17,0.508
ICF,2025-03-18,0.251
ICF,2025-06-16,0.374
ICF,2025-09-16,0.398
ICF,2025-12-16,0.694
ICF,2026-03-17,0.189
ICF,2026-06-15,0.382
ICF,2026-09-15,0.479
ICLN,2023-12-20,0.123
ICLN,2024-06-11,0.096
ICLN,2024-12-17,0.114
ICLN,2025-06-16,0.14
ICLN,2025-12-16,0.128
ICLN,2026-06-15,0.056
ICLO,2023-09-18,0.167
ICLO,2023-10-23,0.177
ICLO,2023-11-20,0.187
ICLO,2023-12-18,0.252
ICLO,2024-01-22,0.136
ICLO,2024-02-20,0.139
ICLO,2024-03-18,0.14
ICLO,2024-04-22,0.139
ICLO,2024-05-20,0.126
ICLO,2024-06-24,0.123
ICLO,2024-07-22,0.141
ICLO,2024-08-19,0.15
ICLO,2024-09-23,0.161
ICLO,2024-10-21,0.158
ICLO,2024-11-18,0.131
ICLO,2024-12-23,0.124
ICLO,2025-01-21,0.117
ICLO,2025-02-24,0.119
ICLO,2025-03-24,0.11
ICLO,2025-04-21,0.113
ICLO,2025-05-19,0.129
ICLO,2025-06-23,0.121
ICLO,2025-07-21,0.117
ICLO,2025-08-18,0.116
ICLO,2025-09-22,0.11
ICLO,2025-10-20,0.124
ICLO,2025-11-24,0.129
ICLO,2025-12-22,0.097
ICLO,2026-01-20,0.105
ICLO,2026-02-23,0.104
ICLO,2026-03-23,0.1
ICLO,2026-04-20,0.092
ICLO,2026-05-18,0.095
ICLO,2026-06-22,0.096
ICLO,2026-07-20,0.103
ICLO,2026-08-24,0.092
ICLO,2026-09-21,0.099
ICOP,2023-12-20,0.551
ICOP,2024-06-11,0.054
ICOP,2024-12-17,0.422
ICOP,2025-06-16,0.299
ICOP,2025-12-16,0.593
ICOP,2025-12-30,0.029
ICOP,2026-06-15,0.271
ICOW,2023-09-21,0.472
ICOW,2023-12-27,0.257
ICOW,2024-03-21,0.057
ICOW,2024-06-27,0.971
ICOW,2024-09-26,0.155
ICOW,2024-12-27,0.099
ICOW,2025-03-06,0.248
ICOW,2025-06-05,0.241
ICOW,2025-09-04,0.184
ICOW,2025-12-30,0.498
ICOW,2026-03-05,0.038
ICOW,2026-06-04,0.26
ICOW,2026-09-03,0.938
ICSH,2023-09-01,0.216
ICSH,2023-10-02,0.201
ICSH,2023-11-01,0.229
ICSH,2023-12-01,0.216
ICSH,2023-12-14,0.223
ICSH,2024-02-01,0.227
ICSH,2024-03-01,0.219
ICSH,2024-04-01,0.228
ICSH,2024-05-01,0.221
ICSH,2024-06-03,0.227
ICSH,2024-07-01,0.221
ICSH,2024-08-01,0.225
ICSH,2024-09-03,0.223
ICSH,2024-10-01,0.218
ICSH,2024-11-01,0.215
ICSH,2024-12-02,0.206
ICSH,2024-12-18,0.213
ICSH,2025-02-03,0.198
ICSH,2025-03-03,0.18
ICSH,2025-04-01,0.201
ICSH,2025-05-01,0.185
ICSH,2025-06-02,0.198
ICSH,2025-07-01,0.199
ICSH,2025-08-01,0.206
ICSH,2025-09-02,0.192
ICSH,2025-10-01,0.19
ICSH,2025-11-03,0.187
ICSH,2025-12-01,0.179
ICSH,2025-12-19,0.187
ICSH,2026-02-02,0.173
ICSH,2026-03-02,0.162
ICSH,2026-04-01,0.173
ICSH,2026-05-01,0.171
ICSH,2026-06-01,0.171
ICSH,2026-07-01,0.169
ICSH,2026-08-03,0.166
ICSH,2026-09-01,0.172
ICSH,2026-10-01,0.173
ICVT,2023-09-01,0.102
ICVT,2023-10-02,0.12
ICVT,2023-11-01,0.117
ICVT,2023-12-01,0.154
ICVT,2023-12-14,0.372
ICVT,2024-02-01,0.12
ICVT,2024-03-01,0.129
ICVT,2024-04-01,0.135
ICVT,2024-05-01,0.141
ICVT,2024-06-03,0.154
ICVT,2024-07-01,0.156
ICVT,2024-08-01,0.15
ICVT,2024-09-03,0.153
ICVT,2024-10-01,0.151
ICVT,2024-11-01,0.142
ICVT,2024-12-02,0.147
ICVT,2024-12-18,0.28
ICVT,2025-02-03,0.141
ICVT,2025-03-03,0.147
ICVT,2025-04-01,0.147
ICVT,2025-05-01,0.152
ICVT,2025-06-02,0.15
ICVT,2025-07-01,0.137
ICVT,2025-08-01,0.115
ICVT,2025-09-02,0.136
ICVT,2025-10-01,0.13
ICVT,2025-11-03,0.114
ICVT,2025-12-01,0.117
ICVT,2025-12-19,0.218
ICVT,2026-02-02,0.107
ICVT,2026-03-02,0.13
ICVT,2026-04-01,0.134
ICVT,2026-05-01,0.122
ICVT,2026-06-01,0.13
ICVT,2026-07-01,0.12
ICVT,2026-08-03,0.139
ICVT,2026-09-01,0.134
ICVT,2026-10-01,0.137
IDEF,2025-12-16,0.052
IDEF,2026-06-15,0.054
IDEQ,2025-06-20,0.345
IDEQ,2025-12-19,0.183
IDEQ,2026-06-18,0.282
IDEV,2023-12-20,0.868
IDEV,2024-06-11,1.135
IDEV,2024-12-17,0.994
IDEV,2025-06-16,1.279
IDEV,2025-12-16,1.529
IDEV,2026-06-15,1.344
IDGT,2023-09-26,0.075
IDGT,2023-12-20,0.044
IDGT,2024-03-21,0.185
IDGT,2024-06-11,0.345
IDGT,2024-09-25,0.506
IDGT,2024-12-17,0.287
IDGT,2025-03-18,0.232
IDGT,2025-06-16,0.159
IDGT,2025-09-16,0.202
IDGT,2025-12-16,0.399
IDGT,2026-03-17,0.184
IDGT,2026-06-15,0.124
IDGT,2026-09-15,0.213
IDHQ,2023-09-18,0.172
IDHQ,2023-12-18,0.094
IDHQ,2024-03-18,0.219
IDHQ,2024-06-24,0.222
IDHQ,2024-09-23,0.092
IDHQ,2024-12-23,0.149
IDHQ,2025-03-24,0.259
IDHQ,2025-06-23,0.254
IDHQ,2025-09-22,0.144
IDHQ,2025-12-22,0.207
IDHQ,2026-03-23,0.237
IDHQ,2026-06-22,0.29
IDHQ,2026-09-21,0.115
IDMO,2023-09-18,0.325
IDMO,2023-12-18,0.128
IDMO,2024-03-18,0.303
IDMO,2024-06-24,0.234
IDMO,2024-09-23,0.277
IDMO,2024-12-23,0.096
IDMO,2025-03-24,0.224
IDMO,2025-06-23,0.43
IDMO,2025-09-22,0.173
IDMO,2025-12-22,1.236
IDMO,2026-03-23,0.266
IDMO,2026-06-22,0.517
IDMO,2026-09-21,0.346
IDNA,2023-12-20,0.169
IDNA,2024-06-11,0.111
IDNA,2024-12-17,0.111
IDNA,2025-06-16,0.153
IDNA,2025-12-16,0.155
IDNA,2026-06-15,0.125
IDOG,2023-09-21,0.228
IDOG,2023-12-21,0.244
IDOG,2024-03-21,0.218
IDOG,2024-06-20,0.677
IDOG,2024-09-19,0.304
IDOG,2024-12-19,0.216
IDOG,2025-03-20,0.326
IDOG,2025-06-20,0.58
IDOG,2025-09-18,0.36
IDOG,2025-12-18,0.376
IDOG,2026-03-19,0.181
IDOG,2026-06-18,0.931
IDOG,2026-09-17,0.384
IDRV,2023-12-20,0.338
IDRV,2024-06-11,0.406
IDRV,2024-12-17,0.378
IDRV,2025-06-16,0.307
IDRV,2025-12-16,0.338
IDRV,2026-06-15,0.303
IDU,2023-09-26,0.664
IDU,2023-12-20,0.616
IDU,2024-03-21,0.456
IDU,2024-06-11,0.438
IDU,2024-09-25,0.627
IDU,2024-12-17,0.678
IDU,2025-03-18,0.562
IDU,2025-06-16,0.594
IDU,2025-09-16,0.583
IDU,2025-12-16,0.679
IDU,2026-03-17,0.622
IDU,2026-06-15,0.631
IDU,2026-09-15,0.647
IDV,2023-09-26,0.508
IDV,2023-12-20,0.373
IDV,2024-03-21,0.236
IDV,2024-06-11,0.728
IDV,2024-09-25,0.424
IDV,2024-12-17,0.38
IDV,2025-03-18,0.188
IDV,2025-06-16,0.787
IDV,2025-09-16,0.382
IDV,2025-12-15,0.592
IDV,2026-03-17,0.201
IDV,2026-06-15,1.102
IDV,2026-09-15,0.53
IDVO,2023-09-27,0.136
IDVO,2023-10-27,0.132
IDVO,2023-11-28,0.141
IDVO,2023-12-27,0.144
IDVO,2024-01-29,0.144
IDVO,2024-02-27,0.147
IDVO,2024-03-26,0.153
IDVO,2024-04-26,0.152
IDVO,2024-05-30,0.158
IDVO,2024-06-27,0.153
IDVO,2024-07-30,0.154
IDVO,2024-08-29,0.154
IDVO,2024-09-27,0.155
IDVO,2024-10-30,0.156
IDVO,2024-11-27,0.154
IDVO,2024-12-30,0.152
IDVO,2025-01-30,0.156
IDVO,2025-02-27,0.161
IDVO,2025-03-28,0.162
IDVO,2025-04-29,0.159
IDVO,2025-05-29,0.169
IDVO,2025-06-27,0.169
IDVO,2025-07-30,0.171
IDVO,2025-08-28,0.178
IDVO,2025-09-29,0.186
IDVO,2025-10-30,0.19
IDVO,2025-11-26,0.186
IDVO,2025-12-30,0.195
IDVO,2026-01-29,0.215
IDVO,2026-02-26,0.217
IDVO,2026-03-30,0.206
IDVO,2026-04-29,0.211
IDVO,2026-05-28,0.215
IDVO,2026-06-29,0.208
IDVO,2026-07-30,0.211
IDVO,2026-08-28,0.216
IDVO,2026-09-29,0.212
IEF,2023-09-01,0.242
IEF,2023-10-02,0.239
IEF,2023-11-01,0.249
IEF,2023-12-01,0.249
IEF,2023-12-14,0.282
IEF,2024-02-01,0.236
IEF,2024-03-01,0.249
IEF,2024-04-01,0.276
IEF,2024-05-01,0.271
IEF,2024-06-03,0.276
IEF,2024-07-01,0.285
IEF,2024-08-01,0.289
IEF,2024-09-03,0.288
IEF,2024-10-01,0.286
IEF,2024-11-01,0.292
IEF,2024-12-02,0.292
IEF,2024-12-18,0.308
IEF,2025-02-03,0.296
IEF,2025-03-03,0.275
IEF,2025-04-01,0.304
IEF,2025-05-01,0.313
IEF,2025-06-02,0.31
IEF,2025-07-01,0.303
IEF,2025-08-01,0.309
IEF,2025-09-02,0.314
IEF,2025-10-01,0.294
IEF,2025-11-03,0.304
IEF,2025-12-01,0.288
IEF,2025-12-19,0.313
IEF,2026-02-02,0.312
IEF,2026-03-02,0.283
IEF,2026-04-01,0.317
IEF,2026-05-01,0.312
IEF,2026-06-01,0.317
IEF,2026-07-01,0.311
IEF,2026-08-03,0.318
IEF,2026-09-01,0.332
IEF,2026-10-01,0.307
IEFA,2023-12-20,0.968
IEFA,2024-06-11,1.31
IEFA,2024-12-17,1.13
IEFA,2025-06-16,1.467
IEFA,2025-12-16,1.711
IEFA,2026-06-15,1.578
IEI,2023-09-01,0.232
IEI,2023-10-02,0.243
IEI,2023-11-01,0.275
IEI,2023-12-01,0.275
IEI,2023-12-14,0.292
IEI,2024-02-01,0.287
IEI,2024-03-01,0.275
IEI,2024-04-01,0.306
IEI,2024-05-01,0.296
IEI,2024-06-03,0.299
IEI,2024-07-01,0.301
IEI,2024-08-01,0.315
IEI,2024-09-03,0.32
IEI,2024-10-01,0.315
IEI,2024-11-01,0.32
IEI,2024-12-02,0.311
IEI,2024-12-18,0.33
IEI,2025-02-03,0.329
IEI,2025-03-03,0.304
IEI,2025-04-01,0.342
IEI,2025-05-01,0.335
IEI,2025-06-02,0.363
IEI,2025-07-01,0.342
IEI,2025-08-01,0.351
IEI,2025-09-02,0.348
IEI,2025-10-01,0.346
IEI,2025-11-03,0.366
IEI,2025-12-01,0.35
IEI,2025-12-19,0.371
IEI,2026-02-02,0.367
IEI,2026-03-02,0.331
IEI,2026-04-01,0.361
IEI,2026-05-01,0.36
IEI,2026-06-01,0.369
IEI,2026-07-01,0.363
IEI,2026-08-03,0.379
IEI,2026-09-01,0.371
IEI,2026-10-01,0.368
IEMG,2023-12-20,0.977
IEMG,2024-06-11,0.509
IEMG,2024-12-17,1.163
IEMG,2025-06-16,0.71
IEMG,2025-12-16,1.139
IEMG,2026-06-15,0.658
IEO,2023-09-26,0.499
IEO,2023-12-20,0.968
IEO,2024-03-21,0.594
IEO,2024-06-11,0.505
IEO,2024-09-25,0.727
IEO,2024-12-17,0.527
IEO,2025-03-18,0.533
IEO,2025-06-16,0.526
IEO,2025-09-16,0.637
IEO,2025-12-16,0.636
IEO,2026-03-17,0.553
IEO,2026-06-15,0.505
IEO,2026-09-15,0.493
IETC,2023-09-26,0.16
IETC,2023-12-20,0.134
IETC,2024-03-21,0.078
IETC,2024-06-11,0.089
IETC,2024-09-25,0.16
IETC,2024-12-17,0.115
IETC,2025-03-18,0.063
IETC,2025-06-16,0.086
IETC,2025-09-16,0.102
IETC,2025-12-16,0.132
IETC,2026-03-17,0.075
IETC,2026-06-15,0.11
IETC,2026-09-15,0.09
IEUR,2023-12-20,0.568
IEUR,2024-06-11,1.192
IEUR,2024-12-17,0.718
IEUR,2025-06-16,1.261
IEUR,2025-12-16,0.849
IEUR,2026-06-15,1.542
IEV,2023-12-20,0.359
IEV,2024-06-11,1.235
IEV,2024-12-17,0.381
IEV,2025-06-16,1.122
IEV,2025-12-16,0.751
IEV,2026-06-15,1.281
IEZ,2023-09-26,0.071
IEZ,2023-12-20,0.064
IEZ,2024-03-21,0.087
IEZ,2024-06-11,0.092
IEZ,2024-09-25,0.093
IEZ,2024-12-17,0.077
IEZ,2025-03-18,0.09
IEZ,2025-06-16,0.104
IEZ,2025-09-16,0.111
IEZ,2025-12-16,0.084
IEZ,2026-03-17,0.064
IEZ,2026-06-15,0.085
IEZ,2026-09-15,0.097
IFLN,2023-09-18,0.079
IFLN,2023-10-23,0.082
IFLN,2023-11-20,0.086
IFLN,2023-12-18,0.093
IFLN,2024-01-22,0.073
IFLN,2024-02-20,0.072
IFLN,2024-03-18,0.078
IFLN,2024-04-22,0.078
IFLN,2024-05-20,0.088
IFLN,2024-06-24,0.088
IFLN,2024-07-22,0.09
IFLN,2024-08-19,0.101
IFLN,2024-09-23,0.085
IFLN,2024-10-21,0.086
IFLN,2024-11-18,0.098
IFLN,2024-12-23,0.09
IFLN,2025-01-21,0.085
IFLN,2025-02-24,0.086
IFLN,2025-03-24,0.088
IFLN,2025-04-21,0.081
IFLN,2025-05-19,0.081
IFLN,2025-06-23,0.081
IFLN,2025-07-21,0.083
IFLN,2025-08-18,0.084
IFLN,2025-09-22,0.086
IFLN,2025-10-20,0.087
IFLN,2025-11-24,0.089
IFLN,2025-12-22,0.088
IFLN,2026-01-20,0.089
IFLN,2026-02-23,0.085
IFLN,2026-03-23,0.085
IFLN,2026-04-20,0.095
IFLN,2026-05-18,0.11
IFLN,2026-06-22,0.089
IFLN,2026-07-20,0.091
IFLN,2026-08-24,0.087
IFLN,2026-09-21,0.089
IFLO,2025-07-10,0.026
IFLO,2025-09-08,0.027
IFLO,2025-10-09,0.087
IFLO,2025-12-11,0.067
IFLO,2026-03-10,0.026
IFLO,2026-04-09,0.044
IFLO,2026-05-08,0.069
IFLO,2026-06-09,0.15
IFLO,2026-07-09,0.054
IFLO,2026-09-09,0.079
IFRA,2023-09-26,0.223
IFRA,2023-12-20,0.234
IFRA,2024-03-21,0.16
IFRA,2024-06-11,0.171
IFRA,2024-09-25,0.25
IFRA,2024-12-17,0.227
IFRA,2025-03-18,0.267
IFRA,2025-06-16,0.184
IFRA,2025-09-16,0.216
IFRA,2025-12-16,0.3
IFRA,2026-03-17,0.275
IFRA,2026-06-15,0.183
IFRA,2026-09-15,0.259
IFV,2023-09-22,0.049
IFV,2023-12-22,0.178
IFV,2024-03-21,0.073
IFV,2024-06-27,0.15
IFV,2024-09-26,0.034
IFV,2024-12-13,0.187
IFV,2025-06-26,0.266
IFV,2025-09-25,0.069
IFV,2025-12-12,0.15
IFV,2026-03-26,0.009
IFV,2026-06-25,0.251
IFV,2026-09-24,0.094
IG,2023-09-01,0.08
IG,2023-10-02,0.071
IG,2023-11-01,0.078
IG,2023-12-01,0.079
IG,2023-12-27,0.082
IG,2024-02-01,0.088
IG,2024-03-01,0.087
IG,2024-04-01,0.086
IG,2024-05-01,0.087
IG,2024-06-03,0.086
IG,2024-07-01,0.088
IG,2024-08-01,0.09
IG,2024-09-03,0.087
IG,2024-10-01,0.088
IG,2024-11-01,0.086
IG,2024-12-02,0.09
IG,2024-12-27,0.094
IG,2025-02-03,0.092
IG,2025-03-03,0.091
IG,2025-04-01,0.087
IG,2025-05-01,0.087
IG,2025-06-02,0.082
IG,2025-07-01,0.087
IG,2025-08-01,0.085
IG,2025-09-02,0.086
IG,2025-10-01,0.091
IG,2025-11-03,0.088
IG,2025-12-01,0.079
IG,2025-12-29,0.101
IG,2026-02-02,0.085
IG,2026-03-02,0.083
IG,2026-04-01,0.088
IG,2026-05-01,0.087
IG,2026-06-01,0.086
IG,2026-07-01,0.084
IG,2026-08-03,0.086
IG,2026-09-01,0.089
IG,2026-10-01,0.086
IGBH,2023-09-05,0.162
IGBH,2023-10-03,0.164
IGBH,2023-11-02,0.162
IGBH,2023-12-04,0.153
IGBH,2023-12-22,0.17
IGBH,2024-02-02,0.146
IGBH,2024-03-04,0.141
IGBH,2024-04-02,0.138
IGBH,2024-05-02,0.145
IGBH,2024-06-04,0.13
IGBH,2024-07-02,0.134
IGBH,2024-08-02,0.184
IGBH,2024-09-04,0.149
IGBH,2024-10-02,0.139
IGBH,2024-11-04,0.144
IGBH,2024-12-03,0.13
IGBH,2024-12-20,0.094
IGBH,2025-02-04,0.16
IGBH,2025-03-04,0.121
IGBH,2025-04-02,0.131
IGBH,2025-05-02,0.126
IGBH,2025-06-03,0.13
IGBH,2025-07-02,0.133
IGBH,2025-08-04,0.128
IGBH,2025-09-03,0.124
IGBH,2025-10-02,0.127
IGBH,2025-11-04,0.121
IGBH,2025-12-02,0.112
IGBH,2025-12-23,0.123
IGBH,2026-02-03,0.103
IGBH,2026-03-03,0.107
IGBH,2026-04-02,0.112
IGBH,2026-05-04,0.105
IGBH,2026-06-02,0.103
IGBH,2026-07-02,0.102
IGBH,2026-08-04,0.099
IGBH,2026-09-02,0.103
IGBH,2026-10-02,0.119
IGE,2023-09-26,0.319
IGE,2023-12-20,0.316
IGE,2024-03-21,0.223
IGE,2024-06-11,0.274
IGE,2024-09-25,0.321
IGE,2024-12-17,0.267
IGE,2025-03-18,0.243
IGE,2025-06-16,0.267
IGE,2025-09-16,0.3
IGE,2025-12-16,0.355
IGE,2026-03-17,0.242
IGE,2026-06-15,0.29
IGE,2026-09-15,0.316
IGEB,2023-09-01,0.183
IGEB,2023-10-02,0.176
IGEB,2023-11-01,0.188
IGEB,2023-12-01,0.172
IGEB,2023-12-14,0.182
IGEB,2024-02-01,0.172
IGEB,2024-03-01,0.185
IGEB,2024-04-01,0.188
IGEB,2024-05-01,0.181
IGEB,2024-06-03,0.187
IGEB,2024-07-01,0.169
IGEB,2024-08-01,0.189
IGEB,2024-09-03,0.187
IGEB,2024-10-01,0.189
IGEB,2024-11-01,0.186
IGEB,2024-12-02,0.226
IGEB,2024-12-18,0.2
IGEB,2025-02-03,0.183
IGEB,2025-03-03,0.184
IGEB,2025-04-01,0.185
IGEB,2025-05-01,0.191
IGEB,2025-06-02,0.185
IGEB,2025-07-01,0.173
IGEB,2025-08-01,0.188
IGEB,2025-09-02,0.189
IGEB,2025-10-01,0.188
IGEB,2025-11-03,0.188
IGEB,2025-12-01,0.189
IGEB,2025-12-19,0.205
IGEB,2026-02-02,0.182
IGEB,2026-03-02,0.185
IGEB,2026-04-01,0.204
IGEB,2026-05-01,0.191
IGEB,2026-06-01,0.191
IGEB,2026-07-01,0.178
IGEB,2026-08-03,0.193
IGEB,2026-09-01,0.195
IGEB,2026-10-01,0.195
IGF,2023-12-20,0.907
IGF,2024-06-11,0.83
IGF,2024-12-17,0.849
IGF,2025-06-16,0.983
IGF,2025-12-16,0.996
IGF,2026-06-15,0.934
IGHG,2023-09-01,0.335
IGHG,2023-10-02,0.325
IGHG,2023-11-01,0.34
IGHG,2023-12-01,0.345
IGHG,2023-12-20,0.327
IGHG,2024-02-01,0.291
IGHG,2024-03-01,0.338
IGHG,2024-04-01,0.33
IGHG,2024-05-01,0.335
IGHG,2024-06-03,0.342
IGHG,2024-07-01,0.342
IGHG,2024-08-01,0.34
IGHG,2024-09-03,0.328
IGHG,2024-10-01,0.322
IGHG,2024-11-01,0.325
IGHG,2024-12-02,0.332
IGHG,2024-12-23,0.329
IGHG,2025-02-03,0.325
IGHG,2025-03-03,0.34
IGHG,2025-04-01,0.337
IGHG,2025-05-01,0.356
IGHG,2025-06-02,0.328
IGHG,2025-07-01,0.344
IGHG,2025-08-01,0.352
IGHG,2025-09-02,0.337
IGHG,2025-10-01,0.333
IGHG,2025-11-03,0.321
IGHG,2025-12-01,0.333
IGHG,2025-12-24,0.322
IGHG,2026-02-02,0.324
IGHG,2026-03-02,0.332
IGHG,2026-04-01,0.342
IGHG,2026-05-01,0.338
IGHG,2026-06-01,0.332
IGHG,2026-07-01,0.333
IGHG,2026-08-03,0.332
IGHG,2026-09-01,0.34
IGHG,2026-10-01,0.336
IGIB,2023-09-01,0.163
IGIB,2023-10-02,0.168
IGIB,2023-11-01,0.171
IGIB,2023-12-01,0.174
IGIB,2023-12-14,0.177
IGIB,2024-02-01,0.178
IGIB,2024-03-01,0.176
IGIB,2024-04-01,0.187
IGIB,2024-05-01,0.184
IGIB,2024-06-03,0.19
IGIB,2024-07-01,0.191
IGIB,2024-08-01,0.193
IGIB,2024-09-03,0.192
IGIB,2024-10-01,0.195
IGIB,2024-11-01,0.194
IGIB,2024-12-02,0.193
IGIB,2024-12-18,0.2
IGIB,2025-02-03,0.198
IGIB,2025-03-03,0.198
IGIB,2025-04-01,0.2
IGIB,2025-05-01,0.202
IGIB,2025-06-02,0.202
IGIB,2025-07-01,0.206
IGIB,2025-08-01,0.208
IGIB,2025-09-02,0.208
IGIB,2025-10-01,0.213
IGIB,2025-11-03,0.211
IGIB,2025-12-01,0.214
IGIB,2025-12-19,0.212
IGIB,2026-02-02,0.209
IGIB,2026-03-02,0.214
IGIB,2026-04-01,0.219
IGIB,2026-05-01,0.217
IGIB,2026-06-01,0.216
IGIB,2026-07-01,0.215
IGIB,2026-08-03,0.22
IGIB,2026-09-01,0.222
IGIB,2026-10-01,0.221
IGLB,2023-09-01,0.206
IGLB,2023-10-02,0.213
IGLB,2023-11-01,0.208
IGLB,2023-12-01,0.201
IGLB,2023-12-14,0.212
IGLB,2024-02-01,0.208
IGLB,2024-03-01,0.21
IGLB,2024-04-01,0.207
IGLB,2024-05-01,0.206
IGLB,2024-06-03,0.209
IGLB,2024-07-01,0.217
IGLB,2024-08-01,0.205
IGLB,2024-09-03,0.208
IGLB,2024-10-01,0.204
IGLB,2024-11-01,0.22
IGLB,2024-12-02,0.212
IGLB,2024-12-18,0.216
IGLB,2025-02-03,0.216
IGLB,2025-03-03,0.216
IGLB,2025-04-01,0.217
IGLB,2025-05-01,0.217
IGLB,2025-06-02,0.223
IGLB,2025-07-01,0.218
IGLB,2025-08-01,0.212
IGLB,2025-09-02,0.213
IGLB,2025-10-01,0.215
IGLB,2025-11-03,0.214
IGLB,2025-12-01,0.215
IGLB,2025-12-19,0.217
IGLB,2026-02-02,0.222
IGLB,2026-03-02,0.221
IGLB,2026-04-01,0.23
IGLB,2026-05-01,0.217
IGLB,2026-06-01,0.222
IGLB,2026-07-01,0.215
IGLB,2026-08-03,0.205
IGLB,2026-09-01,0.219
IGLB,2026-10-01,0.241
IGLD,2023-09-01,0.133
IGLD,2023-10-02,0.128
IGLD,2023-11-01,0.131
IGLD,2023-12-01,0.133
IGLD,2024-01-02,0.134
IGLD,2024-02-01,0.132
IGLD,2024-03-01,0.132
IGLD,2024-04-01,0.136
IGLD,2024-05-01,0.14
IGLD,2024-06-03,0.141
IGLD,2024-07-01,0.139
IGLD,2024-08-01,0.143
IGLD,2024-09-03,0.145
IGLD,2024-10-01,0.139
IGLD,2024-11-01,0.144
IGLD,2024-12-02,2.404
IGLD,2025-01-02,0.114
IGLD,2025-02-03,0.119
IGLD,2025-03-03,0.12
IGLD,2025-04-01,0.126
IGLD,2025-05-01,0.132
IGLD,2025-06-02,0.132
IGLD,2025-07-01,0.127
IGLD,2025-08-01,0.131
IGLD,2025-09-02,0.135
IGLD,2025-10-01,0.141
IGLD,2025-11-03,0.142
IGLD,2025-12-01,0.464
IGLD,2025-12-29,0.597
IGLD,2026-02-02,0.554
IGLD,2026-03-02,0.496
IGLD,2026-04-01,0.479
IGLD,2026-05-01,0.444
IGLD,2026-06-01,0.441
IGLD,2026-07-01,0.426
IGLD,2026-08-03,0.424
IGLD,2026-09-01,0.399
IGLD,2026-10-01,0.118
IGM,2023-09-26,0.065333
IGM,2023-12-20,0.23
IGM,2024-03-21,0.038
IGM,2024-06-11,0.04
IGM,2024-09-25,0.095
IGM,2024-12-17,0.05
IGM,2025-03-18,0.05
IGM,2025-06-16,0.06
IGM,2025-09-16,0.045
IGM,2025-12-16,0.064
IGM,2026-03-17,0.041
IGM,2026-06-15,0.068
IGM,2026-09-15,0.05
IGOV,2024-12-18,0.227
IGOV,2025-12-19,0.587
IGPT,2025-06-23,0.017
IGPT,2025-09-22,0.01
IGRO,2023-09-26,0.443
IGRO,2023-12-20,0.456
IGRO,2024-03-21,0.299
IGRO,2024-06-11,0.626
IGRO,2024-09-25,0.403
IGRO,2024-12-17,0.329
IGRO,2025-03-18,0.272
IGRO,2025-06-16,0.874
IGRO,2025-09-16,0.433
IGRO,2025-12-15,0.497
IGRO,2026-03-17,0.297
IGRO,2026-06-15,1.194
IGRO,2026-09-15,0.425
IGSB,2023-09-01,0.147
IGSB,2023-10-02,0.143
IGSB,2023-11-01,0.154
IGSB,2023-12-01,0.151
IGSB,2023-12-14,0.163
IGSB,2024-02-01,0.152
IGSB,2024-03-01,0.162
IGSB,2024-04-01,0.165
IGSB,2024-05-01,0.165
IGSB,2024-06-03,0.174
IGSB,2024-07-01,0.179
IGSB,2024-08-01,0.176
IGSB,2024-09-03,0.178
IGSB,2024-10-01,0.178
IGSB,2024-11-01,0.184
IGSB,2024-12-02,0.184
IGSB,2024-12-18,0.181
IGSB,2025-02-03,0.187
IGSB,2025-03-03,0.187
IGSB,2025-04-01,0.193
IGSB,2025-05-01,0.195
IGSB,2025-06-02,0.194
IGSB,2025-07-01,0.194
IGSB,2025-08-01,0.194
IGSB,2025-09-02,0.205
IGSB,2025-10-01,0.199
IGSB,2025-11-03,0.197
IGSB,2025-12-01,0.204
IGSB,2025-12-19,0.202
IGSB,2026-02-02,0.198
IGSB,2026-03-02,0.197
IGSB,2026-04-01,0.204
IGSB,2026-05-01,0.198
IGSB,2026-06-01,0.2
IGSB,2026-07-01,0.201
IGSB,2026-08-03,0.198
IGSB,2026-09-01,0.202
IGSB,2026-10-01,0.204
IGV,2026-06-15,0.017
IHAK,2023-12-20,0.047
IHAK,2024-12-17,0.097
IHAK,2025-06-16,0.003
IHAK,2025-12-16,0.037
IHAK,2026-06-15,0.007
IHDG,2023-09-25,0.07
IHDG,2023-12-22,0.12
IHDG,2024-03-22,0.215
IHDG,2024-06-25,0.325
IHDG,2024-09-25,0.105
IHDG,2024-12-26,0.296
IHDG,2024-12-31,0.109
IHDG,2025-06-25,0.67
IHDG,2025-09-25,0.15
IHDG,2025-12-26,0.074
IHDG,2026-03-26,0.04
IHDG,2026-06-25,0.69
IHDG,2026-09-25,0.125
IHE,2023-09-26,0.300667
IHE,2023-12-20,0.134667
IHE,2024-03-21,0.275
IHE,2024-06-11,0.294
IHE,2024-09-25,0.359
IHE,2024-12-17,0.211
IHE,2025-03-18,0.292
IHE,2025-06-16,0.307
IHE,2025-09-16,0.312
IHE,2025-12-16,0.585
IHE,2026-03-17,0.284
IHE,2026-06-15,0.285
IHE,2026-09-15,0.279
IHF,2023-09-26,0.1912
IHF,2023-12-20,0.3028
IHF,2024-03-21,0.105
IHF,2024-06-11,0.027
IHF,2024-09-25,0.174
IHF,2024-12-17,0.105
IHF,2025-03-18,0.108
IHF,2025-06-16,0.06
IHF,2025-09-16,0.11
IHF,2025-12-16,0.224
IHF,2026-03-17,0.139
IHF,2026-06-15,0.049
IHF,2026-09-15,0.132
IHI,2023-09-26,0.116
IHI,2023-12-20,0.097
IHI,2024-03-21,0.031
IHI,2024-06-11,0.053
IHI,2024-09-25,0.08
IHI,2024-12-17,0.107
IHI,2025-03-18,0.033
IHI,2025-06-16,0.055
IHI,2025-09-16,0.061
IHI,2025-12-16,0.063
IHI,2026-03-17,0.043
IHI,2026-06-15,0.075
IHI,2026-09-15,0.081
IJH,2023-09-26,0.2276
IJH,2023-12-20,0.2412
IJH,2024-03-21,0.16
IJH,2024-06-11,0.161
IJH,2024-09-25,0.239
IJH,2024-12-17,0.267
IJH,2025-03-18,0.163
IJH,2025-06-16,0.19
IJH,2025-09-16,0.212
IJH,2025-12-16,0.33
IJH,2026-03-17,0.157
IJH,2026-06-15,0.189
IJH,2026-09-15,0.226
IJJ,2023-09-26,0.574
IJJ,2023-12-20,0.542
IJJ,2024-03-21,0.367
IJJ,2024-06-11,0.516
IJJ,2024-09-25,0.729
IJJ,2024-12-17,0.648
IJJ,2025-03-18,0.45
IJJ,2025-06-16,0.517
IJJ,2025-09-16,0.572
IJJ,2025-12-16,0.819
IJJ,2026-03-17,0.437
IJJ,2026-06-15,0.515
IJJ,2026-09-15,0.581
IJK,2023-09-26,0.263
IJK,2023-12-20,0.269
IJK,2024-03-21,0.145
IJK,2024-06-11,0.137
IJK,2024-09-25,0.224
IJK,2024-12-17,0.211
IJK,2025-03-18,0.12
IJK,2025-06-16,0.148
IJK,2025-09-16,0.165
IJK,2025-12-16,0.208
IJK,2026-03-17,0.102
IJK,2026-06-15,0.134
IJK,2026-09-15,0.193
IJR,2023-09-26,0.459
IJR,2023-12-20,0.283
IJR,2024-03-21,0.326
IJR,2024-06-11,0.386
IJR,2024-09-25,0.515
IJR,2024-12-17,1.138
IJR,2025-03-18,0.323
IJR,2025-06-16,0.388
IJR,2025-09-16,0.444
IJR,2025-12-16,0.572
IJR,2026-03-17,0.194
IJR,2026-06-15,0.433
IJR,2026-09-15,0.509
IJS,2023-09-26,0.523
IJS,2023-12-20,0.218
IJS,2024-03-21,0.365
IJS,2024-06-11,0.47
IJS,2024-09-25,0.565
IJS,2024-12-17,0.535
IJS,2025-03-18,0.359
IJS,2025-06-16,0.428
IJS,2025-09-16,0.511
IJS,2025-12-16,0.544
IJS,2026-03-17,0.205
IJS,2026-06-15,0.54
IJS,2026-09-15,0.563
IJT,2023-09-26,0.397
IJT,2023-12-20,0.283
IJT,2024-03-21,0.219
IJT,2024-06-11,0.346
IJT,2024-09-25,0.524
IJT,2024-12-17,0.351
IJT,2025-03-18,0.25
IJT,2025-06-16,0.294
IJT,2025-09-16,0.314
IJT,2025-12-16,0.421
IJT,2026-03-17,0.22
IJT,2026-06-15,0.257
IJT,2026-09-15,0.36
ILCB,2023-09-26,0.273
ILCB,2023-12-20,0.283
ILCB,2024-03-21,0.21
ILCB,2024-06-11,0.203
ILCB,2024-09-25,0.28
ILCB,2024-12-17,0.272
ILCB,2025-03-18,0.244
ILCB,2025-06-16,0.241
ILCB,2025-09-16,0.255
ILCB,2025-12-16,0.305
ILCB,2026-03-17,0.211
ILCB,2026-06-15,0.246
ILCB,2026-09-15,0.278
ILCG,2023-09-26,0.122
ILCG,2023-12-20,0.147
ILCG,2024-03-21,0.096
ILCG,2024-06-11,0.083
ILCG,2024-09-25,0.14
ILCG,2024-12-17,0.125
ILCG,2025-03-18,0.101
ILCG,2025-06-16,0.098
ILCG,2025-09-16,0.136
ILCG,2025-12-16,0.151
ILCG,2026-03-17,0.096
ILCG,2026-06-15,0.094
ILCG,2026-09-15,0.138
ILCV,2023-09-26,0.448
ILCV,2023-12-20,0.482
ILCV,2024-03-21,0.353
ILCV,2024-06-11,0.366
ILCV,2024-09-25,0.463
ILCV,2024-12-17,0.434
ILCV,2025-03-18,0.383
ILCV,2025-06-16,0.401
ILCV,2025-09-16,0.404
ILCV,2025-12-16,0.484
ILCV,2026-03-17,0.357
ILCV,2026-06-15,0.391
ILCV,2026-09-15,0.421
ILF,2023-12-20,0.86
ILF,2024-06-11,0.662
ILF,2024-12-17,0.894
ILF,2025-06-16,0.595
ILF,2025-12-16,0.54
ILF,2025-12-30,0.201
ILF,2026-06-15,0.439
ILOW,2024-12-17,0.265
ILOW,2025-12-17,0.682
ILTB,2023-09-01,0.194
ILTB,2023-10-02,0.188
ILTB,2023-11-01,0.198
ILTB,2023-12-01,0.2
ILTB,2023-12-14,0.2
ILTB,2024-02-01,0.195
ILTB,2024-03-01,0.194
ILTB,2024-04-01,0.201
ILTB,2024-05-01,0.2
ILTB,2024-06-03,0.204
ILTB,2024-07-01,0.195
ILTB,2024-08-01,0.203
ILTB,2024-09-03,0.201
ILTB,2024-10-01,0.196
ILTB,2024-11-01,0.202
ILTB,2024-12-02,0.199
ILTB,2024-12-18,0.199
ILTB,2025-02-03,0.202
ILTB,2025-03-03,0.195
ILTB,2025-04-01,0.202
ILTB,2025-05-01,0.198
ILTB,2025-06-02,0.204
ILTB,2025-07-01,0.203
ILTB,2025-08-01,0.203
ILTB,2025-09-02,0.201
ILTB,2025-10-01,0.2
ILTB,2025-11-03,0.2
ILTB,2025-12-01,0.198
ILTB,2025-12-19,0.198
ILTB,2026-02-02,0.204
ILTB,2026-03-02,0.197
ILTB,2026-04-01,0.206
ILTB,2026-05-01,0.207
ILTB,2026-06-01,0.205
ILTB,2026-07-01,0.201
ILTB,2026-08-03,0.206
ILTB,2026-09-01,0.205
ILTB,2026-10-01,0.2
IMCB,2023-09-26,0.299
IMCB,2023-12-20,0.319
IMCB,2024-03-21,0.238
IMCB,2024-06-11,0.221
IMCB,2024-09-25,0.316
IMCB,2024-12-17,0.313
IMCB,2025-03-18,0.263
IMCB,2025-06-16,0.257
IMCB,2025-09-16,0.302
IMCB,2025-12-16,0.349
IMCB,2026-03-17,0.241
IMCB,2026-06-15,0.283
IMCB,2026-09-15,0.324
IMCG,2023-09-26,0.145
IMCG,2023-12-20,0.183
IMCG,2024-03-21,0.132
IMCG,2024-06-11,0.109
IMCG,2024-09-25,0.18
IMCG,2024-12-17,0.168
IMCG,2025-03-18,0.121
IMCG,2025-06-16,0.135
IMCG,2025-09-16,0.161
IMCG,2025-12-16,0.209
IMCG,2026-03-17,0.121
IMCG,2026-06-15,0.104
IMCG,2026-09-15,0.186
IMCV,2023-09-26,0.44
IMCV,2023-12-20,0.469
IMCV,2024-03-21,0.327
IMCV,2024-06-11,0.367
IMCV,2024-09-25,0.545
IMCV,2024-12-17,0.516
IMCV,2025-03-18,0.435
IMCV,2025-06-16,0.438
IMCV,2025-09-16,0.421
IMCV,2025-12-16,0.54
IMCV,2026-03-17,0.35
IMCV,2026-06-15,0.418
IMCV,2026-09-15,0.518
IMFL,2023-09-18,0.217
IMFL,2023-12-18,0.357
IMFL,2024-03-18,0.201
IMFL,2024-06-24,0.283
IMFL,2024-09-23,0.324
IMFL,2024-12-23,0.028
IMFL,2025-03-24,0.158
IMFL,2025-06-23,0.208
IMFL,2025-09-22,0.225
IMFL,2025-12-22,0.266
IMFL,2026-03-23,0.297
IMFL,2026-06-22,0.205
IMFL,2026-09-21,0.385
IMTB,2023-09-01,0.15
IMTB,2023-10-02,0.156
IMTB,2023-11-01,0.16
IMTB,2023-12-01,0.168
IMTB,2023-12-14,0.147
IMTB,2024-02-01,0.153
IMTB,2024-03-01,0.151
IMTB,2024-04-01,0.156
IMTB,2024-05-01,0.155
IMTB,2024-06-03,0.147
IMTB,2024-07-01,0.159
IMTB,2024-08-01,0.159
IMTB,2024-09-03,0.157
IMTB,2024-10-01,0.16
IMTB,2024-11-01,0.155
IMTB,2024-12-02,0.168
IMTB,2024-12-18,0.159
IMTB,2025-02-03,0.165
IMTB,2025-03-03,0.154
IMTB,2025-04-01,0.158
IMTB,2025-05-01,0.154
IMTB,2025-06-02,0.162
IMTB,2025-07-01,0.163
IMTB,2025-08-01,0.168
IMTB,2025-09-02,0.165
IMTB,2025-10-01,0.163
IMTB,2025-11-03,0.165
IMTB,2025-12-01,0.163
IMTB,2025-12-19,0.162
IMTB,2026-02-02,0.165
IMTB,2026-03-02,0.158
IMTB,2026-04-01,0.162
IMTB,2026-05-01,0.163
IMTB,2026-06-01,0.165
IMTB,2026-07-01,0.163
IMTB,2026-08-03,0.165
IMTB,2026-09-01,0.167
IMTB,2026-10-01,0.165
IMTM,2023-12-20,0.354
IMTM,2024-06-11,0.516
IMTM,2024-12-17,0.581
IMTM,2025-06-16,0.534
IMTM,2025-12-16,1.721
IMTM,2026-06-15,0.602
INCE,2023-09-15,0.239
INCE,2023-12-15,0.398
INCE,2024-03-15,0.157
INCE,2024-06-28,0.341
INCE,2024-07-31,0.167
INCE,2024-08-30,0.247
INCE,2024-09-30,0.197
INCE,2024-10-31,0.216
INCE,2024-11-29,0.226
INCE,2024-12-31,0.251
INCE,2025-01-31,0.197
INCE,2025-02-28,0.244
INCE,2025-03-31,0.275
INCE,2025-04-30,0.229
INCE,2025-05-30,0.272
INCE,2025-06-30,0.238
INCE,2025-07-31,0.212
INCE,2025-08-29,0.265
INCE,2025-09-30,0.289
INCE,2025-10-31,0.215
INCE,2025-11-28,0.23
INCE,2025-12-30,0.215
INCE,2026-01-30,0.29
INCE,2026-02-27,0.3
INCE,2026-03-31,0.35
INCE,2026-04-30,0.34
INCE,2026-05-29,0.25
INCE,2026-06-30,0.25
INCE,2026-07-31,0.3
INCE,2026-08-31,0.3
INCE,2026-09-30,0.3
INCM,2023-09-01,0.135
INCM,2023-10-02,0.104
INCM,2023-11-01,0.122
INCM,2023-12-01,0.121
INCM,2023-12-15,0.101
INCM,2024-02-01,0.128
INCM,2024-03-01,0.104
INCM,2024-04-01,0.122
INCM,2024-05-01,0.087
INCM,2024-06-03,0.122
INCM,2024-06-28,0.078
INCM,2024-07-31,0.111
INCM,2024-08-30,0.116
INCM,2024-09-30,0.11
INCM,2024-10-01,0.11
INCM,2024-10-31,0.122
INCM,2024-11-29,0.103
INCM,2024-12-31,0.119
INCM,2025-01-31,0.1
INCM,2025-02-28,0.114
INCM,2025-03-31,0.115
INCM,2025-04-30,0.116
INCM,2025-05-30,0.125
INCM,2025-06-30,0.1
INCM,2025-07-31,0.111
INCM,2025-08-29,0.126
INCM,2025-09-30,0.115
INCM,2025-10-31,0.125
INCM,2025-11-28,0.115
INCM,2025-12-30,0.131
INCM,2026-01-30,0.12
INCM,2026-02-27,0.13
INCM,2026-03-31,0.14
INCM,2026-04-30,0.135
INCM,2026-05-29,0.135
INCM,2026-06-30,0.12
INCM,2026-07-31,0.125
INCM,2026-08-31,0.13
INCM,2026-09-30,0.125
INDA,2024-12-17,0.399
INDY,2023-12-20,0.116
INDY,2024-06-11,0.042
INDY,2024-12-17,0.08
INDY,2025-12-16,3.995
INDY,2026-06-15,0.099
INFL,2023-09-27,0.15
INFL,2023-12-27,0.114
INFL,2024-03-27,0.158
INFL,2024-06-26,0.139
INFL,2024-09-25,0.167
INFL,2024-12-24,0.212
INFL,2025-03-26,0.17
INFL,2025-06-25,0.19
INFL,2025-09-24,0.1
INFL,2025-12-23,0.102
INFL,2026-03-25,0.08
INFL,2026-06-24,0.13
INFO,2024-12-20,0.033
INFO,2025-12-19,0.086
INMU,2023-09-01,0.076
INMU,2023-10-02,0.07
INMU,2023-11-01,0.069
INMU,2023-12-01,0.07
INMU,2023-12-14,0.069
INMU,2024-02-01,0.066
INMU,2024-03-01,0.068
INMU,2024-04-01,0.076
INMU,2024-05-01,0.071
INMU,2024-06-03,0.062
INMU,2024-07-01,0.074
INMU,2024-08-01,0.069
INMU,2024-09-03,0.062
INMU,2024-10-01,0.066
INMU,2024-11-01,0.064
INMU,2024-12-02,0.075
INMU,2024-12-18,0.068
INMU,2025-02-03,0.068
INMU,2025-03-03,0.071
INMU,2025-04-01,0.073
INMU,2025-05-01,0.064
INMU,2025-06-02,0.073
INMU,2025-07-01,0.067
INMU,2025-08-01,0.069
INMU,2025-09-02,0.069
INMU,2025-10-01,0.069
INMU,2025-11-03,0.07
INMU,2025-12-01,0.072
INMU,2025-12-19,0.07
INMU,2026-02-02,0.057
INMU,2026-03-02,0.068
INMU,2026-04-01,0.063
INMU,2026-05-01,0.069
INMU,2026-06-01,0.067
INMU,2026-07-01,0.066
INMU,2026-08-03,0.069
INMU,2026-09-01,0.069
INMU,2026-10-01,0.06
INRO,2024-06-11,0.034
INRO,2024-09-25,0.037
INRO,2024-12-17,0.066
INRO,2025-03-18,0.04
INRO,2025-06-16,0.058
INRO,2025-09-16,0.056
INRO,2025-12-16,0.064
INRO,2026-03-17,0.058
INRO,2026-06-15,0.04
INRO,2026-09-15,0.054
INTF,2023-12-20,0.457
INTF,2024-06-11,0.587
INTF,2024-12-17,0.427
INTF,2025-06-16,0.56
INTF,2025-12-16,0.522
INTF,2026-06-15,0.721
INYY,2026-06-18,1.11
INYY,2026-06-25,0.977
INYY,2026-07-02,1.149
INYY,2026-07-09,0.931
INYY,2026-07-16,0.803
INYY,2026-07-23,0.776
INYY,2026-07-30,0.653
INYY,2026-08-06,0.728
INYY,2026-08-13,0.661
INYY,2026-08-20,0.642
INYY,2026-08-27,0.545
INYY,2026-09-03,0.55
INYY,2026-09-10,0.528
INYY,2026-09-17,0.518
INYY,2026-09-24,0.666
INYY,2026-10-01,0.767
IONX,2025-12-30,1.659
IOO,2023-12-20,0.437
IOO,2024-06-11,0.65
IOO,2024-12-17,0.435
IOO,2025-06-16,0.715
IOO,2025-12-16,0.447
IOO,2026-06-15,0.721
IPAC,2023-12-20,1.105
IPAC,2024-06-11,0.803
IPAC,2024-12-17,1.29
IPAC,2025-06-16,0.847
IPAC,2025-12-16,2.317
IPAC,2026-06-15,0.881
IPAY,2023-12-27,0.043
IPAY,2024-03-26,0.01
IPAY,2024-12-30,0.438
IPAY,2025-12-30,0.411
IPKW,2023-09-18,0.226
IPKW,2023-12-18,0.163
IPKW,2024-03-18,0.372
IPKW,2024-06-24,0.384
IPKW,2024-09-23,0.363
IPKW,2024-12-23,0.518
IPKW,2025-03-24,0.485
IPKW,2025-06-23,0.457
IPKW,2025-09-22,0.292
IPKW,2025-12-22,0.737
IPKW,2026-03-23,0.567
IPKW,2026-06-22,0.45
IPKW,2026-09-21,0.249
IQDF,2023-09-15,0.354
IQDF,2023-12-15,0.572
IQDF,2024-06-21,0.383
IQDF,2024-09-20,0.232
IQDF,2024-12-20,0.948
IQDF,2025-03-21,0.09
IQDF,2025-06-20,0.444
IQDF,2025-09-19,0.287
IQDF,2025-12-19,0.173
IQDF,2026-03-20,0.068
IQDF,2026-06-18,0.515
IQDF,2026-09-18,0.433
IQDG,2023-09-25,0.07
IQDG,2023-12-22,0.115
IQDG,2024-03-22,0.21
IQDG,2024-06-25,0.32
IQDG,2024-09-25,0.095
IQDG,2024-12-26,0.186
IQDG,2024-12-31,0.077
IQDG,2025-03-26,0.07
IQDG,2025-06-25,0.495
IQDG,2025-09-25,0.14
IQDG,2025-12-26,0.242
IQDG,2026-03-26,0.04
IQDG,2026-06-25,0.61
IQDG,2026-09-25,0.12
IQLT,2023-12-20,0.369
IQLT,2024-06-11,0.627
IQLT,2024-12-17,0.438
IQLT,2025-06-16,0.608
IQLT,2025-12-16,0.449
IQLT,2026-06-15,0.746
IQMM,2026-03-03,0.07
IQMM,2026-03-10,0.064
IQMM,2026-03-17,0.063
IQMM,2026-03-24,0.069
IQMM,2026-03-31,0.068
IQMM,2026-04-07,0.058
IQMM,2026-04-14,0.075
IQMM,2026-04-21,0.068
IQMM,2026-04-28,0.069
IQMM,2026-05-05,0.066
IQMM,2026-05-12,0.07
IQMM,2026-05-19,0.068
IQMM,2026-05-26,0.058
IQMM,2026-06-02,0.077
IQMM,2026-06-09,0.069
IQMM,2026-06-16,0.067
IQMM,2026-06-23,0.059
IQMM,2026-06-30,0.079
IQMM,2026-07-07,0.059
IQMM,2026-07-14,0.082
IQMM,2026-07-21,0.073
IQMM,2026-07-28,0.071
IQMM,2026-08-04,0.07
IQMM,2026-08-11,0.067
IQMM,2026-08-18,0.067
IQMM,2026-08-25,0.066
IQMM,2026-09-01,0.067
IQMM,2026-09-08,0.059
IQMM,2026-09-15,0.076
IQMM,2026-09-22,0.069
IQMM,2026-09-29,0.071
IQQ,2026-09-15,0.021
IQQQ,2024-05-01,0.359
IQQQ,2024-06-03,0.292
IQQQ,2024-07-01,0.355
IQQQ,2024-08-01,0.346
IQQQ,2024-09-03,0.819
IQQQ,2024-10-01,0.324
IQQQ,2024-11-01,0.105
IQQQ,2024-12-02,0.34
IQQQ,2024-12-23,0.165
IQQQ,2025-02-03,0.45
IQQQ,2025-03-03,0.277
IQQQ,2025-04-01,0.904
IQQQ,2025-05-01,1.552
IQQQ,2025-06-02,0.423
IQQQ,2025-07-01,0.17
IQQQ,2025-08-01,0.027
IQQQ,2025-09-02,0.181
IQQQ,2025-10-01,0.093
IQQQ,2025-11-03,0.136
IQQQ,2025-12-01,0.28
IQQQ,2025-12-24,0.106
IQQQ,2026-02-02,0.225
IQQQ,2026-03-02,0.203
IQQQ,2026-04-01,0.252
IQQQ,2026-05-01,0.354
IQQQ,2026-06-01,0.243
IQQQ,2026-07-01,0.459
IQQQ,2026-08-03,0.239
IQQQ,2026-09-01,0.23
IQQQ,2026-10-01,0.256
IQSM,2023-09-15,0.082
IQSM,2023-12-15,0.102
IQSM,2024-03-15,0.096
IQSM,2024-06-21,0.067
IQSM,2024-09-20,0.102
IQSM,2024-12-20,0.133
IQSM,2025-03-21,0.081
IQSM,2025-06-20,0.095
IQSM,2025-09-19,0.106
IQSM,2025-12-19,0.126
IQSM,2026-03-20,0.081
IQSM,2026-06-18,0.101
IQSM,2026-09-18,0.103
IQSU,2023-09-15,0.126
IQSU,2023-12-15,0.123
IQSU,2024-03-15,0.127
IQSU,2024-06-21,0.119
IQSU,2024-09-20,0.141
IQSU,2024-12-20,0.156
IQSU,2025-03-21,0.125
IQSU,2025-06-20,0.137
IQSU,2025-09-19,0.161
IQSU,2025-12-19,0.174
IQSU,2026-03-20,0.128
IQSU,2026-06-18,0.144
IQSU,2026-09-18,0.123
IROC,2023-09-18,0.17
IROC,2023-10-23,0.166
IROC,2023-11-20,0.163
IROC,2023-12-18,0.179
IROC,2024-01-22,0.182
IROC,2024-02-20,0.182
IROC,2024-03-18,0.182
IROC,2024-04-22,0.17
IROC,2024-05-20,0.169
IROC,2024-06-24,0.169
IROC,2024-07-22,0.17
IROC,2024-08-19,0.171
IROC,2024-09-23,0.172
IROC,2024-10-21,0.173
IROC,2024-11-18,0.17
IROC,2024-12-23,0.172
IROC,2025-01-21,0.17
IROC,2025-02-24,0.17
IROC,2025-03-24,0.193
IROC,2025-04-21,0.19
IROC,2025-05-19,0.188
IROC,2025-06-23,0.21
IROC,2025-07-21,0.221
IROC,2025-08-18,0.218
IROC,2025-09-22,0.218
IROC,2025-10-20,0.218
IROC,2025-11-24,0.218
IROC,2025-12-22,0.218
IROC,2026-01-20,0.218
IROC,2026-02-23,0.218
IROC,2026-03-23,0.218
IROC,2026-04-20,0.218
IROC,2026-05-18,0.218
IROC,2026-06-22,0.218
IROC,2026-07-20,0.218
IROC,2026-08-24,0.209
IROC,2026-09-21,0.209
ISCF,2023-12-20,0.731
ISCF,2024-06-11,0.569
ISCF,2024-12-17,0.817
ISCF,2025-06-16,0.766
ISCF,2025-12-16,0.792
ISCF,2026-06-15,0.822
ISCG,2023-09-26,0.103
ISCG,2023-12-20,0.084
ISCG,2024-03-21,0.059
ISCG,2024-06-11,0.058
ISCG,2024-09-25,0.087
ISCG,2024-12-17,0.21
ISCG,2025-03-18,0.066
ISCG,2025-06-16,0.08
ISCG,2025-09-16,0.087
ISCG,2025-12-16,0.108
ISCG,2026-03-17,0.078
ISCG,2026-06-15,0.099
ISCG,2026-09-15,0.115
ISCV,2023-09-26,0.374
ISCV,2023-12-20,0.37
ISCV,2024-03-21,0.256
ISCV,2024-06-11,0.262
ISCV,2024-09-25,0.378
ISCV,2024-12-17,0.381
ISCV,2025-03-18,0.254
ISCV,2025-06-16,0.297
ISCV,2025-09-16,0.36
ISCV,2025-12-16,0.485
ISCV,2026-03-17,0.27
ISCV,2026-06-15,0.337
ISCV,2026-09-15,0.401
ISHG,2023-12-14,0.131
ISHG,2024-12-18,1.724
ISHG,2025-12-19,1.092
ISMD,2023-09-22,0.109
ISMD,2023-12-14,0.089
ISMD,2024-03-27,0.124
ISMD,2024-06-25,0.141
ISMD,2024-09-25,0.123
ISMD,2024-12-16,0.077
ISMD,2025-03-27,0.134
ISMD,2025-06-26,0.117
ISMD,2025-09-26,0.115
ISMD,2025-12-17,0.101
ISMD,2026-03-27,0.111
ISMD,2026-06-26,0.223
ISMF,2025-12-16,1.638
ISPY,2024-02-01,0.482
ISPY,2024-03-01,0.318
ISPY,2024-04-01,0.316
ISPY,2024-05-01,0.358
ISPY,2024-06-03,0.313
ISPY,2024-07-01,0.449
ISPY,2024-08-01,0.267
ISPY,2024-09-03,0.62
ISPY,2024-10-01,0.341
ISPY,2024-11-01,0.376
ISPY,2024-12-02,0.299
ISPY,2024-12-23,0.217
ISPY,2025-02-03,0.326
ISPY,2025-03-03,0.178
ISPY,2025-04-01,0.908
ISPY,2025-05-01,1.275
ISPY,2025-06-02,0.349
ISPY,2025-07-01,0.165
ISPY,2025-08-01,0.045
ISPY,2025-09-02,0.159
ISPY,2025-10-01,0.102
ISPY,2025-11-03,0.075
ISPY,2025-12-01,0.203
ISPY,2025-12-24,0.12
ISPY,2026-02-02,0.229
ISPY,2026-03-02,0.211
ISPY,2026-04-01,0.303
ISPY,2026-05-01,0.301
ISPY,2026-06-01,0.233
ISPY,2026-07-01,0.252
ISPY,2026-08-03,0.243
ISPY,2026-09-01,0.232
ISPY,2026-10-01,0.252
ISTB,2023-09-01,0.115
ISTB,2023-10-02,0.124
ISTB,2023-11-01,0.13
ISTB,2023-12-01,0.134
ISTB,2023-12-14,0.146
ISTB,2024-02-01,0.14
ISTB,2024-03-01,0.14
ISTB,2024-04-01,0.15
ISTB,2024-05-01,0.146
ISTB,2024-06-03,0.15
ISTB,2024-07-01,0.151
ISTB,2024-08-01,0.155
ISTB,2024-09-03,0.16
ISTB,2024-10-01,0.158
ISTB,2024-11-01,0.159
ISTB,2024-12-02,0.163
ISTB,2024-12-18,0.159
ISTB,2025-02-03,0.163
ISTB,2025-03-03,0.157
ISTB,2025-04-01,0.166
ISTB,2025-05-01,0.164
ISTB,2025-06-02,0.171
ISTB,2025-07-01,0.168
ISTB,2025-08-01,0.17
ISTB,2025-09-02,0.171
ISTB,2025-10-01,0.168
ISTB,2025-11-03,0.172
ISTB,2025-12-01,0.169
ISTB,2025-12-19,0.17
ISTB,2026-02-02,0.172
ISTB,2026-03-02,0.166
ISTB,2026-04-01,0.175
ISTB,2026-05-01,0.172
ISTB,2026-06-01,0.172
ISTB,2026-07-01,0.171
ISTB,2026-08-03,0.174
ISTB,2026-09-01,0.177
ISTB,2026-10-01,0.174
ITA,2023-09-26,0.225
ITA,2023-12-20,0.433
ITA,2024-03-21,0.266
ITA,2024-06-11,0.299
ITA,2024-09-25,0.227
ITA,2024-12-17,0.437
ITA,2025-03-18,0.253
ITA,2025-06-16,0.172
ITA,2025-09-16,0.75
ITA,2026-03-17,0.151
ITA,2026-06-15,0.164
ITA,2026-09-15,0.251
ITB,2023-09-26,0.151
ITB,2023-12-20,0.101
ITB,2024-03-21,0.143
ITB,2024-06-11,0.094
ITB,2024-09-25,0.12
ITB,2024-12-17,0.118
ITB,2025-03-18,0.657
ITB,2025-06-16,0.652
ITB,2025-09-16,0.134
ITB,2025-12-16,0.17
ITB,2026-03-17,0.18
ITB,2026-06-15,0.159
ITB,2026-09-15,0.754
ITDD,2023-12-22,0.243
ITDD,2024-12-20,0.476
ITDD,2025-12-23,0.642
ITM,2023-09-01,0.094
ITM,2023-10-02,0.088
ITM,2023-11-01,0.099
ITM,2023-12-01,0.095
ITM,2023-12-27,0.101
ITM,2024-02-01,0.104
ITM,2024-03-01,0.097
ITM,2024-04-01,0.111
ITM,2024-05-01,0.1
ITM,2024-06-03,0.107
ITM,2024-07-01,0.102
ITM,2024-08-01,0.11
ITM,2024-09-03,0.105
ITM,2024-10-01,0.1
ITM,2024-11-01,0.108
ITM,2024-12-02,0.102
ITM,2024-12-27,0.111
ITM,2025-02-03,0.11
ITM,2025-03-03,0.099
ITM,2025-04-01,0.126
ITM,2025-05-01,0.101
ITM,2025-06-02,0.115
ITM,2025-07-01,0.116
ITM,2025-08-01,0.115
ITM,2025-09-02,0.113
ITM,2025-10-01,0.107
ITM,2025-11-03,0.119
ITM,2025-11-28,0.109
ITM,2025-12-29,0.118
ITM,2026-02-02,0.117
ITM,2026-03-02,0.104
ITM,2026-04-01,0.134
ITM,2026-05-01,0.113
ITM,2026-06-01,0.106
ITM,2026-07-01,0.132
ITM,2026-08-03,0.126
ITM,2026-09-01,0.119
ITM,2026-10-01,0.112
ITOT,2023-09-26,0.443
ITOT,2023-12-20,0.473
ITOT,2024-03-21,0.308
ITOT,2024-06-11,0.336
ITOT,2024-09-25,0.466
ITOT,2024-12-17,0.468
ITOT,2025-03-18,0.358
ITOT,2025-06-16,0.386
ITOT,2025-09-16,0.414
ITOT,2025-12-16,0.487
ITOT,2026-03-17,0.327
ITOT,2026-06-15,0.419
ITOT,2026-09-15,0.453
IUS,2023-09-18,0.204
IUS,2023-12-18,0.195
IUS,2024-03-18,0.174
IUS,2024-06-24,0.177
IUS,2024-09-23,0.207
IUS,2024-12-23,0.197
IUS,2025-03-24,0.213
IUS,2025-06-23,0.207
IUS,2025-09-22,0.214
IUS,2025-12-22,0.211
IUS,2026-03-23,0.215
IUS,2026-06-22,0.205
IUS,2026-09-21,0.228
IUSB,2023-09-01,0.13
IUSB,2023-10-02,0.134
IUSB,2023-11-01,0.14
IUSB,2023-12-01,0.143
IUSB,2023-12-14,0.145
IUSB,2024-02-01,0.13
IUSB,2024-03-01,0.146
IUSB,2024-04-01,0.15
IUSB,2024-05-01,0.15
IUSB,2024-06-03,0.15
IUSB,2024-07-01,0.152
IUSB,2024-08-01,0.157
IUSB,2024-09-03,0.157
IUSB,2024-10-01,0.155
IUSB,2024-11-01,0.158
IUSB,2024-12-02,0.159
IUSB,2024-12-18,0.161
IUSB,2025-02-03,0.154
IUSB,2025-03-03,0.155
IUSB,2025-04-01,0.162
IUSB,2025-05-01,0.161
IUSB,2025-06-02,0.165
IUSB,2025-07-01,0.161
IUSB,2025-08-01,0.166
IUSB,2025-09-02,0.164
IUSB,2025-10-01,0.167
IUSB,2025-11-03,0.164
IUSB,2025-12-01,0.157
IUSB,2025-12-19,0.165
IUSB,2026-02-02,0.165
IUSB,2026-03-02,0.157
IUSB,2026-04-01,0.165
IUSB,2026-05-01,0.163
IUSB,2026-06-01,0.151
IUSB,2026-07-01,0.164
IUSB,2026-08-03,0.169
IUSB,2026-09-01,0.168
IUSB,2026-10-01,0.154
IUSG,2023-09-26,0.35
IUSG,2023-12-20,0.327
IUSG,2024-03-21,0.167
IUSG,2024-06-11,0.144
IUSG,2024-09-25,0.251
IUSG,2024-12-17,0.254
IUSG,2025-03-18,0.177
IUSG,2025-06-16,0.21
IUSG,2025-09-16,0.249
IUSG,2025-12-16,0.263
IUSG,2026-03-17,0.175
IUSG,2026-06-15,0.236
IUSG,2026-09-15,0.245
IUSV,2023-09-26,0.443
IUSV,2023-12-20,0.41
IUSV,2024-03-21,0.44
IUSV,2024-06-11,0.421
IUSV,2024-09-25,0.582
IUSV,2024-12-17,0.546
IUSV,2025-03-18,0.367
IUSV,2025-06-16,0.432
IUSV,2025-09-16,0.471
IUSV,2025-12-16,0.552
IUSV,2026-03-17,0.393
IUSV,2026-06-15,0.45
IUSV,2026-09-15,0.491
IVE,2023-09-26,0.84
IVE,2023-12-20,0.794
IVE,2024-03-21,0.842
IVE,2024-06-11,0.848
IVE,2024-09-25,1.138
IVE,2024-12-17,1.064
IVE,2025-03-18,0.745
IVE,2025-06-16,0.81
IVE,2025-09-16,0.865
IVE,2025-12-16,0.995
IVE,2026-03-17,0.784
IVE,2026-06-15,0.899
IVE,2026-09-15,0.931
IVES,2025-12-22,0.131
IVLU,2023-12-20,0.611
IVLU,2024-06-11,0.651
IVLU,2024-12-17,0.558
IVLU,2025-06-16,0.716
IVLU,2025-12-16,0.694
IVLU,2026-06-15,0.711
IVOG,2023-12-20,1.127
IVOG,2024-12-23,0.887
IVOG,2025-12-22,0.774
IVOL,2023-09-27,0.061
IVOL,2023-10-27,0.063
IVOL,2023-11-28,0.062
IVOL,2023-12-27,0.062
IVOL,2024-01-29,0.061
IVOL,2024-02-27,0.058
IVOL,2024-03-26,0.058
IVOL,2024-04-26,0.056
IVOL,2024-05-30,0.055
IVOL,2024-06-27,0.055
IVOL,2024-07-30,0.057
IVOL,2024-08-29,0.058
IVOL,2024-09-27,0.058
IVOL,2024-10-30,0.056
IVOL,2024-11-27,0.054
IVOL,2024-12-30,0.053
IVOL,2025-01-30,0.054
IVOL,2025-02-27,0.054
IVOL,2025-03-28,0.056
IVOL,2025-04-29,0.06
IVOL,2025-05-29,0.058
IVOL,2025-06-27,0.059
IVOL,2025-07-30,0.059
IVOL,2025-08-28,0.06
IVOL,2025-09-29,0.058
IVOL,2025-10-30,0.058
IVOL,2025-11-26,0.058
IVOL,2025-12-30,0.058
IVOL,2026-01-29,0.057
IVOL,2026-02-26,0.057
IVOL,2026-03-30,0.056
IVOL,2026-04-29,0.055
IVOL,2026-05-28,0.054
IVOL,2026-06-29,0.052
IVOL,2026-07-30,0.052
IVOL,2026-08-28,0.052
IVOO,2023-09-28,0.249
IVOO,2023-12-20,0.444
IVOO,2024-03-22,0.231
IVOO,2024-06-28,0.371
IVOO,2024-09-27,0.36
IVOO,2024-12-23,0.596
IVOO,2025-03-25,0.346
IVOO,2025-06-26,0.351
IVOO,2025-09-24,0.385
IVOO,2025-12-22,0.427
IVOO,2026-03-24,0.35
IVOO,2026-06-24,0.345
IVOO,2026-09-23,0.374
IVOV,2023-12-20,1.329
IVOV,2024-12-23,1.665
IVOV,2025-12-22,1.841
IVV,2023-09-26,1.987
IVV,2023-12-20,1.925
IVV,2024-03-21,1.665
IVV,2024-06-11,1.611
IVV,2024-09-25,2.235
IVV,2024-12-17,2.134
IVV,2025-03-18,1.765
IVV,2025-06-16,1.867
IVV,2025-09-16,1.995
IVV,2025-12-16,2.414
IVV,2026-03-17,1.784
IVV,2026-06-15,1.996
IVV,2026-09-15,2.203
IVVM,2024-12-30,0.19
IVVM,2025-12-23,0.238
IVVW,2024-04-02,0.669
IVVW,2024-05-02,0.622
IVVW,2024-06-04,0.408
IVVW,2024-07-02,0.574
IVVW,2024-08-02,0.361
IVVW,2024-09-04,1.012
IVVW,2024-10-02,1.006
IVVW,2024-11-04,0.62
IVVW,2024-12-03,0.433
IVVW,2024-12-20,1.011
IVVW,2025-02-04,0.554
IVVW,2025-03-04,0.329
IVVW,2025-04-02,0.807
IVVW,2025-05-02,0.683
IVVW,2025-06-03,0.753
IVVW,2025-07-02,0.655
IVVW,2025-08-04,0.645
IVVW,2025-09-03,0.493
IVVW,2025-10-02,0.719
IVVW,2025-11-04,0.73
IVVW,2025-12-02,1.42
IVVW,2025-12-23,0.66
IVVW,2026-02-03,0.576
IVVW,2026-03-03,0.548
IVVW,2026-04-02,0.852
IVVW,2026-05-04,0.588
IVVW,2026-06-02,0.831
IVVW,2026-07-02,0.004
IVVW,2026-08-04,0.427
IVVW,2026-09-02,0.287
IVVW,2026-10-02,0.884
IVW,2023-09-26,0.223
IVW,2023-12-20,0.213
IVW,2024-03-21,0.084
IVW,2024-06-11,0.074
IVW,2024-09-25,0.145
IVW,2024-12-17,0.133
IVW,2025-03-18,0.108
IVW,2025-06-16,0.118
IVW,2025-09-16,0.138
IVW,2025-12-16,0.13
IVW,2026-03-17,0.101
IVW,2026-06-15,0.126
IVW,2026-09-15,0.128
IWB,2023-09-26,1.006
IWB,2023-12-20,0.976
IWB,2024-03-21,0.869
IWB,2024-06-11,0.733
IWB,2024-09-25,1.068
IWB,2024-12-17,1.015
IWB,2025-03-18,0.829
IWB,2025-06-16,0.838
IWB,2025-09-16,0.962
IWB,2025-12-16,1.1
IWB,2026-03-17,0.865
IWB,2026-06-15,0.843
IWB,2026-09-15,1.006
IWC,2023-09-26,0.428
IWC,2023-12-20,0.387
IWC,2024-03-21,0.254
IWC,2024-06-11,0.326
IWC,2024-09-25,0.418
IWC,2024-12-17,0.378
IWC,2025-03-18,0.278
IWC,2025-06-16,0.324
IWC,2025-09-16,0.398
IWC,2025-12-16,0.733
IWC,2026-03-17,0.245
IWC,2026-06-15,0.515
IWC,2026-09-15,0.449
IWD,2023-09-26,0.986
IWD,2023-12-20,0.963
IWD,2024-03-21,0.77
IWD,2024-06-11,0.699
IWD,2024-09-25,1.023
IWD,2024-12-17,0.98
IWD,2025-03-18,0.802
IWD,2025-06-16,0.837
IWD,2025-09-16,0.902
IWD,2025-12-16,1.019
IWD,2026-03-17,0.821
IWD,2026-06-15,0.761
IWD,2026-09-15,0.93
IWF,2023-09-26,0.1285
IWF,2023-12-20,0.151
IWF,2024-03-21,0.111
IWF,2024-06-11,0.10275
IWF,2024-09-25,0.1395
IWF,2024-12-17,0.1065
IWF,2025-03-18,0.099
IWF,2025-06-16,0.0985
IWF,2025-09-16,0.10775
IWF,2025-12-16,0.1185
IWF,2026-03-17,0.0975
IWF,2026-06-15,0.107
IWF,2026-09-15,0.109
IWL,2023-09-26,0.415
IWL,2023-12-20,0.422
IWL,2024-03-21,0.335
IWL,2024-06-11,0.318
IWL,2024-09-25,0.449
IWL,2024-12-17,0.406
IWL,2025-03-18,0.352
IWL,2025-06-16,0.361
IWL,2025-09-16,0.391
IWL,2025-12-16,0.438
IWL,2026-03-17,0.35
IWL,2026-06-15,0.392
IWL,2026-09-15,0.416
IWLG,2023-12-15,0.004
IWLG,2024-12-20,0.631
IWLG,2025-12-19,0.001
IWM,2023-09-26,0.829
IWM,2023-12-20,0.734
IWM,2024-03-21,0.522
IWM,2024-06-11,0.562
IWM,2024-09-25,0.752
IWM,2024-12-17,0.694
IWM,2025-03-18,0.46
IWM,2025-06-16,0.576
IWM,2025-09-16,0.677
IWM,2025-12-16,0.842
IWM,2026-03-17,0.442
IWM,2026-06-15,0.695
IWM,2026-09-15,0.75
IWMI,2024-06-26,0.545
IWMI,2024-07-24,0.602
IWMI,2024-08-21,0.658
IWMI,2024-09-25,0.623
IWMI,2024-10-23,0.624
IWMI,2024-11-20,0.634
IWMI,2024-12-24,0.611
IWMI,2025-01-22,0.609
IWMI,2025-02-26,0.583
IWMI,2025-03-26,0.569
IWMI,2025-04-23,0.498
IWMI,2025-05-21,0.553
IWMI,2025-06-25,0.557
IWMI,2025-07-23,0.562
IWMI,2025-08-20,0.562
IWMI,2025-09-24,0.587
IWMI,2025-10-22,0.59
IWMI,2025-11-26,0.573
IWMI,2025-12-24,0.599
IWMI,2026-01-21,0.608
IWMI,2026-02-18,0.602
IWMI,2026-03-18,0.571
IWMI,2026-04-22,0.612
IWMI,2026-05-20,0.605
IWMI,2026-06-16,0.628
IWMI,2026-07-22,0.625
IWMI,2026-08-19,0.637
IWMI,2026-09-16,0.608
IWMY,2023-12-01,3.75
IWMY,2023-12-28,3.0
IWMY,2024-02-01,3.87
IWMY,2024-03-01,3.3
IWMY,2024-04-01,3.21
IWMY,2024-05-01,4.23
IWMY,2024-06-03,2.73
IWMY,2024-07-01,2.094
IWMY,2024-07-31,2.643
IWMY,2024-09-03,3.672
IWMY,2024-10-01,2.239
IWMY,2024-10-10,0.42
IWMY,2024-10-24,0.308
IWMY,2024-10-31,0.317
IWMY,2024-11-07,0.329
IWMY,2024-11-14,0.424
IWMY,2024-11-21,0.322
IWMY,2024-11-27,0.36
IWMY,2024-12-05,0.257
IWMY,2024-12-12,0.325
IWMY,2024-12-19,0.27
IWMY,2024-12-26,0.258
IWMY,2024-12-31,0.304
IWMY,2025-01-08,0.303
IWMY,2025-01-16,0.294
IWMY,2025-01-23,0.302
IWMY,2025-01-30,0.104
IWMY,2025-02-06,0.301
IWMY,2025-02-13,0.299
IWMY,2025-02-20,0.269
IWMY,2025-02-27,0.257
IWMY,2025-03-06,0.283
IWMY,2025-03-13,0.329
IWMY,2025-03-20,0.321
IWMY,2025-03-27,0.321
IWMY,2025-04-03,0.31
IWMY,2025-04-10,0.28
IWMY,2025-04-17,0.331
IWMY,2025-04-24,0.337
IWMY,2025-05-01,0.235
IWMY,2025-05-08,0.242
IWMY,2025-05-15,0.241
IWMY,2025-05-22,0.246
IWMY,2025-05-29,0.238
IWMY,2025-06-05,0.238
IWMY,2025-06-12,0.241
IWMY,2025-06-18,0.238
IWMY,2025-06-26,0.24
IWMY,2025-07-03,0.241
IWMY,2025-07-10,0.244
IWMY,2025-07-17,0.24
IWMY,2025-07-24,0.238
IWMY,2025-07-31,0.237
IWMY,2025-08-07,0.229
IWMY,2025-08-14,0.231
IWMY,2025-08-21,0.23
IWMY,2025-08-28,0.232
IWMY,2025-09-04,0.231
IWMY,2025-09-11,0.232
IWMY,2025-09-18,0.232
IWMY,2025-09-25,0.362
IWMY,2025-10-02,0.228
IWMY,2025-10-09,0.231
IWMY,2025-10-16,0.247
IWMY,2025-10-23,0.221
IWMY,2025-10-30,0.169
IWMY,2025-11-06,0.165
IWMY,2025-11-13,0.165
IWMY,2025-11-20,0.159
IWMY,2025-11-26,0.288
IWMY,2025-12-04,0.157
IWMY,2025-12-11,0.119
IWMY,2025-12-18,0.118
IWMY,2025-12-24,0.119
IWMY,2025-12-31,0.116
IWMY,2026-01-08,0.118
IWMY,2026-01-15,0.119
IWMY,2026-01-22,0.119
IWMY,2026-01-29,0.118
IWMY,2026-02-05,0.117
IWMY,2026-02-12,0.118
IWMY,2026-02-19,0.116
IWMY,2026-02-26,0.115
IWMY,2026-03-05,0.112
IWMY,2026-03-12,0.109
IWMY,2026-03-19,0.107
IWMY,2026-03-26,0.106
IWMY,2026-04-02,0.101
IWMY,2026-04-09,0.105
IWMY,2026-04-16,0.111
IWMY,2026-04-23,0.112
IWMY,2026-04-30,0.113
IWMY,2026-05-07,0.114
IWMY,2026-05-14,0.114
IWMY,2026-05-21,0.109
IWMY,2026-05-28,0.114
IWMY,2026-06-04,0.114
IWMY,2026-06-11,0.111
IWMY,2026-06-18,0.113
IWMY,2026-06-25,0.114
IWMY,2026-07-02,0.114
IWMY,2026-07-09,0.112
IWMY,2026-07-16,0.111
IWMY,2026-07-23,0.111
IWMY,2026-07-30,0.11
IWMY,2026-08-06,0.112
IWMY,2026-08-13,0.111
IWMY,2026-08-20,0.11
IWMY,2026-08-27,0.109
IWMY,2026-09-03,0.105
IWMY,2026-09-10,0.106
IWMY,2026-09-17,0.102
IWMY,2026-09-24,0.102
IWMY,2026-10-01,0.099
IWN,2023-09-26,0.941
IWN,2023-12-20,0.898
IWN,2024-03-21,0.567
IWN,2024-06-11,0.671
IWN,2024-09-25,0.862
IWN,2024-12-17,0.858
IWN,2025-03-18,0.498
IWN,2025-06-16,0.691
IWN,2025-09-16,0.817
IWN,2025-12-16,1.066
IWN,2026-03-17,0.518
IWN,2026-06-15,0.785
IWN,2026-09-15,0.885
IWO,2023-09-26,0.455
IWO,2023-12-20,0.583
IWO,2024-03-21,0.342
IWO,2024-06-11,0.371
IWO,2024-09-25,0.541
IWO,2024-12-17,1.049
IWO,2025-03-18,0.382
IWO,2025-06-16,0.321
IWO,2025-09-16,0.367
IWO,2025-12-16,0.728
IWO,2026-03-17,0.095
IWO,2026-06-15,0.452
IWO,2026-09-15,0.41
IWP,2023-09-26,0.18
IWP,2023-12-20,0.153
IWP,2024-03-21,0.118
IWP,2024-06-11,0.105
IWP,2024-09-25,0.165
IWP,2024-12-17,0.119
IWP,2025-03-18,0.099
IWP,2025-06-16,0.133
IWP,2025-09-16,0.119
IWP,2025-12-16,0.158
IWP,2026-03-17,0.054
IWP,2026-06-15,0.162
IWP,2026-09-15,0.155
IWR,2023-09-26,0.326
IWR,2023-12-20,0.339
IWR,2024-03-21,0.218
IWR,2024-06-11,0.211
IWR,2024-09-25,0.374
IWR,2024-12-17,0.323
IWR,2025-03-18,0.261
IWR,2025-06-16,0.264
IWR,2025-09-16,0.322
IWR,2025-12-16,0.394
IWR,2026-03-17,0.262
IWR,2026-06-15,0.289
IWR,2026-09-15,0.327
IWS,2023-09-26,0.582
IWS,2023-12-20,0.587
IWS,2024-03-21,0.385
IWS,2024-06-11,0.389
IWS,2024-09-25,0.586
IWS,2024-12-17,0.58
IWS,2025-03-18,0.448
IWS,2025-06-16,0.492
IWS,2025-09-16,0.563
IWS,2025-12-16,0.656
IWS,2026-03-17,0.451
IWS,2026-06-15,0.504
IWS,2026-09-15,0.595
IWV,2023-09-26,1.009
IWV,2023-12-20,1.061
IWV,2024-03-21,0.752
IWV,2024-06-11,0.773
IWV,2024-09-25,1.077
IWV,2024-12-17,1.017
IWV,2025-03-18,0.827
IWV,2025-06-16,0.888
IWV,2025-09-16,0.94
IWV,2025-12-16,1.077
IWV,2026-03-17,0.751
IWV,2026-06-15,0.96
IWV,2026-09-15,0.997
IWX,2023-09-26,0.433
IWX,2023-12-20,0.448
IWX,2024-03-21,0.347
IWX,2024-06-11,0.35
IWX,2024-09-25,0.342
IWX,2024-12-17,0.516
IWX,2025-03-18,0.288
IWX,2025-06-16,0.388
IWX,2025-09-16,0.39
IWX,2025-12-16,0.398
IWX,2026-03-17,0.364
IWX,2026-06-15,0.38
IWX,2026-09-15,0.396
IWY,2023-09-26,0.297
IWY,2023-12-20,0.387
IWY,2024-03-21,0.249
IWY,2024-06-11,0.194
IWY,2024-09-25,0.303
IWY,2024-12-17,0.25
IWY,2025-03-18,0.237
IWY,2025-06-16,0.242
IWY,2025-09-16,0.26
IWY,2025-12-16,0.266
IWY,2026-03-17,0.201
IWY,2026-06-15,0.272
IWY,2026-09-15,0.231
IXC,2023-12-20,0.636
IXC,2024-06-11,0.898
IXC,2024-12-17,0.845
IXC,2025-06-16,0.697
IXC,2025-12-16,0.848
IXC,2026-06-15,0.724
IXG,2023-12-20,0.928
IXG,2024-06-11,1.46
IXG,2024-12-17,1.074
IXG,2025-06-16,1.398
IXG,2025-12-16,1.069
IXG,2026-06-15,1.763
IXJ,2023-12-20,0.556
IXJ,2024-06-11,0.672
IXJ,2024-12-17,0.617
IXJ,2025-06-16,0.763
IXJ,2025-12-16,0.598
IXJ,2026-06-15,0.846
IXN,2023-12-20,0.212
IXN,2024-06-11,0.16
IXN,2024-12-17,0.201
IXN,2025-06-16,0.164
IXN,2025-12-16,0.929
IXN,2026-06-15,0.167
IXP,2023-12-20,0.469
IXP,2024-06-11,0.446
IXP,2024-12-17,0.856
IXP,2025-06-16,0.498
IXP,2025-12-16,3.116
IXP,2026-06-15,0.812
IXUS,2023-12-20,1.048
IXUS,2024-06-11,1.019
IXUS,2024-12-17,1.182
IXUS,2025-06-16,1.171
IXUS,2025-12-16,1.57
IXUS,2026-06-15,1.233
IYC,2023-09-26,0.126
IYC,2023-12-20,0.162
IYC,2024-03-21,0.119
IYC,2024-06-11,0.105
IYC,2024-09-25,0.131
IYC,2024-12-17,0.095
IYC,2025-03-18,0.145
IYC,2025-06-16,0.138
IYC,2025-09-16,0.136
IYC,2025-12-16,0.109
IYC,2026-03-17,0.127
IYC,2026-06-15,0.141
IYC,2026-09-15,0.15
IYE,2023-09-26,0.332
IYE,2023-12-20,0.358
IYE,2024-03-21,0.296
IYE,2024-06-11,0.301
IYE,2024-09-25,0.347
IYE,2024-12-17,0.309
IYE,2025-03-18,0.33
IYE,2025-06-16,0.3
IYE,2025-09-16,0.381
IYE,2025-12-16,0.341
IYE,2026-03-17,0.307
IYE,2026-06-15,0.309
IYE,2026-09-15,0.394
IYF,2023-09-26,0.394
IYF,2023-12-20,0.41
IYF,2024-03-21,0.308
IYF,2024-06-11,0.3
IYF,2024-09-25,0.365
IYF,2024-12-17,0.457
IYF,2025-03-18,0.371
IYF,2025-06-16,0.372
IYF,2025-09-16,0.388
IYF,2025-12-16,0.572
IYF,2026-03-17,0.576
IYF,2026-06-15,0.38
IYF,2026-09-15,0.418
IYG,2023-09-26,0.292667
IYG,2023-12-20,0.267
IYG,2024-03-21,0.2
IYG,2024-06-11,0.21
IYG,2024-09-25,0.24
IYG,2024-12-17,0.255
IYG,2025-03-18,0.213
IYG,2025-06-16,0.218
IYG,2025-09-16,0.23
IYG,2025-12-16,0.262
IYG,2026-03-17,0.267
IYG,2026-06-15,0.229
IYG,2026-09-15,0.27
IYH,2023-09-26,0.234
IYH,2023-12-20,0.1778
IYH,2024-03-21,0.167
IYH,2024-06-11,0.126
IYH,2024-09-25,0.234
IYH,2024-12-17,0.2
IYH,2025-03-18,0.162
IYH,2025-06-16,0.168
IYH,2025-09-16,0.193
IYH,2025-12-16,0.25
IYH,2026-03-17,0.195
IYH,2026-06-15,0.163
IYH,2026-09-15,0.191
IYJ,2023-09-26,0.295
IYJ,2023-12-20,0.358
IYJ,2024-03-21,0.243
IYJ,2024-06-11,0.264
IYJ,2024-09-25,0.302
IYJ,2024-12-17,0.369
IYJ,2025-03-18,0.275
IYJ,2025-06-16,0.262
IYJ,2025-09-16,0.416
IYJ,2025-12-16,0.27
IYJ,2026-03-17,0.272
IYJ,2026-06-15,0.215
IYJ,2026-09-15,0.301
IYK,2023-09-26,0.592333
IYK,2023-12-20,0.534
IYK,2024-03-21,0.286
IYK,2024-06-11,0.403
IYK,2024-09-25,0.516
IYK,2024-12-17,0.517
IYK,2025-03-18,0.288
IYK,2025-06-16,0.407
IYK,2025-09-16,0.448
IYK,2025-12-16,0.696
IYK,2026-03-17,0.336
IYK,2026-06-15,0.417
IYK,2026-09-15,0.437
IYM,2023-09-26,0.728
IYM,2023-12-20,0.733
IYM,2024-03-21,0.459
IYM,2024-06-11,0.502
IYM,2024-09-25,0.612
IYM,2024-12-17,0.574
IYM,2025-03-18,0.478
IYM,2025-06-16,0.474
IYM,2025-09-16,0.619
IYM,2025-12-16,0.757
IYM,2026-03-17,0.468
IYM,2026-06-15,0.487
IYM,2026-09-15,0.586
IYR,2023-09-26,0.9
IYR,2023-12-20,0.767
IYR,2024-03-21,0.337
IYR,2024-06-11,0.546
IYR,2024-09-25,0.713
IYR,2024-12-17,0.798
IYR,2025-03-18,0.359
IYR,2025-06-16,0.495
IYR,2025-09-16,0.615
IYR,2025-12-16,0.862
IYR,2026-03-17,0.275
IYR,2026-06-15,0.51
IYR,2026-09-15,0.738
IYRI,2025-01-22,0.5
IYRI,2025-02-26,0.509
IYRI,2025-03-26,0.514
IYRI,2025-04-23,0.482
IYRI,2025-05-21,0.482
IYRI,2025-06-25,0.466
IYRI,2025-07-23,0.47
IYRI,2025-08-20,0.457
IYRI,2025-09-24,0.464
IYRI,2025-10-22,0.464
IYRI,2025-11-26,0.446
IYRI,2025-12-24,0.44
IYRI,2026-01-21,0.451
IYRI,2026-02-18,0.455
IYRI,2026-03-18,0.443
IYRI,2026-04-22,0.451
IYRI,2026-05-20,0.441
IYRI,2026-06-16,0.449
IYRI,2026-07-22,0.453
IYRI,2026-08-19,0.446
IYRI,2026-09-16,0.429
IYT,2023-09-26,0.242
IYT,2023-12-20,0.21225
IYT,2024-03-21,0.186
IYT,2024-06-11,0.178
IYT,2024-09-25,0.205
IYT,2024-12-17,0.164
IYT,2025-03-18,0.213
IYT,2025-06-16,0.171
IYT,2025-09-16,0.214
IYT,2025-12-16,0.149
IYT,2026-03-17,0.267
IYT,2026-06-15,0.154
IYT,2026-09-15,0.186
IYW,2023-09-26,0.089
IYW,2023-12-20,0.393
IYW,2024-03-21,0.079
IYW,2024-06-11,0.08
IYW,2024-09-25,0.107
IYW,2024-12-17,0.066
IYW,2025-03-18,0.075
IYW,2025-06-16,0.086
IYW,2025-09-16,0.06
IYW,2025-12-16,0.055
IYW,2026-03-17,0.07
IYW,2026-06-15,0.072
IYW,2026-09-15,0.049
IYY,2023-09-26,0.422
IYY,2023-12-20,0.462
IYY,2024-03-21,0.33
IYY,2024-06-11,0.315
IYY,2024-09-25,0.429
IYY,2024-12-17,0.433
IYY,2025-03-18,0.351
IYY,2025-06-16,0.35
IYY,2025-09-16,0.398
IYY,2025-12-16,0.481
IYY,2026-03-17,0.365
IYY,2026-06-15,0.35
IYY,2026-09-15,0.424
IYZ,2023-09-26,0.107
IYZ,2023-12-20,0.123
IYZ,2024-03-21,0.146
IYZ,2024-06-11,0.138
IYZ,2024-09-25,0.119
IYZ,2024-12-17,0.118
IYZ,2025-03-18,0.17
IYZ,2025-06-16,0.122
IYZ,2025-09-16,0.208
IYZ,2025-12-16,0.192
IYZ,2026-03-17,0.149
IYZ,2026-06-15,0.154
IYZ,2026-09-15,0.178
JA,2026-03-31,0.261
JA,2026-04-30,0.206
JA,2026-05-29,0.175
JA,2026-06-30,0.219
JA,2026-07-31,0.205
JA,2026-08-31,0.204
JAAA,2023-09-01,0.274
JAAA,2023-10-02,0.276
JAAA,2023-11-01,0.263
JAAA,2023-12-01,0.296
JAAA,2024-02-01,0.27
JAAA,2024-03-01,0.262
JAAA,2024-04-01,0.27
JAAA,2024-05-01,0.274
JAAA,2024-06-03,0.256
JAAA,2024-07-01,0.277
JAAA,2024-08-01,0.264
JAAA,2024-09-03,0.279
JAAA,2024-10-01,0.273
JAAA,2024-11-01,0.253
JAAA,2024-12-02,0.281
JAAA,2024-12-23,0.262
JAAA,2025-02-03,0.206
JAAA,2025-03-03,0.219
JAAA,2025-04-01,0.238
JAAA,2025-05-01,0.246
JAAA,2025-06-02,0.22
JAAA,2025-07-01,0.223
JAAA,2025-08-01,0.215
JAAA,2025-09-02,0.223
JAAA,2025-10-01,0.227
JAAA,2025-11-03,0.222
JAAA,2025-12-01,0.195
JAAA,2025-12-22,0.246
JAAA,2026-01-30,0.182
JAAA,2026-02-27,0.193
JAAA,2026-03-31,0.202
JAAA,2026-04-30,0.201
JAAA,2026-05-29,0.198
JAAA,2026-06-30,0.2
JAAA,2026-07-31,0.199
JAAA,2026-08-31,0.208
JAAA,2026-09-30,0.202
JABS,2025-09-02,0.223
JABS,2025-10-01,0.215
JABS,2025-11-03,0.199
JABS,2025-12-01,0.207
JABS,2025-12-22,0.298
JABS,2026-01-30,0.194
JABS,2026-02-27,0.201
JABS,2026-03-31,0.202
JABS,2026-04-30,0.202
JABS,2026-05-29,0.193
JABS,2026-06-30,0.198
JABS,2026-07-31,0.198
JABS,2026-08-31,0.201
JABS,2026-09-30,0.162
JAVA,2023-09-19,0.216
JAVA,2023-12-19,0.301
JAVA,2024-03-19,0.161
JAVA,2024-06-25,0.253
JAVA,2024-09-24,0.257
JAVA,2024-12-24,0.248
JAVA,2025-03-25,0.169
JAVA,2025-06-24,0.245
JAVA,2025-09-23,0.251
JAVA,2025-12-16,0.296
JAVA,2026-03-24,0.18
JAVA,2026-06-23,0.237
JAVA,2026-09-22,0.233
JBBB,2023-09-01,0.345
JBBB,2023-10-02,0.335
JBBB,2023-11-01,0.323
JBBB,2023-12-01,0.353
JBBB,2023-12-22,0.339
JBBB,2024-02-01,0.297
JBBB,2024-03-01,0.31
JBBB,2024-04-01,0.25
JBBB,2024-05-01,0.302
JBBB,2024-06-03,0.313
JBBB,2024-07-01,0.275
JBBB,2024-08-01,0.326
JBBB,2024-09-03,0.37
JBBB,2024-10-01,0.351
JBBB,2024-11-01,0.312
JBBB,2024-12-02,0.317
JBBB,2024-12-23,0.336
JBBB,2025-02-03,0.271
JBBB,2025-03-03,0.28
JBBB,2025-04-01,0.32
JBBB,2025-05-01,0.377
JBBB,2025-06-02,0.299
JBBB,2025-07-01,0.333
JBBB,2025-08-01,0.249
JBBB,2025-09-02,0.273
JBBB,2025-10-01,0.29
JBBB,2025-11-03,0.296
JBBB,2025-12-01,0.263
JBBB,2025-12-22,0.285
JBBB,2026-01-30,0.247
JBBB,2026-02-27,0.248
JBBB,2026-03-31,0.221
JBBB,2026-04-30,0.237
JBBB,2026-05-29,0.227
JBBB,2026-06-30,0.231
JBBB,2026-07-31,0.227
JBBB,2026-08-31,0.24
JBBB,2026-09-30,0.251
JBND,2023-11-01,0.116
JBND,2023-12-01,0.208
JBND,2023-12-28,0.206
JBND,2024-02-01,0.201
JBND,2024-03-01,0.204
JBND,2024-04-01,0.217
JBND,2024-05-01,0.216
JBND,2024-06-03,0.202
JBND,2024-07-01,0.178
JBND,2024-08-01,0.204
JBND,2024-09-03,0.177
JBND,2024-10-01,0.192
JBND,2024-11-01,0.209
JBND,2024-12-02,0.199
JBND,2024-12-16,0.021
JBND,2024-12-31,0.176
JBND,2025-02-03,0.201
JBND,2025-03-03,0.194
JBND,2025-04-01,0.191
JBND,2025-05-01,0.209
JBND,2025-06-02,0.205
JBND,2025-07-01,0.192
JBND,2025-08-01,0.211
JBND,2025-09-02,0.185
JBND,2025-10-01,0.203
JBND,2025-11-03,0.192
JBND,2025-12-01,0.194
JBND,2025-12-15,0.041
JBND,2025-12-31,0.185
JBND,2026-02-02,0.189
JBND,2026-03-02,0.173
JBND,2026-04-01,0.194
JBND,2026-05-01,0.205
JBND,2026-06-01,0.192
JBND,2026-07-01,0.2
JBND,2026-08-03,0.202
JBND,2026-09-01,0.208
JBND,2026-10-01,0.201
JCAL,2026-07-01,0.137
JCAL,2026-08-03,0.142
JCAL,2026-09-01,0.142
JCAL,2026-10-01,0.137
JCPB,2023-09-01,0.174
JCPB,2023-10-02,0.185
JCPB,2023-11-01,0.164
JCPB,2023-12-01,0.182
JCPB,2023-12-28,0.182
JCPB,2024-02-01,0.198
JCPB,2024-03-01,0.19
JCPB,2024-04-01,0.187
JCPB,2024-05-01,0.208
JCPB,2024-06-03,0.197
JCPB,2024-07-01,0.202
JCPB,2024-08-01,0.199
JCPB,2024-09-03,0.205
JCPB,2024-10-01,0.196
JCPB,2024-11-01,0.203
JCPB,2024-12-02,0.197
JCPB,2024-12-31,0.196
JCPB,2025-02-03,0.192
JCPB,2025-03-03,0.187
JCPB,2025-04-01,0.187
JCPB,2025-05-01,0.206
JCPB,2025-06-02,0.194
JCPB,2025-07-01,0.191
JCPB,2025-08-01,0.195
JCPB,2025-09-02,0.199
JCPB,2025-10-01,0.198
JCPB,2025-11-03,0.192
JCPB,2025-12-01,0.19
JCPB,2025-12-31,0.19
JCPB,2026-02-02,0.197
JCPB,2026-03-02,0.186
JCPB,2026-04-01,0.186
JCPB,2026-05-01,0.19
JCPB,2026-06-01,0.187
JCPB,2026-07-01,0.181
JCPB,2026-08-03,0.191
JCPB,2026-09-01,0.194
JCPB,2026-10-01,0.182
JCPI,2023-09-01,0.135
JCPI,2023-10-02,0.129
JCPI,2023-11-01,0.148
JCPI,2023-12-01,0.138
JCPI,2023-12-28,0.11
JCPI,2024-02-01,0.108
JCPI,2024-03-01,0.075
JCPI,2024-04-01,0.196
JCPI,2024-05-01,0.207
JCPI,2024-06-03,0.218
JCPI,2024-07-01,0.183
JCPI,2024-08-01,0.157
JCPI,2024-09-03,0.139
JCPI,2024-10-01,0.147
JCPI,2024-11-01,0.14
JCPI,2024-12-02,0.155
JCPI,2024-12-31,0.139
JCPI,2025-02-03,0.16
JCPI,2025-03-03,0.149
JCPI,2025-04-01,0.167
JCPI,2025-05-01,0.144
JCPI,2025-06-02,0.165
JCPI,2025-07-01,0.159
JCPI,2025-08-01,0.159
JCPI,2025-09-02,0.163
JCPI,2025-10-01,0.153
JCPI,2025-11-03,0.166
JCPI,2025-12-01,0.163
JCPI,2025-12-31,0.146
JCPI,2026-02-02,0.036
JCPI,2026-03-02,0.11
JCPI,2026-04-01,0.19
JCPI,2026-05-01,0.158
JCPI,2026-06-01,0.294
JCPI,2026-07-01,0.278
JCPI,2026-08-03,0.239
JCPI,2026-09-01,0.055
JCPI,2026-10-01,0.117
JDST,2023-09-19,16.2
JDST,2023-12-21,4.8
JDST,2024-03-19,18.0
JDST,2024-06-25,11.4
JDST,2024-09-24,7.08
JDST,2024-12-23,3.76
JDST,2025-03-25,4.38
JDST,2025-06-24,1.92
JDST,2025-09-23,1.18
JDST,2025-12-23,0.44
JDST,2026-03-24,0.616
JDST,2026-06-23,0.252
JDST,2026-09-22,0.212
JDVI,2024-12-27,0.471
JDVI,2025-12-29,0.854
JDVL,2025-12-29,0.461
JEMA,2023-12-19,1.07
JEMA,2024-12-24,0.912
JEMA,2025-12-16,1.434
JEMB,2024-10-01,0.304
JEMB,2024-11-01,0.307
JEMB,2024-12-02,0.36
JEMB,2024-12-23,0.292
JEMB,2025-02-03,0.296
JEMB,2025-03-03,0.266
JEMB,2025-04-01,0.247
JEMB,2025-05-01,0.287
JEMB,2025-06-02,0.233
JEMB,2025-07-01,0.258
JEMB,2025-08-01,0.292
JEMB,2025-09-02,0.273
JEMB,2025-10-01,0.259
JEMB,2025-11-03,0.266
JEMB,2025-12-01,0.265
JEMB,2025-12-22,0.381
JEMB,2026-01-30,0.287
JEMB,2026-02-27,0.273
JEMB,2026-03-31,0.268
JEMB,2026-04-30,0.272
JEMB,2026-05-29,0.277
JEMB,2026-06-30,0.309
JEMB,2026-07-31,0.237
JEMB,2026-08-31,0.245
JEMB,2026-09-30,0.267
JEPI,2023-09-01,0.338
JEPI,2023-10-02,0.363
JEPI,2023-11-01,0.359
JEPI,2023-12-01,0.39
JEPI,2023-12-28,0.428
JEPI,2024-02-01,0.301
JEPI,2024-03-01,0.301
JEPI,2024-04-01,0.345
JEPI,2024-05-01,0.326
JEPI,2024-06-03,0.36
JEPI,2024-07-01,0.33
JEPI,2024-08-01,0.289
JEPI,2024-09-03,0.4
JEPI,2024-10-01,0.392
JEPI,2024-11-01,0.375
JEPI,2024-12-02,0.402
JEPI,2024-12-31,0.395
JEPI,2025-02-03,0.326
JEPI,2025-03-03,0.328
JEPI,2025-04-01,0.408
JEPI,2025-05-01,0.488
JEPI,2025-06-02,0.54
JEPI,2025-07-01,0.4
JEPI,2025-08-01,0.358
JEPI,2025-09-02,0.368
JEPI,2025-10-01,0.361
JEPI,2025-11-03,0.346
JEPI,2025-12-01,0.371
JEPI,2025-12-31,0.427
JEPI,2026-02-02,0.344
JEPI,2026-03-02,0.351
JEPI,2026-04-01,0.421
JEPI,2026-05-01,0.448
JEPI,2026-06-01,0.389
JEPI,2026-07-01,0.387
JEPI,2026-08-03,0.367
JEPI,2026-09-01,0.371
JEPI,2026-10-01,0.341
JEPQ,2023-09-01,0.451
JEPQ,2023-10-02,0.417
JEPQ,2023-11-01,0.418
JEPQ,2023-12-01,0.422
JEPQ,2023-12-28,0.392
JEPQ,2024-02-01,0.342
JEPQ,2024-03-01,0.38
JEPQ,2024-04-01,0.427
JEPQ,2024-05-01,0.431
JEPQ,2024-06-03,0.45
JEPQ,2024-07-01,0.421
JEPQ,2024-08-01,0.427
JEPQ,2024-09-03,0.557
JEPQ,2024-10-01,0.551
JEPQ,2024-11-01,0.494
JEPQ,2024-12-02,0.508
JEPQ,2024-12-31,0.456
JEPQ,2025-02-03,0.45
JEPQ,2025-03-03,0.482
JEPQ,2025-04-01,0.541
JEPQ,2025-05-01,0.598
JEPQ,2025-06-02,0.621
JEPQ,2025-07-01,0.494
JEPQ,2025-08-01,0.444
JEPQ,2025-09-02,0.442
JEPQ,2025-10-01,0.446
JEPQ,2025-11-03,0.476
JEPQ,2025-12-01,0.553
JEPQ,2025-12-31,0.576
JEPQ,2026-02-02,0.466
JEPQ,2026-03-02,0.509
JEPQ,2026-04-01,0.559
JEPQ,2026-05-01,0.591
JEPQ,2026-06-01,0.564
JEPQ,2026-07-01,0.637
JEPQ,2026-08-03,0.705
JEPQ,2026-09-01,0.683
JEPQ,2026-10-01,0.567
JETS,2025-12-24,0.233
JFLX,2025-11-03,0.167
JFLX,2025-12-01,0.229
JFLX,2025-12-31,0.24
JFLX,2026-02-02,0.204
JFLX,2026-03-02,0.204
JFLX,2026-04-01,0.203
JFLX,2026-05-01,0.214
JFLX,2026-06-01,0.182
JFLX,2026-07-01,0.168
JFLX,2026-08-03,0.177
JFLX,2026-09-01,0.157
JFLX,2026-10-01,0.154
JGLO,2023-12-19,0.17
JGLO,2024-12-16,0.824
JGLO,2024-12-24,0.377
JGLO,2025-12-16,0.813
JGRO,2023-12-19,0.097
JGRO,2023-12-28,0.007
JGRO,2024-12-24,0.083
JGRO,2025-12-16,0.146
JHCP,2024-12-31,0.048
JHCP,2025-01-29,0.049
JHCP,2025-02-26,0.076
JHCP,2025-03-27,0.101
JHCP,2025-04-28,0.107
JHCP,2025-05-28,0.105
JHCP,2025-06-26,0.104
JHCP,2025-07-29,0.102
JHCP,2025-08-27,0.105
JHCP,2025-09-26,0.097
JHCP,2025-10-29,0.113
JHCP,2025-11-24,0.097
JHCP,2025-12-29,0.158
JHCP,2026-01-28,0.057
JHCP,2026-02-25,0.066
JHCP,2026-03-27,0.082
JHCP,2026-04-28,0.107
JHCP,2026-05-27,0.078
JHCP,2026-06-26,0.096
JHCP,2026-07-29,0.071
JHCP,2026-08-27,0.086
JHCP,2026-09-28,0.089
JHCR,2024-12-31,0.049
JHCR,2025-01-29,0.049
JHCR,2025-02-26,0.092
JHCR,2025-03-27,0.099
JHCR,2025-04-28,0.101
JHCR,2025-05-28,0.075
JHCR,2025-06-26,0.092
JHCR,2025-07-29,0.106
JHCR,2025-08-27,0.103
JHCR,2025-09-26,0.095
JHCR,2025-10-29,0.11
JHCR,2025-11-24,0.097
JHCR,2025-12-29,0.161
JHCR,2026-01-28,0.06
JHCR,2026-02-25,0.001
JHCR,2026-03-27,0.054
JHCR,2026-04-28,0.105
JHCR,2026-05-27,0.084
JHCR,2026-06-26,0.093
JHCR,2026-07-29,0.099
JHCR,2026-08-27,0.096
JHCR,2026-09-28,0.085
JHEM,2023-12-26,0.392
JHEM,2024-06-26,0.375
JHEM,2024-12-27,0.382
JHEM,2025-06-26,0.28
JHEM,2025-12-29,0.507
JHEM,2026-06-26,0.203
JHHY,2024-05-29,0.054
JHHY,2024-06-26,0.143
JHHY,2024-07-29,0.172
JHHY,2024-08-28,0.163
JHHY,2024-09-26,0.157
JHHY,2024-10-29,0.132
JHHY,2024-11-26,0.161
JHHY,2024-12-27,0.498
JHHY,2025-01-29,0.058
JHHY,2025-02-26,0.142
JHHY,2025-03-27,0.15
JHHY,2025-04-28,0.157
JHHY,2025-05-28,0.155
JHHY,2025-06-26,0.148
JHHY,2025-07-29,0.151
JHHY,2025-08-27,0.151
JHHY,2025-09-26,0.127
JHHY,2025-10-29,0.131
JHHY,2025-11-24,0.132
JHHY,2025-12-29,0.362
JHHY,2026-01-28,0.096
JHHY,2026-02-25,0.094
JHHY,2026-03-27,0.147
JHHY,2026-04-28,0.124
JHHY,2026-05-27,0.121
JHHY,2026-06-26,0.136
JHHY,2026-07-29,0.157
JHHY,2026-08-27,0.143
JHHY,2026-09-28,0.13
JHMB,2023-09-26,0.068
JHMB,2023-10-26,0.081
JHMB,2023-11-27,0.069
JHMB,2023-12-26,0.139
JHMB,2024-01-26,0.028
JHMB,2024-02-26,0.077
JHMB,2024-03-25,0.084
JHMB,2024-04-25,0.086
JHMB,2024-05-29,0.117
JHMB,2024-06-26,0.083
JHMB,2024-07-29,0.087
JHMB,2024-08-28,0.093
JHMB,2024-09-26,0.086
JHMB,2024-10-29,0.07
JHMB,2024-11-26,0.076
JHMB,2024-12-27,0.16
JHMB,2025-01-29,0.018
JHMB,2025-02-26,0.075
JHMB,2025-03-27,0.06
JHMB,2025-04-28,0.077
JHMB,2025-05-28,0.088
JHMB,2025-06-26,0.085
JHMB,2025-07-29,0.093
JHMB,2025-08-27,0.097
JHMB,2025-09-26,0.077
JHMB,2025-10-29,0.093
JHMB,2025-11-24,0.079
JHMB,2025-12-29,0.152
JHMB,2026-01-28,0.039
JHMB,2026-02-25,0.057
JHMB,2026-03-27,0.084
JHMB,2026-04-28,0.093
JHMB,2026-05-27,0.087
JHMB,2026-06-26,0.091
JHMB,2026-07-29,0.1
JHMB,2026-08-27,0.093
JHMB,2026-09-28,0.084
JHMD,2023-12-26,0.314
JHMD,2024-06-26,0.731
JHMD,2024-12-27,0.408
JHMD,2025-06-26,0.736
JHMD,2025-12-29,0.59
JHMD,2026-06-26,0.771
JHML,2023-12-26,0.468
JHML,2024-06-26,0.337
JHML,2024-12-27,0.473
JHML,2025-06-26,0.376
JHML,2025-12-29,0.466
JHML,2026-06-26,0.389
JHMM,2023-12-26,0.371
JHMM,2024-06-26,0.238
JHMM,2024-12-27,0.368
JHMM,2025-06-26,0.271
JHMM,2025-12-29,0.369
JHMM,2026-06-26,0.288
JHPI,2023-09-26,0.167
JHPI,2023-10-26,0.104
JHPI,2023-11-27,0.083
JHPI,2023-12-26,0.257
JHPI,2024-01-26,0.019
JHPI,2024-02-26,0.084
JHPI,2024-03-25,0.123
JHPI,2024-04-25,0.151
JHPI,2024-05-29,0.073
JHPI,2024-06-26,0.132
JHPI,2024-07-29,0.138
JHPI,2024-08-28,0.085
JHPI,2024-09-26,0.179
JHPI,2024-10-29,0.095
JHPI,2024-11-26,0.097
JHPI,2024-12-27,0.249
JHPI,2025-01-29,0.008
JHPI,2025-02-26,0.085
JHPI,2025-03-27,0.137
JHPI,2025-04-28,0.097
JHPI,2025-05-28,0.078
JHPI,2025-06-26,0.155
JHPI,2025-07-29,0.101
JHPI,2025-08-27,0.073
JHPI,2025-09-26,0.11
JHPI,2025-10-29,0.139
JHPI,2025-11-24,0.094
JHPI,2025-12-29,0.233
JHPI,2026-01-28,0.045
JHPI,2026-02-25,0.037
JHPI,2026-03-27,0.117
JHPI,2026-04-28,0.155
JHPI,2026-05-27,0.064
JHPI,2026-06-26,0.12
JHPI,2026-07-29,0.143
JHPI,2026-08-27,0.09
JHPI,2026-09-28,0.102
JHSC,2023-12-26,0.216
JHSC,2024-06-26,0.135
JHSC,2024-12-27,0.246
JHSC,2025-06-26,0.175
JHSC,2025-12-29,0.298
JHSC,2026-06-26,0.19
JIG,2023-12-19,0.984
JIG,2024-12-24,1.059
JIG,2025-12-16,1.65
JIII,2024-12-23,0.221
JIII,2025-02-03,0.339
JIII,2025-03-03,0.252
JIII,2025-04-01,0.267
JIII,2025-05-01,0.18
JIII,2025-06-02,0.257
JIII,2025-07-01,0.252
JIII,2025-08-01,0.277
JIII,2025-09-02,0.28
JIII,2025-10-01,0.305
JIII,2025-11-03,0.286
JIII,2025-12-01,0.257
JIII,2025-12-22,0.748
JIII,2026-01-30,0.242
JIII,2026-02-27,0.275
JIII,2026-03-31,0.271
JIII,2026-04-30,0.247
JIII,2026-05-29,0.255
JIII,2026-06-30,0.236
JIII,2026-07-31,0.223
JIII,2026-08-31,0.247
JIII,2026-09-30,0.202
JIRE,2023-12-19,1.599
JIRE,2024-12-24,1.771
JIRE,2025-12-16,2.239
JIVE,2023-12-19,0.376
JIVE,2024-12-16,0.174
JIVE,2024-12-24,1.194
JIVE,2025-12-15,0.476
JIVE,2025-12-16,1.833
JMBS,2023-09-01,0.184
JMBS,2023-10-02,0.169
JMBS,2023-11-01,0.182
JMBS,2023-12-01,0.19
JMBS,2024-02-01,0.183
JMBS,2024-03-01,0.19
JMBS,2024-04-01,0.194
JMBS,2024-05-01,0.192
JMBS,2024-06-03,0.19
JMBS,2024-07-01,0.191
JMBS,2024-08-01,0.197
JMBS,2024-09-03,0.196
JMBS,2024-10-01,0.198
JMBS,2024-11-01,0.192
JMBS,2024-12-02,0.31
JMBS,2024-12-23,0.209
JMBS,2025-02-03,0.188
JMBS,2025-03-03,0.189
JMBS,2025-04-01,0.191
JMBS,2025-05-01,0.19
JMBS,2025-06-02,0.191
JMBS,2025-07-01,0.199
JMBS,2025-08-01,0.183
JMBS,2025-09-02,0.19
JMBS,2025-10-01,0.2
JMBS,2025-11-03,0.189
JMBS,2025-12-01,0.186
JMBS,2025-12-22,0.203
JMBS,2026-01-30,0.21
JMBS,2026-02-27,0.191
JMBS,2026-03-31,0.2
JMBS,2026-04-30,0.19
JMBS,2026-05-29,0.192
JMBS,2026-06-30,0.195
JMBS,2026-07-31,0.192
JMBS,2026-08-31,0.197
JMBS,2026-09-30,0.201
JMEE,2023-12-19,0.67
JMEE,2024-12-24,0.575
JMEE,2025-12-16,0.725
JMHI,2023-09-01,0.232
JMHI,2023-10-02,0.194
JMHI,2023-11-01,0.216
JMHI,2023-12-01,0.222
JMHI,2023-12-28,0.235
JMHI,2024-02-01,0.188
JMHI,2024-03-01,0.192
JMHI,2024-04-01,0.188
JMHI,2024-05-01,0.199
JMHI,2024-06-03,0.189
JMHI,2024-07-01,0.204
JMHI,2024-08-01,0.216
JMHI,2024-09-03,0.189
JMHI,2024-10-01,0.187
JMHI,2024-11-01,0.189
JMHI,2024-12-02,0.181
JMHI,2024-12-31,0.131
JMHI,2025-02-03,0.148
JMHI,2025-03-03,0.128
JMHI,2025-04-01,0.183
JMHI,2025-05-01,0.19
JMHI,2025-06-02,0.211
JMHI,2025-07-01,0.209
JMHI,2025-08-01,0.21
JMHI,2025-09-02,0.187
JMHI,2025-10-01,0.199
JMHI,2025-11-03,0.186
JMHI,2025-12-01,0.188
JMHI,2025-12-31,0.184
JMHI,2026-02-02,0.173
JMHI,2026-03-02,0.185
JMHI,2026-04-01,0.176
JMHI,2026-05-01,0.194
JMHI,2026-06-01,0.186
JMHI,2026-07-01,0.187
JMHI,2026-08-03,0.177
JMHI,2026-09-01,0.184
JMHI,2026-10-01,0.182
JMMF,2025-12-19,0.064
JMMF,2025-12-24,0.068
JMMF,2025-12-31,0.067
JMMF,2026-01-09,0.067
JMMF,2026-01-16,0.067
JMMF,2026-01-23,0.067
JMMF,2026-01-30,0.067
JMMF,2026-02-06,0.067
JMMF,2026-02-13,0.067
JMMF,2026-02-20,0.066
JMMF,2026-02-27,0.067
JMMF,2026-03-06,0.066
JMMF,2026-03-13,0.066
JMMF,2026-03-20,0.067
JMMF,2026-03-27,0.065
JMMF,2026-04-06,0.064
JMMF,2026-04-10,0.065
JMMF,2026-04-17,0.066
JMMF,2026-04-24,0.067
JMMF,2026-05-01,0.069
JMMF,2026-05-08,0.068
JMMF,2026-05-15,0.065
JMMF,2026-05-22,0.067
JMMF,2026-05-29,0.066
JMMF,2026-06-05,0.068
JMMF,2026-06-12,0.067
JMMF,2026-06-22,0.068
JMMF,2026-06-26,0.068
JMMF,2026-07-06,0.07
JMMF,2026-07-10,0.069
JMMF,2026-07-17,0.067
JMMF,2026-07-24,0.068
JMMF,2026-07-31,0.066
JMMF,2026-08-07,0.068
JMMF,2026-08-14,0.067
JMMF,2026-08-21,0.066
JMMF,2026-08-28,0.067
JMMF,2026-09-04,0.067
JMMF,2026-09-11,0.068
JMMF,2026-09-18,0.064
JMMF,2026-09-25,0.07
JMMF,2026-10-02,0.071
JMOM,2023-09-19,0.121
JMOM,2023-12-19,0.178
JMOM,2024-03-19,0.049
JMOM,2024-06-25,0.104
JMOM,2024-09-24,0.11
JMOM,2024-12-24,0.176
JMOM,2025-03-25,0.113
JMOM,2025-06-24,0.139
JMOM,2025-09-23,0.163
JMOM,2025-12-23,0.171
JMOM,2026-03-24,0.123
JMOM,2026-06-23,0.153
JMOM,2026-09-22,0.176
JMSI,2023-09-01,0.186
JMSI,2023-10-02,0.152
JMSI,2023-11-01,0.166
JMSI,2023-12-01,0.153
JMSI,2023-12-28,0.146
JMSI,2024-02-01,0.146
JMSI,2024-03-01,0.154
JMSI,2024-04-01,0.149
JMSI,2024-05-01,0.157
JMSI,2024-06-03,0.156
JMSI,2024-07-01,0.155
JMSI,2024-08-01,0.154
JMSI,2024-09-03,0.157
JMSI,2024-10-01,0.154
JMSI,2024-11-01,0.153
JMSI,2024-12-02,0.152
JMSI,2024-12-31,0.146
JMSI,2025-02-03,0.148
JMSI,2025-03-03,0.153
JMSI,2025-04-01,0.149
JMSI,2025-05-01,0.165
JMSI,2025-06-02,0.152
JMSI,2025-07-01,0.152
JMSI,2025-08-01,0.142
JMSI,2025-09-02,0.154
JMSI,2025-10-01,0.159
JMSI,2025-11-03,0.157
JMSI,2025-12-01,0.158
JMSI,2025-12-31,0.152
JMSI,2026-02-02,0.141
JMSI,2026-03-02,0.154
JMSI,2026-04-01,0.153
JMSI,2026-05-01,0.159
JMSI,2026-06-01,0.15
JMSI,2026-07-01,0.153
JMSI,2026-08-03,0.154
JMSI,2026-09-01,0.152
JMSI,2026-10-01,0.158
JMST,2023-09-01,0.145
JMST,2023-10-02,0.144
JMST,2023-11-01,0.146
JMST,2023-12-01,0.139
JMST,2023-12-28,0.139
JMST,2024-02-01,0.14
JMST,2024-03-01,0.145
JMST,2024-04-01,0.14
JMST,2024-05-01,0.155
JMST,2024-06-03,0.144
JMST,2024-07-01,0.141
JMST,2024-08-01,0.137
JMST,2024-09-03,0.145
JMST,2024-10-01,0.142
JMST,2024-11-01,0.135
JMST,2024-12-02,0.136
JMST,2024-12-31,0.122
JMST,2025-02-03,0.121
JMST,2025-03-03,0.128
JMST,2025-04-01,0.13
JMST,2025-05-01,0.136
JMST,2025-06-02,0.122
JMST,2025-07-01,0.124
JMST,2025-08-01,0.114
JMST,2025-09-02,0.119
JMST,2025-10-01,0.121
JMST,2025-11-03,0.109
JMST,2025-12-01,0.116
JMST,2025-12-31,0.107
JMST,2026-02-02,0.097
JMST,2026-03-02,0.116
JMST,2026-04-01,0.103
JMST,2026-05-01,0.121
JMST,2026-06-01,0.104
JMST,2026-07-01,0.108
JMST,2026-08-03,0.106
JMST,2026-09-01,0.104
JMST,2026-10-01,0.109
JMTG,2025-08-01,0.182
JMTG,2025-09-02,0.178
JMTG,2025-10-01,0.177
JMTG,2025-11-03,0.178
JMTG,2025-12-01,0.175
JMTG,2025-12-31,0.181
JMTG,2026-02-02,0.182
JMTG,2026-03-02,0.18
JMTG,2026-04-01,0.176
JMTG,2026-05-01,0.174
JMTG,2026-06-01,0.191
JMTG,2026-07-01,0.195
JMTG,2026-08-03,0.184
JMTG,2026-09-01,0.198
JMTG,2026-10-01,0.189
JMUB,2023-09-01,0.139
JMUB,2023-10-02,0.139
JMUB,2023-11-01,0.151
JMUB,2023-12-01,0.136
JMUB,2023-12-28,0.137
JMUB,2024-02-01,0.14
JMUB,2024-03-01,0.146
JMUB,2024-04-01,0.145
JMUB,2024-05-01,0.151
JMUB,2024-06-03,0.15
JMUB,2024-07-01,0.148
JMUB,2024-08-01,0.143
JMUB,2024-09-03,0.151
JMUB,2024-10-01,0.151
JMUB,2024-11-01,0.145
JMUB,2024-12-02,0.144
JMUB,2024-12-31,0.141
JMUB,2025-02-03,0.13
JMUB,2025-03-03,0.143
JMUB,2025-04-01,0.147
JMUB,2025-05-01,0.15
JMUB,2025-06-02,0.147
JMUB,2025-07-01,0.149
JMUB,2025-08-01,0.147
JMUB,2025-09-02,0.149
JMUB,2025-10-01,0.149
JMUB,2025-10-21,0.121
JMUB,2025-12-01,0.187
JMUB,2025-12-31,0.156
JMUB,2026-02-02,0.141
JMUB,2026-03-02,0.154
JMUB,2026-04-01,0.15
JMUB,2026-05-01,0.158
JMUB,2026-06-01,0.152
JMUB,2026-07-01,0.153
JMUB,2026-08-03,0.15
JMUB,2026-09-01,0.15
JMUB,2026-10-01,0.162
JNK,2023-09-01,0.512
JNK,2023-10-02,0.511
JNK,2023-11-01,0.501
JNK,2023-12-01,0.515
JNK,2023-12-18,0.527
JNK,2024-02-01,0.532
JNK,2024-03-01,0.529
JNK,2024-04-01,0.509
JNK,2024-05-01,0.539
JNK,2024-06-03,0.531
JNK,2024-07-01,0.534
JNK,2024-08-01,0.525
JNK,2024-09-03,0.527
JNK,2024-10-01,0.528
JNK,2024-11-01,0.531
JNK,2024-12-02,0.524
JNK,2024-12-19,0.52
JNK,2025-02-03,0.536
JNK,2025-03-03,0.528
JNK,2025-04-01,0.532
JNK,2025-05-01,0.529
JNK,2025-06-02,0.536
JNK,2025-07-01,0.54
JNK,2025-08-01,0.539
JNK,2025-09-02,0.529
JNK,2025-10-01,0.538
JNK,2025-11-03,0.533
JNK,2025-12-01,0.528
JNK,2025-12-18,0.491
JNK,2026-02-02,0.56
JNK,2026-03-02,0.525
JNK,2026-04-01,0.525
JNK,2026-05-01,0.527
JNK,2026-06-01,0.523
JNK,2026-07-01,0.531
JNK,2026-08-03,0.527
JNK,2026-09-01,0.532
JNK,2026-10-01,0.531
JNUG,2023-09-19,0.132
JNUG,2023-12-21,0.121
JNUG,2024-03-19,0.35
JNUG,2024-06-25,0.203
JNUG,2024-09-24,0.146
JNUG,2024-12-23,0.033
JNUG,2025-03-25,0.82
JNUG,2025-06-24,0.165
JNUG,2025-09-23,0.154
JNUG,2025-12-23,0.071
JNUG,2025-12-31,0.928
JNUG,2026-03-24,1.197
JNUG,2026-06-23,0.562
JNUG,2026-09-22,0.755
JPEF,2023-12-19,0.204
JPEF,2024-12-16,0.092
JPEF,2024-12-24,0.388
JPEF,2025-12-16,0.523
JPEM,2023-09-19,0.821
JPEM,2023-12-19,0.747
JPEM,2024-03-19,0.087
JPEM,2024-06-25,0.77
JPEM,2024-09-24,0.783
JPEM,2024-12-24,1.014
JPEM,2025-03-25,0.231
JPEM,2025-06-24,0.864
JPEM,2025-09-23,0.692
JPEM,2025-12-23,1.035
JPEM,2026-03-24,0.261
JPEM,2026-06-23,0.786
JPEM,2026-09-22,0.797
JPHY,2025-08-01,0.313
JPHY,2025-09-02,0.281
JPHY,2025-10-01,0.263
JPHY,2025-11-03,0.259
JPHY,2025-12-01,0.262
JPHY,2025-12-15,0.035
JPHY,2025-12-31,0.264
JPHY,2026-02-02,0.26
JPHY,2026-03-02,0.261
JPHY,2026-04-01,0.255
JPHY,2026-05-01,0.262
JPHY,2026-06-01,0.262
JPHY,2026-07-01,0.269
JPHY,2026-08-03,0.267
JPHY,2026-09-01,0.282
JPHY,2026-10-01,0.263
JPIB,2023-09-01,0.232
JPIB,2023-10-02,0.188
JPIB,2023-11-01,0.136
JPIB,2023-12-01,0.138
JPIB,2023-12-28,0.134
JPIB,2024-02-01,0.148
JPIB,2024-03-01,0.123
JPIB,2024-04-01,0.193
JPIB,2024-05-01,0.169
JPIB,2024-06-03,0.19
JPIB,2024-07-01,0.181
JPIB,2024-08-01,0.195
JPIB,2024-09-03,0.182
JPIB,2024-10-01,0.22
JPIB,2024-11-01,0.186
JPIB,2024-12-02,0.185
JPIB,2024-12-31,0.191
JPIB,2025-02-03,0.184
JPIB,2025-03-03,0.189
JPIB,2025-04-01,0.201
JPIB,2025-05-01,0.204
JPIB,2025-06-02,0.177
JPIB,2025-07-01,0.183
JPIB,2025-08-01,0.184
JPIB,2025-09-02,0.202
JPIB,2025-10-01,0.197
JPIB,2025-11-03,0.18
JPIB,2025-12-01,0.194
JPIB,2025-12-31,0.264
JPIB,2026-02-02,0.193
JPIB,2026-03-02,0.191
JPIB,2026-04-01,0.19
JPIB,2026-05-01,0.268
JPIB,2026-06-01,0.166
JPIB,2026-07-01,0.146
JPIB,2026-08-03,0.136
JPIB,2026-09-01,0.142
JPIB,2026-10-01,0.115
JPIE,2023-09-01,0.204
JPIE,2023-10-02,0.23
JPIE,2023-11-01,0.228
JPIE,2023-12-01,0.233
JPIE,2023-12-28,0.261
JPIE,2024-02-01,0.237
JPIE,2024-03-01,0.235
JPIE,2024-04-01,0.236
JPIE,2024-05-01,0.234
JPIE,2024-06-03,0.235
JPIE,2024-07-01,0.236
JPIE,2024-08-01,0.232
JPIE,2024-09-03,0.231
JPIE,2024-10-01,0.231
JPIE,2024-11-01,0.23
JPIE,2024-12-02,0.224
JPIE,2024-12-31,0.226
JPIE,2025-02-03,0.22
JPIE,2025-03-03,0.218
JPIE,2025-04-01,0.213
JPIE,2025-05-01,0.228
JPIE,2025-06-02,0.203
JPIE,2025-07-01,0.212
JPIE,2025-08-01,0.223
JPIE,2025-09-02,0.226
JPIE,2025-10-01,0.223
JPIE,2025-11-03,0.217
JPIE,2025-12-01,0.22
JPIE,2025-12-31,0.214
JPIE,2026-02-02,0.204
JPIE,2026-03-02,0.208
JPIE,2026-04-01,0.216
JPIE,2026-05-01,0.207
JPIE,2026-06-01,0.21
JPIE,2026-07-01,0.216
JPIE,2026-08-03,0.215
JPIE,2026-09-01,0.218
JPIE,2026-10-01,0.216
JPIN,2023-09-19,0.51
JPIN,2023-12-19,1.393
JPIN,2024-03-19,0.015
JPIN,2024-06-25,0.782
JPIN,2024-09-24,0.445
JPIN,2024-12-24,1.006
JPIN,2025-03-25,0.185
JPIN,2025-06-24,0.908
JPIN,2025-09-23,0.433
JPIN,2025-12-23,1.538
JPIN,2026-03-24,0.18
JPIN,2026-06-23,0.913
JPIN,2026-09-22,0.512
JPLD,2023-09-01,0.177
JPLD,2023-10-02,0.181
JPLD,2023-11-01,0.183
JPLD,2023-12-01,0.189
JPLD,2023-12-28,0.195
JPLD,2024-02-01,0.194
JPLD,2024-03-01,0.189
JPLD,2024-04-01,0.191
JPLD,2024-05-01,0.194
JPLD,2024-06-03,0.189
JPLD,2024-07-01,0.194
JPLD,2024-08-01,0.193
JPLD,2024-09-03,0.194
JPLD,2024-10-01,0.192
JPLD,2024-11-01,0.19
JPLD,2024-12-02,0.193
JPLD,2024-12-31,0.189
JPLD,2025-02-03,0.186
JPLD,2025-03-03,0.181
JPLD,2025-04-01,0.185
JPLD,2025-05-01,0.192
JPLD,2025-06-02,0.191
JPLD,2025-07-01,0.148
JPLD,2025-08-01,0.188
JPLD,2025-09-02,0.193
JPLD,2025-10-01,0.186
JPLD,2025-11-03,0.19
JPLD,2025-12-01,0.19
JPLD,2025-12-31,0.192
JPLD,2026-02-02,0.176
JPLD,2026-03-02,0.172
JPLD,2026-04-01,0.181
JPLD,2026-05-01,0.187
JPLD,2026-06-01,0.185
JPLD,2026-07-01,0.183
JPLD,2026-08-03,0.189
JPLD,2026-09-01,0.189
JPLD,2026-10-01,0.199
JPME,2023-09-19,0.41
JPME,2023-12-19,0.663
JPME,2024-03-19,0.255
JPME,2024-06-25,0.463
JPME,2024-09-24,0.435
JPME,2024-12-24,0.658
JPME,2025-03-25,0.371
JPME,2025-06-24,0.557
JPME,2025-09-23,0.549
JPME,2025-12-23,0.726
JPME,2026-03-24,0.398
JPME,2026-06-23,0.518
JPME,2026-09-22,0.578
JPRF,2026-08-03,0.228
JPRF,2026-09-01,0.228
JPRF,2026-10-01,0.234
JPST,2023-09-01,0.218
JPST,2023-10-02,0.212
JPST,2023-11-01,0.222
JPST,2023-12-01,0.222
JPST,2023-12-28,0.237
JPST,2024-02-01,0.219
JPST,2024-03-01,0.214
JPST,2024-04-01,0.221
JPST,2024-05-01,0.227
JPST,2024-06-03,0.223
JPST,2024-07-01,0.215
JPST,2024-08-01,0.232
JPST,2024-09-03,0.224
JPST,2024-10-01,0.216
JPST,2024-11-01,0.206
JPST,2024-12-02,0.197
JPST,2024-12-31,0.207
JPST,2025-02-03,0.191
JPST,2025-03-03,0.183
JPST,2025-04-01,0.192
JPST,2025-05-01,0.191
JPST,2025-06-02,0.192
JPST,2025-07-01,0.186
JPST,2025-08-01,0.188
JPST,2025-09-02,0.189
JPST,2025-10-01,0.188
JPST,2025-11-03,0.184
JPST,2025-12-01,0.179
JPST,2025-12-31,0.18
JPST,2026-02-02,0.172
JPST,2026-03-02,0.165
JPST,2026-04-01,0.173
JPST,2026-05-01,0.176
JPST,2026-06-01,0.169
JPST,2026-07-01,0.171
JPST,2026-08-03,0.17
JPST,2026-09-01,0.172
JPST,2026-10-01,0.175
JPUS,2023-09-19,0.575
JPUS,2023-12-19,0.801
JPUS,2024-03-19,0.379
JPUS,2024-06-25,0.635
JPUS,2024-09-24,0.586
JPUS,2024-12-24,0.824
JPUS,2025-03-25,0.537
JPUS,2025-06-24,0.693
JPUS,2025-09-23,0.678
JPUS,2025-12-23,0.904
JPUS,2026-03-24,0.54
JPUS,2026-06-23,0.677
JPUS,2026-09-22,0.725
JQUA,2023-09-19,0.141
JQUA,2023-12-19,0.193
JQUA,2023-12-28,0.01
JQUA,2024-03-19,0.116
JQUA,2024-06-25,0.181
JQUA,2024-09-24,0.174
JQUA,2024-12-24,0.24
JQUA,2025-03-25,0.159
JQUA,2025-06-24,0.177
JQUA,2025-09-23,0.167
JQUA,2025-12-23,0.25
JQUA,2026-03-24,0.176
JQUA,2026-06-23,0.188
JQUA,2026-09-22,0.181
JSCP,2023-09-01,0.169
JSCP,2023-10-02,0.165
JSCP,2023-11-01,0.171
JSCP,2023-12-01,0.172
JSCP,2023-12-28,0.164
JSCP,2024-02-01,0.18
JSCP,2024-03-01,0.163
JSCP,2024-04-01,0.184
JSCP,2024-05-01,0.183
JSCP,2024-06-03,0.173
JSCP,2024-07-01,0.189
JSCP,2024-08-01,0.193
JSCP,2024-09-03,0.206
JSCP,2024-10-01,0.188
JSCP,2024-11-01,0.184
JSCP,2024-12-02,0.186
JSCP,2024-12-31,0.191
JSCP,2025-02-03,0.187
JSCP,2025-03-03,0.184
JSCP,2025-04-01,0.187
JSCP,2025-05-01,0.204
JSCP,2025-06-02,0.199
JSCP,2025-07-01,0.188
JSCP,2025-08-01,0.185
JSCP,2025-09-02,0.178
JSCP,2025-10-01,0.183
JSCP,2025-11-03,0.173
JSCP,2025-12-01,0.159
JSCP,2025-12-31,0.179
JSCP,2026-02-02,0.171
JSCP,2026-03-02,0.17
JSCP,2026-04-01,0.172
JSCP,2026-05-01,0.177
JSCP,2026-06-01,0.174
JSCP,2026-07-01,0.171
JSCP,2026-08-03,0.175
JSCP,2026-09-01,0.182
JSCP,2026-10-01,0.181
JSI,2023-12-01,0.15
JSI,2024-02-01,0.225
JSI,2024-03-01,0.235
JSI,2024-04-01,0.195
JSI,2024-05-01,0.26
JSI,2024-06-03,0.252
JSI,2024-07-01,0.286
JSI,2024-08-01,0.281
JSI,2024-09-03,0.289
JSI,2024-10-01,0.283
JSI,2024-11-01,0.276
JSI,2024-12-02,0.285
JSI,2024-12-23,0.325
JSI,2025-02-03,0.304
JSI,2025-03-03,0.211
JSI,2025-04-01,0.233
JSI,2025-05-01,0.251
JSI,2025-06-02,0.251
JSI,2025-07-01,0.237
JSI,2025-08-01,0.227
JSI,2025-09-02,0.251
JSI,2025-10-01,0.246
JSI,2025-11-03,0.256
JSI,2025-12-01,0.233
JSI,2025-12-22,0.528
JSI,2026-01-30,0.214
JSI,2026-02-27,0.253
JSI,2026-03-31,0.26
JSI,2026-04-30,0.228
JSI,2026-05-29,0.256
JSI,2026-06-30,0.26
JSI,2026-07-31,0.245
JSI,2026-08-31,0.269
JSI,2026-09-30,0.247
JSMD,2023-09-29,0.07
JSMD,2023-12-20,0.099
JSMD,2024-03-28,0.066
JSMD,2024-06-28,0.057
JSMD,2024-09-30,0.041
JSMD,2024-12-20,0.404
JSMD,2025-03-31,0.066
JSMD,2025-06-30,0.126
JSMD,2025-09-30,0.122
JSMD,2025-12-19,0.124
JSMD,2026-03-31,0.079
JSMD,2026-06-30,0.082
JSMD,2026-09-30,0.046
JSML,2023-09-29,0.057
JSML,2023-12-20,0.132
JSML,2024-03-28,0.053
JSML,2024-06-28,0.051
JSML,2024-09-30,0.055
JSML,2024-12-20,0.623
JSML,2025-03-31,0.268
JSML,2025-06-30,0.207
JSML,2025-09-30,0.09
JSML,2025-12-19,0.124
JSML,2026-03-31,0.042
JSML,2026-06-30,0.046
JSML,2026-09-30,0.054
JTNY,2026-07-01,0.147
JTNY,2026-08-03,0.15
JTNY,2026-09-01,0.15
JTNY,2026-10-01,0.156
JUCY,2023-09-27,0.197
JUCY,2023-10-27,0.166
JUCY,2023-11-28,0.171
JUCY,2023-12-27,0.225
JUCY,2024-01-29,0.098
JUCY,2024-02-27,0.123
JUCY,2024-03-26,0.165
JUCY,2024-04-26,0.131
JUCY,2024-05-30,0.182
JUCY,2024-06-27,0.133
JUCY,2024-07-30,0.151
JUCY,2024-08-29,0.163
JUCY,2024-09-27,0.14
JUCY,2024-10-30,0.148
JUCY,2024-11-27,0.151
JUCY,2024-12-30,0.197
JUCY,2025-01-30,0.076
JUCY,2025-02-27,0.112
JUCY,2025-03-28,0.138
JUCY,2025-04-29,0.176
JUCY,2025-05-29,0.197
JUCY,2025-06-27,0.174
JUCY,2025-07-30,0.149
JUCY,2025-08-28,0.15
JUCY,2025-09-29,0.15
JUCY,2025-10-30,0.15
JUCY,2025-11-26,0.15
JUCY,2025-12-30,0.15
JUCY,2026-01-29,0.149
JUCY,2026-02-26,0.149
JUCY,2026-03-30,0.149
JUCY,2026-04-29,0.149
JUCY,2026-05-28,0.149
JUCY,2026-06-29,0.148
JUCY,2026-07-30,0.148
JUCY,2026-08-28,0.148
JUCY,2026-09-29,0.146
JUSA,2025-06-24,0.112
JUSA,2025-09-23,0.152
JUSA,2025-12-15,0.028
JUSA,2025-12-16,0.181
JUSA,2026-03-24,0.112
JUSA,2026-06-23,0.063
JUSA,2026-09-22,0.132
JVAL,2023-09-19,0.191
JVAL,2023-12-19,0.329
JVAL,2024-03-19,0.144
JVAL,2024-06-25,0.249
JVAL,2024-09-24,0.266
JVAL,2024-12-24,0.298
JVAL,2025-03-25,0.184
JVAL,2025-06-24,0.284
JVAL,2025-09-23,0.234
JVAL,2025-12-23,0.32
JVAL,2026-03-24,0.17
JVAL,2026-06-23,0.227
JVAL,2026-09-22,0.216
JXI,2023-12-20,1.136
JXI,2024-06-11,0.989
JXI,2024-12-17,0.95
JXI,2025-06-16,1.094
JXI,2025-12-16,0.92
JXI,2026-06-15,1.127
KBA,2023-12-18,0.485
KBA,2024-12-17,0.512
KBA,2025-12-22,0.483
KBE,2023-09-18,0.368
KBE,2023-12-18,0.343
KBE,2024-03-18,0.311
KBE,2024-06-24,0.331
KBE,2024-09-23,0.325
KBE,2024-12-23,0.338
KBE,2025-03-24,0.377
KBE,2025-06-23,0.366
KBE,2025-09-22,0.371
KBE,2025-12-22,0.409
KBE,2026-03-23,0.336
KBE,2026-06-22,0.351
KBE,2026-09-21,0.375
KBWB,2023-09-18,0.405
KBWB,2023-12-18,0.388
KBWB,2024-03-18,0.426
KBWB,2024-06-24,0.398
KBWB,2024-09-23,0.424
KBWB,2024-12-23,0.36
KBWB,2025-03-24,0.412
KBWB,2025-06-23,0.41
KBWB,2025-09-22,0.452
KBWB,2025-12-22,0.444
KBWB,2026-03-23,0.49
KBWB,2026-06-22,0.473
KBWB,2026-09-21,0.46
KBWD,2023-09-18,0.136
KBWD,2023-10-23,0.143
KBWD,2023-11-20,0.147
KBWD,2023-12-18,0.14
KBWD,2024-01-22,0.143
KBWD,2024-02-20,0.143
KBWD,2024-03-18,0.146
KBWD,2024-04-22,0.15
KBWD,2024-05-20,0.155
KBWD,2024-06-24,0.166
KBWD,2024-07-22,0.167
KBWD,2024-08-19,0.17
KBWD,2024-09-23,0.148
KBWD,2024-10-21,0.147
KBWD,2024-11-18,0.147
KBWD,2024-12-23,0.145
KBWD,2025-01-21,0.145
KBWD,2025-02-24,0.146
KBWD,2025-03-24,0.142
KBWD,2025-04-21,0.14
KBWD,2025-05-19,0.148
KBWD,2025-06-23,0.148
KBWD,2025-07-21,0.147
KBWD,2025-08-18,0.147
KBWD,2025-09-22,0.148
KBWD,2025-10-20,0.147
KBWD,2025-11-24,0.148
KBWD,2025-12-22,0.148
KBWD,2026-01-20,0.148
KBWD,2026-02-23,0.148
KBWD,2026-03-23,0.148
KBWD,2026-04-20,0.143
KBWD,2026-05-18,0.141
KBWD,2026-06-22,0.139
KBWD,2026-07-20,0.135
KBWD,2026-08-24,0.135
KBWD,2026-09-21,0.135
KBWP,2023-09-18,0.323
KBWP,2023-12-18,0.437
KBWP,2024-03-18,0.478
KBWP,2024-06-24,0.306
KBWP,2024-09-23,0.342
KBWP,2024-12-23,0.779
KBWP,2025-03-24,0.651
KBWP,2025-06-23,0.376
KBWP,2025-09-22,0.374
KBWP,2025-12-22,0.605
KBWP,2026-03-23,0.985
KBWP,2026-06-22,0.499
KBWP,2026-09-21,0.36
KBWY,2023-09-18,0.125
KBWY,2023-10-23,0.128
KBWY,2023-11-20,0.128
KBWY,2023-12-18,0.131
KBWY,2024-01-22,0.131
KBWY,2024-02-20,0.132
KBWY,2024-03-18,0.132
KBWY,2024-04-22,0.132
KBWY,2024-05-20,0.132
KBWY,2024-06-24,0.132
KBWY,2024-07-22,0.132
KBWY,2024-08-19,0.132
KBWY,2024-09-23,0.13
KBWY,2024-10-21,0.127
KBWY,2024-11-18,0.126
KBWY,2024-12-23,0.126
KBWY,2025-01-21,0.126
KBWY,2025-02-24,0.126
KBWY,2025-03-24,0.126
KBWY,2025-04-21,0.126
KBWY,2025-05-19,0.126
KBWY,2025-06-23,0.126
KBWY,2025-07-21,0.126
KBWY,2025-08-18,0.126
KBWY,2025-09-22,0.126
KBWY,2025-10-20,0.126
KBWY,2025-11-24,0.126
KBWY,2025-12-22,0.125
KBWY,2026-01-20,0.125
KBWY,2026-02-23,0.125
KBWY,2026-03-23,0.125
KBWY,2026-04-20,0.125
KBWY,2026-05-18,0.123
KBWY,2026-06-22,0.12
KBWY,2026-07-20,0.12
KBWY,2026-08-24,0.12
KBWY,2026-09-21,0.12
KCE,2023-09-18,0.364
KCE,2023-12-18,0.633
KCE,2024-03-18,0.556
KCE,2024-06-24,0.508
KCE,2024-09-23,0.546
KCE,2024-12-23,0.544
KCE,2025-03-24,0.579
KCE,2025-06-23,0.596
KCE,2025-09-22,0.538
KCE,2025-12-22,0.727
KCE,2026-03-23,0.718
KCE,2026-06-22,0.697
KCE,2026-09-21,0.551
KDEF,2025-12-30,2.963
KGLD,2025-08-06,0.25
KGLD,2025-09-03,0.25
KGLD,2025-10-08,0.3
KGLD,2025-11-05,0.3
KGLD,2025-12-03,0.3
KGLD,2026-01-07,0.3
KGLD,2026-02-04,0.3
KGLD,2026-03-04,0.45
KGLD,2026-04-08,0.45
KGLD,2026-05-06,0.4
KGLD,2026-06-03,0.4
KGLD,2026-07-08,0.35
KGLD,2026-08-05,0.35
KGLD,2026-09-02,0.35
KHPI,2024-09-30,0.19
KHPI,2024-10-31,0.185
KHPI,2024-11-29,0.159
KHPI,2024-12-31,0.225
KHPI,2025-01-31,0.193
KHPI,2025-02-28,0.191
KHPI,2025-03-31,0.182
KHPI,2025-04-30,0.179
KHPI,2025-05-30,0.186
KHPI,2025-06-30,0.19
KHPI,2025-07-31,0.192
KHPI,2025-08-29,0.192
KHPI,2025-09-30,0.192
KHPI,2025-10-31,0.197
KHPI,2025-11-28,0.195
KHPI,2025-12-31,0.194
KHPI,2026-01-30,0.194
KHPI,2026-02-27,0.194
KHPI,2026-03-31,0.181
KHPI,2026-04-30,0.192
KHPI,2026-05-29,0.196
KHPI,2026-06-30,0.193
KHPI,2026-07-31,0.193
KHPI,2026-08-31,0.196
KHPI,2026-09-30,0.195
KIE,2023-09-18,0.157
KIE,2023-12-18,0.219
KIE,2024-03-18,0.194
KIE,2024-06-24,0.178
KIE,2024-09-23,0.168
KIE,2024-12-23,0.297
KIE,2025-03-24,0.296
KIE,2025-06-23,0.164
KIE,2025-09-22,0.17
KIE,2025-12-22,0.316
KIE,2026-03-23,0.277
KIE,2026-06-22,0.215
KIE,2026-09-21,0.184
KMLM,2024-12-17,0.23
KMLM,2025-12-22,1.303
KNG,2023-09-22,0.381
KNG,2023-10-24,0.358
KNG,2023-11-21,0.365
KNG,2023-12-22,0.38
KNG,2024-01-23,0.373
KNG,2024-02-21,0.374
KNG,2024-03-21,0.382
KNG,2024-04-23,0.374
KNG,2024-05-21,0.383
KNG,2024-06-27,0.373
KNG,2024-07-23,0.376
KNG,2024-08-21,0.38
KNG,2024-09-26,0.391
KNG,2024-10-22,0.393
KNG,2024-11-21,0.382
KNG,2024-12-13,0.378
KNG,2025-01-22,0.363
KNG,2025-02-21,0.362
KNG,2025-03-27,0.363
KNG,2025-04-22,0.346
KNG,2025-05-21,0.36
KNG,2025-06-26,0.35
KNG,2025-07-22,0.355
KNG,2025-08-21,0.356
KNG,2025-09-25,0.348
KNG,2025-10-21,0.344
KNG,2025-11-21,0.344
KNG,2025-12-12,0.344
KNG,2026-01-21,0.362
KNG,2026-02-20,0.37
KNG,2026-03-26,0.345
KNG,2026-04-21,0.348
KNG,2026-05-21,0.34
KNG,2026-06-25,0.347
KNG,2026-07-21,0.36
KNG,2026-08-21,0.362
KNG,2026-09-24,0.345
KOID,2025-12-22,0.269
KOMP,2023-09-18,0.121
KOMP,2023-12-18,0.224
KOMP,2024-03-18,0.085
KOMP,2024-06-24,0.157
KOMP,2024-09-23,0.099
KOMP,2024-12-23,0.19
KOMP,2025-03-24,0.115
KOMP,2025-06-23,0.12
KOMP,2025-09-22,0.144
KOMP,2025-12-22,0.717
KOMP,2026-03-23,0.074
KOMP,2026-06-22,0.103
KOMP,2026-09-21,0.126
KORP,2023-09-01,0.176
KORP,2023-10-02,0.183
KORP,2023-11-01,0.196
KORP,2023-12-01,0.18
KORP,2023-12-18,0.202
KORP,2024-02-01,0.183
KORP,2024-03-01,0.191
KORP,2024-04-01,0.177
KORP,2024-05-01,0.214
KORP,2024-06-03,0.199
KORP,2024-07-01,0.188
KORP,2024-08-01,0.212
KORP,2024-09-03,0.187
KORP,2024-10-01,0.185
KORP,2024-11-01,0.201
KORP,2024-12-02,0.176
KORP,2024-12-17,0.224
KORP,2025-02-03,0.184
KORP,2025-03-03,0.2
KORP,2025-04-01,0.189
KORP,2025-05-01,0.191
KORP,2025-06-02,0.191
KORP,2025-07-01,0.191
KORP,2025-08-01,0.213
KORP,2025-09-02,0.182
KORP,2025-10-01,0.202
KORP,2025-11-03,0.197
KORP,2025-12-01,0.18
KORP,2025-12-16,0.237
KORP,2026-02-05,0.208
KORP,2026-03-05,0.191
KORP,2026-04-07,0.215
KORP,2026-05-06,0.179
KORP,2026-06-04,0.186
KORP,2026-07-07,0.197
KORP,2026-08-06,0.207
KORP,2026-09-04,0.175
KORU,2023-09-19,0.0075
KORU,2023-12-21,0.0755
KORU,2024-03-19,0.013
KORU,2024-06-25,0.012
KORU,2024-09-24,0.0075
KORU,2024-12-23,0.0375
KORU,2025-03-25,0.00265
KORU,2025-06-24,0.00455
KORU,2025-12-23,0.07375
KORU,2026-03-24,0.0057
KQQQ,2024-08-21,0.085
KQQQ,2024-09-25,0.147
KQQQ,2024-10-23,0.141
KQQQ,2024-11-20,0.153
KQQQ,2024-12-24,0.15
KQQQ,2025-01-23,0.15
KQQQ,2025-02-26,0.15
KQQQ,2025-03-26,0.15
KQQQ,2025-04-23,0.25
KQQQ,2025-05-28,0.25
KQQQ,2025-06-25,0.2
KQQQ,2025-07-23,0.2
KQQQ,2025-08-27,0.3
KQQQ,2025-09-24,0.45
KQQQ,2025-10-29,0.45
KQQQ,2025-11-25,0.41
KQQQ,2025-12-23,0.41
KQQQ,2026-01-28,0.41
KQQQ,2026-02-25,0.41
KQQQ,2026-03-25,0.35
KQQQ,2026-04-29,0.35
KQQQ,2026-05-27,0.35
KQQQ,2026-06-24,0.35
KQQQ,2026-07-29,0.35
KQQQ,2026-08-26,0.35
KQQQ,2026-09-23,0.35
KRE,2023-09-18,0.375
KRE,2023-12-18,0.431
KRE,2024-03-18,0.379
KRE,2024-06-24,0.392
KRE,2024-09-23,0.382
KRE,2024-12-23,0.412
KRE,2025-03-24,0.378
KRE,2025-06-23,0.391
KRE,2025-09-22,0.4
KRE,2025-12-22,0.418
KRE,2026-03-23,0.364
KRE,2026-06-22,0.417
KRE,2026-09-21,0.412
KSA,2023-12-20,0.543
KSA,2024-06-11,0.612
KSA,2024-12-17,0.476
KSA,2024-12-30,0.315
KSA,2025-06-16,0.633
KSA,2025-12-16,0.44
KSA,2026-06-15,0.593
KSLV,2025-10-22,0.5
KSLV,2025-11-19,0.5
KSLV,2025-12-17,0.55
KSLV,2026-01-21,0.75
KSLV,2026-02-18,0.75
KSLV,2026-03-18,0.75
KSLV,2026-04-22,0.75
KSLV,2026-05-20,0.75
KSLV,2026-06-17,0.6
KSLV,2026-07-22,0.6
KSLV,2026-08-19,0.6
KSLV,2026-09-16,0.6
KSPY,2024-12-17,0.335
KSPY,2025-12-22,1.774
KTEC,2023-12-18,0.093
KTEC,2024-12-17,0.036
KTEC,2025-12-22,0.525
KTUP,2025-12-24,0.492
KURE,2023-12-18,0.113
KURE,2024-12-17,0.184
KURE,2025-12-22,0.715
KWEB,2023-12-18,0.419
KWEB,2023-12-27,0.042
KWEB,2024-12-17,1.025
KWEB,2025-12-22,2.096
KXI,2023-12-20,1.157
KXI,2024-06-11,0.659
KXI,2024-12-17,0.856
KXI,2025-06-16,0.697
KXI,2025-12-16,0.786
KXI,2026-06-15,0.819
LABD,2023-09-19,1.92
LABD,2023-12-21,0.85
LABD,2024-03-19,0.66
LABD,2024-06-25,0.89
LABD,2024-09-24,0.58
LABD,2024-12-23,1.26
LABD,2025-03-25,0.55
LABD,2025-06-24,0.37
LABD,2025-09-23,0.26
LABD,2025-12-23,0.229
LABD,2026-03-24,0.085
LABD,2026-06-23,0.075
LABD,2026-09-22,0.071
LABU,2023-09-19,0.04
LABU,2023-12-21,0.21
LABU,2024-03-19,0.161
LABU,2024-06-25,0.15
LABU,2025-03-25,0.107
LABU,2025-06-24,0.219
LABU,2025-09-23,0.103
LABU,2025-12-23,0.91
LALT,2023-12-22,0.389
LALT,2024-06-27,0.075
LALT,2024-12-13,0.357
LALT,2025-03-27,0.058
LALT,2025-06-26,0.082
LALT,2025-12-12,0.324
LALT,2026-03-26,0.504
LALT,2026-06-25,0.074
LALT,2026-09-24,0.081
LCAP,2025-12-29,0.031
LCTD,2023-12-20,0.649
LCTD,2024-06-11,0.886
LCTD,2024-12-17,0.741
LCTD,2025-06-16,0.977
LCTD,2025-12-16,0.997
LCTD,2026-06-15,0.956
LCTU,2023-09-26,0.208
LCTU,2023-12-20,0.221
LCTU,2024-03-21,0.174
LCTU,2024-06-11,0.162
LCTU,2024-09-25,0.25
LCTU,2024-12-17,0.226
LCTU,2025-03-18,0.163
LCTU,2025-06-16,0.16
LCTU,2025-09-16,0.184
LCTU,2025-12-16,0.248
LCTU,2026-03-17,0.157
LCTU,2026-06-15,0.181
LCTU,2026-09-15,0.201
LDRC,2024-12-03,0.09
LDRC,2024-12-20,0.096
LDRC,2025-02-04,0.094
LDRC,2025-03-04,0.092
LDRC,2025-04-02,0.092
LDRC,2025-05-02,0.093
LDRC,2025-06-03,0.095
LDRC,2025-07-02,0.097
LDRC,2025-08-04,0.094
LDRC,2025-09-03,0.093
LDRC,2025-10-02,0.094
LDRC,2025-11-04,0.093
LDRC,2025-12-02,0.103
LDRC,2025-12-23,0.028
LDRC,2026-02-03,0.092
LDRC,2026-03-03,0.091
LDRC,2026-04-02,0.091
LDRC,2026-05-04,0.092
LDRC,2026-06-02,0.091
LDRC,2026-07-02,0.092
LDRC,2026-08-04,0.094
LDRC,2026-09-02,0.095
LDRC,2026-10-02,0.088
LDRT,2024-12-03,0.082
LDRT,2024-12-20,0.089
LDRT,2025-02-04,0.083
LDRT,2025-03-04,0.08
LDRT,2025-04-02,0.085
LDRT,2025-05-02,0.084
LDRT,2025-06-03,0.086
LDRT,2025-07-02,0.084
LDRT,2025-08-04,0.084
LDRT,2025-09-03,0.084
LDRT,2025-10-02,0.08
LDRT,2025-11-04,0.078
LDRT,2025-12-02,0.079
LDRT,2025-12-23,0.071
LDRT,2026-02-03,0.08
LDRT,2026-03-03,0.073
LDRT,2026-04-02,0.079
LDRT,2026-05-04,0.078
LDRT,2026-06-02,0.079
LDRT,2026-07-02,0.077
LDRT,2026-08-04,0.079
LDRT,2026-09-02,0.077
LDRT,2026-10-02,0.075
LDUR,2023-09-01,0.35
LDUR,2023-10-02,0.36
LDUR,2023-11-01,0.35
LDUR,2023-12-01,0.35
LDUR,2023-12-28,0.37
LDUR,2024-02-01,0.37
LDUR,2024-03-01,0.36
LDUR,2024-04-01,0.38
LDUR,2024-05-01,0.37
LDUR,2024-06-03,0.38
LDUR,2024-07-01,0.36
LDUR,2024-08-01,0.395
LDUR,2024-09-03,0.405
LDUR,2024-10-01,0.38
LDUR,2024-11-01,0.38
LDUR,2024-12-02,0.38
LDUR,2024-12-31,0.37
LDUR,2025-02-03,0.37
LDUR,2025-03-03,0.38
LDUR,2025-04-01,0.36
LDUR,2025-05-01,0.37
LDUR,2025-06-02,0.37
LDUR,2025-07-01,0.36
LDUR,2025-08-01,0.38
LDUR,2025-09-02,0.37
LDUR,2025-10-01,0.37
LDUR,2025-11-03,0.37
LDUR,2025-12-01,0.36
LDUR,2025-12-31,0.35
LDUR,2026-02-02,0.32
LDUR,2026-03-02,0.3
LDUR,2026-04-01,0.31
LDUR,2026-05-01,0.32
LDUR,2026-06-01,0.33
LDUR,2026-07-01,0.32
LDUR,2026-08-03,0.33
LDUR,2026-09-01,0.33
LDUR,2026-10-01,0.34
LEMB,2023-12-14,0.492
LEMB,2025-12-19,1.015
LEND,2026-07-06,0.245
LEND,2026-08-05,0.141
LEND,2026-09-03,0.121
LGH,2023-12-15,0.258
LGH,2024-12-16,0.208
LGH,2025-12-16,0.237
LGLV,2023-09-15,0.691
LGLV,2023-12-15,1.027
LGLV,2024-03-15,0.644
LGLV,2024-06-21,0.827
LGLV,2024-09-20,0.74
LGLV,2024-12-20,0.981
LGLV,2025-03-24,0.776
LGLV,2025-06-23,0.832
LGLV,2025-09-22,0.841
LGLV,2025-12-22,0.954
LGLV,2026-03-23,0.966
LGLV,2026-06-22,0.966
LGLV,2026-09-21,0.991
LGOV,2023-09-22,0.078
LGOV,2023-10-24,0.078
LGOV,2023-11-21,0.078
LGOV,2023-12-22,0.078
LGOV,2024-01-23,0.07
LGOV,2024-02-21,0.07
LGOV,2024-03-21,0.07
LGOV,2024-04-23,0.07
LGOV,2024-05-21,0.07
LGOV,2024-06-27,0.07
LGOV,2024-07-23,0.07
LGOV,2024-08-21,0.07
LGOV,2024-09-26,0.07
LGOV,2024-10-22,0.07
LGOV,2024-11-21,0.07
LGOV,2024-12-13,0.07
LGOV,2025-01-22,0.07
LGOV,2025-02-21,0.07
LGOV,2025-03-27,0.07
LGOV,2025-04-22,0.073
LGOV,2025-05-21,0.073
LGOV,2025-06-26,0.073
LGOV,2025-07-22,0.073
LGOV,2025-08-21,0.073
LGOV,2025-09-25,0.073
LGOV,2025-10-21,0.078
LGOV,2025-11-21,0.078
LGOV,2025-12-12,0.078
LGOV,2026-01-21,0.078
LGOV,2026-02-20,0.078
LGOV,2026-03-26,0.078
LGOV,2026-04-21,0.078
LGOV,2026-05-21,0.078
LGOV,2026-06-25,0.078
LGOV,2026-07-21,0.078
LGOV,2026-08-21,0.078
LGOV,2026-09-24,0.078
LINT,2025-12-23,0.07
LINT,2026-03-24,0.164
LINT,2026-06-23,0.513
LINT,2026-09-22,0.541
LIT,2023-12-28,0.358
LIT,2024-06-27,0.25
LIT,2024-12-30,0.13
LIT,2025-06-27,0.137
LIT,2025-12-30,0.178
LIT,2026-06-29,0.325
LLYX,2025-12-30,0.704
LMBS,2023-09-22,0.18
LMBS,2023-10-24,0.205
LMBS,2023-11-21,0.205
LMBS,2023-12-22,0.2
LMBS,2024-01-23,0.185
LMBS,2024-02-21,0.185
LMBS,2024-03-21,0.175
LMBS,2024-04-23,0.175
LMBS,2024-05-21,0.175
LMBS,2024-06-27,0.17
LMBS,2024-07-23,0.17
LMBS,2024-08-21,0.17
LMBS,2024-09-26,0.17
LMBS,2024-10-22,0.17
LMBS,2024-11-21,0.17
LMBS,2024-12-13,0.17
LMBS,2025-01-22,0.17
LMBS,2025-02-21,0.17
LMBS,2025-03-27,0.17
LMBS,2025-04-22,0.17
LMBS,2025-05-21,0.17
LMBS,2025-06-26,0.17
LMBS,2025-07-22,0.17
LMBS,2025-08-21,0.17
LMBS,2025-09-25,0.17
LMBS,2025-10-21,0.17
LMBS,2025-11-21,0.17
LMBS,2025-12-12,0.17
LMBS,2026-01-21,0.17
LMBS,2026-02-20,0.17
LMBS,2026-03-26,0.17
LMBS,2026-04-21,0.17
LMBS,2026-05-21,0.17
LMBS,2026-06-25,0.17
LMBS,2026-07-21,0.17
LMBS,2026-08-21,0.17
LMBS,2026-09-24,0.17
LMUB,2025-05-01,0.236
LMUB,2025-06-02,0.169
LMUB,2025-07-01,0.17
LMUB,2025-08-01,0.168
LMUB,2025-09-02,0.162
LMUB,2025-10-01,0.161
LMUB,2025-11-03,0.171
LMUB,2025-12-01,0.171
LMUB,2025-12-19,0.172
LMUB,2026-02-02,0.169
LMUB,2026-03-02,0.172
LMUB,2026-04-01,0.083
LMUB,2026-05-01,0.161
LMUB,2026-06-01,0.157
LMUB,2026-07-01,0.162
LMUB,2026-08-03,0.173
LMUB,2026-09-01,0.165
LMUB,2026-10-01,0.188
LOFF,2026-06-23,0.01
LOFF,2026-09-22,0.024
LONZ,2023-09-01,0.333
LONZ,2023-10-02,0.33
LONZ,2023-11-01,0.37
LONZ,2023-12-01,0.36
LONZ,2023-12-28,0.26
LONZ,2024-02-01,0.4
LONZ,2024-03-01,0.35
LONZ,2024-04-01,0.24
LONZ,2024-05-01,0.35
LONZ,2024-06-03,0.35
LONZ,2024-07-01,0.25
LONZ,2024-08-01,0.29
LONZ,2024-09-03,0.33
LONZ,2024-10-01,0.33
LONZ,2024-11-01,0.46
LONZ,2024-12-02,0.37
LONZ,2024-12-31,0.45
LONZ,2025-02-03,0.29
LONZ,2025-03-03,0.2
LONZ,2025-04-01,0.18
LONZ,2025-05-01,0.23
LONZ,2025-06-02,0.28
LONZ,2025-07-01,0.26
LONZ,2025-08-01,0.3
LONZ,2025-09-02,0.32
LONZ,2025-10-01,0.35
LONZ,2025-11-03,0.39
LONZ,2025-12-01,0.39
LONZ,2025-12-30,0.13
LONZ,2026-02-02,0.38
LONZ,2026-03-02,0.38
LONZ,2026-04-01,0.38
LONZ,2026-05-01,0.38
LONZ,2026-06-01,0.35
LONZ,2026-07-01,0.35
LONZ,2026-08-03,0.32
LONZ,2026-09-01,0.29
LONZ,2026-10-01,0.24
LQD,2023-09-01,0.377
LQD,2023-10-02,0.399
LQD,2023-11-01,0.364
LQD,2023-12-01,0.395
LQD,2023-12-14,0.393
LQD,2024-02-01,0.389
LQD,2024-03-01,0.393
LQD,2024-04-01,0.411
LQD,2024-05-01,0.415
LQD,2024-06-03,0.405
LQD,2024-07-01,0.376
LQD,2024-08-01,0.392
LQD,2024-09-03,0.405
LQD,2024-10-01,0.411
LQD,2024-11-01,0.385
LQD,2024-12-02,0.383
LQD,2024-12-18,0.385
LQD,2025-02-03,0.389
LQD,2025-03-03,0.415
LQD,2025-04-01,0.417
LQD,2025-05-01,0.432
LQD,2025-06-02,0.396
LQD,2025-07-01,0.402
LQD,2025-08-01,0.444
LQD,2025-09-02,0.384
LQD,2025-10-01,0.406
LQD,2025-11-03,0.402
LQD,2025-12-01,0.413
LQD,2025-12-19,0.436
LQD,2026-02-02,0.408
LQD,2026-03-02,0.383
LQD,2026-04-01,0.446
LQD,2026-05-01,0.425
LQD,2026-06-01,0.413
LQD,2026-07-01,0.382
LQD,2026-08-03,0.458
LQD,2026-09-01,0.444
LQD,2026-10-01,0.439
LQDH,2023-09-05,0.743
LQDH,2023-10-03,0.747
LQDH,2023-11-02,0.769
LQDH,2023-12-04,0.762
LQDH,2023-12-22,0.795
LQDH,2024-02-02,0.665
LQDH,2024-03-04,0.606
LQDH,2024-04-02,0.574
LQDH,2024-05-02,0.639
LQDH,2024-06-04,0.611
LQDH,2024-07-02,0.541
LQDH,2024-08-02,0.596
LQDH,2024-09-04,0.576
LQDH,2024-10-02,0.564
LQDH,2024-11-04,0.546
LQDH,2024-12-03,0.512
LQDH,2024-12-20,0.59
LQDH,2025-02-04,0.418
LQDH,2025-03-04,0.445
LQDH,2025-04-02,0.483
LQDH,2025-05-02,0.519
LQDH,2025-06-03,0.49
LQDH,2025-07-02,0.48
LQDH,2025-08-04,0.525
LQDH,2025-09-03,0.473
LQDH,2025-10-02,0.486
LQDH,2025-11-04,0.458
LQDH,2025-12-02,0.422
LQDH,2025-12-23,0.459
LQDH,2026-02-03,0.429
LQDH,2026-03-03,0.435
LQDH,2026-04-02,0.492
LQDH,2026-05-04,0.459
LQDH,2026-06-02,0.429
LQDH,2026-07-02,0.422
LQDH,2026-08-04,0.458
LQDH,2026-09-02,0.445
LQDH,2026-10-02,0.458
LQDW,2023-09-05,0.388
LQDW,2023-10-03,0.404
LQDW,2023-11-02,0.421
LQDW,2023-12-04,0.56
LQDW,2023-12-22,0.618
LQDW,2024-02-02,0.41
LQDW,2024-03-04,0.472
LQDW,2024-04-02,0.246
LQDW,2024-05-02,0.365
LQDW,2024-06-04,0.263
LQDW,2024-07-02,0.323
LQDW,2024-08-02,0.302
LQDW,2024-09-04,0.341
LQDW,2024-10-02,0.346
LQDW,2024-11-04,0.226
LQDW,2024-12-03,0.311
LQDW,2024-12-20,0.53
LQDW,2025-02-04,0.433
LQDW,2025-03-04,0.26
LQDW,2025-04-02,0.275
LQDW,2025-05-02,0.558
LQDW,2025-06-03,0.446
LQDW,2025-07-02,0.294
LQDW,2025-08-04,0.315
LQDW,2025-09-03,0.244
LQDW,2025-10-02,0.236
LQDW,2025-11-04,0.339
LQDW,2025-12-02,0.266
LQDW,2025-12-23,0.266
LQDW,2026-02-03,0.218
LQDW,2026-03-03,0.163
LQDW,2026-04-02,0.303
LQDW,2026-05-04,0.167
LQDW,2026-06-02,0.184
LQDW,2026-07-02,0.191
LQDW,2026-08-04,0.201
LQDW,2026-09-02,0.155
LQDW,2026-10-02,0.381
LQTI,2025-04-01,0.231
LQTI,2025-05-01,0.148
LQTI,2025-06-02,0.148
LQTI,2025-07-01,0.147
LQTI,2025-08-01,0.147
LQTI,2025-09-02,0.148
LQTI,2025-10-01,0.148
LQTI,2025-11-03,0.147
LQTI,2025-12-01,0.147
LQTI,2026-01-02,0.147
LQTI,2026-02-02,0.147
LQTI,2026-03-02,0.146
LQTI,2026-04-01,0.144
LQTI,2026-05-01,0.144
LQTI,2026-06-01,0.144
LQTI,2026-07-01,0.144
LQTI,2026-08-03,0.141
LQTI,2026-09-01,0.141
LQTI,2026-10-01,0.14
LRGC,2023-12-08,0.094
LRGC,2024-12-17,0.308
LRGC,2025-12-17,0.451
LRGF,2023-09-26,0.193
LRGF,2023-12-20,0.196
LRGF,2024-03-21,0.172
LRGF,2024-06-11,0.148
LRGF,2024-09-25,0.216
LRGF,2024-12-17,0.204
LRGF,2025-03-18,0.167
LRGF,2025-06-16,0.185
LRGF,2025-09-16,0.197
LRGF,2025-12-16,0.255
LRGF,2026-03-17,0.175
LRGF,2026-06-15,0.193
LRGF,2026-09-15,0.203
LRND,2023-09-29,0.072
LRND,2023-12-15,0.111
LRND,2024-03-28,0.083
LRND,2024-06-28,0.079
LRND,2024-09-30,0.086
LRND,2024-12-30,0.083
LRND,2025-03-31,0.088
LRND,2025-06-30,0.08
LRND,2025-09-30,0.081
LRND,2025-12-30,0.022
LRND,2026-03-31,0.038
LRND,2026-06-30,0.046
LRND,2026-09-30,0.044
LSGR,2023-12-22,0.009
LSGR,2024-12-20,0.03
LSGR,2025-04-08,0.02
LST,2025-11-20,0.386
LST,2025-12-11,0.153
LTPZ,2023-09-01,0.21
LTPZ,2023-10-02,0.12
LTPZ,2023-11-01,0.29
LTPZ,2023-12-01,0.17
LTPZ,2024-04-01,0.28
LTPZ,2024-05-01,0.36
LTPZ,2024-06-03,0.47
LTPZ,2024-07-01,0.26
LTPZ,2024-08-01,0.12
LTPZ,2024-09-03,0.04
LTPZ,2024-10-01,0.09
LTPZ,2024-11-01,0.08
LTPZ,2024-12-02,0.13
LTPZ,2024-12-31,0.1
LTPZ,2025-03-03,0.03
LTPZ,2025-04-01,0.45
LTPZ,2025-05-01,0.33
LTPZ,2025-06-02,0.19
LTPZ,2025-07-01,0.23
LTPZ,2025-08-01,0.17
LTPZ,2025-09-02,0.24
LTPZ,2025-10-01,0.14
LTPZ,2025-11-03,0.22
LTPZ,2025-12-01,0.2
LTPZ,2025-12-31,0.2
LTPZ,2026-04-01,0.02
LTPZ,2026-05-01,0.53
LTPZ,2026-06-01,0.7
LTPZ,2026-07-01,0.63
LTPZ,2026-08-03,0.46
LVHD,2023-11-02,0.385
LVHD,2023-12-28,0.211
LVHD,2024-02-08,0.138
LVHD,2024-05-02,0.394
LVHD,2024-08-08,0.377
LVHD,2024-11-07,0.37
LVHD,2024-12-31,0.346
LVHD,2025-02-06,0.065
LVHD,2025-05-08,0.246
LVHD,2025-08-07,0.33
LVHD,2025-11-06,0.344
LVHD,2025-12-30,0.354
LVHD,2026-02-05,0.085
LVHD,2026-05-07,0.323
LVHD,2026-08-06,0.383
LVHI,2023-09-07,0.319
LVHI,2023-12-07,1.214
LVHI,2024-03-07,0.037
LVHI,2024-06-06,0.45
LVHI,2024-09-05,0.271
LVHI,2024-12-05,0.752
LVHI,2025-03-06,0.127
LVHI,2025-06-05,0.544
LVHI,2025-09-04,0.327
LVHI,2025-12-04,0.814
LVHI,2026-03-05,0.159
LVHI,2026-06-04,0.626
LVHI,2026-09-03,0.361
MAGS,2023-12-27,0.146
MAGS,2024-12-30,0.44
MAGS,2025-12-30,0.976
MAGX,2024-12-30,0.396
MAGX,2025-12-30,1.171
MAGY,2025-05-09,0.48
MAGY,2025-05-16,0.48
MAGY,2025-05-23,0.274
MAGY,2025-05-30,0.276
MAGY,2025-06-06,0.276
MAGY,2025-06-13,0.276
MAGY,2025-06-20,0.276
MAGY,2025-06-27,0.376
MAGY,2025-07-03,0.376
MAGY,2025-07-11,0.382
MAGY,2025-07-18,0.376
MAGY,2025-07-25,0.385
MAGY,2025-08-01,0.38
MAGY,2025-08-08,0.387
MAGY,2025-08-15,0.377
MAGY,2025-08-22,0.38
MAGY,2025-08-29,0.386
MAGY,2025-09-05,0.376
MAGY,2025-09-12,0.376
MAGY,2025-09-19,0.38
MAGY,2025-09-26,0.38
MAGY,2025-10-03,0.387
MAGY,2025-10-10,0.376
MAGY,2025-10-17,0.376
MAGY,2025-10-24,0.367
MAGY,2025-10-31,0.373
MAGY,2025-11-07,0.376
MAGY,2025-11-14,0.386
MAGY,2025-11-21,0.369
MAGY,2025-11-28,0.361
MAGY,2025-12-05,0.361
MAGY,2025-12-12,0.366
MAGY,2025-12-19,0.363
MAGY,2025-12-24,0.353
MAGY,2026-01-02,0.36
MAGY,2026-01-09,0.362
MAGY,2026-01-16,0.352
MAGY,2026-01-23,0.349
MAGY,2026-01-30,0.341
MAGY,2026-02-06,0.298
MAGY,2026-02-13,0.298
MAGY,2026-02-20,0.29
MAGY,2026-02-27,0.275
MAGY,2026-03-06,0.281
MAGY,2026-03-13,0.281
MAGY,2026-03-20,0.273
MAGY,2026-03-27,0.273
MAGY,2026-04-02,0.265
MAGY,2026-04-10,0.249
MAGY,2026-04-17,0.252
MAGY,2026-04-24,0.261
MAGY,2026-05-01,0.27
MAGY,2026-05-08,0.27
MAGY,2026-05-15,0.221
MAGY,2026-05-22,0.223
MAGY,2026-05-29,0.23
MAGY,2026-06-05,0.223
MAGY,2026-06-12,0.229
MAGY,2026-06-18,0.215
MAGY,2026-06-26,0.255
MAGY,2026-07-02,0.255
MAGY,2026-07-10,0.242
MAGY,2026-07-17,0.202
MAGY,2026-07-24,0.205
MAGY,2026-07-31,0.249
MAGY,2026-08-07,0.237
MAGY,2026-08-14,0.203
MAGY,2026-08-21,0.204
MAGY,2026-08-28,0.16
MAGY,2026-09-04,0.159
MAGY,2026-09-11,0.159
MAGY,2026-09-18,0.158
MAGY,2026-09-25,0.164
MAGY,2026-10-02,0.164
MAMB,2023-09-22,0.082
MAMB,2023-12-20,0.172
MAMB,2024-03-27,0.063
MAMB,2024-06-27,0.102
MAMB,2024-09-26,0.117
MAMB,2024-12-19,0.187
MAMB,2025-03-27,0.088
MAMB,2025-06-27,0.117
MAMB,2025-09-26,0.153
MAMB,2025-12-18,0.234
MAMB,2026-03-26,0.09
MAMB,2026-06-25,0.163
MAMB,2026-09-24,0.162
MARO,2025-01-03,2.495
MARO,2025-01-30,2.1
MARO,2025-02-27,1.558
MARO,2025-03-27,1.478
MARO,2025-04-24,1.847
MARO,2025-05-22,1.973
MARO,2025-06-20,1.207
MARO,2025-07-17,2.372
MARO,2025-08-14,1.004
MARO,2025-09-11,0.938
MARO,2025-10-09,1.577
MARO,2025-10-16,0.304
MARO,2025-10-23,0.363
MARO,2025-10-30,0.338
MARO,2025-11-06,0.295
MARO,2025-11-13,0.267
MARO,2025-11-20,0.217
MARO,2025-11-28,0.19
MARO,2025-12-04,0.244
MARO,2025-12-11,0.164
MARO,2025-12-18,0.058
MARO,2025-12-26,0.144
MARO,2026-01-02,0.129
MARO,2026-01-08,0.132
MARO,2026-01-15,0.119
MARO,2026-01-22,0.139
MARO,2026-01-29,0.127
MARO,2026-02-05,0.099
MARO,2026-02-12,0.091
MARO,2026-02-19,0.093
MARO,2026-02-26,0.097
MARO,2026-03-05,0.101
MARO,2026-03-12,0.098
MARO,2026-03-19,0.117
MARO,2026-03-26,0.089
MARO,2026-04-02,0.077
MARO,2026-04-09,0.11
MARO,2026-04-16,0.107
MARO,2026-04-23,0.142
MARO,2026-04-30,0.135
MARO,2026-05-07,0.132
MARO,2026-05-14,0.132
MARO,2026-05-21,0.117
MARO,2026-05-28,0.119
MARO,2026-06-04,0.136
MARO,2026-06-11,0.09
MARO,2026-06-18,0.112
MARO,2026-06-25,0.11
MARO,2026-07-02,0.102
MARO,2026-07-09,0.083
MARO,2026-07-16,0.089
MARO,2026-07-23,0.085
MARO,2026-07-30,0.079
MARO,2026-08-06,0.07
MARO,2026-08-13,0.055
MARO,2026-08-20,0.051
MARO,2026-08-27,0.071
MARO,2026-09-03,0.06
MARO,2026-09-10,0.069
MARO,2026-09-17,0.07
MARO,2026-09-24,0.08
MARO,2026-10-01,0.071
MBB,2023-09-01,0.264
MBB,2023-10-02,0.29
MBB,2023-11-01,0.274
MBB,2023-12-01,0.28
MBB,2023-12-14,0.276
MBB,2024-02-01,0.297
MBB,2024-03-01,0.292
MBB,2024-04-01,0.283
MBB,2024-05-01,0.282
MBB,2024-06-03,0.3
MBB,2024-07-01,0.305
MBB,2024-08-01,0.309
MBB,2024-09-03,0.318
MBB,2024-10-01,0.311
MBB,2024-11-01,0.31
MBB,2024-12-02,0.307
MBB,2024-12-18,0.294
MBB,2025-02-03,0.341
MBB,2025-03-03,0.32
MBB,2025-04-01,0.331
MBB,2025-05-01,0.325
MBB,2025-06-02,0.325
MBB,2025-07-01,0.332
MBB,2025-08-01,0.332
MBB,2025-09-02,0.338
MBB,2025-10-01,0.336
MBB,2025-11-03,0.342
MBB,2025-12-01,0.347
MBB,2025-12-19,0.334
MBB,2026-02-02,0.335
MBB,2026-03-02,0.328
MBB,2026-04-01,0.333
MBB,2026-05-01,0.335
MBB,2026-06-01,0.333
MBB,2026-07-01,0.337
MBB,2026-08-03,0.341
MBB,2026-09-01,0.339
MBB,2026-10-01,0.366
MBBA,2026-03-02,0.311
MBBA,2026-04-01,0.196
MBBA,2026-05-01,0.204
MBBA,2026-06-01,0.2
MBBA,2026-07-01,0.182
MBBA,2026-08-03,0.195
MBBA,2026-09-01,0.185
MBBA,2026-10-01,0.075
MBS,2024-02-29,0.031
MBS,2024-03-28,0.035
MBS,2024-04-30,0.038
MBS,2024-05-31,0.02
MBS,2024-06-28,0.036
MBS,2024-07-31,0.041
MBS,2024-08-30,0.038
MBS,2024-09-30,0.036
MBS,2024-10-31,0.04
MBS,2024-11-29,0.033
MBS,2024-12-31,0.038
MBS,2025-01-31,0.026
MBS,2025-02-28,0.032
MBS,2025-03-31,0.041
MBS,2025-04-30,0.039
MBS,2025-05-30,0.036
MBS,2025-06-30,0.035
MBS,2025-07-31,0.053
MBS,2025-08-29,0.033
MBS,2025-09-30,0.046
MBS,2025-10-31,0.044
MBS,2025-11-28,0.033
MBS,2025-12-31,0.044
MBS,2026-01-30,0.033
MBS,2026-02-27,0.031
MBS,2026-03-31,0.046
MBS,2026-04-30,0.048
MBS,2026-05-29,0.036
MBS,2026-06-30,0.04
MBS,2026-07-31,0.04
MBS,2026-08-31,0.034
MBS,2026-09-30,0.038
MBSF,2024-03-26,0.037
MBSF,2024-04-26,0.122
MBSF,2024-05-29,0.108
MBSF,2024-06-26,0.11
MBSF,2024-07-29,0.113
MBSF,2024-08-28,0.095
MBSF,2024-09-26,0.113
MBSF,2024-10-29,0.119
MBSF,2024-11-26,0.099
MBSF,2024-12-23,0.136
MBSF,2025-01-29,0.083
MBSF,2025-02-26,0.087
MBSF,2025-03-26,0.098
MBSF,2025-04-28,0.103
MBSF,2025-05-28,0.098
MBSF,2025-06-26,0.101
MBSF,2025-07-29,0.104
MBSF,2025-08-27,0.098
MBSF,2025-09-26,0.107
MBSF,2025-10-29,0.102
MBSF,2025-11-25,0.087
MBSF,2025-12-23,0.141
MBSF,2026-01-28,0.073
MBSF,2026-02-25,0.078
MBSF,2026-03-27,0.096
MBSF,2026-04-28,0.082
MBSF,2026-05-27,0.083
MBSF,2026-06-26,0.097
MBSF,2026-07-29,0.093
MBSF,2026-08-27,0.081
MCHI,2023-12-20,0.994
MCHI,2024-06-11,0.191
MCHI,2024-12-17,0.891
MCHI,2025-06-16,0.536
MCHI,2025-12-16,0.735
MCHI,2026-06-15,0.361
MDIV,2023-09-22,0.098
MDIV,2023-10-24,0.047
MDIV,2023-11-21,0.107
MDIV,2023-12-22,0.098
MDIV,2024-01-23,0.074
MDIV,2024-02-21,0.07
MDIV,2024-03-21,0.125
MDIV,2024-04-23,0.062
MDIV,2024-05-21,0.09
MDIV,2024-06-27,0.089
MDIV,2024-07-23,0.049
MDIV,2024-08-21,0.117
MDIV,2024-09-26,0.098
MDIV,2024-10-22,0.072
MDIV,2024-11-21,0.082
MDIV,2024-12-13,0.106
MDIV,2025-01-22,0.067
MDIV,2025-02-21,0.074
MDIV,2025-03-27,0.135
MDIV,2025-04-22,0.051
MDIV,2025-05-21,0.101
MDIV,2025-06-26,0.095
MDIV,2025-07-22,0.051
MDIV,2025-08-21,0.103
MDIV,2025-09-25,0.086
MDIV,2025-10-21,0.07
MDIV,2025-11-21,0.111
MDIV,2025-12-12,0.081
MDIV,2026-01-21,0.06
MDIV,2026-02-20,0.077
MDIV,2026-03-26,0.134
MDIV,2026-04-21,0.052
MDIV,2026-05-21,0.132
MDIV,2026-06-25,0.159
MDIV,2026-07-21,0.068
MDIV,2026-08-21,0.115
MDIV,2026-09-24,0.096
MDST,2024-04-29,0.225
MDST,2024-05-30,0.225
MDST,2024-06-27,0.225
MDST,2024-07-30,0.225
MDST,2024-08-29,0.225
MDST,2024-09-27,0.225
MDST,2024-10-30,0.225
MDST,2024-11-27,0.225
MDST,2025-01-03,0.225
MDST,2025-01-30,0.225
MDST,2025-02-27,0.225
MDST,2025-03-28,0.225
MDST,2025-04-29,0.225
MDST,2025-05-29,0.225
MDST,2025-06-27,0.225
MDST,2025-07-30,0.225
MDST,2025-08-28,0.225
MDST,2025-09-29,0.225
MDST,2025-10-30,0.225
MDST,2025-11-26,0.225
MDST,2026-01-05,0.225
MDST,2026-01-29,0.225
MDST,2026-02-26,0.225
MDST,2026-03-30,0.225
MDST,2026-04-29,0.225
MDST,2026-05-28,0.225
MDST,2026-06-29,0.225
MDST,2026-07-30,0.225
MDST,2026-08-28,0.225
MDST,2026-09-29,0.225
MDY,2023-09-15,1.555
MDY,2023-12-15,1.891
MDY,2024-03-15,1.014
MDY,2024-06-21,1.997
MDY,2024-09-20,1.65
MDY,2024-12-20,2.081
MDY,2025-03-21,1.308
MDY,2025-06-20,1.803
MDY,2025-09-19,1.619
MDY,2025-12-19,2.184
MDY,2026-03-20,1.516
MDY,2026-06-18,1.702
MDY,2026-09-18,1.604
MDYG,2023-09-18,0.213
MDYG,2023-12-18,0.294
MDYG,2024-03-18,0.133
MDYG,2024-06-24,0.21
MDYG,2024-09-23,0.192
MDYG,2024-12-23,0.218
MDYG,2025-03-24,0.148
MDYG,2025-06-23,0.189
MDYG,2025-09-22,0.16
MDYG,2025-12-22,0.194
MDYG,2026-03-23,0.129
MDYG,2026-06-22,0.15
MDYG,2026-09-21,0.229
MDYV,2023-09-18,0.293
MDYV,2023-12-18,0.302
MDYV,2024-03-18,0.285
MDYV,2024-06-24,0.39
MDYV,2024-09-23,0.36
MDYV,2024-12-23,0.478
MDYV,2025-03-24,0.246
MDYV,2025-06-23,0.42
MDYV,2025-09-22,0.394
MDYV,2025-12-22,0.394
MDYV,2026-03-23,0.38
MDYV,2026-06-22,0.421
MDYV,2026-09-21,0.391
MEAR,2023-09-01,0.133
MEAR,2023-10-02,0.148
MEAR,2023-11-01,0.152
MEAR,2023-12-01,0.145
MEAR,2023-12-14,0.142
MEAR,2024-02-01,0.145
MEAR,2024-03-01,0.139
MEAR,2024-04-01,0.153
MEAR,2024-05-01,0.158
MEAR,2024-06-03,0.151
MEAR,2024-07-01,0.143
MEAR,2024-08-01,0.135
MEAR,2024-09-03,0.14
MEAR,2024-10-01,0.144
MEAR,2024-11-01,0.142
MEAR,2024-12-02,0.131
MEAR,2024-12-18,0.134
MEAR,2025-02-03,0.126
MEAR,2025-03-03,0.13
MEAR,2025-04-01,0.115
MEAR,2025-05-01,0.133
MEAR,2025-06-02,0.122
MEAR,2025-07-01,0.124
MEAR,2025-08-01,0.117
MEAR,2025-09-02,0.124
MEAR,2025-10-01,0.125
MEAR,2025-11-03,0.123
MEAR,2025-12-01,0.125
MEAR,2025-12-19,0.117
MEAR,2026-02-02,0.105
MEAR,2026-03-02,0.114
MEAR,2026-04-01,0.113
MEAR,2026-05-01,0.128
MEAR,2026-06-01,0.112
MEAR,2026-07-01,0.118
MEAR,2026-08-03,0.117
MEAR,2026-09-01,0.117
MEAR,2026-10-01,0.117
METD,2024-06-25,0.047
METD,2024-09-24,0.185
METD,2024-12-23,0.223
METD,2025-03-25,0.169
METD,2025-06-24,0.095
METD,2025-09-23,0.134
METD,2025-12-23,0.133
METD,2026-03-24,0.069
METD,2026-06-23,0.098
METD,2026-09-22,0.061
METU,2024-06-25,0.02
METU,2024-09-24,0.188
METU,2024-12-23,0.257
METU,2025-03-25,0.174
METU,2025-06-24,0.25
METU,2025-09-23,0.223
METU,2025-12-10,0.109
METU,2025-12-23,0.209
METU,2026-03-24,0.194
METU,2026-06-23,0.143
METU,2026-09-22,0.172
METV,2023-12-27,0.019
METV,2025-12-30,0.034
MFSB,2024-12-30,0.091
MFSB,2025-01-31,0.092
MFSB,2025-02-28,0.094
MFSB,2025-03-31,0.096
MFSB,2025-04-30,0.103
MFSB,2025-05-30,0.101
MFSB,2025-06-30,0.088
MFSB,2025-07-31,0.011
MFSB,2025-08-29,0.1
MFSB,2025-09-30,0.094
MFSB,2025-10-31,0.099
MFSB,2025-11-28,0.086
MFSB,2025-12-30,0.096
MFSB,2026-01-30,0.096
MFSB,2026-02-27,0.093
MFSB,2026-03-31,0.09
MFSB,2026-04-30,0.093
MFSB,2026-05-29,0.1
MFSB,2026-06-30,0.096
MFSB,2026-07-31,0.096
MFSB,2026-08-31,0.1
MFSB,2026-09-30,0.101
MFSG,2025-07-31,0.002
MFSG,2025-12-16,0.02
MFSI,2025-07-31,0.007
MFSI,2025-12-16,0.24
MFSI,2026-07-31,0.012
MFSM,2024-12-30,0.056
MFSM,2025-01-31,0.066
MFSM,2025-02-28,0.068
MFSM,2025-03-31,0.067
MFSM,2025-04-30,0.075
MFSM,2025-05-30,0.075
MFSM,2025-06-30,0.073
MFSM,2025-07-31,0.075
MFSM,2025-08-29,0.075
MFSM,2025-09-30,0.078
MFSM,2025-10-31,0.079
MFSM,2025-11-28,0.079
MFSM,2025-12-30,0.073
MFSM,2026-01-30,0.072
MFSM,2026-02-27,0.063
MFSM,2026-03-31,0.08
MFSM,2026-04-30,0.072
MFSM,2026-05-29,0.073
MFSM,2026-06-30,0.074
MFSM,2026-07-31,0.075
MFSM,2026-08-31,0.074
MFSM,2026-09-30,0.071
MFSV,2024-12-30,0.027
MFSV,2025-03-25,0.099
MFSV,2025-06-26,0.12
MFSV,2025-09-25,0.082
MFSV,2025-12-11,0.106
MFSV,2026-03-26,0.108
MFSV,2026-06-25,0.094
MFSV,2026-09-24,0.088
MGC,2023-09-21,0.572
MGC,2023-12-21,0.674
MGC,2024-03-21,0.58
MGC,2024-06-27,0.618
MGC,2024-09-26,0.617
MGC,2024-12-23,0.628
MGC,2025-03-27,0.599
MGC,2025-06-30,0.552
MGC,2025-09-29,0.58
MGC,2025-12-22,0.597
MGC,2026-03-27,0.688
MGC,2026-06-26,0.651
MGK,2023-09-21,0.0632
MGK,2023-12-21,0.0858
MGK,2024-03-21,0.0604
MGK,2024-06-27,0.0618
MGK,2024-09-26,0.0748
MGK,2024-12-23,0.0982
MGK,2025-03-27,0.068
MGK,2025-06-30,0.0766
MGK,2025-09-29,0.067
MGK,2025-12-22,0.0786
MGK,2026-03-27,0.0642
MGK,2026-06-26,0.084
MGNR,2024-04-02,0.076
MGNR,2024-07-02,0.052
MGNR,2024-10-02,0.068
MGNR,2024-12-20,0.039
MGNR,2025-04-02,0.072
MGNR,2025-07-02,0.235
MGNR,2025-10-02,0.061
MGNR,2025-12-22,0.147
MGNR,2026-04-02,0.15
MGNR,2026-07-02,0.053
MGNR,2026-10-02,0.047
MGV,2023-09-21,0.685
MGV,2023-12-21,0.769
MGV,2024-03-21,0.698
MGV,2024-06-27,0.734
MGV,2024-09-26,0.723
MGV,2024-12-23,0.725
MGV,2025-03-27,0.684
MGV,2025-06-30,0.678
MGV,2025-09-29,0.703
MGV,2025-12-22,0.817
MGV,2026-03-27,0.795
MGV,2026-06-26,0.732
MIDU,2023-09-19,0.04
MIDU,2023-12-21,0.277
MIDU,2024-03-19,0.05
MIDU,2024-06-25,0.245
MIDU,2024-09-24,0.153
MIDU,2024-12-23,0.131
MIDU,2025-03-25,0.166
MIDU,2025-06-24,0.206
MIDU,2025-09-23,0.09
MIDU,2025-12-23,0.064
MIDU,2026-03-24,0.093
MIDU,2026-06-23,0.114
MIDU,2026-09-22,0.013
MINO,2023-09-01,0.148
MINO,2023-10-02,0.15
MINO,2023-11-01,0.136
MINO,2023-12-01,0.142
MINO,2023-12-28,0.148
MINO,2024-02-01,0.142
MINO,2024-03-01,0.156
MINO,2024-04-01,0.142
MINO,2024-05-01,0.155
MINO,2024-06-03,0.157
MINO,2024-07-01,0.145
MINO,2024-08-01,0.15
MINO,2024-09-03,0.155
MINO,2024-10-01,0.14
MINO,2024-11-01,0.15
MINO,2024-12-02,0.14
MINO,2024-12-31,0.13
MINO,2025-02-03,0.13
MINO,2025-03-03,0.13
MINO,2025-04-01,0.13
MINO,2025-05-01,0.13
MINO,2025-06-02,0.14
MINO,2025-07-01,0.15
MINO,2025-08-01,0.14
MINO,2025-09-02,0.14
MINO,2025-10-01,0.14
MINO,2025-11-03,0.15
MINO,2025-12-01,0.15
MINO,2025-12-31,0.15
MINO,2026-02-02,0.15
MINO,2026-03-02,0.15
MINO,2026-04-01,0.15
MINO,2026-05-01,0.15
MINO,2026-06-01,0.15
MINO,2026-07-01,0.15
MINO,2026-08-03,0.14
MINO,2026-09-01,0.13
MINO,2026-10-01,0.14
MINT,2023-09-01,0.446
MINT,2023-10-02,0.451
MINT,2023-11-01,0.423
MINT,2023-12-01,0.455
MINT,2023-12-28,0.465
MINT,2024-02-01,0.434
MINT,2024-03-01,0.435
MINT,2024-04-01,0.445
MINT,2024-05-01,0.425
MINT,2024-06-03,0.46
MINT,2024-07-01,0.44
MINT,2024-08-01,0.45
MINT,2024-09-03,0.47
MINT,2024-10-01,0.43
MINT,2024-11-01,0.43
MINT,2024-12-02,0.42
MINT,2024-12-31,0.4
MINT,2025-02-03,0.42
MINT,2025-03-03,0.4
MINT,2025-04-01,0.4
MINT,2025-05-01,0.4
MINT,2025-06-02,0.4
MINT,2025-07-01,0.38
MINT,2025-08-01,0.38
MINT,2025-09-02,0.38
MINT,2025-10-01,0.38
MINT,2025-11-03,0.38
MINT,2025-12-01,0.37
MINT,2025-12-31,0.36
MINT,2026-02-02,0.34
MINT,2026-03-02,0.34
MINT,2026-04-01,0.34
MINT,2026-05-01,0.33
MINT,2026-06-01,0.325
MINT,2026-07-01,0.324
MINT,2026-08-03,0.34
MINT,2026-09-01,0.335
MINT,2026-10-01,0.328
MISL,2023-09-22,0.022
MISL,2023-12-22,0.098
MISL,2024-03-21,0.039
MISL,2024-06-27,0.028
MISL,2024-09-26,0.024
MISL,2024-12-13,0.135
MISL,2025-03-27,0.036
MISL,2025-06-26,0.028
MISL,2025-09-25,0.107
MISL,2026-03-26,0.029
MJ,2023-09-20,0.36
MJ,2023-12-27,0.672
MJ,2024-03-26,0.672
MJ,2024-06-27,2.04
MJ,2024-09-27,0.72
MJ,2024-12-30,0.288
MJ,2025-12-30,0.591
MLN,2023-09-01,0.052
MLN,2023-10-02,0.052
MLN,2023-11-01,0.054
MLN,2023-12-01,0.05
MLN,2023-12-27,0.052
MLN,2024-02-01,0.054
MLN,2024-03-01,0.052
MLN,2024-04-01,0.056
MLN,2024-05-01,0.051
MLN,2024-06-03,0.054
MLN,2024-07-01,0.053
MLN,2024-08-01,0.055
MLN,2024-09-03,0.051
MLN,2024-10-01,0.052
MLN,2024-11-01,0.057
MLN,2024-12-02,0.053
MLN,2024-12-27,0.056
MLN,2025-02-03,0.054
MLN,2025-03-03,0.049
MLN,2025-04-01,0.059
MLN,2025-05-01,0.053
MLN,2025-06-02,0.057
MLN,2025-07-01,0.053
MLN,2025-08-01,0.056
MLN,2025-09-02,0.055
MLN,2025-10-01,0.052
MLN,2025-11-03,0.057
MLN,2025-11-28,0.053
MLN,2025-12-29,0.058
MLN,2026-02-02,0.058
MLN,2026-03-02,0.051
MLN,2026-04-01,0.06
MLN,2026-05-01,0.055
MLN,2026-06-01,0.047
MLN,2026-07-01,0.069
MLN,2026-08-03,0.06
MLN,2026-09-01,0.057
MLN,2026-10-01,0.054
MLPA,2023-11-07,0.87
MLPA,2024-02-07,0.87
MLPA,2024-05-07,0.9
MLPA,2024-08-07,0.9
MLPA,2024-11-07,0.91
MLPA,2025-02-07,0.935
MLPA,2025-05-07,0.935
MLPA,2025-08-07,0.935
MLPA,2025-11-07,0.98
MLPA,2026-02-09,1.0
MLPA,2026-05-11,1.02
MLPA,2026-08-10,1.02
MLPI,2025-12-24,0.652
MLPI,2026-01-21,0.661
MLPI,2026-02-18,0.638
MLPI,2026-03-18,0.68
MLPI,2026-04-22,0.667
MLPI,2026-05-20,0.704
MLPI,2026-06-16,0.658
MLPI,2026-07-22,0.683
MLPI,2026-08-19,0.64
MLPI,2026-09-16,0.628
MLPX,2023-11-07,0.6
MLPX,2024-02-07,0.6
MLPX,2024-05-07,0.65
MLPX,2024-08-07,0.65
MLPX,2024-11-07,0.652
MLPX,2024-12-30,0.053
MLPX,2025-02-07,0.69
MLPX,2025-05-07,0.72
MLPX,2025-08-07,0.73
MLPX,2025-11-07,0.73
MLPX,2025-12-30,0.081
MLPX,2026-02-09,0.74
MLPX,2026-05-11,0.757
MLPX,2026-08-10,0.757
MMCA,2023-09-01,0.063
MMCA,2023-10-02,0.064
MMCA,2023-11-01,0.062
MMCA,2023-12-01,0.063
MMCA,2023-12-28,0.08
MMCA,2024-02-01,0.068
MMCA,2024-03-01,0.063
MMCA,2024-04-01,0.069
MMCA,2024-05-01,0.066
MMCA,2024-06-03,0.072
MMCA,2024-07-01,0.068
MMCA,2024-08-01,0.07
MMCA,2024-09-03,0.065
MMCA,2024-10-01,0.063
MMCA,2024-11-01,0.066
MMCA,2024-12-02,0.063
MMCA,2024-12-30,0.049
MMCA,2025-02-03,0.061
MMCA,2025-03-03,0.06
MMCA,2025-04-01,0.067
MMCA,2025-04-30,0.065
MMCA,2025-06-02,0.064
MMCA,2025-07-01,0.064
MMCA,2025-08-01,0.063
MMCA,2025-09-02,0.062
MMCA,2025-10-01,0.062
MMCA,2025-11-03,0.056
MMCA,2025-12-01,0.058
MMCA,2025-12-30,0.059
MMCA,2026-01-30,0.058
MMCA,2026-02-27,0.054
MMCA,2026-03-31,0.061
MMCA,2026-04-30,0.058
MMCA,2026-05-29,0.059
MMCA,2026-06-30,0.057
MMCA,2026-07-31,0.06
MMCA,2026-08-31,0.061
MMCA,2026-09-30,0.062
MMIN,2023-09-01,0.078
MMIN,2023-10-02,0.076
MMIN,2023-11-01,0.08
MMIN,2023-12-01,0.075
MMIN,2023-12-28,0.082
MMIN,2024-02-01,0.082
MMIN,2024-03-01,0.076
MMIN,2024-04-01,0.081
MMIN,2024-05-01,0.078
MMIN,2024-06-03,0.081
MMIN,2024-07-01,0.079
MMIN,2024-08-01,0.081
MMIN,2024-09-03,0.078
MMIN,2024-10-01,0.078
MMIN,2024-11-01,0.081
MMIN,2024-12-02,0.08
MMIN,2024-12-30,0.068
MMIN,2025-02-03,0.077
MMIN,2025-03-03,0.071
MMIN,2025-04-01,0.079
MMIN,2025-04-30,0.076
MMIN,2025-06-02,0.078
MMIN,2025-07-01,0.107
MMIN,2025-08-01,0.083
MMIN,2025-09-02,0.081
MMIN,2025-10-01,0.079
MMIN,2025-11-03,0.081
MMIN,2025-12-01,0.079
MMIN,2025-12-30,0.082
MMIN,2026-01-30,0.082
MMIN,2026-02-27,0.073
MMIN,2026-03-31,0.082
MMIN,2026-04-30,0.082
MMIN,2026-05-29,0.083
MMIN,2026-06-30,0.078
MMIN,2026-07-31,0.081
MMIN,2026-08-31,0.08
MMIN,2026-09-30,0.079
MMIT,2023-09-01,0.073
MMIT,2023-10-02,0.071
MMIT,2023-11-01,0.07
MMIT,2023-12-01,0.073
MMIT,2023-12-28,0.075
MMIT,2024-02-01,0.078
MMIT,2024-03-01,0.074
MMIT,2024-04-01,0.078
MMIT,2024-05-01,0.077
MMIT,2024-06-03,0.079
MMIT,2024-07-01,0.076
MMIT,2024-08-01,0.079
MMIT,2024-09-03,0.079
MMIT,2024-10-01,0.076
MMIT,2024-11-01,0.079
MMIT,2024-12-02,0.078
MMIT,2024-12-30,0.051
MMIT,2025-02-03,0.071
MMIT,2025-03-03,0.068
MMIT,2025-04-01,0.075
MMIT,2025-04-30,0.073
MMIT,2025-06-02,0.076
MMIT,2025-07-01,0.063
MMIT,2025-08-01,0.073
MMIT,2025-09-02,0.075
MMIT,2025-10-01,0.07
MMIT,2025-11-03,0.074
MMIT,2025-12-01,0.071
MMIT,2025-12-30,0.074
MMIT,2026-01-30,0.073
MMIT,2026-02-27,0.067
MMIT,2026-03-31,0.074
MMIT,2026-04-30,0.073
MMIT,2026-05-29,0.082
MMIT,2026-06-30,0.071
MMIT,2026-07-31,0.074
MMIT,2026-08-31,0.074
MMIT,2026-09-30,0.073
MMTM,2023-09-18,0.534
MMTM,2023-12-18,0.47
MMTM,2024-03-18,0.449
MMTM,2024-06-24,0.511
MMTM,2024-09-23,0.568
MMTM,2024-12-23,0.634
MMTM,2025-03-24,0.616
MMTM,2025-06-23,0.663
MMTM,2025-09-22,0.633
MMTM,2025-12-22,0.602
MMTM,2026-03-23,0.598
MMTM,2026-06-22,0.872
MMTM,2026-09-21,0.664
MNA,2023-12-28,0.378
MOAT,2023-12-18,0.729
MOAT,2024-12-23,1.268
MOAT,2025-12-22,1.404
MODL,2023-09-06,0.028
MODL,2023-10-11,0.04
MODL,2023-11-08,0.013
MODL,2023-12-18,0.061
MODL,2023-12-27,0.013
MODL,2024-01-11,0.01
MODL,2024-02-09,0.012
MODL,2024-03-11,0.038
MODL,2024-04-11,0.027
MODL,2024-05-09,0.009
MODL,2024-06-12,0.043
MODL,2024-07-10,0.023
MODL,2024-08-08,0.016
MODL,2024-09-11,0.044
MODL,2024-10-08,0.03
MODL,2024-11-07,0.013
MODL,2024-12-12,0.065
MODL,2025-01-08,0.006
MODL,2025-02-07,0.02
MODL,2025-03-10,0.024
MODL,2025-04-10,0.036
MODL,2025-05-08,0.013
MODL,2025-06-09,0.027
MODL,2025-07-10,0.031
MODL,2025-08-06,0.017
MODL,2025-09-08,0.029
MODL,2025-10-09,0.035
MODL,2025-11-07,0.012
MODL,2025-12-11,0.068
MODL,2026-01-08,0.017
MODL,2026-02-09,0.018
MODL,2026-03-10,0.039
MODL,2026-04-09,0.037
MODL,2026-05-08,0.013
MODL,2026-06-09,0.048
MODL,2026-07-09,0.022
MODL,2026-08-07,0.014
MODL,2026-09-09,0.048
MOO,2023-12-18,2.236
MOO,2024-12-23,2.201
MOO,2025-12-22,1.798
MOOD,2023-12-20,0.358
MOOD,2024-12-30,0.394
MOOD,2025-12-30,0.155
MORT,2023-10-02,0.34
MORT,2023-12-27,0.341
MORT,2024-04-01,0.3
MORT,2024-07-01,0.25
MORT,2024-10-01,0.316
MORT,2024-12-27,0.36
MORT,2025-04-01,0.379
MORT,2025-07-01,0.261
MORT,2025-10-01,0.363
MORT,2025-12-29,0.338
MORT,2026-04-01,0.359
MORT,2026-07-01,0.425
MORT,2026-10-01,0.307
MPIM,2026-09-21,0.441
MQQQ,2024-12-23,0.035
MQQQ,2025-12-23,3.659
MRNY,2023-12-07,4.13
MRNY,2024-01-05,26.54
MRNY,2024-02-07,5.94
MRNY,2024-03-06,11.31
MRNY,2024-04-04,7.83
MRNY,2024-05-06,9.47
MRNY,2024-06-06,8.45
MRNY,2024-07-05,4.9
MRNY,2024-08-07,4.66
MRNY,2024-09-06,4.79
MRNY,2024-10-10,3.76
MRNY,2024-11-07,4.01
MRNY,2024-12-05,2.22
MRNY,2025-01-03,2.51
MRNY,2025-01-30,2.73
MRNY,2025-02-27,2.31
MRNY,2025-03-27,1.83
MRNY,2025-04-24,1.26
MRNY,2025-05-22,1.22
MRNY,2025-06-20,1.9
MRNY,2025-07-17,2.0
MRNY,2025-08-14,0.95
MRNY,2025-09-11,0.76
MRNY,2025-10-09,1.15
MRNY,2025-10-16,0.22
MRNY,2025-10-23,0.23
MRNY,2025-10-30,0.32
MRNY,2025-11-06,0.22
MRNY,2025-11-13,0.26
MRNY,2025-11-20,0.25
MRNY,2025-11-28,0.23
MRNY,2025-12-04,0.277
MRNY,2025-12-11,0.23
MRNY,2025-12-18,0.223
MRNY,2025-12-26,0.393
MRNY,2026-01-02,0.16
MRNY,2026-01-08,0.177
MRNY,2026-01-15,0.248
MRNY,2026-01-22,0.374
MRNY,2026-01-29,0.479
MRNY,2026-02-05,0.266
MRNY,2026-02-12,0.347
MRNY,2026-02-19,0.317
MRNY,2026-02-26,0.378
MRNY,2026-03-05,0.383
MRNY,2026-03-12,0.391
MRNY,2026-03-19,0.381
MRNY,2026-03-26,0.272
MRNY,2026-04-02,0.275
MRNY,2026-04-09,0.26
MRNY,2026-04-16,0.263
MRNY,2026-04-23,0.258
MRNY,2026-04-30,0.218
MRNY,2026-05-07,0.155
MRNY,2026-05-14,0.239
MRNY,2026-05-21,0.184
MRNY,2026-05-28,0.236
MRNY,2026-06-04,0.211
MRNY,2026-06-11,0.206
MRNY,2026-06-18,0.219
MRNY,2026-06-25,0.358
MRNY,2026-07-02,0.394
MRNY,2026-07-09,0.427
MRNY,2026-07-16,0.365
MRNY,2026-07-23,0.252
MRNY,2026-07-30,0.237
MRNY,2026-08-06,0.204
MRNY,2026-08-13,0.222
MRNY,2026-08-20,0.226
MRNY,2026-08-27,0.893
MRNY,2026-09-03,0.637
MRNY,2026-09-10,0.642
MRNY,2026-09-17,0.567
MRNY,2026-09-24,0.637
MRNY,2026-10-01,0.807
MRVU,2026-03-24,0.048
MRVU,2026-06-23,0.352
MRVU,2026-09-22,0.382
MSFD,2023-09-19,0.221
MSFD,2023-12-21,0.169
MSFD,2024-03-19,0.129
MSFD,2024-06-25,0.223
MSFD,2024-09-24,0.11
MSFD,2024-12-23,0.15
MSFD,2025-03-25,0.106
MSFD,2025-06-24,0.089
MSFD,2025-09-23,0.107
MSFD,2025-12-23,0.082
MSFD,2026-03-24,0.081
MSFD,2026-06-23,0.178
MSFD,2026-09-22,0.075
MSFU,2023-09-19,0.264
MSFU,2023-12-21,0.3
MSFU,2024-03-19,0.305
MSFU,2024-06-25,0.371
MSFU,2024-09-24,0.329
MSFU,2024-12-12,1.355
MSFU,2024-12-23,0.403
MSFU,2025-03-25,0.246
MSFU,2025-06-24,0.374
MSFU,2025-09-23,0.191
MSFU,2025-12-10,2.3
MSFU,2025-12-23,0.267
MSFU,2026-03-24,0.13
MSFU,2026-06-23,0.144
MSFU,2026-09-22,0.303
MSFX,2025-12-24,1.461
MSLC,2025-12-10,1.168
MST,2025-05-21,9.38
MST,2025-05-28,7.42
MST,2025-06-04,7.448
MST,2025-06-11,8.008
MST,2025-06-18,7.616
MST,2025-06-25,5.824
MST,2025-07-02,8.008
MST,2025-07-09,7.616
MST,2025-07-16,9.828
MST,2025-07-23,6.16
MST,2025-07-30,5.964
MST,2025-08-06,5.264
MST,2025-08-13,6.104
MST,2025-08-20,5.18
MST,2025-08-27,5.18
MST,2025-09-03,4.396
MST,2025-09-10,4.116
MST,2025-09-17,4.116
MST,2025-09-24,4.648
MST,2025-10-01,4.144
MST,2025-10-08,4.76
MST,2025-10-15,3.388
MST,2025-10-22,3.08
MST,2025-10-29,2.94
MST,2025-11-05,3.22
MST,2025-11-12,1.932
MST,2025-11-19,1.596
MST,2025-11-26,1.064
MST,2025-12-03,4.116
MST,2025-12-10,1.54
MST,2025-12-17,0.644
MST,2025-12-24,0.651
MST,2025-12-31,0.791
MST,2026-01-07,0.798
MST,2026-01-14,0.658
MST,2026-01-21,0.686
MST,2026-01-28,0.581
MST,2026-02-04,0.483
MST,2026-02-11,0.49
MST,2026-02-18,0.504
MST,2026-02-25,0.392
MST,2026-03-04,0.525
MST,2026-03-11,0.448
MST,2026-03-25,0.335
MST,2026-04-01,0.194
MST,2026-04-08,0.19
MST,2026-04-15,0.178
MST,2026-04-22,0.229
MST,2026-04-29,0.275
MST,2026-05-06,0.296
MST,2026-05-13,0.321
MST,2026-05-20,0.241
MST,2026-05-27,0.219
MST,2026-06-03,0.157
MST,2026-06-10,0.148
MST,2026-06-17,0.132
MST,2026-06-24,0.107
MST,2026-07-01,0.066
MST,2026-07-08,0.075
MST,2026-07-15,0.088
MST,2026-07-22,0.094
MST,2026-07-29,0.094
MST,2026-08-05,0.075
MST,2026-08-12,0.07
MST,2026-08-19,0.072
MST,2026-08-26,0.08
MST,2026-09-02,0.106
MST,2026-09-09,0.107
MST,2026-09-16,0.104
MST,2026-09-23,0.102
MST,2026-09-30,0.113
MSTU,2026-08-25,0.288
MSTW,2025-08-04,0.857
MSTW,2025-08-11,0.786
MSTW,2025-08-18,1.394
MSTW,2025-08-25,0.407
MSTW,2025-09-02,0.458
MSTW,2025-09-08,0.356
MSTW,2025-09-15,0.511
MSTW,2025-09-22,0.848
MSTW,2025-09-29,0.794
MSTW,2025-10-06,0.438
MSTW,2025-10-14,0.837
MSTW,2025-10-20,0.389
MSTW,2025-10-27,0.359
MSTW,2025-11-03,0.375
MSTW,2025-11-10,0.277
MSTW,2025-11-17,0.232
MSTW,2025-11-24,0.147
MSTW,2025-12-01,0.162
MSTW,2025-12-08,0.249
MSTW,2025-12-15,0.242
MSTW,2025-12-22,0.211
MSTW,2025-12-29,0.163
MSTW,2026-01-05,0.161
MSTW,2026-01-12,0.136
MSTW,2026-01-20,0.139
MSTW,2026-01-26,0.199
MSTW,2026-02-02,0.103
MSTW,2026-02-09,0.089
MSTW,2026-02-17,0.091
MSTW,2026-02-23,0.119
MSTW,2026-03-02,0.106
MSTW,2026-03-09,0.106
MSTW,2026-03-16,0.126
MSTW,2026-03-23,0.128
MSTW,2026-03-30,0.093
MSTW,2026-04-06,0.072
MSTW,2026-04-13,0.073
MSTW,2026-04-20,0.109
MSTW,2026-04-27,0.162
MSTW,2026-05-04,0.134
MSTW,2026-05-11,0.137
MSTW,2026-05-18,0.154
MSTW,2026-05-26,0.095
MSTW,2026-06-01,0.064
MSTW,2026-06-08,0.1
MSTW,2026-06-15,0.029
MSTW,2026-06-22,0.086
MSTW,2026-06-29,0.052
MSTW,2026-07-06,0.019
MSTW,2026-07-13,0.09
MSTW,2026-07-20,0.047
MSTW,2026-07-27,0.055
MSTW,2026-08-03,0.046
MSTW,2026-08-10,0.052
MSTW,2026-08-17,0.063
MSTW,2026-08-24,0.032
MSTW,2026-08-31,0.083
MSTW,2026-09-08,0.075
MSTW,2026-09-14,0.094
MSTW,2026-09-21,0.043
MSTW,2026-09-28,0.093
MSTX,2024-12-31,144.28
MSTY,2024-04-04,20.645
MSTY,2024-05-06,12.62
MSTY,2024-06-06,15.15
MSTY,2024-07-05,11.66
MSTY,2024-08-07,9.705
MSTY,2024-09-06,9.27
MSTY,2024-10-24,20.99
MSTY,2024-11-21,22.105
MSTY,2024-12-19,15.41
MSTY,2025-01-16,11.395
MSTY,2025-02-13,10.11
MSTY,2025-03-13,6.89
MSTY,2025-04-10,6.68
MSTY,2025-05-08,11.865
MSTY,2025-06-05,7.355
MSTY,2025-07-03,6.19
MSTY,2025-07-31,5.92
MSTY,2025-08-28,5.45
MSTY,2025-09-25,5.055
MSTY,2025-10-16,3.035
MSTY,2025-10-23,1.06
MSTY,2025-10-30,0.96
MSTY,2025-11-06,0.845
MSTY,2025-11-13,0.81
MSTY,2025-11-20,0.74
MSTY,2025-11-28,0.675
MSTY,2025-12-04,0.695
MSTY,2025-12-11,0.586
MSTY,2025-12-18,0.387
MSTY,2025-12-26,0.511
MSTY,2026-01-02,0.409
MSTY,2026-01-08,0.374
MSTY,2026-01-15,0.414
MSTY,2026-01-22,0.43
MSTY,2026-01-29,0.373
MSTY,2026-02-05,0.308
MSTY,2026-02-12,0.298
MSTY,2026-02-19,0.361
MSTY,2026-02-26,0.302
MSTY,2026-03-05,0.35
MSTY,2026-03-12,0.385
MSTY,2026-03-19,0.438
MSTY,2026-03-26,0.345
MSTY,2026-04-02,0.314
MSTY,2026-04-09,0.305
MSTY,2026-04-16,0.304
MSTY,2026-04-23,0.521
MSTY,2026-04-30,0.489
MSTY,2026-05-07,0.555
MSTY,2026-05-14,0.536
MSTY,2026-05-21,0.314
MSTY,2026-05-28,0.298
MSTY,2026-06-04,0.246
MSTY,2026-06-11,0.212
MSTY,2026-06-18,0.229
MSTY,2026-06-25,0.188
MSTY,2026-07-02,0.155
MSTY,2026-07-09,0.206
MSTY,2026-07-16,0.207
MSTY,2026-07-23,0.223
MSTY,2026-07-30,0.222
MSTY,2026-08-06,0.208
MSTY,2026-08-13,0.181
MSTY,2026-08-20,0.162
MSTY,2026-08-27,0.284
MSTY,2026-09-03,0.211
MSTY,2026-09-10,0.312
MSTY,2026-09-17,0.24
MSTY,2026-09-24,0.342
MSTY,2026-10-01,0.311
MTBA,2023-12-26,0.246
MTBA,2024-01-26,0.25
MTBA,2024-02-26,0.25
MTBA,2024-03-25,0.25
MTBA,2024-04-25,0.25
MTBA,2024-05-24,0.25
MTBA,2024-06-25,0.25
MTBA,2024-07-26,0.25
MTBA,2024-08-27,0.25
MTBA,2024-09-25,0.25
MTBA,2024-10-28,0.25
MTBA,2024-11-25,0.25
MTBA,2024-12-23,0.248
MTBA,2025-01-28,0.25
MTBA,2025-02-25,0.25
MTBA,2025-03-26,0.25
MTBA,2025-04-25,0.25
MTBA,2025-05-27,0.25
MTBA,2025-06-25,0.25
MTBA,2025-07-28,0.25
MTBA,2025-08-26,0.25
MTBA,2025-09-25,0.25
MTBA,2025-10-28,0.25
MTBA,2025-11-21,0.25
MTBA,2025-12-23,0.28
MTBA,2026-01-27,0.25
MTBA,2026-02-24,0.25
MTBA,2026-03-26,0.24
MTBA,2026-04-27,0.24
MTBA,2026-05-26,0.24
MTBA,2026-06-25,0.23
MTBA,2026-07-28,0.23
MTBA,2026-08-26,0.23
MTBA,2026-09-25,0.23
MTUM,2023-09-26,0.409
MTUM,2023-12-20,0.359
MTUM,2024-03-21,0.162
MTUM,2024-06-11,0.198
MTUM,2024-09-25,0.44
MTUM,2024-12-17,0.748
MTUM,2025-03-18,0.527
MTUM,2025-06-16,0.471
MTUM,2025-09-16,0.604
MTUM,2025-12-16,0.671
MTUM,2026-03-17,0.221
MTUM,2026-06-15,0.358
MTUM,2026-09-15,0.603
MUB,2023-09-01,0.234
MUB,2023-10-02,0.242
MUB,2023-11-01,0.252
MUB,2023-12-01,0.251
MUB,2023-12-14,0.254
MUB,2024-02-01,0.258
MUB,2024-03-01,0.268
MUB,2024-04-01,0.26
MUB,2024-05-01,0.261
MUB,2024-06-03,0.278
MUB,2024-07-01,0.26
MUB,2024-08-01,0.264
MUB,2024-09-03,0.268
MUB,2024-10-01,0.276
MUB,2024-11-01,0.268
MUB,2024-12-02,0.27
MUB,2024-12-18,0.272
MUB,2025-02-03,0.271
MUB,2025-03-03,0.282
MUB,2025-04-01,0.277
MUB,2025-05-01,0.285
MUB,2025-06-02,0.275
MUB,2025-07-01,0.281
MUB,2025-08-01,0.278
MUB,2025-09-02,0.28
MUB,2025-10-01,0.287
MUB,2025-11-03,0.275
MUB,2025-12-01,0.288
MUB,2025-12-19,0.285
MUB,2026-02-02,0.279
MUB,2026-03-02,0.292
MUB,2026-04-01,0.282
MUB,2026-05-01,0.289
MUB,2026-06-01,0.28
MUB,2026-07-01,0.289
MUB,2026-08-03,0.286
MUB,2026-09-01,0.29
MUB,2026-10-01,0.279
MUD,2024-12-23,13.5
MUD,2025-03-25,22.3
MUD,2025-06-24,20.6
MUD,2025-09-23,7.1
MUD,2025-12-23,3.8
MUD,2026-03-24,0.272
MUD,2026-06-23,0.051
MUD,2026-09-22,0.148
MULL,2025-12-29,0.01388
MUNI,2023-09-01,0.14
MUNI,2023-10-02,0.145
MUNI,2023-11-01,0.13
MUNI,2023-12-01,0.136
MUNI,2023-12-28,0.15
MUNI,2024-02-01,0.143
MUNI,2024-03-01,0.15
MUNI,2024-04-01,0.154
MUNI,2024-05-01,0.155
MUNI,2024-06-03,0.16
MUNI,2024-07-01,0.15
MUNI,2024-08-01,0.15
MUNI,2024-09-03,0.16
MUNI,2024-10-01,0.15
MUNI,2024-11-01,0.15
MUNI,2024-12-02,0.15
MUNI,2024-12-31,0.14
MUNI,2025-02-03,0.14
MUNI,2025-03-03,0.14
MUNI,2025-04-01,0.13
MUNI,2025-05-01,0.14
MUNI,2025-06-02,0.15
MUNI,2025-07-01,0.14
MUNI,2025-08-01,0.14
MUNI,2025-09-02,0.15
MUNI,2025-10-01,0.14
MUNI,2025-11-03,0.16
MUNI,2025-12-01,0.13
MUNI,2025-12-31,0.15
MUNI,2026-02-02,0.14
MUNI,2026-03-02,0.14
MUNI,2026-04-01,0.14
MUNI,2026-05-01,0.14
MUNI,2026-06-01,0.15
MUNI,2026-07-01,0.15
MUNI,2026-08-03,0.15
MUNI,2026-09-01,0.13
MUNY,2025-07-01,0.259
MUNY,2025-08-01,0.213
MUNY,2025-09-02,0.273
MUNY,2025-10-01,0.273
MUNY,2025-11-03,0.286
MUNY,2025-12-01,0.267
MUNY,2025-12-24,0.286
MUNY,2026-02-02,0.254
MUNY,2026-03-02,0.28
MUNY,2026-04-01,0.275
MUNY,2026-05-01,0.278
MUNY,2026-06-01,0.274
MUNY,2026-07-01,0.283
MUNY,2026-08-03,0.279
MUNY,2026-09-01,0.287
MUNY,2026-10-01,0.273
MUST,2023-09-01,0.044
MUST,2023-10-02,0.043
MUST,2023-11-01,0.048
MUST,2023-12-01,0.044
MUST,2023-12-26,0.051
MUST,2024-02-01,0.052
MUST,2024-03-01,0.048
MUST,2024-04-01,0.056
MUST,2024-05-01,0.049
MUST,2024-06-03,0.054
MUST,2024-07-01,0.051
MUST,2024-08-01,0.056
MUST,2024-09-03,0.054
MUST,2024-10-01,0.052
MUST,2024-11-01,0.056
MUST,2024-12-02,0.052
MUST,2024-12-27,0.056
MUST,2025-02-03,0.057
MUST,2025-03-03,0.05
MUST,2025-04-01,0.063
MUST,2025-05-01,0.054
MUST,2025-06-02,0.056
MUST,2025-07-01,0.054
MUST,2025-08-01,0.059
MUST,2025-09-02,0.057
MUST,2025-10-01,0.056
MUST,2025-11-03,0.059
MUST,2025-12-01,0.055
MUST,2025-12-29,0.059
MUST,2026-02-02,0.059
MUST,2026-03-02,0.046
MUST,2026-04-01,0.067
MUST,2026-05-01,0.056
MUST,2026-06-01,0.06
MUST,2026-07-01,0.056
MUST,2026-08-03,0.061
MUST,2026-09-01,0.052
MUU,2024-12-23,0.00235
MUU,2025-03-25,0.0062
MUU,2025-06-24,0.00515
MUU,2025-09-23,0.0032
MUU,2025-12-10,0.1816
MUU,2025-12-23,0.01885
MUU,2026-03-24,0.03385
MUU,2026-06-23,0.10235
MUU,2026-09-22,0.203
MVV,2023-09-20,0.055
MVV,2023-12-20,0.15
MVV,2024-03-20,0.033
MVV,2024-06-26,0.087
MVV,2024-09-25,0.042
MVV,2024-12-23,0.103
MVV,2025-03-26,0.059
MVV,2025-06-25,0.096
MVV,2025-09-24,0.159
MVV,2025-12-24,0.224
MVV,2026-03-25,0.113
MVV,2026-06-24,0.106
MVV,2026-09-23,0.085
MXI,2023-12-20,1.162
MXI,2024-06-11,1.163
MXI,2024-12-17,1.356
MXI,2025-06-16,0.189
MXI,2025-12-16,0.708
MXI,2026-06-15,1.125
MYCH,2024-10-01,0.02
MYCH,2024-11-01,0.086
MYCH,2024-12-02,0.088
MYCH,2024-12-19,0.091
MYCH,2025-02-03,0.089
MYCH,2025-03-03,0.096
MYCH,2025-04-01,0.096
MYCH,2025-05-01,0.096
MYCH,2025-06-02,0.095
MYCH,2025-07-01,0.095
MYCH,2025-08-01,0.096
MYCH,2025-09-02,0.094
MYCH,2025-10-01,0.094
MYCH,2025-11-03,0.093
MYCH,2025-12-01,0.093
MYCH,2025-12-18,0.095
MYCH,2026-02-02,0.091
MYCH,2026-03-02,0.085
MYCH,2026-04-01,0.083
MYCH,2026-05-01,0.085
MYCH,2026-06-01,0.087
MYCH,2026-07-01,0.088
MYCH,2026-08-03,0.089
MYCH,2026-09-01,0.09
MYCH,2026-10-01,0.091
NAIL,2023-09-19,0.036
NAIL,2023-12-21,0.036
NAIL,2024-03-19,0.168
NAIL,2024-06-25,0.042
NAIL,2024-09-24,0.263
NAIL,2024-12-23,0.056
NAIL,2025-03-25,0.448
NAIL,2025-06-24,0.186
NAIL,2025-09-23,0.083
NAIL,2025-12-23,0.054
NAIL,2026-03-24,0.068
NAIL,2026-06-23,0.101
NAIL,2026-09-22,0.116
NANR,2023-12-15,0.717
NANR,2024-06-03,0.478
NANR,2024-12-18,0.646
NANR,2025-06-02,0.503
NANR,2025-12-18,0.7
NANR,2026-06-01,0.713
NBCM,2023-12-19,0.904
NBCM,2024-12-18,1.092
NBCM,2025-12-19,1.913
NBCR,2024-12-18,0.126
NBCR,2025-12-18,0.143
NBOS,2024-03-21,0.293
NBOS,2024-05-01,0.185
NBOS,2024-06-03,0.188
NBOS,2024-07-01,0.186
NBOS,2024-08-01,0.191
NBOS,2024-09-03,0.181
NBOS,2024-10-01,0.177
NBOS,2024-11-01,0.173
NBOS,2024-12-02,0.174
NBOS,2024-12-18,0.18
NBOS,2025-01-28,0.179
NBOS,2025-02-25,0.178
NBOS,2025-03-26,0.173
NBOS,2025-04-25,0.165
NBOS,2025-05-27,0.165
NBOS,2025-06-25,0.171
NBOS,2025-07-28,0.168
NBOS,2025-08-26,0.173
NBOS,2025-09-25,0.165
NBOS,2025-10-28,0.171
NBOS,2025-11-24,0.171
NBOS,2025-12-18,0.252
NBOS,2026-01-27,0.2
NBOS,2026-02-24,0.186
NBOS,2026-03-26,0.19
NBOS,2026-04-27,0.183
NBOS,2026-05-26,0.194
NBOS,2026-06-25,0.196
NBOS,2026-07-28,0.186
NBOS,2026-08-26,0.186
NBOS,2026-09-25,0.187
NBSD,2024-08-01,0.332
NBSD,2024-09-03,0.253
NBSD,2024-10-01,0.227
NBSD,2024-11-01,0.24
NBSD,2024-12-02,0.238
NBSD,2024-12-18,0.215
NBSD,2025-01-28,0.241
NBSD,2025-02-25,0.204
NBSD,2025-03-26,0.239
NBSD,2025-04-25,0.222
NBSD,2025-05-27,0.212
NBSD,2025-06-25,0.215
NBSD,2025-07-28,0.227
NBSD,2025-08-26,0.214
NBSD,2025-09-25,0.205
NBSD,2025-10-28,0.205
NBSD,2025-11-24,0.201
NBSD,2025-12-18,0.205
NBSD,2026-01-27,0.198
NBSD,2026-02-24,0.17
NBSD,2026-03-26,0.213
NBSD,2026-04-27,0.191
NBSD,2026-05-26,0.194
NBSD,2026-06-25,0.197
NBSD,2026-07-28,0.206
NBSD,2026-08-26,0.205
NBSD,2026-09-25,0.196
NCLO,2024-12-18,0.089
NCLO,2025-02-03,0.124
NCLO,2025-03-03,0.115
NCLO,2025-04-01,0.134
NCLO,2025-05-01,0.119
NCLO,2025-06-02,0.135
NCLO,2025-07-01,0.121
NCLO,2025-08-01,0.129
NCLO,2025-09-02,0.155
NCLO,2025-10-01,0.104
NCLO,2025-11-03,0.124
NCLO,2025-12-01,0.118
NCLO,2025-12-18,0.149
NCLO,2026-02-02,0.103
NCLO,2026-03-02,0.104
NCLO,2026-04-01,0.107
NCLO,2026-05-01,0.12
NCLO,2026-06-01,0.111
NCLO,2026-07-01,0.123
NCLO,2026-08-03,0.118
NCLO,2026-09-01,0.111
NCLO,2026-10-01,0.119
NEAR,2023-09-01,0.194
NEAR,2023-10-02,0.198
NEAR,2023-11-01,0.208
NEAR,2023-12-01,0.235
NEAR,2023-12-14,0.318
NEAR,2024-02-01,0.211
NEAR,2024-03-01,0.195
NEAR,2024-04-01,0.199
NEAR,2024-05-01,0.2
NEAR,2024-06-03,0.204
NEAR,2024-07-01,0.213
NEAR,2024-08-01,0.226
NEAR,2024-09-03,0.21
NEAR,2024-10-01,0.207
NEAR,2024-11-01,0.192
NEAR,2024-12-02,0.181
NEAR,2024-12-18,0.289
NEAR,2025-02-03,0.195
NEAR,2025-03-03,0.18
NEAR,2025-04-01,0.196
NEAR,2025-05-01,0.193
NEAR,2025-06-02,0.201
NEAR,2025-07-01,0.185
NEAR,2025-08-01,0.182
NEAR,2025-09-02,0.182
NEAR,2025-10-01,0.176
NEAR,2025-11-03,0.177
NEAR,2025-12-01,0.176
NEAR,2025-12-19,0.276
NEAR,2026-02-02,0.178
NEAR,2026-03-02,0.17
NEAR,2026-04-01,0.182
NEAR,2026-05-01,0.182
NEAR,2026-06-01,0.178
NEAR,2026-07-01,0.177
NEAR,2026-08-03,0.184
NEAR,2026-09-01,0.18
NEAR,2026-10-01,0.184
NEHI,2025-12-24,1.41
NEHI,2026-01-21,1.506
NEHI,2026-02-18,0.914
NEHI,2026-03-18,0.978
NEHI,2026-04-22,0.979
NEHI,2026-05-20,0.887
NEHI,2026-06-16,0.689
NEHI,2026-07-22,0.739
NEHI,2026-08-19,0.718
NEHI,2026-09-16,0.872
NFLT,2023-09-20,0.111
NFLT,2023-10-20,0.114
NFLT,2023-11-20,0.151
NFLT,2023-12-20,0.147
NFLT,2024-01-22,0.083
NFLT,2024-02-21,0.109
NFLT,2024-03-20,0.089
NFLT,2024-04-22,0.116
NFLT,2024-05-20,0.103
NFLT,2024-06-20,0.113
NFLT,2024-07-22,0.11
NFLT,2024-08-20,0.108
NFLT,2024-09-20,0.108
NFLT,2024-10-21,0.096
NFLT,2024-11-20,0.111
NFLT,2024-12-20,0.149
NFLT,2025-01-21,0.066
NFLT,2025-02-20,0.114
NFLT,2025-03-20,0.105
NFLT,2025-04-21,0.117
NFLT,2025-05-20,0.11
NFLT,2025-06-20,0.108
NFLT,2025-07-21,0.105
NFLT,2025-08-20,0.11
NFLT,2025-09-22,0.106
NFLT,2025-10-20,0.104
NFLT,2025-11-20,0.129
NFLT,2025-12-22,0.148
NFLT,2026-01-20,0.061
NFLT,2026-02-20,0.1
NFLT,2026-03-20,0.09
NFLT,2026-04-20,0.102
NFLT,2026-05-20,0.097
NFLT,2026-06-22,0.106
NFLT,2026-07-20,0.093
NFLT,2026-08-20,0.093
NFLT,2026-09-21,0.102
NFLU,2026-08-25,0.004
NFRA,2023-09-15,0.32
NFRA,2023-12-15,0.375
NFRA,2024-03-15,0.132
NFRA,2024-06-21,0.549
NFRA,2024-09-20,0.349
NFRA,2024-12-20,0.775
NFRA,2025-03-21,0.144
NFRA,2025-06-20,0.537
NFRA,2025-09-19,0.327
NFRA,2025-12-19,2.62
NFRA,2026-03-20,0.157
NFRA,2026-06-18,0.598
NFRA,2026-09-18,0.327
NFXL,2024-12-12,0.06
NFXL,2024-12-23,0.159
NFXL,2025-03-25,0.203
NFXL,2025-06-24,0.352
NFXL,2025-09-23,0.356
NFXL,2025-12-10,1.36
NFXL,2025-12-23,0.17
NFXL,2026-03-24,0.19
NFXL,2026-06-23,0.084
NFXL,2026-09-22,0.119
NHYB,2025-11-03,0.031
NHYB,2025-12-01,0.107
NHYB,2025-12-18,0.182
NHYB,2026-02-02,0.15
NHYB,2026-03-02,0.14
NHYB,2026-04-01,0.149
NHYB,2026-05-01,0.15
NHYB,2026-06-01,0.141
NHYB,2026-07-01,0.138
NHYB,2026-08-03,0.148
NHYB,2026-09-01,0.147
NHYB,2026-10-01,0.135
NHYM,2025-03-03,0.06
NHYM,2025-04-01,0.077
NHYM,2025-05-01,0.078
NHYM,2025-06-02,0.099
NHYM,2025-07-01,0.09
NHYM,2025-08-01,0.099
NHYM,2025-09-02,0.099
NHYM,2025-10-01,0.104
NHYM,2025-11-03,0.098
NHYM,2025-12-01,0.094
NHYM,2025-12-18,0.11
NHYM,2026-02-02,0.083
NHYM,2026-03-02,0.086
NHYM,2026-04-01,0.095
NHYM,2026-05-01,0.084
NHYM,2026-06-01,0.093
NHYM,2026-07-01,0.09
NHYM,2026-08-03,0.101
NHYM,2026-09-01,0.094
NHYM,2026-10-01,0.091
NIHI,2025-09-24,0.38
NIHI,2025-10-22,0.403
NIHI,2025-11-26,0.404
NIHI,2025-12-24,0.561
NIHI,2026-01-21,0.572
NIHI,2026-02-18,0.44
NIHI,2026-03-18,0.412
NIHI,2026-04-22,0.428
NIHI,2026-05-20,0.424
NIHI,2026-06-16,0.413
NIHI,2026-07-22,0.425
NIHI,2026-08-19,0.426
NIHI,2026-09-16,0.417
NLR,2023-12-18,3.258
NLR,2024-12-23,0.614
NLR,2025-12-22,3.166
NOBL,2023-09-20,0.2605
NOBL,2023-12-20,0.328
NOBL,2024-03-20,0.193
NOBL,2024-06-26,0.275
NOBL,2024-09-25,0.261
NOBL,2024-12-23,0.293
NOBL,2025-03-26,0.2325
NOBL,2025-06-25,0.275
NOBL,2025-09-24,0.2745
NOBL,2025-12-24,0.3305
NOBL,2026-03-25,0.256
NOBL,2026-06-24,0.304
NOBL,2026-09-23,0.283
NPFI,2024-04-01,0.084
NPFI,2024-05-01,0.127
NPFI,2024-06-03,0.133
NPFI,2024-07-01,0.119
NPFI,2024-08-01,0.125
NPFI,2024-09-03,0.108
NPFI,2024-10-01,0.085
NPFI,2024-11-01,0.118
NPFI,2024-12-02,0.118
NPFI,2024-12-18,0.208
NPFI,2025-02-03,0.102
NPFI,2025-03-03,0.121
NPFI,2025-04-01,0.139
NPFI,2025-05-01,0.126
NPFI,2025-06-02,0.135
NPFI,2025-07-01,0.122
NPFI,2025-08-01,0.141
NPFI,2025-09-02,0.135
NPFI,2025-10-01,0.132
NPFI,2025-11-03,0.13
NPFI,2025-12-01,0.132
NPFI,2025-12-18,0.243
NPFI,2026-02-02,0.127
NPFI,2026-03-02,0.117
NPFI,2026-04-01,0.129
NPFI,2026-05-01,0.135
NPFI,2026-06-01,0.122
NPFI,2026-07-01,0.136
NPFI,2026-08-03,0.135
NPFI,2026-09-01,0.14
NPFI,2026-10-01,0.144
NSCI,2025-11-03,0.075
NSCI,2025-12-01,0.08
NSCI,2025-12-18,0.121
NSCI,2026-02-02,0.093
NSCI,2026-03-02,0.095
NSCI,2026-04-01,0.103
NSCI,2026-05-01,0.098
NSCI,2026-06-01,0.102
NSCI,2026-07-01,0.102
NSCI,2026-08-03,0.1
NSCI,2026-09-01,0.107
NSCI,2026-10-01,0.1
NTSX,2023-09-25,0.125
NTSX,2023-12-22,0.14
NTSX,2024-03-22,0.105
NTSX,2024-06-25,0.125
NTSX,2024-09-25,0.13
NTSX,2024-12-26,0.174
NTSX,2025-03-26,0.13
NTSX,2025-06-25,0.155
NTSX,2025-09-25,0.17
NTSX,2025-12-26,0.168
NTSX,2026-03-26,0.145
NTSX,2026-06-25,0.16
NTSX,2026-09-25,0.155
NUBD,2023-09-01,0.063
NUBD,2023-10-02,0.056
NUBD,2023-11-01,0.058
NUBD,2023-12-01,0.063
NUBD,2023-12-14,0.056
NUBD,2024-02-01,0.059
NUBD,2024-03-01,0.059
NUBD,2024-04-01,0.061
NUBD,2024-05-01,0.064
NUBD,2024-06-03,0.071
NUBD,2024-07-01,0.063
NUBD,2024-08-01,0.065
NUBD,2024-09-03,0.068
NUBD,2024-10-01,0.068
NUBD,2024-11-01,0.073
NUBD,2024-12-02,0.065
NUBD,2024-12-18,0.049
NUBD,2025-02-03,0.072
NUBD,2025-03-03,0.065
NUBD,2025-04-01,0.077
NUBD,2025-05-01,0.07
NUBD,2025-06-02,0.075
NUBD,2025-07-01,0.067
NUBD,2025-08-01,0.075
NUBD,2025-09-02,0.072
NUBD,2025-10-01,0.076
NUBD,2025-11-03,0.07
NUBD,2025-12-01,0.073
NUBD,2025-12-18,0.081
NUBD,2026-02-02,0.069
NUBD,2026-03-02,0.068
NUBD,2026-04-01,0.073
NUBD,2026-05-01,0.08
NUBD,2026-06-01,0.076
NUBD,2026-07-01,0.074
NUBD,2026-08-03,0.078
NUBD,2026-09-01,0.072
NUBD,2026-10-01,0.076
NUDM,2023-12-14,0.924
NUDM,2024-12-18,1.0
NUDM,2025-12-18,2.702
NUEM,2023-12-14,0.64
NUEM,2024-12-18,0.567
NUEM,2025-12-18,1.274
NUGO,2023-12-14,0.035
NUGO,2023-12-28,0.013
NUGT,2023-09-19,0.11
NUGT,2023-12-21,0.329
NUGT,2024-03-19,0.198
NUGT,2024-06-25,0.12
NUGT,2024-09-24,0.066
NUGT,2024-12-23,0.246
NUGT,2025-03-25,0.148
NUGT,2025-06-24,0.039
NUGT,2025-12-23,0.216
NUGT,2026-03-24,0.301
NUGT,2026-06-23,0.2
NUGT,2026-09-22,0.396
NUKZ,2024-12-30,0.037
NUKZ,2025-12-30,0.578
NULG,2023-12-14,0.255
NULG,2023-12-28,0.042
NULG,2024-12-18,0.136
NULG,2025-12-18,0.111
NULV,2023-12-14,0.916
NULV,2024-12-18,0.823
NULV,2025-12-18,0.737
NUMI,2025-03-03,0.053
NUMI,2025-04-01,0.08
NUMI,2025-05-01,0.078
NUMI,2025-06-02,0.075
NUMI,2025-07-01,0.076
NUMI,2025-08-01,0.09
NUMI,2025-09-02,0.087
NUMI,2025-10-01,0.092
NUMI,2025-11-03,0.078
NUMI,2025-12-01,0.072
NUMI,2025-12-18,0.083
NUMI,2026-02-02,0.065
NUMI,2026-03-02,0.065
NUMI,2026-04-01,0.071
NUMI,2026-05-01,0.07
NUMI,2026-06-01,0.071
NUMI,2026-07-01,0.068
NUMI,2026-08-03,0.074
NUMI,2026-09-01,0.068
NUMI,2026-10-01,0.069
NUSC,2023-12-14,0.434
NUSC,2024-12-18,0.48
NUSC,2025-12-18,0.467
NVD,2023-12-27,75.125
NVD,2024-12-27,2.608
NVD,2025-12-29,0.846
NVDD,2023-12-08,0.31
NVDD,2023-12-21,2.61
NVDD,2024-03-19,1.2
NVDD,2024-06-25,0.47
NVDD,2024-09-24,0.73
NVDD,2024-12-23,0.79
NVDD,2025-03-25,0.5
NVDD,2025-06-24,0.41
NVDD,2025-09-23,0.36
NVDD,2025-12-23,0.338
NVDD,2026-03-24,0.258
NVDD,2026-06-23,0.276
NVDD,2026-09-22,0.488
NVDG,2025-12-30,1.99
NVDL,2023-12-27,0.561722
NVDQ,2023-12-26,130.44
NVDQ,2024-12-24,3.04
NVDQ,2025-12-24,0.044
NVDS,2023-12-26,64.08
NVDS,2024-12-23,10.758
NVDS,2025-12-23,3.975
NVDU,2023-12-21,0.177
NVDU,2024-03-19,0.261
NVDU,2024-06-25,0.485
NVDU,2024-09-24,0.497
NVDU,2024-12-12,13.88
NVDU,2024-12-23,0.65
NVDU,2025-03-25,0.42
NVDU,2025-06-24,0.607
NVDU,2025-09-23,0.497
NVDU,2025-12-10,4.439
NVDU,2025-12-23,0.72
NVDU,2026-03-24,0.525
NVDU,2026-06-23,0.694
NVDU,2026-09-22,0.698
NVDW,2025-03-03,0.375
NVDW,2025-03-10,0.264
NVDW,2025-03-17,0.198
NVDW,2025-03-24,0.553
NVDW,2025-03-31,0.295
NVDW,2025-04-07,0.224
NVDW,2025-04-14,0.155
NVDW,2025-04-21,0.508
NVDW,2025-04-28,0.195
NVDW,2025-05-05,0.428
NVDW,2025-05-12,0.377
NVDW,2025-05-19,0.359
NVDW,2025-05-27,0.493
NVDW,2025-06-02,0.305
NVDW,2025-06-09,0.398
NVDW,2025-06-16,0.451
NVDW,2025-06-23,0.363
NVDW,2025-06-30,0.451
NVDW,2025-07-07,0.512
NVDW,2025-07-14,0.473
NVDW,2025-07-21,0.503
NVDW,2025-07-28,0.786
NVDW,2025-08-04,0.451
NVDW,2025-08-11,0.955
NVDW,2025-08-18,1.083
NVDW,2025-08-25,0.452
NVDW,2025-09-02,0.438
NVDW,2025-09-08,0.384
NVDW,2025-09-15,0.306
NVDW,2025-09-22,0.458
NVDW,2025-09-29,0.608
NVDW,2025-10-06,1.13
NVDW,2025-10-14,0.764
NVDW,2025-10-20,0.656
NVDW,2025-10-27,0.473
NVDW,2025-11-03,0.487
NVDW,2025-11-10,0.577
NVDW,2025-11-17,0.343
NVDW,2025-11-24,0.518
NVDW,2025-12-01,0.341
NVDW,2025-12-08,0.389
NVDW,2025-12-15,0.471
NVDW,2025-12-22,0.32
NVDW,2025-12-29,0.444
NVDW,2026-01-05,0.469
NVDW,2026-01-12,0.333
NVDW,2026-01-20,0.283
NVDW,2026-01-26,0.34
NVDW,2026-02-02,0.35
NVDW,2026-02-09,0.385
NVDW,2026-02-17,0.291
NVDW,2026-02-23,0.315
NVDW,2026-03-02,0.425
NVDW,2026-03-09,0.196
NVDW,2026-03-16,0.338
NVDW,2026-03-23,0.335
NVDW,2026-03-30,0.213
NVDW,2026-04-06,0.227
NVDW,2026-04-13,0.363
NVDW,2026-04-20,0.369
NVDW,2026-04-27,0.384
NVDW,2026-05-04,0.38
NVDW,2026-05-11,0.209
NVDW,2026-05-18,0.452
NVDW,2026-05-26,0.482
NVDW,2026-06-01,0.224
NVDW,2026-06-08,0.265
NVDW,2026-06-15,0.268
NVDW,2026-06-22,0.308
NVDW,2026-06-29,0.361
NVDW,2026-07-06,0.126
NVDW,2026-07-13,0.293
NVDW,2026-07-20,0.399
NVDW,2026-07-27,0.227
NVDW,2026-08-03,0.331
NVDW,2026-08-10,0.23
NVDW,2026-08-17,0.399
NVDW,2026-08-24,0.302
NVDW,2026-08-31,0.19
NVDW,2026-09-08,0.284
NVDW,2026-09-14,0.38
NVDW,2026-09-21,0.161
NVDW,2026-09-28,0.281
NVDX,2024-12-24,2.168
NVDX,2025-12-24,0.573
NVDY,2023-09-08,0.93
NVDY,2023-10-06,0.677
NVDY,2023-11-08,0.415
NVDY,2023-12-07,0.507
NVDY,2024-01-05,0.626
NVDY,2024-02-07,1.53
NVDY,2024-03-06,2.622
NVDY,2024-04-04,2.608
NVDY,2024-05-06,1.199
NVDY,2024-06-06,2.563
NVDY,2024-07-05,2.471
NVDY,2024-08-07,1.251
NVDY,2024-09-06,1.355
NVDY,2024-10-10,1.1
NVDY,2024-11-07,1.023
NVDY,2024-12-05,1.185
NVDY,2025-01-03,0.898
NVDY,2025-01-30,0.829
NVDY,2025-02-27,1.612
NVDY,2025-03-27,0.787
NVDY,2025-04-24,0.673
NVDY,2025-05-22,1.628
NVDY,2025-06-20,0.672
NVDY,2025-07-17,1.029
NVDY,2025-08-14,0.84
NVDY,2025-09-11,0.643
NVDY,2025-10-09,0.795
NVDY,2025-10-16,0.109
NVDY,2025-10-23,0.121
NVDY,2025-10-30,0.182
NVDY,2025-11-06,0.319
NVDY,2025-11-13,0.144
NVDY,2025-11-20,0.15
NVDY,2025-11-28,0.163
NVDY,2025-12-04,0.165
NVDY,2025-12-11,0.149
NVDY,2025-12-18,0.117
NVDY,2025-12-26,0.116
NVDY,2026-01-02,0.144
NVDY,2026-01-08,0.105
NVDY,2026-01-15,0.095
NVDY,2026-01-22,0.085
NVDY,2026-01-29,0.108
NVDY,2026-02-05,0.094
NVDY,2026-02-12,0.106
NVDY,2026-02-19,0.094
NVDY,2026-02-26,0.115
NVDY,2026-03-05,0.116
NVDY,2026-03-12,0.12
NVDY,2026-03-19,0.133
NVDY,2026-03-26,0.12
NVDY,2026-04-02,0.115
NVDY,2026-04-09,0.111
NVDY,2026-04-16,0.116
NVDY,2026-04-23,0.14
NVDY,2026-04-30,0.207
NVDY,2026-05-07,0.128
NVDY,2026-05-14,0.151
NVDY,2026-05-21,0.135
NVDY,2026-05-28,0.125
NVDY,2026-06-04,0.131
NVDY,2026-06-11,0.119
NVDY,2026-06-18,0.122
NVDY,2026-06-25,0.101
NVDY,2026-07-02,0.098
NVDY,2026-07-09,0.097
NVDY,2026-07-16,0.096
NVDY,2026-07-23,0.094
NVDY,2026-07-30,0.119
NVDY,2026-08-06,0.097
NVDY,2026-08-13,0.099
NVDY,2026-08-20,0.12
NVDY,2026-08-27,0.093
NVDY,2026-09-03,0.096
NVDY,2026-09-10,0.101
NVDY,2026-09-17,0.089
NVDY,2026-09-24,0.1
NVDY,2026-10-01,0.087
NVII,2025-06-10,0.264
NVII,2025-06-17,0.105
NVII,2025-06-24,0.202
NVII,2025-07-01,0.156
NVII,2025-07-08,0.174
NVII,2025-07-15,0.154
NVII,2025-07-22,0.247
NVII,2025-07-29,0.228
NVII,2025-08-05,0.293
NVII,2025-08-12,0.214
NVII,2025-08-19,0.219
NVII,2025-08-26,0.215
NVII,2025-09-03,0.551
NVII,2025-09-09,0.239
NVII,2025-09-16,0.202
NVII,2025-09-23,0.213
NVII,2025-09-30,0.458
NVII,2025-10-07,0.236
NVII,2025-10-14,0.265
NVII,2025-10-21,0.271
NVII,2025-10-28,0.271
NVII,2025-11-04,0.286
NVII,2025-11-12,0.308
NVII,2025-11-18,0.334
NVII,2025-11-25,0.584
NVII,2025-12-02,0.399
NVII,2025-12-09,0.268
NVII,2025-12-16,0.262
NVII,2025-12-23,0.232
NVII,2025-12-30,0.172
NVII,2026-01-06,0.15
NVII,2026-01-13,0.204
NVII,2026-01-21,0.208
NVII,2026-01-27,0.175
NVII,2026-02-03,0.232
NVII,2026-02-10,0.242
NVII,2026-02-18,0.314
NVII,2026-02-24,0.241
NVII,2026-03-03,0.424
NVII,2026-03-10,0.27
NVII,2026-03-17,0.27
NVII,2026-03-24,0.27
NVII,2026-03-31,0.182
NVII,2026-04-07,0.191
NVII,2026-04-14,0.18
NVII,2026-04-21,0.143
NVII,2026-04-28,0.18
NVII,2026-05-05,0.218
NVII,2026-05-12,0.239
NVII,2026-05-19,0.26
NVII,2026-05-27,0.598
NVII,2026-06-02,0.256
NVII,2026-06-09,0.238
NVII,2026-06-16,0.271
NVII,2026-06-23,0.222
NVII,2026-06-30,0.21
NVII,2026-07-07,0.186
NVII,2026-07-14,0.19
NVII,2026-07-21,0.21
NVII,2026-07-28,0.229
NVII,2026-08-04,0.238
NVII,2026-08-11,0.225
NVII,2026-08-18,0.199
NVII,2026-08-25,0.168
NVII,2026-09-01,0.349
NVII,2026-09-09,0.203
NVII,2026-09-15,0.153
NVII,2026-09-22,0.19
NVII,2026-09-29,0.131
NVTX,2025-12-17,3.515
NXTI,2024-06-25,0.05
NXTI,2024-09-25,0.05
NXTI,2024-12-23,0.938
NXTI,2025-03-26,0.05
NXTI,2025-06-25,0.06
NXTI,2025-09-25,0.05
NXTI,2025-12-23,0.043
NXTI,2026-03-26,0.05
NXTI,2026-06-25,0.05
NXTI,2026-09-25,0.1
NXUS,2025-11-03,0.016
NXUS,2025-12-01,0.022
NXUS,2025-12-18,0.061
NXUS,2026-02-02,0.054
NXUS,2026-03-02,0.062
NXUS,2026-04-01,0.061
NXUS,2026-05-01,0.074
NXUS,2026-06-01,0.065
NXUS,2026-07-01,0.07
NXUS,2026-08-03,0.07
NXUS,2026-09-01,0.07
NXUS,2026-10-01,0.069
NYF,2023-09-01,0.105
NYF,2023-10-02,0.104
NYF,2023-11-01,0.116
NYF,2023-12-01,0.117
NYF,2023-12-14,0.12
NYF,2024-02-01,0.113
NYF,2024-03-01,0.123
NYF,2024-04-01,0.118
NYF,2024-05-01,0.12
NYF,2024-06-03,0.126
NYF,2024-07-01,0.124
NYF,2024-08-01,0.124
NYF,2024-09-03,0.124
NYF,2024-10-01,0.126
NYF,2024-11-01,0.123
NYF,2024-12-02,0.128
NYF,2024-12-18,0.127
NYF,2025-02-03,0.122
NYF,2025-03-03,0.132
NYF,2025-04-01,0.126
NYF,2025-05-01,0.132
NYF,2025-06-02,0.129
NYF,2025-07-01,0.133
NYF,2025-08-01,0.132
NYF,2025-09-02,0.138
NYF,2025-10-01,0.139
NYF,2025-11-03,0.137
NYF,2025-12-01,0.141
NYF,2025-12-19,0.139
NYF,2026-02-02,0.135
NYF,2026-03-02,0.141
NYF,2026-04-01,0.139
NYF,2026-05-01,0.143
NYF,2026-06-01,0.139
NYF,2026-07-01,0.141
NYF,2026-08-03,0.141
NYF,2026-09-01,0.142
NYF,2026-10-01,0.139
NYM,2025-12-01,0.047
NYM,2025-12-31,0.074
NYM,2026-02-02,0.062
NYM,2026-03-02,0.064
NYM,2026-04-01,0.063
NYM,2026-05-01,0.064
NYM,2026-06-01,0.061
NYM,2026-07-01,0.061
NYM,2026-08-03,0.062
NYM,2026-09-01,0.058
OACP,2023-09-28,0.079
OACP,2023-10-30,0.09
OACP,2023-11-29,0.074
OACP,2023-12-28,0.072
OACP,2024-01-30,0.081
OACP,2024-02-27,0.073
OACP,2024-03-27,0.079
OACP,2024-04-29,0.091
OACP,2024-05-30,0.084
OACP,2024-06-27,0.09
OACP,2024-07-30,0.086
OACP,2024-08-29,0.096
OACP,2024-09-27,0.081
OACP,2024-10-30,0.081
OACP,2024-11-27,0.083
OACP,2024-12-30,0.09
OACP,2025-01-30,0.089
OACP,2025-02-27,0.083
OACP,2025-03-28,0.083
OACP,2025-04-29,0.089
OACP,2025-05-29,0.082
OACP,2025-06-27,0.086
OACP,2025-07-30,0.084
OACP,2025-08-28,0.089
OACP,2025-09-29,0.085
OACP,2025-10-30,0.086
OACP,2025-11-26,0.071
OACP,2025-12-30,0.102
OACP,2026-01-29,0.075
OACP,2026-02-26,0.076
OACP,2026-03-30,0.078
OACP,2026-04-29,0.08
OACP,2026-05-28,0.081
OACP,2026-06-29,0.08
OACP,2026-07-30,0.088
OACP,2026-08-28,0.077
OAEM,2023-12-28,0.478
OAEM,2024-12-30,0.266
OAEM,2025-12-30,0.283
OAIM,2023-12-28,0.591
OAIM,2024-12-30,0.77
OAIM,2025-12-30,0.407
OAKM,2024-12-30,0.01
OAKM,2025-12-10,0.19
OBIL,2023-09-01,0.215
OBIL,2023-10-02,0.219
OBIL,2023-11-01,0.219
OBIL,2023-12-01,0.218
OBIL,2023-12-27,0.207
OBIL,2024-02-01,0.198
OBIL,2024-03-01,0.196
OBIL,2024-04-01,0.201
OBIL,2024-05-01,0.204
OBIL,2024-06-03,0.207
OBIL,2024-07-01,0.206
OBIL,2024-08-01,0.204
OBIL,2024-09-03,0.186
OBIL,2024-10-01,0.172
OBIL,2024-11-01,0.161
OBIL,2024-12-02,0.173
OBIL,2024-12-30,0.175
OBIL,2025-02-03,0.17
OBIL,2025-03-03,0.17
OBIL,2025-04-01,0.168
OBIL,2025-05-01,0.162
OBIL,2025-06-02,0.163
OBIL,2025-07-01,0.18
OBIL,2025-08-01,0.164
OBIL,2025-09-02,0.157
OBIL,2025-10-01,0.15
OBIL,2025-11-03,0.145
OBIL,2025-12-02,0.148
OBIL,2025-12-30,0.148
OBIL,2026-01-29,0.15
OBIL,2026-02-26,0.145
OBIL,2026-03-30,0.143
OBIL,2026-04-28,0.147
OBIL,2026-05-28,0.149
OBIL,2026-06-29,0.155
OBIL,2026-07-28,0.165
OBIL,2026-08-27,0.162
OBIL,2026-09-28,0.172
OEF,2023-09-26,0.736
OEF,2023-12-20,0.667
OEF,2024-03-21,0.744
OEF,2024-06-11,0.629
OEF,2024-09-25,0.833
OEF,2024-12-17,0.763
OEF,2025-03-18,0.577
OEF,2025-06-16,0.638
OEF,2025-09-16,0.72
OEF,2025-12-16,0.845
OEF,2026-03-17,0.924
OEF,2026-06-15,0.731
OEF,2026-09-15,0.763
OIH,2023-12-18,4.224
OIH,2024-12-23,5.439
OIH,2025-12-22,4.869
OILK,2023-09-01,0.125
OILK,2023-10-02,1.019
OILK,2023-11-01,0.481
OILK,2023-12-01,0.202
OILK,2024-02-01,0.218
OILK,2024-05-01,0.257
OILK,2024-07-01,0.228
OILK,2024-09-03,0.117
OILK,2024-10-01,0.142
OILK,2024-11-01,0.118
OILK,2024-12-02,0.099
OILK,2024-12-23,0.195
OILK,2025-02-03,0.314
OILK,2025-03-03,0.322
OILK,2025-04-01,0.095
OILK,2025-05-01,0.098
OILK,2025-06-02,0.085
OILK,2025-07-01,0.392
OILK,2025-08-01,0.106
OILK,2025-09-02,0.097
OILK,2025-10-01,0.11
OILK,2025-11-03,0.083
OILK,2025-12-24,0.082
OILK,2026-02-02,0.034
OILK,2026-03-02,0.265
OILK,2026-04-01,0.873
OILK,2026-05-01,1.186
OILK,2026-06-01,1.441
OILK,2026-07-01,0.241
OILK,2026-08-03,1.315
OILK,2026-09-01,1.445
OILK,2026-10-01,2.573
OMAH,2025-03-27,0.25
OMAH,2025-04-28,0.239
OMAH,2025-05-27,0.24
OMAH,2025-06-23,0.238
OMAH,2025-07-28,0.246
OMAH,2025-08-25,0.243
OMAH,2025-09-29,0.242
OMAH,2025-10-27,0.241
OMAH,2025-11-24,0.234
OMAH,2025-12-29,0.238
OMAH,2026-01-26,0.232
OMAH,2026-02-23,0.231
OMAH,2026-03-30,0.227
OMAH,2026-04-27,0.232
OMAH,2026-05-26,0.238
OMAH,2026-06-29,0.231
OMAH,2026-07-27,0.233
OMAH,2026-08-24,0.23
OMFL,2023-09-18,0.206
OMFL,2023-12-18,0.118
OMFL,2024-03-18,0.246
OMFL,2024-06-24,0.232
OMFL,2024-09-23,0.108
OMFL,2024-12-23,0.077
OMFL,2025-03-24,0.117
OMFL,2025-06-23,0.107
OMFL,2025-09-22,0.108
OMFL,2025-12-22,0.156
OMFL,2026-03-23,0.146
OMFL,2026-06-22,0.148
OMFL,2026-09-21,0.136
ONEQ,2023-09-15,0.1
ONEQ,2023-12-15,0.112
ONEQ,2023-12-28,0.016
ONEQ,2024-03-15,0.112
ONEQ,2024-06-21,0.105
ONEQ,2024-09-20,0.113
ONEQ,2024-12-20,0.168
ONEQ,2025-03-21,0.091
ONEQ,2025-06-20,0.118
ONEQ,2025-09-19,0.137
ONEQ,2025-12-19,0.147
ONEQ,2026-03-20,0.111
ONEQ,2026-06-18,0.143
ONEQ,2026-09-18,0.112
ONEY,2023-09-18,0.821
ONEY,2023-12-18,0.819
ONEY,2024-03-18,0.775
ONEY,2024-06-24,0.91
ONEY,2024-09-23,0.915
ONEY,2024-12-23,0.862
ONEY,2025-03-24,0.773
ONEY,2025-06-23,0.923
ONEY,2025-09-22,0.912
ONEY,2025-12-22,0.972
ONEY,2026-03-23,0.817
ONEY,2026-06-22,0.973
ONEY,2026-09-21,1.052
OPPE,2023-09-25,0.165
OPPE,2023-12-22,0.17
OPPE,2024-03-22,0.035
OPPE,2024-06-25,1.015
OPPE,2024-09-25,0.165
OPPE,2024-12-26,0.308
OPPE,2025-03-26,0.025
OPPE,2025-06-25,1.23
OPPE,2025-09-25,0.14
OPPE,2025-12-26,0.119
OPPE,2026-03-26,0.085
OPPE,2026-06-25,1.18
OPPE,2026-09-25,0.265
OPPJ,2023-12-22,0.34
OPPJ,2024-03-22,0.25
OPPJ,2024-06-25,0.099
OPPJ,2024-09-25,0.015
OPPJ,2024-12-26,1.025
OPPJ,2025-06-25,0.575
OPPJ,2025-09-25,0.01
OPPJ,2025-12-26,0.24
OPPJ,2026-03-26,0.055
OPPJ,2026-06-25,0.34
ORCS,2025-12-23,0.072
ORCS,2026-03-24,0.161
ORCS,2026-06-23,0.155
ORCS,2026-09-22,0.221
ORCU,2025-12-23,0.031
ORCU,2026-03-24,0.065
ORCU,2026-06-23,0.063
ORCU,2026-09-22,0.035
OSCV,2023-09-27,0.139
OSCV,2023-12-27,0.159
OSCV,2024-03-26,0.107
OSCV,2024-06-27,0.119
OSCV,2024-09-27,0.121
OSCV,2024-12-30,0.129
OSCV,2025-03-28,0.069
OSCV,2025-06-27,0.117
OSCV,2025-09-29,0.116
OSCV,2025-12-30,0.155
OSCV,2026-03-30,0.058
OSCV,2026-06-29,0.117
OSCV,2026-09-29,0.13
OSEA,2023-12-21,0.17
OSEA,2024-12-20,0.133
OSEA,2025-12-19,0.376
OUSA,2023-09-21,0.073
OUSA,2023-10-26,0.071
OUSA,2023-11-21,0.072
OUSA,2023-12-21,0.07
OUSA,2024-01-25,0.071
OUSA,2024-02-22,0.071
OUSA,2024-03-21,0.06
OUSA,2024-04-25,0.064
OUSA,2024-05-23,0.068
OUSA,2024-06-20,0.068
OUSA,2024-07-25,0.068
OUSA,2024-08-22,0.069
OUSA,2024-09-19,0.059
OUSA,2024-10-24,0.067
OUSA,2024-11-21,0.064
OUSA,2024-12-19,0.066
OUSA,2025-01-23,0.068
OUSA,2025-02-20,0.048
OUSA,2025-03-20,0.079
OUSA,2025-04-24,0.074
OUSA,2025-05-22,0.053
OUSA,2025-06-20,0.078
OUSA,2025-07-24,0.075
OUSA,2025-08-21,0.05
OUSA,2025-09-18,0.078
OUSA,2025-10-23,0.073
OUSA,2025-11-20,0.047
OUSA,2025-12-18,0.08
OUSA,2026-01-22,0.081
OUSA,2026-02-19,0.052
OUSA,2026-03-19,0.076
OUSA,2026-04-16,0.087
OUSA,2026-05-21,0.048
OUSA,2026-06-18,0.079
OUSA,2026-07-16,0.075
OUSA,2026-08-20,0.059
OUSA,2026-09-17,0.075
OUSM,2023-09-21,0.062
OUSM,2023-10-26,0.053
OUSM,2023-11-21,0.05
OUSM,2023-12-21,0.072
OUSM,2024-01-25,0.038
OUSM,2024-02-22,0.037
OUSM,2024-03-21,0.052
OUSM,2024-04-25,0.039
OUSM,2024-05-23,0.042
OUSM,2024-06-20,0.048
OUSM,2024-07-25,0.048
OUSM,2024-08-22,0.049
OUSM,2024-09-19,0.05
OUSM,2024-10-24,0.059
OUSM,2024-11-21,0.102
OUSM,2024-12-19,0.146
OUSM,2025-01-23,0.03
OUSM,2025-02-20,0.048
OUSM,2025-03-20,0.115
OUSM,2025-04-24,0.04
OUSM,2025-05-22,0.048
OUSM,2025-06-20,0.118
OUSM,2025-07-24,0.038
OUSM,2025-08-21,0.06
OUSM,2025-09-18,0.095
OUSM,2025-10-23,0.027
OUSM,2025-11-20,0.074
OUSM,2025-12-18,0.222
OUSM,2026-01-22,0.034
OUSM,2026-02-19,0.086
OUSM,2026-03-19,0.095
OUSM,2026-04-16,0.021
OUSM,2026-05-21,0.09
OUSM,2026-06-18,0.113
OUSM,2026-07-16,0.023
OUSM,2026-08-20,0.097
OUSM,2026-09-17,0.088
OVL,2023-10-03,0.299
OVL,2023-12-27,0.344
OVL,2024-04-03,0.303
OVL,2024-07-03,0.377
OVL,2024-10-03,0.376
OVL,2024-12-24,0.389
OVL,2025-04-03,0.374
OVL,2025-07-03,0.39
OVL,2025-10-03,0.41
OVL,2025-12-23,0.42
OVL,2026-01-28,0.471
OVL,2026-02-25,0.466
OVL,2026-03-27,0.441
OVL,2026-04-28,0.469
OVL,2026-05-27,0.498
OVL,2026-06-26,0.485
OVL,2026-07-29,0.488
OVL,2026-08-27,0.494
OVL,2026-09-29,0.493
PAAA,2023-09-01,0.289
PAAA,2023-10-02,0.227
PAAA,2023-11-01,0.286
PAAA,2023-12-01,0.283
PAAA,2023-12-27,0.309
PAAA,2024-02-01,0.282
PAAA,2024-03-01,0.266
PAAA,2024-04-01,0.299
PAAA,2024-05-01,0.274
PAAA,2024-06-03,0.281
PAAA,2024-07-01,0.223
PAAA,2024-08-01,0.243
PAAA,2024-09-03,0.244
PAAA,2024-10-01,0.248
PAAA,2024-11-01,0.205
PAAA,2024-12-02,0.197
PAAA,2024-12-27,0.249
PAAA,2025-02-03,0.212
PAAA,2025-03-03,0.192
PAAA,2025-04-01,0.231
PAAA,2025-05-01,0.224
PAAA,2025-06-02,0.229
PAAA,2025-07-01,0.223
PAAA,2025-08-01,0.221
PAAA,2025-09-02,0.233
PAAA,2025-10-01,0.224
PAAA,2025-11-03,0.221
PAAA,2025-12-01,0.205
PAAA,2025-12-19,0.21
PAAA,2026-02-02,0.193
PAAA,2026-03-02,0.191
PAAA,2026-03-31,0.201
PAAA,2026-04-30,0.19
PAAA,2026-05-29,0.193
PAAA,2026-06-30,0.204
PAAA,2026-07-31,0.198
PAAA,2026-08-31,0.198
PAAA,2026-09-30,0.188
PABU,2023-09-26,0.164
PABU,2023-12-20,0.175
PABU,2024-03-21,0.135
PABU,2024-06-11,0.108
PABU,2024-09-25,0.201
PABU,2024-12-17,0.21
PABU,2025-03-18,0.111
PABU,2025-06-16,0.14
PABU,2025-09-16,0.158
PABU,2025-12-16,0.249
PABU,2026-03-17,0.14
PABU,2026-06-15,0.161
PABU,2026-09-15,0.192
PALD,2025-06-24,0.204
PALD,2025-09-23,0.188
PALD,2025-12-23,0.395
PALD,2026-06-23,0.035
PALD,2026-09-22,0.101
PALU,2025-06-24,0.121
PALU,2025-09-23,0.15
PALU,2025-12-10,1.49
PALU,2025-12-23,0.118
PALU,2026-03-24,0.062
PALU,2026-06-23,0.118
PALU,2026-09-22,0.108
PANG,2025-12-30,1.297
PAPI,2023-11-30,0.166
PAPI,2023-12-21,0.208
PAPI,2024-01-31,0.115
PAPI,2024-02-29,0.142
PAPI,2024-03-28,0.18
PAPI,2024-04-30,0.172
PAPI,2024-05-31,0.185
PAPI,2024-06-28,0.164
PAPI,2024-07-31,0.122
PAPI,2024-08-30,0.147
PAPI,2024-09-30,0.171
PAPI,2024-10-31,0.133
PAPI,2024-11-29,0.154
PAPI,2024-12-23,0.164
PAPI,2025-01-31,0.139
PAPI,2025-02-28,0.134
PAPI,2025-03-31,0.193
PAPI,2025-04-30,0.203
PAPI,2025-05-30,0.148
PAPI,2025-06-30,0.184
PAPI,2025-07-31,0.147
PAPI,2025-08-29,0.152
PAPI,2025-09-30,0.18
PAPI,2025-10-31,0.149
PAPI,2025-11-28,0.148
PAPI,2025-12-23,0.179
PAPI,2026-01-30,0.161
PAPI,2026-02-27,0.164
PAPI,2026-03-31,0.238
PAPI,2026-04-30,0.155
PAPI,2026-05-29,0.156
PAPI,2026-06-30,0.203
PAPI,2026-07-31,0.168
PAPI,2026-08-31,0.163
PAPI,2026-09-30,0.177
PATN,2024-12-27,0.058
PATN,2025-06-05,0.07
PATN,2025-09-04,0.009
PATN,2025-12-30,0.526
PATN,2026-06-04,0.049
PATN,2026-09-03,0.053
PAVE,2023-12-28,0.156
PAVE,2024-06-27,0.08
PAVE,2024-12-30,0.139
PAVE,2025-06-27,0.11
PAVE,2025-12-30,0.328
PAVE,2026-06-29,0.103
PAYM,2026-01-30,0.21
PAYM,2026-02-27,0.206
PAYM,2026-03-31,0.187
PAYM,2026-04-30,0.211
PAYM,2026-05-29,0.213
PAYM,2026-06-30,0.207
PAYM,2026-07-31,0.205
PAYM,2026-09-01,0.213
PAYR,2025-10-31,0.161
PAYR,2025-11-28,0.435
PAYR,2025-12-31,0.412
PAYR,2026-01-30,0.288
PAYR,2026-02-27,0.33
PAYR,2026-03-31,0.57
PAYR,2026-04-30,0.18
PAYR,2026-05-29,0.491
PAYR,2026-06-30,0.456
PAYR,2026-07-31,0.325
PAYR,2026-08-31,0.317
PAYR,2026-09-30,0.384
PBDC,2023-10-05,0.785
PBDC,2023-12-26,0.853
PBDC,2024-04-04,0.765
PBDC,2024-07-05,0.786
PBDC,2024-10-04,0.857
PBDC,2024-12-27,0.79
PBDC,2025-04-04,0.791
PBDC,2025-07-07,0.787
PBDC,2025-10-06,0.821
PBDC,2025-12-19,0.825
PBDC,2026-04-07,0.713
PBDC,2026-07-07,0.696
PBE,2024-03-18,0.024
PBE,2024-06-24,0.008
PBE,2025-03-24,0.034
PBE,2025-06-23,0.13
PBE,2025-09-22,0.234
PBE,2025-12-22,0.42
PBE,2026-03-23,0.082
PBE,2026-06-22,0.811
PBE,2026-09-21,0.019
PBEU,2025-12-24,0.003
PBFR,2024-12-27,0.004
PBFR,2025-12-30,0.002
PBOG,2025-12-24,0.044
PBP,2023-09-18,0.06
PBP,2023-10-23,0.168
PBP,2023-11-20,0.21
PBP,2023-12-18,0.157
PBP,2024-01-22,0.154
PBP,2024-02-20,0.174
PBP,2024-03-18,0.175
PBP,2024-04-22,0.172
PBP,2024-05-20,0.201
PBP,2024-06-24,0.164
PBP,2024-07-22,0.163
PBP,2024-08-19,0.174
PBP,2024-09-23,0.227
PBP,2024-10-21,0.189
PBP,2024-11-18,0.211
PBP,2024-12-23,0.203
PBP,2025-01-21,0.216
PBP,2025-02-24,0.207
PBP,2025-03-24,0.168
PBP,2025-04-21,0.21
PBP,2025-05-19,0.214
PBP,2025-06-23,0.221
PBP,2025-07-21,0.118
PBP,2025-08-18,0.22
PBP,2025-09-22,0.175
PBP,2025-10-20,0.175
PBP,2025-11-24,0.222
PBP,2025-12-22,0.574
PBP,2026-01-20,0.213
PBP,2026-02-23,0.204
PBP,2026-03-23,0.193
PBP,2026-04-20,0.214
PBP,2026-05-18,0.205
PBP,2026-06-22,0.228
PBP,2026-07-20,0.187
PBP,2026-08-24,0.221
PBP,2026-09-21,0.189
PBPH,2025-12-24,0.023
PBUS,2023-09-18,0.142
PBUS,2023-12-18,0.182
PBUS,2024-03-18,0.169
PBUS,2024-06-24,0.174
PBUS,2024-09-23,0.175
PBUS,2024-12-23,0.187
PBUS,2025-03-24,0.185
PBUS,2025-06-23,0.171
PBUS,2025-09-22,0.185
PBUS,2025-12-22,0.182
PBUS,2026-03-23,0.205
PBUS,2026-06-22,0.195
PBUS,2026-09-21,0.187
PBW,2023-09-18,0.192
PBW,2023-12-18,0.192
PBW,2024-03-18,0.149
PBW,2024-06-24,0.141
PBW,2024-09-23,0.07
PBW,2024-12-23,0.208
PBW,2025-06-23,0.039
PBW,2025-09-22,0.079
PBW,2025-12-22,0.123
PBW,2026-03-23,0.031
PBW,2026-06-22,0.239
PBW,2026-09-21,0.275
PCEF,2023-09-18,0.131
PCEF,2023-10-23,0.131
PCEF,2023-11-20,0.139
PCEF,2023-12-18,0.13
PCEF,2024-01-22,0.141
PCEF,2024-02-20,0.143
PCEF,2024-03-18,0.143
PCEF,2024-04-22,0.143
PCEF,2024-05-20,0.143
PCEF,2024-06-24,0.143
PCEF,2024-07-22,0.143
PCEF,2024-08-19,0.143
PCEF,2024-09-23,0.134
PCEF,2024-10-21,0.136
PCEF,2024-11-18,0.136
PCEF,2024-12-23,0.136
PCEF,2025-01-21,0.136
PCEF,2025-02-24,0.136
PCEF,2025-03-24,0.136
PCEF,2025-04-21,0.131
PCEF,2025-05-19,0.131
PCEF,2025-06-23,0.131
PCEF,2025-07-21,0.131
PCEF,2025-08-18,0.131
PCEF,2025-09-22,0.131
PCEF,2025-10-20,0.13
PCEF,2025-11-24,0.13
PCEF,2025-12-22,0.13
PCEF,2026-01-20,0.13
PCEF,2026-02-23,0.13
PCEF,2026-03-23,0.13
PCEF,2026-04-20,0.13
PCEF,2026-05-18,0.126
PCEF,2026-06-22,0.122
PCEF,2026-07-20,0.118
PCEF,2026-08-24,0.115
PCEF,2026-09-21,0.115
PCI,2025-09-02,0.205
PCI,2025-10-01,0.205
PCI,2025-11-03,0.21
PCI,2025-12-01,0.204
PCI,2025-12-30,0.282
PCI,2026-02-02,0.208
PCI,2026-03-02,0.139
PCI,2026-03-31,0.209
PCI,2026-04-30,0.209
PCI,2026-05-29,0.205
PCI,2026-06-30,0.201
PCI,2026-07-31,0.209
PCI,2026-08-31,0.208
PCI,2026-09-30,0.185
PCMM,2025-02-03,0.367
PCMM,2025-03-03,0.29
PCMM,2025-04-01,0.25
PCMM,2025-05-01,0.288
PCMM,2025-06-02,0.32
PCMM,2025-07-01,0.303
PCMM,2025-08-01,0.313
PCMM,2025-09-02,0.289
PCMM,2025-10-01,0.278
PCMM,2025-11-03,0.289
PCMM,2025-12-01,0.255
PCMM,2025-12-30,0.277
PCMM,2026-02-02,0.265
PCMM,2026-03-02,0.232
PCMM,2026-04-01,0.228
PCMM,2026-05-01,0.279
PCMM,2026-06-01,0.263
PCMM,2026-07-01,0.255
PCMM,2026-08-03,0.256
PCMM,2026-09-01,0.238
PCMM,2026-10-01,0.208
PCS,2025-09-02,0.193
PCS,2025-10-01,0.193
PCS,2025-11-03,0.194
PCS,2025-12-01,0.181
PCS,2025-12-30,0.204
PCS,2026-02-02,0.195
PCS,2026-03-02,0.102
PCS,2026-03-31,0.188
PCS,2026-04-30,0.181
PCS,2026-05-29,0.183
PCS,2026-06-30,0.181
PCS,2026-07-31,0.189
PCS,2026-08-31,0.186
PCS,2026-09-30,0.178
PCY,2023-09-18,0.111
PCY,2023-10-23,0.124
PCY,2023-11-20,0.127
PCY,2023-12-18,0.116
PCY,2024-01-22,0.11
PCY,2024-02-20,0.108
PCY,2024-03-18,0.114
PCY,2024-04-22,0.107
PCY,2024-05-20,0.11
PCY,2024-06-24,0.108
PCY,2024-07-22,0.11
PCY,2024-08-19,0.113
PCY,2024-09-23,0.108
PCY,2024-10-21,0.107
PCY,2024-11-18,0.112
PCY,2024-12-23,0.112
PCY,2025-01-21,0.111
PCY,2025-02-24,0.106
PCY,2025-03-24,0.111
PCY,2025-04-21,0.108
PCY,2025-05-19,0.111
PCY,2025-06-23,0.106
PCY,2025-07-21,0.108
PCY,2025-08-18,0.106
PCY,2025-09-22,0.101
PCY,2025-10-20,0.104
PCY,2025-11-24,0.106
PCY,2025-12-22,0.107
PCY,2026-01-20,0.108
PCY,2026-02-23,0.104
PCY,2026-03-23,0.101
PCY,2026-04-20,0.104
PCY,2026-05-18,0.108
PCY,2026-06-22,0.104
PCY,2026-07-20,0.105
PCY,2026-08-24,0.103
PCY,2026-09-21,0.108
PDBA,2023-12-18,2.036
PDBA,2024-12-23,4.608
PDBA,2025-12-22,1.13
PDBC,2023-12-18,0.56
PDBC,2024-12-23,0.575
PDBC,2025-12-22,0.509
PDP,2023-09-18,0.028
PDP,2023-12-18,0.096
PDP,2024-03-18,0.028
PDP,2024-12-23,0.134
PDP,2025-03-24,0.046
PDP,2025-06-23,0.043
PDP,2025-09-22,0.113
PEJ,2023-09-18,0.018
PEJ,2024-03-18,0.172
PEJ,2024-06-24,0.006
PEJ,2024-09-23,0.034
PEJ,2025-03-24,0.023
PEJ,2025-09-22,0.054
PEJ,2025-12-22,0.07
PEJ,2026-03-23,0.121
PEJ,2026-06-22,0.089
PEJ,2026-09-21,0.056
PEY,2023-09-18,0.077
PEY,2023-10-23,0.093
PEY,2023-11-20,0.111
PEY,2023-12-18,0.121
PEY,2024-01-22,0.084
PEY,2024-02-20,0.081
PEY,2024-03-18,0.077
PEY,2024-04-22,0.07
PEY,2024-05-20,0.076
PEY,2024-06-24,0.071
PEY,2024-07-22,0.086
PEY,2024-08-19,0.076
PEY,2024-09-23,0.074
PEY,2024-10-21,0.09
PEY,2024-11-18,0.077
PEY,2024-12-23,0.083
PEY,2025-01-21,0.084
PEY,2025-02-24,0.07
PEY,2025-03-24,0.07
PEY,2025-04-21,0.075
PEY,2025-05-19,0.085
PEY,2025-06-23,0.086
PEY,2025-07-21,0.088
PEY,2025-08-18,0.081
PEY,2025-09-22,0.088
PEY,2025-10-20,0.095
PEY,2025-11-24,0.084
PEY,2025-12-22,0.082
PEY,2026-01-20,0.082
PEY,2026-02-23,0.081
PEY,2026-03-23,0.071
PEY,2026-04-20,0.082
PEY,2026-05-18,0.091
PEY,2026-06-22,0.095
PEY,2026-07-20,0.097
PEY,2026-08-24,0.093
PEY,2026-09-21,0.093
PFF,2023-09-01,0.154
PFF,2023-10-02,0.161
PFF,2023-11-01,0.173
PFF,2023-12-01,0.175
PFF,2023-12-14,0.193
PFF,2024-02-01,0.176
PFF,2024-03-01,0.17
PFF,2024-04-01,0.156
PFF,2024-05-01,0.16
PFF,2024-06-03,0.163
PFF,2024-07-01,0.164
PFF,2024-08-01,0.161
PFF,2024-09-03,0.163
PFF,2024-10-01,0.165
PFF,2024-11-01,0.165
PFF,2024-12-02,0.165
PFF,2024-12-18,0.177
PFF,2025-02-03,0.175
PFF,2025-03-03,0.173
PFF,2025-04-01,0.172
PFF,2025-05-01,0.174
PFF,2025-06-02,0.175
PFF,2025-07-01,0.174
PFF,2025-08-01,0.162
PFF,2025-09-02,0.161
PFF,2025-10-01,0.171
PFF,2025-11-03,0.171
PFF,2025-12-01,0.176
PFF,2025-12-19,0.066
PFF,2026-02-02,0.177
PFF,2026-03-02,0.031
PFF,2026-04-01,0.142
PFF,2026-05-01,0.14
PFF,2026-06-01,0.138
PFF,2026-07-01,0.142
PFF,2026-08-03,0.142
PFF,2026-09-01,0.147
PFF,2026-10-01,0.159
PFFA,2023-09-20,0.165
PFFA,2023-10-20,0.165
PFFA,2023-11-20,0.165
PFFA,2023-12-20,0.165
PFFA,2024-01-22,0.168
PFFA,2024-02-21,0.168
PFFA,2024-03-20,0.168
PFFA,2024-04-22,0.168
PFFA,2024-05-20,0.168
PFFA,2024-06-20,0.168
PFFA,2024-07-22,0.168
PFFA,2024-08-20,0.168
PFFA,2024-09-20,0.168
PFFA,2024-10-21,0.168
PFFA,2024-11-20,0.168
PFFA,2024-12-20,0.168
PFFA,2025-01-21,0.17
PFFA,2025-02-20,0.17
PFFA,2025-03-20,0.17
PFFA,2025-04-21,0.17
PFFA,2025-05-20,0.17
PFFA,2025-06-20,0.17
PFFA,2025-07-21,0.17
PFFA,2025-08-20,0.17
PFFA,2025-09-22,0.17
PFFA,2025-10-20,0.17
PFFA,2025-11-20,0.17
PFFA,2025-12-22,0.17
PFFA,2026-01-20,0.173
PFFA,2026-02-20,0.173
PFFA,2026-03-20,0.173
PFFA,2026-04-20,0.173
PFFA,2026-05-20,0.173
PFFA,2026-06-22,0.173
PFFA,2026-07-20,0.173
PFFA,2026-08-20,0.173
PFFA,2026-09-21,0.173
PFFD,2023-09-06,0.105
PFFD,2023-10-04,0.105
PFFD,2023-11-03,0.105
PFFD,2023-12-05,0.105
PFFD,2023-12-28,0.105
PFFD,2024-02-05,0.105
PFFD,2024-03-05,0.105
PFFD,2024-04-03,0.105
PFFD,2024-05-03,0.105
PFFD,2024-06-05,0.105
PFFD,2024-07-03,0.105
PFFD,2024-08-05,0.105
PFFD,2024-09-05,0.105
PFFD,2024-10-03,0.105
PFFD,2024-11-05,0.103
PFFD,2024-12-04,0.103
PFFD,2024-12-30,0.103
PFFD,2025-02-03,0.102
PFFD,2025-03-03,0.102
PFFD,2025-04-01,0.1
PFFD,2025-05-01,0.1
PFFD,2025-06-02,0.1
PFFD,2025-07-01,0.1
PFFD,2025-08-01,0.1
PFFD,2025-09-02,0.1
PFFD,2025-10-01,0.1
PFFD,2025-11-03,0.1
PFFD,2025-12-01,0.1
PFFD,2025-12-30,0.1
PFFD,2026-02-02,0.1
PFFD,2026-03-02,0.1
PFFD,2026-04-01,0.1
PFFD,2026-05-01,0.1
PFFD,2026-06-01,0.1
PFFD,2026-07-01,0.1
PFFD,2026-08-03,0.1
PFFD,2026-09-01,0.1
PFFD,2026-10-01,0.1
PFFV,2023-09-06,0.13
PFFV,2023-10-04,0.13
PFFV,2023-11-03,0.13
PFFV,2023-12-05,0.13
PFFV,2023-12-28,0.246
PFFV,2024-02-05,0.133
PFFV,2024-03-05,0.133
PFFV,2024-04-03,0.133
PFFV,2024-05-03,0.133
PFFV,2024-06-05,0.137
PFFV,2024-07-03,0.137
PFFV,2024-08-05,0.143
PFFV,2024-09-05,0.143
PFFV,2024-10-03,0.145
PFFV,2024-11-05,0.146
PFFV,2024-12-04,0.146
PFFV,2024-12-30,0.198
PFFV,2025-02-03,0.14
PFFV,2025-03-03,0.14
PFFV,2025-04-01,0.139
PFFV,2025-05-01,0.139
PFFV,2025-06-02,0.139
PFFV,2025-07-01,0.139
PFFV,2025-08-01,0.139
PFFV,2025-09-02,0.138
PFFV,2025-10-01,0.138
PFFV,2025-11-03,0.138
PFFV,2025-12-01,0.138
PFFV,2025-12-30,0.312
PFFV,2026-02-02,0.138
PFFV,2026-03-02,0.131
PFFV,2026-04-01,0.131
PFFV,2026-05-01,0.131
PFFV,2026-06-01,0.131
PFFV,2026-07-01,0.131
PFFV,2026-08-03,0.131
PFFV,2026-09-01,0.13
PFFV,2026-10-01,0.13
PFIX,2023-09-27,0.1
PFIX,2023-10-26,0.1
PFIX,2023-11-27,0.1
PFIX,2023-12-26,34.267
PFIX,2024-01-26,0.07
PFIX,2024-02-26,0.1
PFIX,2024-03-25,0.1
PFIX,2024-04-25,0.12
PFIX,2024-05-24,0.14
PFIX,2024-06-25,0.16
PFIX,2024-07-26,0.18
PFIX,2024-08-27,0.2
PFIX,2024-09-25,0.2
PFIX,2024-10-28,0.18
PFIX,2024-11-25,0.18
PFIX,2024-12-23,0.148
PFIX,2025-01-28,0.1
PFIX,2025-02-25,0.1
PFIX,2025-03-26,0.15
PFIX,2025-04-25,0.15
PFIX,2025-05-27,0.15
PFIX,2025-06-25,0.12
PFIX,2025-07-28,0.6
PFIX,2025-08-26,0.6
PFIX,2025-09-25,0.1
PFIX,2025-10-28,0.1
PFIX,2025-11-21,0.1
PFIX,2025-12-23,2.61
PFIX,2026-01-27,0.1
PFIX,2026-02-24,0.1
PFIX,2026-03-26,0.1
PFIX,2026-04-27,0.1
PFIX,2026-05-26,0.1
PFIX,2026-06-25,0.1
PFIX,2026-07-28,0.1
PFIX,2026-08-26,0.1
PFIX,2026-09-25,0.1
PFLD,2023-09-27,0.13
PFLD,2023-10-27,0.132
PFLD,2023-11-28,0.12
PFLD,2023-12-28,0.274
PFLD,2024-01-29,0.12
PFLD,2024-02-27,0.12
PFLD,2024-03-26,0.12
PFLD,2024-04-26,0.12
PFLD,2024-05-30,0.12
PFLD,2024-06-27,0.12
PFLD,2024-07-30,0.12
PFLD,2024-08-29,0.12
PFLD,2024-09-27,0.12
PFLD,2024-10-30,0.1
PFLD,2024-11-27,0.12
PFLD,2024-12-31,0.158
PFLD,2025-01-30,0.12
PFLD,2025-02-27,0.12
PFLD,2025-03-28,0.12
PFLD,2025-04-29,0.12
PFLD,2025-05-29,0.12
PFLD,2025-06-27,0.12
PFLD,2025-07-30,0.1
PFLD,2025-08-28,0.09
PFLD,2025-09-29,0.09
PFLD,2025-10-30,0.085
PFLD,2025-11-26,0.085
PFLD,2025-12-31,0.106
PFLD,2026-01-30,0.085
PFLD,2026-02-27,0.085
PFLD,2026-03-31,0.085
PFLD,2026-04-30,0.085
PFLD,2026-05-29,0.085
PFLD,2026-06-30,0.09
PFLD,2026-07-31,0.09
PFLD,2026-08-28,0.09
PFLD,2026-09-30,0.09
PFM,2023-09-18,0.181
PFM,2023-12-18,0.205
PFM,2024-03-18,0.18
PFM,2024-06-24,0.192
PFM,2024-09-23,0.173
PFM,2024-12-23,0.181
PFM,2025-03-24,0.179
PFM,2025-06-23,0.188
PFM,2025-09-22,0.172
PFM,2025-12-22,0.185
PFM,2026-03-23,0.195
PFM,2026-06-22,0.193
PFM,2026-09-21,0.18
PFRL,2023-09-01,0.428
PFRL,2023-10-02,0.427
PFRL,2023-11-01,0.501
PFRL,2023-12-01,0.358
PFRL,2023-12-27,0.71
PFRL,2024-02-01,0.422
PFRL,2024-03-01,0.408
PFRL,2024-04-01,0.352
PFRL,2024-05-01,0.365
PFRL,2024-06-03,0.374
PFRL,2024-07-01,0.331
PFRL,2024-08-01,0.35
PFRL,2024-09-03,0.368
PFRL,2024-10-01,0.34
PFRL,2024-11-01,0.344
PFRL,2024-12-02,0.303
PFRL,2024-12-27,0.552
PFRL,2025-02-03,0.294
PFRL,2025-03-03,0.259
PFRL,2025-04-01,0.313
PFRL,2025-05-01,0.307
PFRL,2025-06-02,0.294
PFRL,2025-07-01,0.306
PFRL,2025-08-01,0.331
PFRL,2025-09-02,0.316
PFRL,2025-10-01,0.303
PFRL,2025-11-03,0.25
PFRL,2025-12-01,0.259
PFRL,2025-12-30,0.418
PFRL,2026-02-02,0.241
PFRL,2026-03-02,0.226
PFRL,2026-03-31,0.255
PFRL,2026-04-30,0.249
PFRL,2026-05-29,0.226
PFRL,2026-06-30,0.231
PFRL,2026-07-31,0.236
PFRL,2026-08-31,0.245
PFRL,2026-09-30,0.235
PFXF,2023-09-01,0.146
PFXF,2023-10-02,0.106
PFXF,2023-11-01,0.078
PFXF,2023-12-01,0.142
PFXF,2023-12-27,0.187
PFXF,2024-02-01,0.059
PFXF,2024-03-01,0.085
PFXF,2024-04-01,0.112
PFXF,2024-04-23,0.06
PFXF,2024-06-03,0.107
PFXF,2024-07-01,0.118
PFXF,2024-08-01,0.081
PFXF,2024-09-03,0.115
PFXF,2024-10-01,0.101
PFXF,2024-11-01,0.074
PFXF,2024-12-02,0.063
PFXF,2024-12-27,0.374
PFXF,2025-02-03,0.045
PFXF,2025-03-03,0.064
PFXF,2025-04-01,0.136
PFXF,2025-05-01,0.087
PFXF,2025-06-02,0.095
PFXF,2025-07-01,0.098
PFXF,2025-08-01,0.07
PFXF,2025-09-02,0.131
PFXF,2025-10-01,0.105
PFXF,2025-11-03,0.084
PFXF,2025-11-28,0.087
PFXF,2025-12-29,0.185
PFXF,2026-02-02,0.049
PFXF,2026-03-02,0.095
PFXF,2026-04-01,0.08
PFXF,2026-05-01,0.102
PFXF,2026-06-01,0.057
PFXF,2026-07-01,0.109
PFXF,2026-08-03,0.088
PFXF,2026-09-01,0.062
PFXF,2026-10-01,0.065
PGF,2023-09-18,0.07
PGF,2023-10-23,0.074
PGF,2023-11-20,0.096
PGF,2023-12-18,0.094
PGF,2024-01-22,0.078
PGF,2024-02-20,0.069
PGF,2024-03-18,0.077
PGF,2024-04-22,0.09
PGF,2024-05-20,0.07
PGF,2024-06-24,0.073
PGF,2024-07-22,0.077
PGF,2024-08-19,0.071
PGF,2024-09-23,0.073
PGF,2024-10-21,0.087
PGF,2024-11-18,0.071
PGF,2024-12-23,0.071
PGF,2025-01-21,0.086
PGF,2025-02-24,0.07
PGF,2025-03-24,0.065
PGF,2025-04-21,0.07
PGF,2025-05-19,0.07
PGF,2025-06-23,0.077
PGF,2025-07-21,0.078
PGF,2025-08-18,0.071
PGF,2025-09-22,0.077
PGF,2025-10-20,0.086
PGF,2025-11-24,0.07
PGF,2025-12-22,0.072
PGF,2026-01-20,0.082
PGF,2026-02-23,0.064
PGF,2026-03-23,0.063
PGF,2026-04-20,0.068
PGF,2026-05-18,0.063
PGF,2026-06-22,0.075
PGF,2026-07-20,0.082
PGF,2026-08-24,0.074
PGF,2026-09-21,0.075
PGHY,2023-09-18,0.14
PGHY,2023-10-23,0.146
PGHY,2023-11-20,0.147
PGHY,2023-12-18,0.132
PGHY,2024-01-22,0.13
PGHY,2024-02-20,0.12
PGHY,2024-03-18,0.122
PGHY,2024-04-22,0.128
PGHY,2024-05-20,0.118
PGHY,2024-06-24,0.111
PGHY,2024-07-22,0.122
PGHY,2024-08-19,0.126
PGHY,2024-09-23,0.121
PGHY,2024-10-21,0.119
PGHY,2024-11-18,0.126
PGHY,2024-12-23,0.13
PGHY,2025-01-21,0.127
PGHY,2025-02-24,0.12
PGHY,2025-03-24,0.127
PGHY,2025-04-21,0.118
PGHY,2025-05-19,0.117
PGHY,2025-06-23,0.114
PGHY,2025-07-21,0.117
PGHY,2025-08-18,0.118
PGHY,2025-09-22,0.117
PGHY,2025-10-20,0.116
PGHY,2025-11-24,0.122
PGHY,2025-12-22,0.13
PGHY,2026-01-20,0.118
PGHY,2026-02-23,0.11
PGHY,2026-03-23,0.112
PGHY,2026-04-20,0.113
PGHY,2026-05-18,0.119
PGHY,2026-06-22,0.114
PGHY,2026-07-20,0.114
PGHY,2026-08-24,0.111
PGHY,2026-09-21,0.112
PGRO,2023-12-06,0.054
PGRO,2024-12-05,0.033
PGRO,2025-12-19,0.009
PGX,2023-09-18,0.057
PGX,2023-10-23,0.066
PGX,2023-11-20,0.06
PGX,2023-12-18,0.069
PGX,2024-01-22,0.058
PGX,2024-02-20,0.056
PGX,2024-03-18,0.058
PGX,2024-04-22,0.056
PGX,2024-05-20,0.055
PGX,2024-06-24,0.053
PGX,2024-07-22,0.058
PGX,2024-08-19,0.058
PGX,2024-09-23,0.058
PGX,2024-10-21,0.064
PGX,2024-11-18,0.058
PGX,2024-12-23,0.056
PGX,2025-01-21,0.059
PGX,2025-02-24,0.056
PGX,2025-03-24,0.056
PGX,2025-04-21,0.054
PGX,2025-05-19,0.054
PGX,2025-06-23,0.051
PGX,2025-07-21,0.055
PGX,2025-08-18,0.055
PGX,2025-09-22,0.056
PGX,2025-10-20,0.067
PGX,2025-11-24,0.059
PGX,2025-12-22,0.054
PGX,2026-01-20,0.064
PGX,2026-02-23,0.054
PGX,2026-03-23,0.056
PGX,2026-04-20,0.06
PGX,2026-05-18,0.05
PGX,2026-06-22,0.049
PGX,2026-07-20,0.062
PGX,2026-08-24,0.058
PGX,2026-09-21,0.057
PHO,2023-09-18,0.05
PHO,2023-12-18,0.115
PHO,2024-03-18,0.063
PHO,2024-06-24,0.093
PHO,2024-09-23,0.05
PHO,2024-12-23,0.092
PHO,2025-03-24,0.098
PHO,2025-06-23,0.106
PHO,2025-09-22,0.093
PHO,2025-12-22,0.083
PHO,2026-03-23,0.105
PHO,2026-06-22,0.123
PHO,2026-09-21,0.061
PHYL,2023-09-01,0.219
PHYL,2023-10-02,0.242
PHYL,2023-11-01,0.194
PHYL,2023-12-01,0.216
PHYL,2023-12-27,0.296
PHYL,2024-02-01,0.234
PHYL,2024-03-01,0.223
PHYL,2024-04-01,0.248
PHYL,2024-05-01,0.239
PHYL,2024-06-03,0.248
PHYL,2024-07-01,0.235
PHYL,2024-08-01,0.253
PHYL,2024-09-03,0.25
PHYL,2024-10-01,0.217
PHYL,2024-11-01,0.226
PHYL,2024-12-02,0.222
PHYL,2024-12-27,0.281
PHYL,2025-02-03,0.175
PHYL,2025-03-03,0.208
PHYL,2025-04-01,0.236
PHYL,2025-05-01,0.235
PHYL,2025-06-02,0.229
PHYL,2025-07-01,0.224
PHYL,2025-08-01,0.217
PHYL,2025-09-02,0.225
PHYL,2025-10-01,0.218
PHYL,2025-11-03,0.195
PHYL,2025-12-01,0.19
PHYL,2025-12-30,0.152
PHYL,2026-02-02,0.206
PHYL,2026-03-02,0.185
PHYL,2026-03-31,0.218
PHYL,2026-04-30,0.207
PHYL,2026-05-29,0.212
PHYL,2026-06-30,0.205
PHYL,2026-07-31,0.208
PHYL,2026-08-31,0.215
PHYL,2026-09-30,0.207
PICB,2023-09-18,0.043
PICB,2023-10-23,0.043
PICB,2023-11-20,0.043
PICB,2023-12-18,0.053
PICB,2024-01-22,0.055
PICB,2024-02-20,0.055
PICB,2024-03-18,0.056
PICB,2024-04-22,0.055
PICB,2024-05-20,0.056
PICB,2024-06-24,0.057
PICB,2024-07-22,0.058
PICB,2024-08-19,0.059
PICB,2024-09-23,0.06
PICB,2024-10-21,0.06
PICB,2024-11-18,0.058
PICB,2024-12-23,0.058
PICB,2025-01-21,0.058
PICB,2025-02-24,0.056
PICB,2025-03-24,0.058
PICB,2025-04-21,0.058
PICB,2025-05-19,0.06
PICB,2025-06-23,0.063
PICB,2025-07-21,0.062
PICB,2025-08-18,0.065
PICB,2025-09-22,0.063
PICB,2025-10-20,0.066
PICB,2025-11-24,0.071
PICB,2025-12-22,0.079
PICB,2026-01-20,0.063
PICB,2026-02-23,0.063
PICB,2026-03-23,0.06
PICB,2026-04-20,0.063
PICB,2026-05-18,0.066
PICB,2026-06-22,0.068
PICB,2026-07-20,0.067
PICB,2026-08-24,0.067
PICB,2026-09-21,0.067
PICK,2023-12-20,1.021
PICK,2024-06-11,0.505
PICK,2024-12-17,0.634
PICK,2025-06-16,0.7
PICK,2025-12-16,0.776
PICK,2026-06-15,0.542
PID,2023-09-18,0.173
PID,2023-12-18,0.098
PID,2024-03-18,0.175
PID,2024-06-24,0.229
PID,2024-09-23,0.213
PID,2024-12-23,0.093
PID,2025-03-24,0.167
PID,2025-06-23,0.264
PID,2025-09-22,0.172
PID,2025-12-22,0.119
PID,2026-03-23,0.198
PID,2026-06-22,0.313
PID,2026-09-21,0.154
PIE,2023-09-18,0.289
PIE,2023-12-18,0.058
PIE,2024-03-18,0.027
PIE,2024-06-24,0.24
PIE,2024-09-23,0.145
PIE,2024-12-23,0.037
PIE,2025-03-24,0.008
PIE,2025-06-23,0.208
PIE,2025-09-22,0.081
PIE,2025-12-22,0.242
PIE,2026-03-23,0.026
PIE,2026-06-22,0.218
PIE,2026-09-21,0.257
PIEQ,2024-12-27,0.024
PIEQ,2025-12-29,0.423
PINK,2023-09-27,0.03
PINK,2023-12-26,0.08
PINK,2024-03-25,0.03
PINK,2024-06-25,0.03
PINK,2024-09-25,0.02
PINK,2024-12-23,0.014
PINK,2025-03-26,0.05
PINK,2025-06-25,0.05
PINK,2025-09-25,0.05
PINK,2025-12-23,0.1
PINK,2026-03-26,0.05
PINK,2026-06-25,0.05
PIT,2023-12-18,2.958
PIT,2024-12-23,1.7
PIT,2025-12-22,4.708
PIZ,2023-09-18,0.037
PIZ,2023-12-18,0.116
PIZ,2024-03-18,0.088
PIZ,2024-06-24,0.202
PIZ,2024-09-23,0.032
PIZ,2024-12-23,0.288
PIZ,2025-03-24,0.15
PIZ,2025-06-23,0.381
PIZ,2025-09-22,0.027
PIZ,2025-12-22,0.203
PIZ,2026-03-23,0.152
PIZ,2026-06-22,0.45
PIZ,2026-09-21,0.128
PJFV,2023-12-27,0.687
PJFV,2024-12-27,0.92
PJFV,2025-12-30,0.566
PJP,2023-09-18,0.201
PJP,2023-12-18,0.191
PJP,2024-03-18,0.17
PJP,2024-06-24,0.21
PJP,2024-09-23,0.2
PJP,2024-12-23,0.223
PJP,2025-03-24,0.273
PJP,2025-06-23,0.267
PJP,2025-09-22,0.236
PJP,2025-12-22,0.246
PJP,2026-03-23,0.309
PJP,2026-06-22,0.273
PJP,2026-09-21,0.301
PKB,2023-09-18,0.049
PKB,2023-12-18,0.041
PKB,2024-03-18,0.027
PKB,2024-06-24,0.049
PKB,2024-09-23,0.068
PKB,2024-12-23,0.029
PKB,2025-03-24,0.006
PKB,2025-06-23,0.061
PKB,2025-09-22,0.023
PKB,2025-12-22,0.035
PKB,2026-03-23,0.027
PKB,2026-06-22,0.11
PKB,2026-09-21,0.011
PKW,2023-09-18,0.223
PKW,2023-12-18,0.381
PKW,2024-03-18,0.31
PKW,2024-06-24,0.225
PKW,2024-09-23,0.23
PKW,2024-12-23,0.22
PKW,2025-03-24,0.308
PKW,2025-06-23,0.372
PKW,2025-09-22,0.377
PKW,2025-12-22,0.274
PKW,2026-03-23,0.217
PKW,2026-06-22,0.258
PKW,2026-09-21,0.218
PLTD,2025-03-25,0.156
PLTD,2025-06-24,0.051
PLTD,2025-09-23,0.083
PLTD,2025-12-23,0.049
PLTD,2026-03-24,0.057
PLTD,2026-06-23,0.038
PLTD,2026-09-22,0.041
PLTG,2025-12-30,4.747
PLTU,2024-12-23,0.033
PLTU,2025-03-25,0.112
PLTU,2025-06-24,0.317
PLTU,2025-09-23,0.362
PLTU,2025-12-10,15.776
PLTU,2025-12-23,0.558
PLTU,2026-03-24,0.358
PLTU,2026-06-23,0.22
PLTU,2026-09-22,0.22
PLTW,2025-03-03,0.182
PLTW,2025-03-10,0.178
PLTW,2025-03-17,0.453
PLTW,2025-03-24,0.479
PLTW,2025-03-31,0.512
PLTW,2025-04-07,0.348
PLTW,2025-04-14,0.234
PLTW,2025-04-21,0.469
PLTW,2025-04-28,0.497
PLTW,2025-05-05,0.609
PLTW,2025-05-12,0.674
PLTW,2025-05-19,0.403
PLTW,2025-05-27,0.683
PLTW,2025-06-02,0.45
PLTW,2025-06-09,0.678
PLTW,2025-06-16,0.474
PLTW,2025-06-23,0.692
PLTW,2025-06-30,0.651
PLTW,2025-07-07,0.49
PLTW,2025-07-14,0.645
PLTW,2025-07-21,0.66
PLTW,2025-07-28,0.685
PLTW,2025-08-04,0.704
PLTW,2025-08-11,1.141
PLTW,2025-08-18,1.586
PLTW,2025-08-25,0.527
PLTW,2025-09-02,0.36
PLTW,2025-09-08,0.547
PLTW,2025-09-15,0.497
PLTW,2025-09-22,0.672
PLTW,2025-09-29,1.108
PLTW,2025-10-06,0.863
PLTW,2025-10-14,0.858
PLTW,2025-10-20,1.01
PLTW,2025-10-27,0.995
PLTW,2025-11-03,0.68
PLTW,2025-11-10,0.809
PLTW,2025-11-17,0.335
PLTW,2025-11-24,0.52
PLTW,2025-12-01,0.322
PLTW,2025-12-08,0.555
PLTW,2025-12-15,0.603
PLTW,2025-12-22,0.57
PLTW,2025-12-29,0.626
PLTW,2026-01-05,0.457
PLTW,2026-01-12,0.167
PLTW,2026-01-20,0.48
PLTW,2026-01-26,0.303
PLTW,2026-02-02,0.336
PLTW,2026-02-09,0.117
PLTW,2026-02-17,0.181
PLTW,2026-02-23,0.234
PLTW,2026-03-02,0.311
PLTW,2026-03-09,0.3
PLTW,2026-03-16,0.44
PLTW,2026-03-23,0.25
PLTW,2026-03-30,0.288
PLTW,2026-04-06,0.214
PLTW,2026-04-13,0.317
PLTW,2026-04-20,0.088
PLTW,2026-04-27,0.329
PLTW,2026-05-04,0.225
PLTW,2026-05-11,0.26
PLTW,2026-05-18,0.173
PLTW,2026-05-26,0.185
PLTW,2026-06-01,0.239
PLTW,2026-06-08,0.357
PLTW,2026-06-15,0.085
PLTW,2026-06-22,0.148
PLTW,2026-06-29,0.198
PLTW,2026-07-06,0.074
PLTW,2026-07-13,0.268
PLTW,2026-07-20,0.177
PLTW,2026-07-27,0.256
PLTW,2026-08-03,0.132
PLTW,2026-08-10,0.192
PLTW,2026-08-17,0.349
PLTW,2026-08-24,0.264
PLTW,2026-08-31,0.316
PLTW,2026-09-08,0.319
PLTW,2026-09-14,0.172
PLTW,2026-09-21,0.187
PLTW,2026-09-28,0.323
PLTY,2024-11-07,2.201
PLTY,2024-12-05,3.348
PLTY,2025-01-03,3.589
PLTY,2025-01-30,2.983
PLTY,2025-02-27,5.938
PLTY,2025-03-27,5.326
PLTY,2025-04-24,4.656
PLTY,2025-05-22,7.044
PLTY,2025-06-20,3.26
PLTY,2025-07-17,2.56
PLTY,2025-08-14,7.492
PLTY,2025-09-11,2.441
PLTY,2025-10-09,3.285
PLTY,2025-10-16,0.741
PLTY,2025-10-23,0.737
PLTY,2025-10-30,1.246
PLTY,2025-11-06,1.219
PLTY,2025-11-13,0.834
PLTY,2025-11-20,0.73
PLTY,2025-11-28,0.592
PLTY,2025-12-04,1.302
PLTY,2025-12-11,0.563
PLTY,2025-12-18,0.435
PLTY,2025-12-26,0.993
PLTY,2026-01-02,0.513
PLTY,2026-01-08,0.451
PLTY,2026-01-15,0.413
PLTY,2026-01-22,0.379
PLTY,2026-01-29,0.369
PLTY,2026-02-05,0.359
PLTY,2026-02-12,0.385
PLTY,2026-02-19,0.387
PLTY,2026-02-26,0.393
PLTY,2026-03-05,0.478
PLTY,2026-03-12,0.8
PLTY,2026-03-19,0.802
PLTY,2026-03-26,0.478
PLTY,2026-04-02,0.45
PLTY,2026-04-09,0.455
PLTY,2026-04-16,0.356
PLTY,2026-04-23,0.383
PLTY,2026-04-30,0.361
PLTY,2026-05-07,0.271
PLTY,2026-05-14,0.436
PLTY,2026-05-21,0.357
PLTY,2026-05-28,0.367
PLTY,2026-06-04,0.481
PLTY,2026-06-11,0.296
PLTY,2026-06-18,0.299
PLTY,2026-06-25,0.261
PLTY,2026-07-02,0.257
PLTY,2026-07-09,0.276
PLTY,2026-07-16,0.3
PLTY,2026-07-23,0.295
PLTY,2026-07-30,0.335
PLTY,2026-08-06,0.349
PLTY,2026-08-13,0.746
PLTY,2026-08-20,0.723
PLTY,2026-08-27,0.642
PLTY,2026-09-03,0.725
PLTY,2026-09-10,0.275
PLTY,2026-09-17,0.224
PLTY,2026-09-24,0.267
PLTY,2026-10-01,0.229
PMBS,2024-11-01,0.26
PMBS,2024-12-02,0.15
PMBS,2024-12-31,0.35
PMBS,2025-02-03,0.15
PMBS,2025-03-03,0.15
PMBS,2025-04-01,0.18
PMBS,2025-05-01,0.2
PMBS,2025-06-02,0.2
PMBS,2025-07-01,0.2
PMBS,2025-08-01,0.2
PMBS,2025-09-02,0.23
PMBS,2025-10-01,0.22
PMBS,2025-11-03,0.22
PMBS,2025-12-01,0.2
PMBS,2025-12-31,0.2
PMBS,2026-02-04,0.2
PMBS,2026-03-02,0.2
PMBS,2026-04-01,0.2
PMBS,2026-05-01,0.19
PMBS,2026-06-01,0.19
PMBS,2026-07-01,0.18
PMBS,2026-08-03,0.18
PMBS,2026-09-01,0.18
PMBS,2026-10-01,0.18
PMMF,2025-03-03,0.265
PMMF,2025-04-01,0.313
PMMF,2025-05-01,0.329
PMMF,2025-06-02,0.337
PMMF,2025-07-01,0.324
PMMF,2025-08-01,0.371
PMMF,2025-09-02,0.349
PMMF,2025-10-01,0.328
PMMF,2025-11-03,0.336
PMMF,2025-12-01,0.318
PMMF,2025-12-19,0.33
PMMF,2026-02-02,0.302
PMMF,2026-03-02,0.289
PMMF,2026-04-01,0.28
PMMF,2026-04-08,0.059
PMMF,2026-04-15,0.069
PMMF,2026-04-22,0.072
PMMF,2026-04-29,0.067
PMMF,2026-05-06,0.069
PMMF,2026-05-13,0.073
PMMF,2026-05-20,0.07
PMMF,2026-05-27,0.067
PMMF,2026-06-03,0.066
PMMF,2026-06-10,0.068
PMMF,2026-06-17,0.071
PMMF,2026-06-24,0.069
PMMF,2026-07-01,0.07
PMMF,2026-07-08,0.069
PMMF,2026-07-15,0.07
PMMF,2026-07-22,0.069
PMMF,2026-07-29,0.07
PMMF,2026-08-05,0.071
PMMF,2026-08-12,0.069
PMMF,2026-08-19,0.069
PMMF,2026-08-26,0.071
PMMF,2026-09-02,0.071
PMMF,2026-09-09,0.069
PMMF,2026-09-16,0.07
PMMF,2026-09-23,0.072
PMMF,2026-09-30,0.075
PNQI,2025-06-23,0.009
POWR,2023-12-20,0.602
POWR,2024-06-11,0.41
POWR,2024-12-17,0.585
POWR,2025-06-16,0.426
POWR,2025-12-16,1.354
POWR,2026-03-17,0.075
POWR,2026-06-15,0.079
POWR,2026-09-15,0.083
PPA,2023-09-18,0.117
PPA,2023-12-18,0.266
PPA,2024-03-18,0.114
PPA,2024-06-24,0.139
PPA,2024-09-23,0.133
PPA,2024-12-23,0.312
PPA,2025-03-24,0.049
PPA,2025-06-23,0.155
PPA,2025-09-22,0.455
PPA,2026-03-23,0.046
PPA,2026-06-22,0.136
PPA,2026-09-21,0.479
PPH,2023-10-02,0.34
PPH,2023-12-27,0.307
PPH,2024-04-01,0.533
PPH,2024-07-01,0.356
PPH,2024-10-01,0.409
PPH,2024-12-27,0.411
PPH,2025-04-01,0.525
PPH,2025-07-01,0.607
PPH,2025-10-01,0.393
PPH,2025-12-29,0.311
PPH,2026-04-01,0.844
PPH,2026-07-01,0.625
PPH,2026-10-01,0.36
PREF,2023-09-01,0.073
PREF,2023-10-02,0.072
PREF,2023-11-01,0.068
PREF,2023-12-01,0.069
PREF,2023-12-27,0.067
PREF,2024-02-01,0.07
PREF,2024-03-01,0.074
PREF,2024-04-01,0.07
PREF,2024-05-01,0.071
PREF,2024-06-03,0.073
PREF,2024-07-01,0.073
PREF,2024-08-01,0.072
PREF,2024-09-03,0.071
PREF,2024-10-01,0.073
PREF,2024-11-01,0.074
PREF,2024-12-02,0.073
PREF,2024-12-27,0.072
PREF,2025-02-03,0.073
PREF,2025-03-03,0.077
PREF,2025-04-01,0.071
PREF,2025-05-01,0.073
PREF,2025-06-02,0.074
PREF,2025-07-01,0.076
PREF,2025-08-01,0.078
PREF,2025-09-02,0.077
PREF,2025-10-01,0.08
PREF,2025-11-03,0.084
PREF,2025-12-01,0.083
PREF,2025-12-29,0.084
PREF,2026-02-02,0.081
PREF,2026-03-02,0.083
PREF,2026-04-01,0.084
PREF,2026-05-01,0.084
PREF,2026-06-01,0.084
PREF,2026-07-01,0.084
PREF,2026-08-03,0.088
PREF,2026-09-01,0.086
PREF,2026-10-01,0.086
PRF,2023-09-18,0.158
PRF,2023-12-18,0.181
PRF,2024-03-18,0.161
PRF,2024-06-24,0.173
PRF,2024-09-23,0.187
PRF,2024-12-23,0.197
PRF,2025-03-24,0.189
PRF,2025-06-23,0.175
PRF,2025-09-22,0.193
PRF,2025-12-22,0.189
PRF,2026-03-23,0.185
PRF,2026-06-22,0.175
PRF,2026-09-21,0.192
PRFZ,2023-09-18,0.143
PRFZ,2023-12-18,0.12
PRFZ,2024-03-18,0.086
PRFZ,2024-06-24,0.156
PRFZ,2024-09-23,0.131
PRFZ,2024-12-23,0.231
PRFZ,2025-03-24,0.044
PRFZ,2025-06-23,0.105
PRFZ,2025-09-22,0.115
PRFZ,2025-12-22,0.114
PRFZ,2026-03-23,0.102
PRFZ,2026-06-22,0.099
PRFZ,2026-09-21,0.129
PRN,2023-09-18,0.089
PRN,2023-12-18,0.182
PRN,2024-03-18,0.073
PRN,2024-06-24,0.029
PRN,2024-09-23,0.243
PRN,2024-12-23,0.25
PRN,2025-03-24,0.006
PRN,2025-06-23,0.072
PRN,2025-09-22,0.211
PRSD,2025-10-01,0.057
PRSD,2025-11-03,0.084
PRSD,2025-12-01,0.08
PRSD,2025-12-18,0.086
PRSD,2026-02-02,0.087
PRSD,2026-03-02,0.076
PRSD,2026-04-01,0.087
PRSD,2026-05-01,0.094
PRSD,2026-06-01,0.089
PRSD,2026-07-01,0.087
PRSD,2026-08-03,0.085
PRSD,2026-09-01,0.093
PRSD,2026-10-01,0.089
PSC,2023-10-02,0.087
PSC,2024-04-01,0.096
PSC,2024-07-01,0.099
PSC,2024-10-01,0.107
PSC,2024-12-27,0.08
PSC,2025-04-01,0.11
PSC,2025-07-01,0.11
PSC,2025-10-01,0.085
PSC,2025-12-29,0.081
PSC,2026-04-01,0.108
PSC,2026-07-01,0.087
PSC,2026-10-01,0.126
PSCH,2023-12-18,0.004
PSCH,2024-03-18,0.036
PSCH,2024-06-24,0.066
PSCH,2024-12-23,0.018
PSCH,2025-03-24,0.014
PSCH,2025-06-23,0.002
PSCH,2025-09-22,0.003
PSCI,2023-09-18,0.17
PSCI,2023-12-18,0.299
PSCI,2024-03-18,0.18
PSCI,2024-06-24,0.143
PSCI,2024-09-23,0.318
PSCI,2024-12-23,0.237
PSCI,2025-03-24,0.187
PSCI,2025-06-23,0.204
PSCI,2025-09-22,0.192
PSCI,2025-12-22,1.766
PSCI,2026-03-23,0.218
PSCI,2026-06-22,0.196
PSCI,2026-09-21,0.206
PSCT,2023-12-18,0.011
PSCT,2024-03-18,0.005
PSCT,2024-06-24,0.001
PSCT,2025-03-24,0.001
PSCT,2025-06-23,0.009
PSCT,2025-09-22,0.004
PSCT,2026-09-21,0.004
PSDM,2023-09-01,0.281
PSDM,2023-10-02,0.232
PSDM,2023-11-01,0.236
PSDM,2023-12-01,0.223
PSDM,2023-12-27,0.505
PSDM,2024-02-01,0.225
PSDM,2024-03-01,0.213
PSDM,2024-04-01,0.23
PSDM,2024-05-01,0.228
PSDM,2024-06-03,0.23
PSDM,2024-07-01,0.231
PSDM,2024-08-01,0.228
PSDM,2024-09-03,0.236
PSDM,2024-10-01,0.216
PSDM,2024-11-01,0.187
PSDM,2024-12-02,0.173
PSDM,2024-12-27,0.231
PSDM,2025-02-03,0.197
PSDM,2025-03-03,0.185
PSDM,2025-04-01,0.209
PSDM,2025-05-01,0.198
PSDM,2025-06-02,0.208
PSDM,2025-07-01,0.199
PSDM,2025-08-01,0.209
PSDM,2025-09-02,0.199
PSDM,2025-10-01,0.178
PSDM,2025-11-03,0.187
PSDM,2025-12-01,0.184
PSDM,2025-12-30,0.198
PSDM,2026-02-02,0.189
PSDM,2026-03-02,0.176
PSDM,2026-03-31,0.189
PSDM,2026-04-30,0.184
PSDM,2026-05-29,0.189
PSDM,2026-06-30,0.193
PSDM,2026-07-31,0.186
PSDM,2026-08-31,0.189
PSDM,2026-09-30,0.181
PSH,2024-02-01,0.326
PSH,2024-03-01,0.333
PSH,2024-04-01,0.382
PSH,2024-05-01,0.381
PSH,2024-06-03,0.39
PSH,2024-07-01,0.375
PSH,2024-08-01,0.379
PSH,2024-09-03,0.349
PSH,2024-10-01,0.288
PSH,2024-11-01,0.261
PSH,2024-12-02,0.292
PSH,2024-12-27,0.431
PSH,2025-02-03,0.267
PSH,2025-03-03,0.264
PSH,2025-04-01,0.302
PSH,2025-05-01,0.305
PSH,2025-06-02,0.317
PSH,2025-07-01,0.298
PSH,2025-08-01,0.308
PSH,2025-09-02,0.299
PSH,2025-10-01,0.244
PSH,2025-11-03,0.247
PSH,2025-12-01,0.23
PSH,2025-12-30,0.254
PSH,2026-02-02,0.244
PSH,2026-03-02,0.214
PSH,2026-03-31,0.256
PSH,2026-04-30,0.229
PSH,2026-05-29,0.242
PSH,2026-06-30,0.246
PSH,2026-07-31,0.25
PSH,2026-08-31,0.254
PSH,2026-09-30,0.235
PSI,2023-09-18,0.025
PSI,2023-12-18,0.052
PSI,2024-06-24,0.048
PSI,2024-09-23,0.007
PSI,2024-12-23,0.029
PSI,2025-03-24,0.005
PSI,2025-06-23,0.042
PSI,2025-09-22,0.024
PSI,2025-12-22,0.005
PSI,2026-03-23,0.003
PSI,2026-06-22,0.016
PSK,2023-09-01,0.18
PSK,2023-10-02,0.18
PSK,2023-11-01,0.18
PSK,2023-12-01,0.18
PSK,2023-12-18,0.18
PSK,2024-02-01,0.18
PSK,2024-03-01,0.18
PSK,2024-04-01,0.18
PSK,2024-05-01,0.18
PSK,2024-06-03,0.18
PSK,2024-07-01,0.18
PSK,2024-08-01,0.18
PSK,2024-09-03,0.18
PSK,2024-10-01,0.18
PSK,2024-11-01,0.18
PSK,2024-12-02,0.18
PSK,2024-12-19,0.18
PSK,2025-02-03,0.18
PSK,2025-03-03,0.18
PSK,2025-04-01,0.18
PSK,2025-05-01,0.18
PSK,2025-06-02,0.18
PSK,2025-07-01,0.18
PSK,2025-08-01,0.18
PSK,2025-09-02,0.18
PSK,2025-10-01,0.18
PSK,2025-11-03,0.18
PSK,2025-12-01,0.18
PSK,2025-12-18,0.18
PSK,2026-02-02,0.18
PSK,2026-03-02,0.18
PSK,2026-04-01,0.18
PSK,2026-05-01,0.18
PSK,2026-06-01,0.18
PSK,2026-07-01,0.18
PSK,2026-08-03,0.18
PSK,2026-09-01,0.16
PSK,2026-10-01,0.16
PSP,2023-09-18,0.6
PSP,2023-12-18,0.747
PSP,2024-03-18,0.538
PSP,2024-06-24,3.518
PSP,2024-09-23,0.511
PSP,2024-12-23,1.188
PSP,2025-03-24,0.222
PSP,2025-06-23,1.405
PSP,2025-09-22,0.836
PSP,2025-12-22,1.472
PSP,2026-03-23,0.153
PSP,2026-06-22,1.112
PSP,2026-09-21,0.404
PSQ,2023-09-20,0.715
PSQ,2023-12-20,0.95
PSQ,2024-03-20,0.54
PSQ,2024-06-26,0.756
PSQ,2024-09-25,0.678
PSQ,2024-12-23,0.699
PSQ,2025-03-26,0.341
PSQ,2025-06-25,0.401
PSQ,2025-09-24,0.36
PSQ,2025-12-24,0.4
PSQ,2026-03-25,0.154
PSQ,2026-06-24,0.229
PSQ,2026-09-23,0.257
PSQA,2024-12-24,0.291
PSQA,2025-03-25,0.209
PSQA,2025-06-24,0.23
PSQA,2025-09-24,0.238
PSQA,2025-12-24,0.235
PSQA,2026-03-25,0.176
PSQA,2026-06-24,0.198
PSQO,2024-12-24,0.282
PSQO,2025-03-25,0.202
PSQO,2025-06-24,0.164
PSQO,2025-09-24,0.258
PSQO,2025-12-24,0.294
PSQO,2026-03-25,0.143
PSQO,2026-06-24,0.241
PTF,2023-09-18,0.016
PTF,2025-03-24,0.149
PTF,2025-09-22,0.008
PTH,2024-06-24,0.025
PTH,2025-12-22,1.526
PTIR,2025-12-29,1.553
PTL,2024-06-25,0.517
PTL,2024-09-25,0.715
PTL,2024-12-16,0.725
PTL,2025-03-27,0.796
PTL,2025-06-26,0.767
PTL,2025-09-26,0.769
PTL,2025-12-17,0.758
PTL,2026-03-27,0.889
PTL,2026-06-26,0.816
PTLC,2023-12-27,0.51
PTLC,2024-12-27,0.358
PTLC,2025-12-30,0.591
PTNQ,2023-12-27,0.961
PTNQ,2024-12-27,1.449
PTNQ,2025-12-30,0.693
PTRB,2023-09-01,0.184
PTRB,2023-10-02,0.177
PTRB,2023-11-01,0.181
PTRB,2023-12-01,0.17
PTRB,2023-12-27,0.139
PTRB,2024-02-01,0.185
PTRB,2024-03-01,0.161
PTRB,2024-04-01,0.162
PTRB,2024-05-01,0.165
PTRB,2024-06-03,0.18
PTRB,2024-07-01,0.173
PTRB,2024-08-01,0.17
PTRB,2024-09-03,0.184
PTRB,2024-10-01,0.169
PTRB,2024-11-01,0.176
PTRB,2024-12-02,0.166
PTRB,2024-12-27,0.198
PTRB,2025-02-03,0.153
PTRB,2025-03-03,0.155
PTRB,2025-04-01,0.173
PTRB,2025-05-01,0.165
PTRB,2025-06-02,0.163
PTRB,2025-07-01,0.161
PTRB,2025-08-01,0.169
PTRB,2025-09-02,0.161
PTRB,2025-10-01,0.155
PTRB,2025-11-03,0.163
PTRB,2025-12-01,0.169
PTRB,2025-12-30,0.202
PTRB,2026-02-02,0.148
PTRB,2026-03-02,0.155
PTRB,2026-03-31,0.168
PTRB,2026-04-30,0.157
PTRB,2026-05-29,0.155
PTRB,2026-06-30,0.156
PTRB,2026-07-31,0.156
PTRB,2026-08-31,0.161
PTRB,2026-09-30,0.158
PULS,2023-09-01,0.228
PULS,2023-10-02,0.224
PULS,2023-11-01,0.238
PULS,2023-12-01,0.24
PULS,2023-12-27,0.259
PULS,2024-02-01,0.252
PULS,2024-03-01,0.221
PULS,2024-04-01,0.244
PULS,2024-05-01,0.223
PULS,2024-06-03,0.236
PULS,2024-07-01,0.24
PULS,2024-08-01,0.237
PULS,2024-09-03,0.234
PULS,2024-10-01,0.229
PULS,2024-11-01,0.215
PULS,2024-12-02,0.207
PULS,2024-12-27,0.25
PULS,2025-02-03,0.2
PULS,2025-03-03,0.182
PULS,2025-04-01,0.199
PULS,2025-05-01,0.195
PULS,2025-06-02,0.199
PULS,2025-07-01,0.192
PULS,2025-08-01,0.199
PULS,2025-09-02,0.199
PULS,2025-10-01,0.194
PULS,2025-11-03,0.197
PULS,2025-12-01,0.189
PULS,2025-12-30,0.226
PULS,2026-02-02,0.184
PULS,2026-03-02,0.165
PULS,2026-03-31,0.179
PULS,2026-04-30,0.166
PULS,2026-05-29,0.178
PULS,2026-06-30,0.165
PULS,2026-07-31,0.171
PULS,2026-08-31,0.177
PULS,2026-09-30,0.171
PUSH,2024-08-01,0.197
PUSH,2024-09-03,0.127
PUSH,2024-10-01,0.163
PUSH,2024-11-01,0.154
PUSH,2024-12-02,0.145
PUSH,2024-12-27,0.146
PUSH,2025-02-03,0.172
PUSH,2025-03-03,0.135
PUSH,2025-04-01,0.147
PUSH,2025-05-01,0.141
PUSH,2025-06-02,0.158
PUSH,2025-07-01,0.147
PUSH,2025-08-01,0.162
PUSH,2025-09-02,0.133
PUSH,2025-10-01,0.14
PUSH,2025-11-03,0.136
PUSH,2025-12-01,0.138
PUSH,2025-12-30,0.131
PUSH,2026-02-02,0.127
PUSH,2026-03-02,0.125
PUSH,2026-03-31,0.128
PUSH,2026-04-30,0.128
PUSH,2026-05-29,0.137
PUSH,2026-06-30,0.137
PUSH,2026-07-31,0.134
PUSH,2026-08-31,0.134
PUSH,2026-09-30,0.124
PVAL,2023-09-07,0.111
PVAL,2023-12-06,0.212
PVAL,2024-03-06,0.111
PVAL,2024-06-06,0.111
PVAL,2024-09-06,0.121
PVAL,2024-12-05,0.155
PVAL,2025-04-04,0.101
PVAL,2025-07-07,0.14
PVAL,2025-10-06,0.103
PVAL,2025-12-19,0.112
PVAL,2026-04-07,0.14
PVAL,2026-07-07,0.126
PWB,2023-09-18,0.033
PWB,2023-12-18,0.102
PWB,2024-03-18,0.008
PWB,2024-12-23,0.073
PWB,2025-06-23,0.002
PWRD,2023-09-19,0.059
PWRD,2023-12-19,0.146
PWRD,2024-03-18,0.044
PWRD,2024-06-24,0.188
PWRD,2024-09-23,0.061
PWRD,2024-12-23,0.066
PWRD,2025-03-24,0.044
PWRD,2025-06-23,0.167
PWRD,2026-06-23,0.061
PWV,2023-09-18,0.26
PWV,2023-12-18,0.271
PWV,2024-03-18,0.263
PWV,2024-06-24,0.32
PWV,2024-09-23,0.304
PWV,2024-12-23,0.294
PWV,2025-03-24,0.409
PWV,2025-06-23,0.437
PWV,2025-09-22,0.292
PWV,2025-12-22,0.274
PWV,2026-03-23,0.34
PWV,2026-06-22,0.414
PWV,2026-09-21,0.344
PWZ,2023-09-18,0.06
PWZ,2023-10-23,0.059
PWZ,2023-11-20,0.061
PWZ,2023-12-18,0.068
PWZ,2024-01-22,0.066
PWZ,2024-02-20,0.065
PWZ,2024-03-18,0.066
PWZ,2024-04-22,0.067
PWZ,2024-05-20,0.067
PWZ,2024-06-24,0.069
PWZ,2024-07-22,0.07
PWZ,2024-08-19,0.065
PWZ,2024-09-23,0.08
PWZ,2024-10-21,0.069
PWZ,2024-11-18,0.064
PWZ,2024-12-23,0.063
PWZ,2025-01-21,0.067
PWZ,2025-02-24,0.064
PWZ,2025-03-24,0.069
PWZ,2025-04-21,0.069
PWZ,2025-05-19,0.07
PWZ,2025-06-23,0.066
PWZ,2025-07-21,0.067
PWZ,2025-08-18,0.067
PWZ,2025-09-22,0.066
PWZ,2025-10-20,0.069
PWZ,2025-11-24,0.075
PWZ,2025-12-22,0.075
PWZ,2026-01-20,0.077
PWZ,2026-02-23,0.076
PWZ,2026-03-23,0.078
PWZ,2026-04-20,0.078
PWZ,2026-05-18,0.078
PWZ,2026-06-22,0.074
PWZ,2026-07-20,0.078
PWZ,2026-08-24,0.079
PWZ,2026-09-21,0.073
PXE,2023-09-18,0.161
PXE,2023-12-18,0.26
PXE,2024-03-18,0.164
PXE,2024-06-24,0.178
PXE,2024-09-23,0.205
PXE,2024-12-23,0.204
PXE,2025-03-24,0.193
PXE,2025-06-23,0.25
PXE,2025-09-22,0.211
PXE,2025-12-22,0.179
PXE,2026-03-23,0.103
PXE,2026-06-22,0.17
PXE,2026-09-21,0.173
PXF,2023-09-18,0.33
PXF,2023-12-18,0.35
PXF,2024-03-18,0.372
PXF,2024-06-24,0.635
PXF,2024-09-23,0.332
PXF,2024-12-23,0.327
PXF,2025-03-24,0.463
PXF,2025-06-23,0.72
PXF,2025-09-22,0.426
PXF,2025-12-22,0.774
PXF,2026-03-23,0.489
PXF,2026-06-22,0.681
PXF,2026-09-21,0.549
PXH,2023-09-18,0.359
PXH,2023-12-18,0.172
PXH,2024-03-18,0.065
PXH,2024-06-24,0.301
PXH,2024-09-23,0.339
PXH,2024-12-23,0.203
PXH,2025-03-24,0.119
PXH,2025-06-23,0.158
PXH,2025-09-22,0.385
PXH,2025-12-22,0.376
PXH,2026-03-23,0.094
PXH,2026-06-22,0.366
PXH,2026-09-21,0.325
PXJ,2023-09-18,0.206
PXJ,2023-12-18,0.147
PXJ,2024-03-18,0.097
PXJ,2024-06-24,0.356
PXJ,2024-09-23,0.264
PXJ,2024-12-23,0.212
PXJ,2025-03-24,0.118
PXJ,2025-06-23,0.261
PXJ,2025-09-22,0.22
PXJ,2025-12-22,0.254
PXJ,2026-03-23,0.207
PXJ,2026-06-22,0.33
PXJ,2026-09-21,0.444
PYLD,2023-09-01,0.12
PYLD,2023-10-02,0.12
PYLD,2023-11-01,0.12
PYLD,2023-12-01,0.11
PYLD,2023-12-28,0.116
PYLD,2024-02-01,0.11
PYLD,2024-03-01,0.117
PYLD,2024-04-01,0.117
PYLD,2024-05-01,0.118
PYLD,2024-06-03,0.135
PYLD,2024-07-01,0.12
PYLD,2024-08-01,0.13
PYLD,2024-09-03,0.13
PYLD,2024-10-01,0.13
PYLD,2024-11-01,0.16
PYLD,2024-12-02,0.15
PYLD,2024-12-31,0.13
PYLD,2025-02-03,0.12
PYLD,2025-03-03,0.11
PYLD,2025-04-01,0.12
PYLD,2025-05-01,0.13
PYLD,2025-06-02,0.13
PYLD,2025-07-01,0.13
PYLD,2025-08-01,0.13
PYLD,2025-09-02,0.14
PYLD,2025-10-01,0.14
PYLD,2025-11-03,0.14
PYLD,2025-12-01,0.13
PYLD,2025-12-10,0.107
PYLD,2025-12-31,0.13
PYLD,2026-02-02,0.12
PYLD,2026-03-02,0.12
PYLD,2026-04-01,0.12
PYLD,2026-05-01,0.12
PYLD,2026-06-01,0.13
PYLD,2026-07-01,0.14
PYLD,2026-08-03,0.14
PYLD,2026-09-01,0.14
PYLD,2026-10-01,0.14
PZA,2023-09-18,0.054
PZA,2023-10-23,0.058
PZA,2023-11-20,0.062
PZA,2023-12-18,0.064
PZA,2024-01-22,0.062
PZA,2024-02-20,0.059
PZA,2024-03-18,0.063
PZA,2024-04-22,0.063
PZA,2024-05-20,0.064
PZA,2024-06-24,0.066
PZA,2024-07-22,0.067
PZA,2024-08-19,0.062
PZA,2024-09-23,0.065
PZA,2024-10-21,0.065
PZA,2024-11-18,0.062
PZA,2024-12-23,0.064
PZA,2025-01-21,0.065
PZA,2025-02-24,0.063
PZA,2025-03-24,0.066
PZA,2025-04-21,0.067
PZA,2025-05-19,0.068
PZA,2025-06-23,0.067
PZA,2025-07-21,0.069
PZA,2025-08-18,0.069
PZA,2025-09-22,0.068
PZA,2025-10-20,0.07
PZA,2025-11-24,0.071
PZA,2025-12-22,0.08
PZA,2026-01-20,0.073
PZA,2026-02-23,0.068
PZA,2026-03-23,0.071
PZA,2026-04-20,0.072
PZA,2026-05-18,0.073
PZA,2026-06-22,0.073
PZA,2026-07-20,0.075
PZA,2026-08-24,0.076
PZA,2026-09-21,0.075
PZT,2023-09-18,0.054
PZT,2023-10-23,0.056
PZT,2023-11-20,0.055
PZT,2023-12-18,0.056
PZT,2024-01-22,0.055
PZT,2024-02-20,0.054
PZT,2024-03-18,0.055
PZT,2024-04-22,0.055
PZT,2024-05-20,0.053
PZT,2024-06-24,0.057
PZT,2024-07-22,0.06
PZT,2024-08-19,0.062
PZT,2024-09-23,0.059
PZT,2024-10-21,0.059
PZT,2024-11-18,0.059
PZT,2024-12-23,0.061
PZT,2025-01-21,0.061
PZT,2025-02-24,0.057
PZT,2025-03-24,0.062
PZT,2025-04-21,0.062
PZT,2025-05-19,0.063
PZT,2025-06-23,0.063
PZT,2025-07-21,0.065
PZT,2025-08-18,0.065
PZT,2025-09-22,0.064
PZT,2025-10-20,0.066
PZT,2025-11-24,0.067
PZT,2025-12-22,0.072
PZT,2026-01-20,0.068
PZT,2026-02-23,0.065
PZT,2026-03-23,0.071
PZT,2026-04-20,0.071
PZT,2026-05-18,0.072
PZT,2026-06-22,0.07
PZT,2026-07-20,0.072
PZT,2026-08-24,0.073
PZT,2026-09-21,0.072
QAI,2023-12-28,1.227
QAI,2024-12-30,0.699
QAI,2025-12-30,0.504
QBTX,2025-12-12,17.46
QCLN,2023-09-22,0.026
QCLN,2023-12-22,0.082
QCLN,2024-06-27,0.177
QCLN,2024-09-26,0.078
QCLN,2024-12-13,0.04
QCLN,2025-03-27,0.02
QCLN,2025-06-26,0.017
QCLN,2025-09-25,0.032
QCLN,2025-12-12,0.044
QCLN,2026-03-26,0.007
QCMU,2025-09-23,0.217
QCMU,2025-12-23,0.207
QCMU,2026-03-24,0.127
QCMU,2026-06-23,0.118
QCMU,2026-09-22,0.141
QDF,2023-09-15,0.287
QDF,2023-12-15,0.451
QDF,2024-03-15,0.194
QDF,2024-06-21,0.342
QDF,2024-09-20,0.344
QDF,2024-12-20,0.483
QDF,2025-03-21,0.19
QDF,2025-06-20,0.348
QDF,2025-09-19,0.323
QDF,2025-12-19,0.469
QDF,2026-03-20,0.198
QDF,2026-06-18,0.356
QDF,2026-09-18,0.347
QDPL,2023-09-28,0.506
QDPL,2023-12-28,0.53
QDPL,2024-03-27,0.509
QDPL,2024-06-28,0.53
QDPL,2024-09-30,0.517
QDPL,2024-12-31,0.529
QDPL,2025-03-31,0.527
QDPL,2025-06-30,0.5
QDPL,2025-07-31,0.125
QDPL,2025-08-29,0.139
QDPL,2025-09-30,0.246
QDPL,2025-10-31,0.132
QDPL,2025-11-28,0.211
QDPL,2025-12-31,0.177
QDPL,2026-01-30,0.145
QDPL,2026-02-27,0.189
QDPL,2026-03-31,0.197
QDPL,2026-04-30,0.119
QDPL,2026-05-29,0.143
QDPL,2026-06-30,0.251
QDPL,2026-07-31,0.121
QDPL,2026-08-31,0.202
QDPL,2026-09-30,0.189
QDTE,2024-03-26,0.364
QDTE,2024-04-03,0.332
QDTE,2024-04-10,0.091
QDTE,2024-04-17,0.267
QDTE,2024-04-24,0.334
QDTE,2024-05-01,0.252
QDTE,2024-05-08,0.311
QDTE,2024-05-15,0.375
QDTE,2024-05-22,0.212
QDTE,2024-05-30,0.212
QDTE,2024-06-06,0.143
QDTE,2024-06-13,0.234
QDTE,2024-06-20,0.298
QDTE,2024-06-27,0.355
QDTE,2024-07-03,0.197
QDTE,2024-07-11,0.346
QDTE,2024-07-18,0.31
QDTE,2024-07-25,0.354
QDTE,2024-08-01,0.569
QDTE,2024-08-08,0.514
QDTE,2024-08-15,0.476
QDTE,2024-08-22,0.476
QDTE,2024-08-29,0.313
QDTE,2024-09-05,0.329
QDTE,2024-09-12,0.446
QDTE,2024-09-19,0.195
QDTE,2024-09-26,0.257
QDTE,2024-10-03,0.218
QDTE,2024-10-10,0.27
QDTE,2024-10-17,0.318
QDTE,2024-10-24,0.208
QDTE,2024-10-31,0.205
QDTE,2024-11-07,0.265
QDTE,2024-11-14,0.253
QDTE,2024-11-21,0.252
QDTE,2024-11-27,0.221
QDTE,2024-12-05,0.236
QDTE,2024-12-12,0.165
QDTE,2024-12-19,0.87
QDTE,2024-12-26,0.804
QDTE,2025-01-02,0.298
QDTE,2025-01-08,0.183
QDTE,2025-01-16,0.337
QDTE,2025-01-23,0.246
QDTE,2025-01-30,0.188
QDTE,2025-02-06,0.231
QDTE,2025-02-13,0.251
QDTE,2025-02-20,0.246
QDTE,2025-02-27,0.26
QDTE,2025-03-06,0.151
QDTE,2025-03-13,0.233
QDTE,2025-03-20,0.277
QDTE,2025-03-27,0.236
QDTE,2025-04-03,0.25
QDTE,2025-04-10,0.18
QDTE,2025-04-16,0.209
QDTE,2025-04-24,0.24
QDTE,2025-05-01,0.218
QDTE,2025-05-08,0.308
QDTE,2025-05-15,0.18
QDTE,2025-05-22,0.172
QDTE,2025-05-29,0.215
QDTE,2025-06-05,0.208
QDTE,2025-06-12,0.146
QDTE,2025-06-18,0.205
QDTE,2025-06-26,0.247
QDTE,2025-07-02,0.229
QDTE,2025-07-10,0.237
QDTE,2025-07-17,0.239
QDTE,2025-07-24,0.237
QDTE,2025-07-31,0.238
QDTE,2025-08-07,0.239
QDTE,2025-08-14,0.233
QDTE,2025-08-21,0.239
QDTE,2025-08-28,0.204
QDTE,2025-09-04,0.286
QDTE,2025-09-11,0.2
QDTE,2025-09-18,0.201
QDTE,2025-09-25,0.204
QDTE,2025-10-02,0.207
QDTE,2025-10-09,0.204
QDTE,2025-10-16,0.204
QDTE,2025-10-23,0.198
QDTE,2025-10-30,0.236
QDTE,2025-11-06,0.205
QDTE,2025-11-13,0.223
QDTE,2025-11-20,0.225
QDTE,2025-11-26,0.234
QDTE,2025-12-04,0.385
QDTE,2025-12-11,0.202
QDTE,2025-12-18,0.202
QDTE,2025-12-24,1.915
QDTE,2025-12-31,1.721
QDTE,2026-01-08,0.158
QDTE,2026-01-15,0.118
QDTE,2026-01-22,0.177
QDTE,2026-01-29,0.099
QDTE,2026-02-05,0.073
QDTE,2026-02-12,0.14
QDTE,2026-02-19,0.27
QDTE,2026-02-26,0.221
QDTE,2026-03-05,0.195
QDTE,2026-03-12,0.187
QDTE,2026-03-19,0.125
QDTE,2026-03-26,0.113
QDTE,2026-04-01,0.159
QDTE,2026-04-09,0.104
QDTE,2026-04-16,0.099
QDTE,2026-04-23,0.163
QDTE,2026-04-30,0.157
QDTE,2026-05-07,0.166
QDTE,2026-05-14,0.21
QDTE,2026-05-21,0.172
QDTE,2026-05-28,0.283
QDTE,2026-06-04,0.238
QDTE,2026-06-11,0.151
QDTE,2026-06-17,0.125
QDTE,2026-06-25,0.236
QDTE,2026-07-01,0.243
QDTE,2026-07-09,0.203
QDTE,2026-07-16,0.209
QDTE,2026-07-23,0.23
QDTE,2026-07-30,0.137
QDTE,2026-08-06,0.137
QDTE,2026-08-13,0.208
QDTE,2026-08-20,0.279
QDTE,2026-08-27,0.121
QDTE,2026-09-03,0.139
QDTE,2026-09-10,0.134
QDTE,2026-09-17,0.115
QDTE,2026-09-24,0.11
QDTE,2026-10-01,0.111
QDVO,2024-09-27,0.149
QDVO,2024-10-30,0.151
QDVO,2024-11-27,0.168
QDVO,2024-12-30,0.278
QDVO,2025-01-30,0.193
QDVO,2025-02-27,0.198
QDVO,2025-03-28,0.21
QDVO,2025-04-29,0.227
QDVO,2025-05-29,0.242
QDVO,2025-06-27,0.227
QDVO,2025-07-30,0.213
QDVO,2025-08-28,0.287
QDVO,2025-09-29,0.291
QDVO,2025-10-30,0.251
QDVO,2025-11-26,0.268
QDVO,2025-12-30,0.271
QDVO,2026-01-29,0.245
QDVO,2026-02-26,0.236
QDVO,2026-03-30,0.245
QDVO,2026-04-29,0.271
QDVO,2026-05-28,0.282
QDVO,2026-06-29,0.266
QDVO,2026-07-30,0.265
QDVO,2026-08-28,0.271
QDVO,2026-09-29,0.279
QEFA,2023-12-15,0.809
QEFA,2024-06-03,1.362
QEFA,2024-12-18,0.935
QEFA,2025-06-02,1.593
QEFA,2025-11-25,1.241
QEFA,2026-06-01,1.498
QFLR,2024-03-27,0.006
QFLR,2024-06-28,0.002
QFLR,2025-03-31,0.008
QGRO,2023-09-21,0.057
QGRO,2023-12-18,0.069
QGRO,2024-03-21,0.062
QGRO,2024-06-24,0.092
QGRO,2024-09-23,0.075
QGRO,2024-12-17,0.02
QGRO,2025-03-25,0.092
QGRO,2025-06-24,0.074
QGRO,2025-09-23,0.041
QGRO,2025-12-16,0.085
QGRO,2026-03-10,0.026
QGRO,2026-06-09,0.063
QGRO,2026-09-08,0.061
QGRW,2023-12-22,0.04
QGRW,2024-12-26,0.07
QGRW,2025-12-26,0.05
QHY,2023-09-25,0.24
QHY,2023-10-25,0.24
QHY,2023-11-24,0.24
QHY,2023-12-22,0.27
QHY,2024-01-25,0.23
QHY,2024-02-23,0.23
QHY,2024-03-22,0.235
QHY,2024-04-24,0.235
QHY,2024-05-24,0.235
QHY,2024-06-25,0.24
QHY,2024-07-26,0.24
QHY,2024-08-27,0.24
QHY,2024-09-25,0.24
QHY,2024-10-28,0.24
QHY,2024-11-25,0.24
QHY,2024-12-26,0.282
QHY,2025-01-28,0.24
QHY,2025-02-25,0.215
QHY,2025-03-26,0.27
QHY,2025-04-25,0.245
QHY,2025-05-27,0.245
QHY,2025-06-25,0.235
QHY,2025-07-28,0.25
QHY,2025-08-26,0.24
QHY,2025-09-25,0.225
QHY,2025-10-28,0.235
QHY,2025-11-24,0.245
QHY,2025-12-26,0.264
QHY,2026-01-27,0.23
QHY,2026-02-24,0.21
QHY,2026-03-26,0.265
QHY,2026-04-27,0.23
QHY,2026-05-26,0.245
QHY,2026-06-25,0.225
QHY,2026-07-28,0.245
QHY,2026-08-26,0.235
QHY,2026-09-25,0.225
QID,2023-09-20,0.88
QID,2023-12-20,1.03
QID,2024-03-20,0.79
QID,2024-06-26,0.78
QID,2024-09-25,0.53
QID,2024-12-23,0.514
QID,2025-03-26,0.369
QID,2025-06-25,0.276
QID,2025-09-24,0.248
QID,2025-12-24,0.371
QID,2026-03-25,0.147
QID,2026-06-24,0.146
QID,2026-09-23,0.174
QINT,2023-12-18,0.606
QINT,2024-06-24,1.033
QINT,2024-12-17,0.637
QINT,2025-06-24,0.898
QINT,2025-12-16,0.81
QINT,2026-03-10,0.048
QINT,2026-06-09,0.863
QINT,2026-09-08,0.22
QLC,2023-09-15,0.156
QLC,2023-12-15,0.197
QLC,2024-03-15,0.129
QLC,2024-06-21,0.169
QLC,2024-09-20,0.134
QLC,2024-12-20,0.253
QLC,2025-03-21,0.118
QLC,2025-06-20,0.169
QLC,2025-09-19,0.196
QLC,2025-12-19,0.282
QLC,2026-03-20,0.142
QLC,2026-06-18,0.222
QLC,2026-09-18,0.225
QLD,2023-09-20,0.088
QLD,2023-12-20,0.039
QLD,2024-03-20,0.0275
QLD,2024-06-26,0.053
QLD,2024-09-25,0.0255
QLD,2024-12-23,0.0305
QLD,2025-03-26,0.013
QLD,2025-06-25,0.062
QLD,2025-09-24,0.0205
QLD,2025-12-24,0.023
QLD,2026-03-25,0.013
QLD,2026-06-24,0.061
QLD,2026-09-23,0.027
QLDY,2025-10-01,0.196
QLDY,2025-10-03,0.197
QLDY,2025-10-08,0.197
QLDY,2025-10-10,0.197
QLDY,2025-10-15,0.193
QLDY,2025-10-17,0.193
QLDY,2025-10-22,0.194
QLDY,2025-10-24,0.192
QLDY,2025-10-29,0.198
QLDY,2025-10-31,0.201
QLDY,2025-11-05,0.199
QLDY,2025-11-07,0.194
QLDY,2025-11-12,0.194
QLDY,2025-11-14,0.192
QLDY,2025-11-19,0.185
QLDY,2025-11-21,0.183
QLDY,2025-11-26,0.184
QLDY,2025-12-01,0.187
QLDY,2025-12-03,0.187
QLDY,2025-12-05,0.19
QLDY,2025-12-10,0.189
QLDY,2025-12-12,0.19
QLDY,2025-12-17,0.183
QLDY,2025-12-19,0.179
QLDY,2025-12-24,0.185
QLDY,2025-12-29,0.186
QLDY,2025-12-31,0.185
QLDY,2026-01-05,0.181
QLDY,2026-01-07,0.181
QLDY,2026-01-09,0.182
QLDY,2026-01-14,0.183
QLDY,2026-01-16,0.18
QLDY,2026-01-21,0.179
QLDY,2026-01-23,0.176
QLDY,2026-01-28,0.179
QLDY,2026-01-30,0.181
QLDY,2026-02-04,0.178
QLDY,2026-02-06,0.171
QLDY,2026-02-11,0.172
QLDY,2026-02-13,0.171
QLDY,2026-02-18,0.166
QLDY,2026-02-20,0.167
QLDY,2026-02-25,0.165
QLDY,2026-02-27,0.169
QLDY,2026-03-04,0.166
QLDY,2026-03-06,0.166
QLDY,2026-03-11,0.165
QLDY,2026-03-13,0.165
QLDY,2026-03-18,0.161
QLDY,2026-03-20,0.159
QLDY,2026-03-25,0.155
QLDY,2026-03-27,0.154
QLDY,2026-04-01,0.144
QLDY,2026-04-06,0.149
QLDY,2026-04-08,0.152
QLDY,2026-04-10,0.157
QLDY,2026-04-15,0.16
QLDY,2026-04-17,0.165
QLDY,2026-04-22,0.167
QLDY,2026-04-24,0.169
QLDY,2026-04-29,0.171
QLDY,2026-05-01,0.153
QLDY,2026-05-06,0.172
QLDY,2026-05-08,0.178
QLDY,2026-05-13,0.182
QLDY,2026-05-15,0.182
QLDY,2026-05-20,0.179
QLDY,2026-05-22,0.177
QLDY,2026-05-27,0.181
QLDY,2026-05-29,0.184
QLDY,2026-06-03,0.187
QLDY,2026-06-05,0.188
QLDY,2026-06-10,0.175
QLDY,2026-06-12,0.175
QLDY,2026-06-17,0.184
QLDY,2026-06-22,0.178
QLDY,2026-06-24,0.181
QLDY,2026-06-26,0.173
QLDY,2026-07-01,0.17
QLDY,2026-07-06,0.174
QLDY,2026-07-08,0.172
QLDY,2026-07-10,0.169
QLDY,2026-07-15,0.169
QLDY,2026-07-17,0.17
QLDY,2026-07-22,0.163
QLDY,2026-07-24,0.164
QLDY,2026-07-29,0.157
QLDY,2026-07-31,0.151
QLDY,2026-08-05,0.16
QLDY,2026-08-07,0.164
QLDY,2026-08-12,0.164
QLDY,2026-08-14,0.163
QLDY,2026-08-19,0.164
QLDY,2026-08-21,0.159
QLDY,2026-08-26,0.156
QLDY,2026-08-28,0.156
QLDY,2026-09-02,0.157
QLDY,2026-09-04,0.155
QLDY,2026-09-09,0.157
QLDY,2026-09-11,0.156
QLDY,2026-09-16,0.154
QLDY,2026-09-18,0.152
QLDY,2026-09-23,0.16
QLDY,2026-09-25,0.159
QLDY,2026-09-30,0.158
QLDY,2026-10-02,0.158
QLTA,2023-09-01,0.144
QLTA,2023-10-02,0.141
QLTA,2023-11-01,0.148
QLTA,2023-12-01,0.148
QLTA,2023-12-14,0.155
QLTA,2024-02-01,0.154
QLTA,2024-03-01,0.154
QLTA,2024-04-01,0.157
QLTA,2024-05-01,0.161
QLTA,2024-06-03,0.16
QLTA,2024-07-01,0.16
QLTA,2024-08-01,0.135
QLTA,2024-09-03,0.17
QLTA,2024-10-01,0.17
QLTA,2024-11-01,0.156
QLTA,2024-12-02,0.171
QLTA,2024-12-18,0.176
QLTA,2025-02-03,0.165
QLTA,2025-03-03,0.185
QLTA,2025-04-01,0.166
QLTA,2025-05-01,0.175
QLTA,2025-06-02,0.175
QLTA,2025-07-01,0.175
QLTA,2025-08-01,0.174
QLTA,2025-09-02,0.175
QLTA,2025-10-01,0.17
QLTA,2025-11-03,0.173
QLTA,2025-12-01,0.176
QLTA,2025-12-19,0.176
QLTA,2026-02-02,0.175
QLTA,2026-03-02,0.177
QLTA,2026-04-01,0.181
QLTA,2026-05-01,0.187
QLTA,2026-06-01,0.179
QLTA,2026-07-01,0.184
QLTA,2026-08-03,0.185
QLTA,2026-09-01,0.177
QLTA,2026-10-01,0.176
QLTY,2023-12-27,0.041
QLTY,2024-03-27,0.046
QLTY,2024-06-28,0.053
QLTY,2024-09-30,0.06
QLTY,2024-12-30,0.095
QLTY,2025-03-31,0.048
QLTY,2025-07-01,0.068
QLTY,2025-09-30,0.078
QLTY,2025-12-30,0.085
QLTY,2026-03-31,0.061
QLTY,2026-06-30,0.075
QLTY,2026-09-30,0.061
QMOM,2023-12-20,0.436
QMOM,2024-12-24,0.901
QMOM,2025-12-23,0.354
QNDX,2026-09-21,0.027
QQA,2024-08-19,0.413
QQA,2024-09-23,0.418
QQA,2024-10-21,0.425
QQA,2024-11-18,0.457
QQA,2024-12-23,0.436
QQA,2025-01-21,0.437
QQA,2025-02-24,0.44
QQA,2025-03-24,0.403
QQA,2025-04-21,0.375
QQA,2025-05-19,0.418
QQA,2025-06-23,0.42
QQA,2025-07-21,0.437
QQA,2025-08-18,0.444
QQA,2025-09-22,0.454
QQA,2025-10-20,0.455
QQA,2025-11-24,0.443
QQA,2025-12-22,0.459
QQA,2026-01-20,0.46
QQA,2026-02-23,0.451
QQA,2026-03-23,0.434
QQA,2026-04-20,0.464
QQA,2026-05-18,0.486
QQA,2026-06-22,0.5
QQA,2026-07-20,0.476
QQA,2026-08-24,0.483
QQA,2026-09-21,0.486
QQEW,2023-09-22,0.16
QQEW,2023-12-22,0.323
QQEW,2024-03-21,0.215
QQEW,2024-06-27,0.224
QQEW,2024-09-26,0.13
QQEW,2024-12-13,0.144
QQEW,2025-03-27,0.153
QQEW,2025-06-26,0.13
QQEW,2025-09-25,0.108
QQEW,2025-12-12,0.188
QQEW,2026-03-26,0.02
QQH,2023-12-15,0.137
QQH,2024-12-16,0.16
QQH,2025-12-16,0.164
QQMG,2023-09-18,0.036
QQMG,2023-12-18,0.054
QQMG,2024-03-18,0.041
QQMG,2024-06-24,0.044
QQMG,2024-09-23,0.044
QQMG,2024-12-23,0.045
QQMG,2025-03-24,0.044
QQMG,2025-06-23,0.043
QQMG,2025-09-22,0.042
QQMG,2025-12-22,0.045
QQMG,2026-03-23,0.044
QQMG,2026-06-22,0.051
QQMG,2026-09-21,0.042
QQQ,2023-09-18,0.536
QQQ,2023-12-18,0.808
QQQ,2023-12-27,0.216
QQQ,2024-03-18,0.573
QQQ,2024-06-24,0.762
QQQ,2024-09-23,0.677
QQQ,2024-12-23,0.835
QQQ,2025-03-24,0.716
QQQ,2025-06-23,0.591
QQQ,2025-09-22,0.694
QQQ,2025-12-22,0.794
QQQ,2026-03-23,0.733
QQQ,2026-06-22,0.813
QQQ,2026-09-21,0.751
QQQE,2023-09-19,0.165
QQQE,2023-12-21,0.246
QQQE,2024-03-19,0.191
QQQE,2024-06-25,0.18
QQQE,2024-09-24,0.16
QQQE,2024-12-23,0.24
QQQE,2025-03-25,0.061
QQQE,2025-06-24,0.142
QQQE,2025-09-23,0.147
QQQE,2025-12-23,0.181
QQQE,2026-03-24,0.163
QQQE,2026-06-23,0.189
QQQE,2026-09-22,0.169
QQQH,2023-09-20,0.272
QQQH,2023-10-25,0.26
QQQH,2023-11-22,0.284
QQQH,2023-12-20,0.292
QQQH,2024-01-24,0.3
QQQH,2024-02-22,0.3
QQQH,2024-03-20,0.306
QQQH,2024-04-24,0.296
QQQH,2024-05-22,0.312
QQQH,2024-06-26,0.326
QQQH,2024-07-24,0.33
QQQH,2024-08-21,0.328
QQQH,2024-09-25,0.334
QQQH,2024-10-23,0.334
QQQH,2024-11-20,0.374
QQQH,2024-12-24,0.38
QQQH,2025-01-22,0.386
QQQH,2025-02-26,0.39
QQQH,2025-03-26,0.375
QQQH,2025-04-23,0.344
QQQH,2025-05-21,0.411
QQQH,2025-06-25,0.416
QQQH,2025-07-23,0.426
QQQH,2025-08-20,0.42
QQQH,2025-09-24,0.411
QQQH,2025-10-22,0.413
QQQH,2025-11-26,0.406
QQQH,2025-12-24,0.412
QQQH,2026-01-28,0.411
QQQH,2026-02-25,0.399
QQQH,2026-03-25,0.392
QQQH,2026-04-29,0.408
QQQH,2026-05-27,0.42
QQQH,2026-06-24,0.422
QQQH,2026-07-29,0.402
QQQH,2026-08-26,0.408
QQQH,2026-09-23,0.419
QQQI,2024-02-21,0.594
QQQI,2024-03-20,0.605
QQQI,2024-04-24,0.587
QQQI,2024-05-22,0.613
QQQI,2024-06-26,0.623
QQQI,2024-07-24,0.619
QQQI,2024-08-21,0.644
QQQI,2024-09-25,0.602
QQQI,2024-10-23,0.61
QQQI,2024-11-20,0.612
QQQI,2024-12-24,0.622
QQQI,2025-01-22,0.624
QQQI,2025-02-26,0.614
QQQI,2025-03-26,0.587
QQQI,2025-04-23,0.531
QQQI,2025-05-21,0.637
QQQI,2025-06-25,0.628
QQQI,2025-07-23,0.637
QQQI,2025-08-20,0.629
QQQI,2025-09-24,0.641
QQQI,2025-10-22,0.645
QQQI,2025-11-26,0.63
QQQI,2025-12-24,0.641
QQQI,2026-01-21,0.636
QQQI,2026-02-18,0.614
QQQI,2026-03-18,0.609
QQQI,2026-04-22,0.63
QQQI,2026-05-20,0.659
QQQI,2026-06-16,0.657
QQQI,2026-07-22,0.635
QQQI,2026-08-19,0.652
QQQI,2026-09-16,0.634
QQQJ,2023-09-18,0.038
QQQJ,2023-12-18,0.044
QQQJ,2024-03-18,0.068
QQQJ,2024-06-24,0.087
QQQJ,2024-09-23,0.046
QQQJ,2024-12-23,0.035
QQQJ,2025-03-24,0.045
QQQJ,2025-06-23,0.088
QQQJ,2025-09-22,0.114
QQQJ,2025-12-22,0.066
QQQJ,2026-03-23,0.055
QQQJ,2026-06-22,0.009
QQQJ,2026-09-21,0.198
QQQM,2023-09-18,0.245
QQQM,2023-12-18,0.381
QQQM,2024-03-18,0.345
QQQM,2024-06-24,0.32
QQQM,2024-09-23,0.3
QQQM,2024-12-23,0.31
QQQM,2025-03-24,0.318
QQQM,2025-06-23,0.316
QQQM,2025-09-22,0.302
QQQM,2025-12-22,0.323
QQQM,2026-03-23,0.328
QQQM,2026-06-22,0.352
QQQM,2026-09-21,0.313
QQQU,2024-06-25,0.071
QQQU,2024-09-24,0.089
QQQU,2024-12-12,1.086
QQQU,2024-12-23,0.029
QQQU,2025-03-25,0.049
QQQU,2025-06-24,0.052
QQQU,2025-12-10,5.308
QQQU,2025-12-23,0.01
QQQU,2026-03-24,0.03
QQQU,2026-06-23,0.023
QQQY,2023-10-02,3.3
QQQY,2023-11-01,3.0
QQQY,2023-12-01,2.79
QQQY,2023-12-28,1.86
QQQY,2024-02-01,2.55
QQQY,2024-03-01,2.4
QQQY,2024-04-01,2.37
QQQY,2024-05-01,2.577
QQQY,2024-06-03,2.403
QQQY,2024-07-01,1.971
QQQY,2024-07-31,2.502
QQQY,2024-09-03,3.459
QQQY,2024-10-01,1.994
QQQY,2024-10-10,0.345
QQQY,2024-10-17,0.276
QQQY,2024-10-24,0.274
QQQY,2024-10-31,0.255
QQQY,2024-11-07,0.266
QQQY,2024-11-14,0.34
QQQY,2024-11-21,0.246
QQQY,2024-11-27,0.283
QQQY,2024-12-05,0.231
QQQY,2024-12-12,0.284
QQQY,2024-12-19,0.231
QQQY,2024-12-26,0.223
QQQY,2024-12-31,0.239
QQQY,2025-01-08,0.311
QQQY,2025-01-16,0.302
QQQY,2025-01-23,0.227
QQQY,2025-01-30,0.076
QQQY,2025-02-06,0.226
QQQY,2025-02-13,0.226
QQQY,2025-02-20,0.198
QQQY,2025-02-27,0.194
QQQY,2025-03-06,0.216
QQQY,2025-03-13,0.295
QQQY,2025-03-20,0.286
QQQY,2025-03-27,0.287
QQQY,2025-04-03,0.275
QQQY,2025-04-10,0.249
QQQY,2025-04-17,0.299
QQQY,2025-04-24,0.296
QQQY,2025-05-01,0.181
QQQY,2025-05-08,0.187
QQQY,2025-05-15,0.187
QQQY,2025-05-22,0.193
QQQY,2025-05-29,0.189
QQQY,2025-06-05,0.191
QQQY,2025-06-12,0.194
QQQY,2025-06-18,0.194
QQQY,2025-06-26,0.192
QQQY,2025-07-03,0.195
QQQY,2025-07-10,0.195
QQQY,2025-07-17,0.194
QQQY,2025-07-24,0.195
QQQY,2025-07-31,0.187
QQQY,2025-08-07,0.192
QQQY,2025-08-14,0.177
QQQY,2025-08-21,0.193
QQQY,2025-08-28,0.19
QQQY,2025-09-04,0.189
QQQY,2025-09-11,0.189
QQQY,2025-09-18,0.193
QQQY,2025-09-25,0.193
QQQY,2025-10-02,0.191
QQQY,2025-10-09,0.193
QQQY,2025-10-16,0.212
QQQY,2025-10-23,0.19
QQQY,2025-10-30,0.171
QQQY,2025-11-06,0.167
QQQY,2025-11-13,0.167
QQQY,2025-11-20,0.161
QQQY,2025-11-26,0.358
QQQY,2025-12-04,0.163
QQQY,2025-12-11,0.14
QQQY,2025-12-18,0.138
QQQY,2025-12-24,0.139
QQQY,2025-12-31,0.138
QQQY,2026-01-08,0.138
QQQY,2026-01-15,0.138
QQQY,2026-01-22,0.134
QQQY,2026-01-29,0.136
QQQY,2026-02-05,0.133
QQQY,2026-02-12,0.131
QQQY,2026-02-19,0.128
QQQY,2026-02-26,0.129
QQQY,2026-03-05,0.127
QQQY,2026-03-12,0.128
QQQY,2026-03-19,0.126
QQQY,2026-03-26,0.122
QQQY,2026-04-02,0.115
QQQY,2026-04-09,0.121
QQQY,2026-04-16,0.128
QQQY,2026-04-23,0.131
QQQY,2026-04-30,0.133
QQQY,2026-05-07,0.136
QQQY,2026-05-14,0.141
QQQY,2026-05-21,0.138
QQQY,2026-05-28,0.142
QQQY,2026-06-04,0.144
QQQY,2026-06-11,0.136
QQQY,2026-06-18,0.139
QQQY,2026-06-25,0.136
QQQY,2026-07-02,0.139
QQQY,2026-07-09,0.133
QQQY,2026-07-16,0.134
QQQY,2026-07-23,0.132
QQQY,2026-07-30,0.125
QQQY,2026-08-06,0.133
QQQY,2026-08-13,0.132
QQQY,2026-08-20,0.131
QQQY,2026-08-27,0.129
QQQY,2026-09-03,0.128
QQQY,2026-09-10,0.129
QQQY,2026-09-17,0.126
QQQY,2026-09-24,0.133
QQQY,2026-10-01,0.13
QTEC,2023-09-22,0.031
QTEC,2023-12-22,0.031
QTEC,2024-03-21,0.008
QTEC,2024-06-27,0.034
QTEC,2025-03-27,0.008
QTEC,2026-06-25,0.033
QTOP,2024-12-17,0.028
QTOP,2025-03-18,0.028
QTOP,2025-06-16,0.033
QTOP,2025-09-16,0.03
QTOP,2025-12-16,0.031
QTOP,2026-03-17,0.03
QTOP,2026-06-15,0.034
QTOP,2026-09-15,0.028
QTUM,2023-09-20,0.147
QTUM,2023-12-27,0.088
QTUM,2024-03-20,0.101
QTUM,2024-06-26,0.199
QTUM,2024-09-25,0.118
QTUM,2024-12-27,0.075
QTUM,2025-03-26,0.158
QTUM,2025-06-25,0.266
QTUM,2025-09-24,0.239
QTUM,2025-12-29,0.445
QTUM,2026-03-25,0.224
QTUM,2026-06-24,0.27
QTUM,2026-09-23,0.465
QUAL,2023-09-26,0.51
QUAL,2023-12-20,0.449
QUAL,2023-12-28,0.097
QUAL,2024-03-21,0.375
QUAL,2024-06-11,0.345
QUAL,2024-09-25,0.543
QUAL,2024-12-17,0.548
QUAL,2025-03-18,0.391
QUAL,2025-06-16,0.388
QUAL,2025-09-16,0.469
QUAL,2025-12-16,0.611
QUAL,2026-03-17,0.42
QUAL,2026-06-15,0.386
QUAL,2026-09-15,0.473
QUS,2023-12-15,1.214
QUS,2024-06-03,0.969
QUS,2024-12-18,1.344
QUS,2025-06-02,0.991
QUS,2025-11-25,1.416
QUS,2026-06-01,1.011
QVAL,2023-09-27,0.137
QVAL,2023-12-20,0.19
QVAL,2024-03-13,0.139
QVAL,2024-06-20,0.271
QVAL,2024-09-12,0.148
QVAL,2024-12-24,0.211
QVAL,2025-03-13,0.099
QVAL,2025-06-13,0.17
QVAL,2025-09-12,0.192
QVAL,2025-12-23,0.242
QVAL,2026-03-30,0.21
QVAL,2026-06-29,0.186
QVAL,2026-09-28,0.241
QVML,2023-09-18,0.092
QVML,2023-12-18,0.102
QVML,2024-03-18,0.097
QVML,2024-06-24,0.091
QVML,2024-09-23,0.103
QVML,2024-12-23,0.106
QVML,2025-03-24,0.114
QVML,2025-06-23,0.104
QVML,2025-09-22,0.11
QVML,2025-12-22,0.113
QVML,2026-03-23,0.114
QVML,2026-06-22,0.111
QVML,2026-09-21,0.111
QVOL,2026-05-28,1.0
QVOL,2026-06-29,1.04
QVOL,2026-07-30,1.04
QVOL,2026-08-27,1.04
QYLD,2023-09-18,0.172
QYLD,2023-10-23,0.167
QYLD,2023-11-20,0.161
QYLD,2023-12-28,0.166
QYLD,2024-01-22,0.179
QYLD,2024-02-20,0.177
QYLD,2024-03-18,0.178
QYLD,2024-04-22,0.172
QYLD,2024-05-20,0.163
QYLD,2024-06-24,0.169
QYLD,2024-07-22,0.177
QYLD,2024-08-19,0.179
QYLD,2024-09-23,0.181
QYLD,2024-10-21,0.183
QYLD,2024-11-18,0.18
QYLD,2024-12-30,0.339
QYLD,2025-01-21,0.188
QYLD,2025-02-24,0.165
QYLD,2025-03-24,0.17
QYLD,2025-04-21,0.16
QYLD,2025-05-19,0.165
QYLD,2025-06-23,0.166
QYLD,2025-07-21,0.165
QYLD,2025-08-18,0.168
QYLD,2025-09-22,0.17
QYLD,2025-10-20,0.173
QYLD,2025-11-24,0.173
QYLD,2025-12-22,0.178
QYLD,2026-01-20,0.179
QYLD,2026-02-23,0.177
QYLD,2026-03-23,0.172
QYLD,2026-04-20,0.179
QYLD,2026-05-18,0.179
QYLD,2026-06-22,0.185
QYLD,2026-07-20,0.178
QYLD,2026-08-24,0.183
QYLD,2026-09-21,0.177
QYLG,2023-09-18,0.139
QYLG,2023-10-23,0.133
QYLG,2023-11-20,0.128
QYLG,2023-12-28,0.144
QYLG,2024-01-22,0.15
QYLG,2024-02-20,0.151
QYLG,2024-03-18,0.157
QYLG,2024-04-22,0.147
QYLG,2024-05-20,0.139
QYLG,2024-06-24,0.144
QYLG,2024-07-22,0.168
QYLG,2024-08-19,0.204
QYLG,2024-09-23,0.178
QYLG,2024-10-21,0.187
QYLG,2024-11-18,0.176
QYLG,2024-12-30,5.298
QYLG,2025-01-21,0.159
QYLG,2025-02-24,0.128
QYLG,2025-03-24,0.164
QYLG,2025-04-21,0.229
QYLG,2025-05-19,0.176
QYLG,2025-06-23,0.16
QYLG,2025-07-21,0.136
QYLG,2025-08-18,0.136
QYLG,2025-09-22,0.144
QYLG,2025-10-20,0.24
QYLG,2025-11-24,0.276
QYLG,2025-12-22,0.162
QYLG,2025-12-30,2.778
QYLG,2026-01-20,0.157
QYLG,2026-02-23,0.146
QYLG,2026-03-23,0.184
QYLG,2026-04-20,0.153
QYLG,2026-05-18,0.207
QYLG,2026-06-22,0.208
QYLG,2026-07-20,0.268
QYLG,2026-08-24,0.171
QYLG,2026-09-21,0.14
RAA,2025-06-17,0.113
RAA,2025-09-17,0.129
RAA,2025-12-24,0.346
RAA,2026-03-18,0.054
RAA,2026-06-17,0.099
RAA,2026-09-16,0.125
RAAX,2023-12-27,0.936
RAAX,2024-12-27,0.54
RAAX,2025-12-29,0.816
RAFE,2023-10-02,0.14
RAFE,2023-12-28,0.16
RAFE,2024-04-01,0.17
RAFE,2024-07-01,0.16
RAFE,2024-10-01,0.15
RAFE,2024-12-31,0.17
RAFE,2025-04-01,0.18
RAFE,2025-07-01,0.18
RAFE,2025-10-01,0.17
RAFE,2025-12-31,0.17
RAFE,2026-04-01,0.19
RAFE,2026-07-01,0.19
RAFE,2026-10-01,0.19
RAVI,2023-09-01,0.302
RAVI,2023-10-02,0.306
RAVI,2023-11-01,0.316
RAVI,2023-12-01,0.338
RAVI,2023-12-15,0.329
RAVI,2024-02-01,0.337
RAVI,2024-03-01,0.31
RAVI,2024-04-01,0.338
RAVI,2024-05-01,0.333
RAVI,2024-06-03,0.348
RAVI,2024-07-01,0.335
RAVI,2024-08-01,0.357
RAVI,2024-09-03,0.353
RAVI,2024-10-01,0.324
RAVI,2024-11-01,0.318
RAVI,2024-12-02,0.345
RAVI,2024-12-20,0.315
RAVI,2025-02-03,0.295
RAVI,2025-03-03,0.275
RAVI,2025-04-01,0.301
RAVI,2025-05-01,0.29
RAVI,2025-06-02,0.292
RAVI,2025-07-01,0.285
RAVI,2025-08-01,0.289
RAVI,2025-09-02,0.292
RAVI,2025-10-01,0.284
RAVI,2025-11-03,0.289
RAVI,2025-12-01,0.286
RAVI,2025-12-19,0.282
RAVI,2026-02-02,0.26
RAVI,2026-03-02,0.242
RAVI,2026-04-01,0.268
RAVI,2026-05-01,0.257
RAVI,2026-06-01,0.262
RAVI,2026-07-01,0.251
RAVI,2026-08-03,0.259
RAVI,2026-09-01,0.265
RAVI,2026-10-01,0.254
RBIL,2025-04-16,0.203
RBIL,2025-05-16,0.193
RBIL,2025-06-17,0.168
RBIL,2025-07-17,0.208
RBIL,2025-08-18,0.182
RBIL,2025-09-16,0.19
RBIL,2025-10-17,0.16
RBIL,2025-11-18,0.25
RBIL,2025-12-16,0.261
RBIL,2026-01-16,0.09
RBIL,2026-02-17,0.129
RBIL,2026-03-17,0.183
RBIL,2026-04-16,0.179
RBIL,2026-05-18,0.305
RBIL,2026-06-16,0.05
RBIL,2026-07-16,0.1
RBIL,2026-08-18,0.12
RBIL,2026-09-16,0.246
RBLU,2025-12-24,0.377
RDIV,2023-09-18,0.491
RDIV,2023-12-18,0.403
RDIV,2024-03-18,0.501
RDIV,2024-06-24,0.448
RDIV,2024-09-23,0.501
RDIV,2024-12-23,0.516
RDIV,2025-03-24,0.498
RDIV,2025-06-23,0.473
RDIV,2025-09-22,0.552
RDIV,2025-12-22,0.529
RDIV,2026-03-23,0.556
RDIV,2026-06-22,0.525
RDIV,2026-09-21,0.517
RDTE,2024-09-26,0.36
RDTE,2024-10-03,0.386
RDTE,2024-10-10,0.25
RDTE,2024-10-17,0.307
RDTE,2024-10-24,0.335
RDTE,2024-10-31,0.258
RDTE,2024-11-07,0.263
RDTE,2024-11-14,0.334
RDTE,2024-11-21,0.411
RDTE,2024-11-27,0.327
RDTE,2024-12-05,0.283
RDTE,2024-12-12,0.371
RDTE,2024-12-19,0.265
RDTE,2024-12-26,0.274
RDTE,2025-01-02,0.591
RDTE,2025-01-08,0.206
RDTE,2025-01-16,0.375
RDTE,2025-01-23,0.2
RDTE,2025-01-30,0.215
RDTE,2025-02-06,0.28
RDTE,2025-02-13,0.254
RDTE,2025-02-20,0.203
RDTE,2025-02-27,0.193
RDTE,2025-03-06,0.15
RDTE,2025-03-13,0.301
RDTE,2025-03-20,0.327
RDTE,2025-03-27,0.192
RDTE,2025-04-03,0.322
RDTE,2025-04-10,0.246
RDTE,2025-04-16,0.236
RDTE,2025-04-24,0.312
RDTE,2025-05-01,0.253
RDTE,2025-05-08,0.238
RDTE,2025-05-15,0.237
RDTE,2025-05-22,0.249
RDTE,2025-05-29,0.267
RDTE,2025-06-05,0.301
RDTE,2025-06-12,0.135
RDTE,2025-06-18,0.244
RDTE,2025-06-26,0.275
RDTE,2025-07-02,0.259
RDTE,2025-07-10,0.262
RDTE,2025-07-17,0.265
RDTE,2025-07-24,0.308
RDTE,2025-07-31,0.289
RDTE,2025-08-07,0.262
RDTE,2025-08-14,0.314
RDTE,2025-08-21,0.255
RDTE,2025-08-28,0.224
RDTE,2025-09-04,0.324
RDTE,2025-09-11,0.226
RDTE,2025-09-18,0.227
RDTE,2025-09-25,0.193
RDTE,2025-10-02,0.366
RDTE,2025-10-09,0.225
RDTE,2025-10-16,0.227
RDTE,2025-10-23,0.225
RDTE,2025-10-30,0.245
RDTE,2025-11-06,0.223
RDTE,2025-11-13,0.387
RDTE,2025-11-20,0.253
RDTE,2025-11-26,0.225
RDTE,2025-12-04,0.239
RDTE,2025-12-11,0.213
RDTE,2025-12-18,0.212
RDTE,2025-12-24,0.395
RDTE,2025-12-31,1.084
RDTE,2026-01-08,0.178
RDTE,2026-01-15,0.142
RDTE,2026-01-22,0.231
RDTE,2026-01-29,0.161
RDTE,2026-02-05,0.123
RDTE,2026-02-12,0.236
RDTE,2026-02-19,0.282
RDTE,2026-02-26,0.208
RDTE,2026-03-05,0.257
RDTE,2026-03-12,0.199
RDTE,2026-03-19,0.164
RDTE,2026-03-26,0.215
RDTE,2026-04-01,0.291
RDTE,2026-04-09,0.189
RDTE,2026-04-16,0.168
RDTE,2026-04-23,0.201
RDTE,2026-04-30,0.171
RDTE,2026-05-07,0.175
RDTE,2026-05-14,0.194
RDTE,2026-05-21,0.161
RDTE,2026-05-28,0.151
RDTE,2026-06-04,0.263
RDTE,2026-06-11,0.159
RDTE,2026-06-17,0.173
RDTE,2026-06-25,0.221
RDTE,2026-07-01,0.224
RDTE,2026-07-09,0.226
RDTE,2026-07-16,0.179
RDTE,2026-07-23,0.197
RDTE,2026-07-30,0.229
RDTE,2026-08-06,0.135
RDTE,2026-08-13,0.217
RDTE,2026-08-20,0.222
RDTE,2026-08-27,0.136
RDTE,2026-09-03,0.137
RDTE,2026-09-10,0.152
RDTE,2026-09-17,0.108
RDTE,2026-09-24,0.105
RDTE,2026-10-01,0.13
RDVI,2023-09-22,0.16
RDVI,2023-10-24,0.154
RDVI,2023-11-21,0.156
RDVI,2023-12-22,0.17
RDVI,2024-01-23,0.163
RDVI,2024-02-21,0.167
RDVI,2024-03-21,0.173
RDVI,2024-04-23,0.169
RDVI,2024-05-21,0.174
RDVI,2024-06-27,0.171
RDVI,2024-07-23,0.176
RDVI,2024-08-21,0.174
RDVI,2024-09-26,0.177
RDVI,2024-10-22,0.181
RDVI,2024-11-21,0.183
RDVI,2024-12-13,0.181
RDVI,2025-01-22,0.181
RDVI,2025-02-21,0.183
RDVI,2025-03-27,0.174
RDVI,2025-04-22,0.161
RDVI,2025-05-21,0.176
RDVI,2025-06-26,0.174
RDVI,2025-07-22,0.176
RDVI,2025-08-21,0.179
RDVI,2025-09-25,0.183
RDVI,2025-10-21,0.179
RDVI,2025-11-21,0.178
RDVI,2025-12-12,0.184
RDVI,2026-01-21,0.193
RDVI,2026-02-20,0.192
RDVI,2026-03-26,0.184
RDVI,2026-04-21,0.191
RDVI,2026-05-21,0.189
RDVI,2026-06-25,0.204
RDVI,2026-07-21,0.204
RDVI,2026-08-21,0.208
RDVI,2026-09-24,0.2
RDVY,2023-09-22,0.224
RDVY,2023-12-22,0.342
RDVY,2024-03-21,0.224
RDVY,2024-06-27,0.262
RDVY,2024-09-26,0.191
RDVY,2024-12-13,0.296
RDVY,2025-03-27,0.254
RDVY,2025-06-26,0.171
RDVY,2025-09-25,0.149
RDVY,2025-12-12,0.2
RDVY,2026-03-26,0.181
RDVY,2026-06-25,0.147
RDVY,2026-09-24,0.152
RECS,2023-12-18,0.277
RECS,2024-12-18,0.378
RECS,2025-12-18,0.454
REET,2023-09-26,0.268
REET,2023-12-20,0.24
REET,2024-03-21,0.133
REET,2024-06-11,0.072
REET,2024-09-25,0.253
REET,2024-12-17,0.413
REET,2025-03-18,0.126
REET,2025-06-16,0.186
REET,2025-09-16,0.226
REET,2025-12-15,0.378
REET,2026-03-17,0.129
REET,2026-06-15,0.196
REET,2026-09-15,0.228
REGL,2023-09-20,0.403
REGL,2023-12-20,0.64
REGL,2024-03-20,0.313
REGL,2024-06-26,0.527
REGL,2024-09-25,0.395
REGL,2024-12-23,0.606
REGL,2025-03-26,0.516
REGL,2025-06-25,0.379
REGL,2025-09-24,0.442
REGL,2025-12-24,0.613
REGL,2026-03-25,0.514
REGL,2026-06-24,0.465
REGL,2026-09-23,0.397
REIX,2023-09-15,0.147
REIX,2023-12-15,0.235
REIX,2024-03-15,0.136
REIX,2024-06-21,0.238
REIX,2024-09-20,0.218
REIX,2024-12-20,0.314
REIX,2025-03-21,0.073
REIX,2025-06-20,0.208
REIX,2025-09-19,0.184
REIX,2025-12-19,0.329
REIX,2026-03-20,0.112
REIX,2026-06-18,0.187
REIX,2026-09-18,0.168
REM,2023-09-26,0.561
REM,2023-12-20,0.974
REM,2024-03-21,0.118
REM,2024-06-11,0.523
REM,2024-09-25,0.54
REM,2024-12-17,0.871
REM,2025-03-18,0.112
REM,2025-06-16,0.54
REM,2025-09-16,0.463
REM,2025-12-16,0.813
REM,2026-03-17,0.163
REM,2026-06-15,0.499
REM,2026-09-15,0.506
REMX,2024-12-23,0.997
REMX,2025-12-22,1.301
RETL,2023-09-19,0.022
RETL,2023-12-21,0.029
RETL,2024-03-19,0.033
RETL,2024-06-25,0.039
RETL,2024-09-24,0.019
RETL,2024-12-23,0.021
RETL,2025-03-25,0.027
RETL,2025-06-24,0.027
RETL,2026-03-24,0.024
RETL,2026-06-23,0.026
RETL,2026-09-22,0.024
REVS,2023-12-18,0.539
REVS,2024-12-18,0.467
REVS,2025-12-18,0.602
REZ,2023-09-26,0.682
REZ,2023-12-20,0.728
REZ,2024-03-21,0.306
REZ,2024-06-11,0.392
REZ,2024-09-25,0.489
REZ,2024-12-17,0.641
REZ,2025-03-18,0.369
REZ,2025-06-16,0.519
REZ,2025-09-16,0.473
REZ,2025-12-16,0.907
REZ,2026-06-15,0.507
REZ,2026-09-15,0.535
RFIX,2025-02-25,0.1
RFIX,2025-03-26,0.15
RFIX,2025-04-25,0.15
RFIX,2025-05-27,0.15
RFIX,2025-06-25,0.16
RFIX,2025-07-28,0.2
RFIX,2025-08-26,0.2
RFIX,2025-09-25,0.1
RFIX,2025-10-28,0.1
RFIX,2025-11-21,0.1
RFIX,2025-12-23,0.431
RFIX,2026-01-27,0.1
RFIX,2026-02-24,0.1
RFIX,2026-03-26,0.1
RFIX,2026-04-27,0.1
RFIX,2026-05-26,0.1
RFIX,2026-06-25,0.1
RFIX,2026-07-28,0.1
RFIX,2026-08-26,0.15
RGLO,2025-12-17,0.188
RGTX,2025-12-30,0.264
RING,2023-12-20,0.283
RING,2024-06-11,0.186
RING,2024-12-17,0.216
RING,2025-06-16,0.238
RING,2025-12-16,0.377
RING,2026-06-15,0.526
RIOX,2025-12-30,12.852
RISR,2023-09-26,0.18
RISR,2023-10-26,0.18
RISR,2023-11-27,0.18
RISR,2024-01-26,0.18
RISR,2024-02-26,0.18
RISR,2024-03-26,0.18
RISR,2024-04-25,0.192
RISR,2024-05-29,0.18
RISR,2024-06-26,0.18
RISR,2024-07-26,0.18
RISR,2024-08-27,0.18
RISR,2024-09-26,0.18
RISR,2024-10-28,0.18
RISR,2024-11-26,0.18
RISR,2024-12-27,0.083
RISR,2025-01-30,0.18
RISR,2025-02-27,0.18
RISR,2025-03-25,0.18
RISR,2025-04-24,0.18
RISR,2025-05-28,0.18
RISR,2025-06-25,0.18
RISR,2025-07-25,0.18
RISR,2025-08-26,0.18
RISR,2025-09-25,0.18
RISR,2025-10-27,0.18
RISR,2025-11-25,0.18
RISR,2025-12-26,0.167
RISR,2026-01-29,0.18
RISR,2026-02-26,0.18
RISR,2026-03-30,0.18
RISR,2026-04-29,0.18
RISR,2026-05-28,0.18
RISR,2026-06-29,0.18
RISR,2026-07-30,0.18
RISR,2026-08-28,0.18
RKLX,2025-12-30,5.946
RLY,2023-09-19,0.063
RLY,2023-12-19,0.547
RLY,2024-03-19,0.031
RLY,2024-06-25,0.347
RLY,2024-09-24,0.077
RLY,2024-12-26,0.439
RLY,2025-06-25,0.251
RLY,2025-09-24,0.099
RLY,2025-12-29,0.668
RLY,2026-03-26,0.035
RLY,2026-06-25,0.299
RLY,2026-09-25,0.073
RMOP,2024-09-27,0.054
RMOP,2024-10-30,0.09
RMOP,2024-11-27,0.076
RMOP,2024-12-30,0.103
RMOP,2025-01-30,0.104
RMOP,2025-02-27,0.084
RMOP,2025-03-28,0.103
RMOP,2025-04-29,0.106
RMOP,2025-05-29,0.11
RMOP,2025-06-27,0.101
RMOP,2025-07-30,0.13
RMOP,2025-08-28,0.106
RMOP,2025-09-29,0.104
RMOP,2025-10-30,0.129
RMOP,2025-11-26,0.092
RMOP,2025-12-30,0.122
RMOP,2026-01-29,0.102
RMOP,2026-02-26,0.097
RMOP,2026-03-30,0.119
RMOP,2026-04-29,0.114
RMOP,2026-05-28,0.104
RMOP,2026-06-29,0.102
RMOP,2026-07-30,0.119
RMOP,2026-08-28,0.1
RMOP,2026-09-29,0.102
RNIN,2025-06-27,0.005
RNIN,2025-09-29,0.066
RNIN,2025-12-23,0.126
RNIN,2026-03-30,0.047
RNIN,2026-06-29,0.047
RNIN,2026-09-28,0.077
ROBN,2025-12-24,2.425
ROBO,2023-12-26,0.028
ROBO,2024-12-30,0.309
ROBO,2025-12-30,0.292
ROBT,2023-12-22,0.03
ROBT,2024-06-27,0.084
ROBT,2024-12-13,0.223
ROBT,2026-06-25,0.009
ROCQ,2026-05-01,0.667
ROCQ,2026-06-01,0.497
ROCQ,2026-07-01,0.523
ROCQ,2026-08-03,0.708
ROCQ,2026-09-01,0.494
ROCQ,2026-10-01,0.491
ROCY,2026-05-01,0.555
ROCY,2026-06-01,0.33
ROCY,2026-07-01,0.366
ROCY,2026-08-03,0.304
ROCY,2026-09-01,0.261
ROCY,2026-10-01,0.305
RODM,2023-12-22,0.546
RODM,2024-06-27,0.584
RODM,2024-12-23,0.578
RODM,2025-06-25,0.635
RODM,2025-12-23,0.515
RODM,2026-06-25,0.644
ROE,2023-09-27,0.073
ROE,2023-12-20,0.105
ROE,2024-03-26,0.099
ROE,2024-06-27,0.044
ROE,2024-09-27,0.124
ROE,2024-12-30,0.091
ROE,2025-03-28,0.045
ROE,2025-06-27,0.056
ROE,2025-09-29,0.151
ROE,2025-12-23,0.09
ROE,2026-03-30,0.103
ROE,2026-06-29,0.083
ROE,2026-09-28,0.087
ROKT,2023-09-18,0.064
ROKT,2023-12-18,0.115
ROKT,2024-03-18,0.061
ROKT,2024-06-24,0.066
ROKT,2024-09-23,0.062
ROKT,2024-12-23,0.137
ROKT,2025-03-24,0.077
ROKT,2025-06-23,0.074
ROKT,2025-09-22,0.151
ROKT,2025-12-22,0.046
ROKT,2026-03-23,0.065
ROKT,2026-06-22,0.048
ROKT,2026-09-21,0.051
ROM,2023-12-20,0.004
ROM,2024-03-20,0.011
ROM,2024-06-26,0.038
ROM,2024-09-25,0.062
ROM,2024-12-23,0.035
ROM,2025-03-26,0.017
ROM,2025-06-25,0.141
ROM,2025-09-24,0.05
ROM,2025-12-24,0.016
ROM,2026-03-25,0.023
ROUS,2023-09-26,0.196
ROUS,2023-12-22,0.265
ROUS,2024-03-25,0.155
ROUS,2024-06-27,0.167
ROUS,2024-09-26,0.205
ROUS,2024-12-23,0.299
ROUS,2025-03-25,0.187
ROUS,2025-06-25,0.193
ROUS,2025-09-25,0.195
ROUS,2025-12-23,0.303
ROUS,2026-03-25,0.195
ROUS,2026-06-25,0.191
ROUS,2026-09-25,0.195
RPG,2023-09-18,0.086
RPG,2023-12-18,0.115
RPG,2024-03-18,0.015
RPG,2024-06-24,0.012
RPG,2024-09-23,0.018
RPG,2024-12-23,0.057
RPG,2025-03-24,0.029
RPG,2025-06-23,0.031
RPG,2025-09-22,0.046
RPG,2025-12-22,0.007
RPG,2026-03-23,0.017
RPG,2026-06-22,0.022
RPG,2026-09-21,0.039
RPV,2023-09-18,0.456
RPV,2023-12-18,0.501
RPV,2024-03-18,0.532
RPV,2024-06-24,0.413
RPV,2024-09-23,0.501
RPV,2024-12-23,0.503
RPV,2025-03-24,0.672
RPV,2025-06-23,0.553
RPV,2025-09-22,0.816
RPV,2025-12-22,0.547
RPV,2026-03-23,0.672
RPV,2026-06-22,0.679
RPV,2026-09-21,0.628
RSP,2023-09-18,0.638
RSP,2023-12-18,0.609
RSP,2024-03-18,0.68
RSP,2024-06-24,0.663
RSP,2024-09-23,0.695
RSP,2024-12-23,0.62
RSP,2025-03-24,0.831
RSP,2025-06-23,0.722
RSP,2025-09-22,0.82
RSP,2025-12-22,0.764
RSP,2026-03-23,0.812
RSP,2026-06-22,0.81
RSP,2026-09-21,0.795
RSPA,2024-08-19,0.393
RSPA,2024-09-23,0.401
RSPA,2024-10-21,0.408
RSPA,2024-11-18,0.436
RSPA,2024-12-23,0.393
RSPA,2025-01-21,0.398
RSPA,2025-02-24,0.396
RSPA,2025-03-24,0.382
RSPA,2025-04-21,0.361
RSPA,2025-05-19,0.385
RSPA,2025-06-23,0.382
RSPA,2025-07-21,0.39
RSPA,2025-08-18,0.387
RSPA,2025-09-22,0.395
RSPA,2025-10-20,0.392
RSPA,2025-11-24,0.393
RSPA,2025-12-22,0.399
RSPA,2026-01-20,0.406
RSPA,2026-02-23,0.411
RSPA,2026-03-23,0.387
RSPA,2026-04-20,0.404
RSPA,2026-05-18,0.401
RSPA,2026-06-22,0.412
RSPA,2026-07-20,0.417
RSPA,2026-08-24,0.425
RSPA,2026-09-21,0.409
RSPD,2023-09-18,0.118
RSPD,2023-12-18,0.111
RSPD,2024-03-18,0.133
RSPD,2024-06-24,0.103
RSPD,2024-09-23,0.108
RSPD,2024-12-23,0.104
RSPD,2025-03-24,0.181
RSPD,2025-06-23,0.207
RSPD,2025-09-22,0.113
RSPD,2025-12-22,0.117
RSPD,2026-03-23,0.123
RSPD,2026-06-22,0.14
RSPD,2026-09-21,0.132
RSPF,2023-09-18,0.303
RSPF,2023-12-18,0.328
RSPF,2024-03-18,0.31
RSPF,2024-06-24,0.281
RSPF,2024-09-23,0.288
RSPF,2024-12-23,0.317
RSPF,2025-03-24,0.335
RSPF,2025-06-23,0.295
RSPF,2025-09-22,0.297
RSPF,2025-12-22,0.289
RSPF,2026-03-23,0.38
RSPF,2026-06-22,0.29
RSPF,2026-09-21,0.29
RSPG,2023-09-18,0.482
RSPG,2023-12-18,0.648
RSPG,2024-03-18,0.423
RSPG,2024-06-24,0.456
RSPG,2024-09-23,0.539
RSPG,2024-12-23,0.438
RSPG,2025-03-24,0.513
RSPG,2025-06-23,0.514
RSPG,2025-09-22,0.527
RSPG,2025-12-22,0.518
RSPG,2026-03-23,0.509
RSPG,2026-06-22,0.537
RSPG,2026-09-21,0.504
RSPH,2023-09-18,0.048
RSPH,2023-12-18,0.05
RSPH,2024-03-18,0.046
RSPH,2024-06-24,0.051
RSPH,2024-09-23,0.055
RSPH,2024-12-23,0.057
RSPH,2025-03-24,0.055
RSPH,2025-06-23,0.055
RSPH,2025-09-22,0.06
RSPH,2025-12-22,0.053
RSPH,2026-03-23,0.056
RSPH,2026-06-22,0.063
RSPH,2026-09-21,0.052
RSPM,2023-09-18,0.17
RSPM,2023-12-18,0.184
RSPM,2024-03-18,0.163
RSPM,2024-06-24,0.159
RSPM,2024-09-23,0.173
RSPM,2024-12-23,0.171
RSPM,2025-03-24,0.179
RSPM,2025-06-23,0.174
RSPM,2025-09-22,0.178
RSPM,2025-12-22,0.173
RSPM,2026-03-23,0.065
RSPM,2026-06-22,0.272
RSPM,2026-09-21,0.179
RSPN,2023-09-18,0.098
RSPN,2023-12-18,0.137
RSPN,2024-03-18,0.107
RSPN,2024-06-24,0.108
RSPN,2024-09-23,0.115
RSPN,2024-12-23,0.159
RSPN,2025-03-24,0.111
RSPN,2025-06-23,0.122
RSPN,2025-09-22,0.164
RSPN,2025-12-22,0.09
RSPN,2026-03-23,0.121
RSPN,2026-06-22,0.145
RSPN,2026-09-21,0.183
RSPS,2023-09-18,0.226
RSPS,2023-12-18,0.273
RSPS,2024-03-18,0.2
RSPS,2024-06-24,0.218
RSPS,2024-09-23,0.215
RSPS,2024-12-23,0.228
RSPS,2025-03-24,0.199
RSPS,2025-06-23,0.188
RSPS,2025-09-22,0.2
RSPS,2025-12-22,0.231
RSPS,2026-03-23,0.219
RSPS,2026-06-22,0.239
RSPS,2026-09-21,0.199
RSPT,2023-09-18,0.044
RSPT,2023-12-18,0.047
RSPT,2024-03-18,0.042
RSPT,2024-06-24,0.042
RSPT,2024-09-23,0.041
RSPT,2024-12-23,0.038
RSPT,2025-03-24,0.044
RSPT,2025-06-23,0.05
RSPT,2025-09-22,0.042
RSPT,2025-12-22,0.039
RSPT,2026-03-23,0.039
RSPT,2026-06-22,0.043
RSPT,2026-09-21,0.033
RSPU,2023-09-18,0.464
RSPU,2023-12-18,0.461
RSPU,2024-03-18,0.329
RSPU,2024-06-24,0.368
RSPU,2024-09-23,0.457
RSPU,2024-12-23,0.42
RSPU,2025-03-24,0.464
RSPU,2025-06-23,0.461
RSPU,2025-09-22,0.493
RSPU,2025-12-22,0.484
RSPU,2026-03-23,0.536
RSPU,2026-06-22,0.51
RSPU,2026-09-21,0.513
RSSB,2023-12-27,0.129
RSSB,2024-12-18,0.292
RSSB,2025-12-29,0.979
RSST,2023-12-27,0.188
RSST,2024-12-18,0.023
RSST,2025-12-29,0.318
RUNN,2023-12-21,0.094
RUNN,2024-12-23,0.129
RUNN,2025-12-23,0.185
RVNU,2023-09-01,0.061
RVNU,2023-10-02,0.059
RVNU,2023-11-01,0.062
RVNU,2023-12-01,0.059
RVNU,2023-12-21,0.06
RVNU,2024-02-01,0.063
RVNU,2024-03-01,0.057
RVNU,2024-04-01,0.063
RVNU,2024-05-01,0.062
RVNU,2024-06-03,0.063
RVNU,2024-07-01,0.063
RVNU,2024-08-01,0.065
RVNU,2024-09-03,0.067
RVNU,2024-10-01,0.065
RVNU,2024-11-01,0.067
RVNU,2024-12-02,0.066
RVNU,2024-12-23,0.072
RVNU,2025-02-03,0.071
RVNU,2025-03-03,0.065
RVNU,2025-04-01,0.072
RVNU,2025-05-01,0.069
RVNU,2025-06-02,0.071
RVNU,2025-07-01,0.069
RVNU,2025-08-01,0.072
RVNU,2025-09-02,0.073
RVNU,2025-10-01,0.07
RVNU,2025-11-03,0.074
RVNU,2025-12-01,0.072
RVNU,2025-12-22,0.071
RVNU,2026-02-02,0.077
RVNU,2026-03-02,0.073
RVNU,2026-04-01,0.078
RVNU,2026-05-01,0.075
RVNU,2026-06-01,0.077
RVNU,2026-07-01,0.075
RVNU,2026-08-03,0.078
RVNU,2026-09-01,0.079
RVNU,2026-10-01,0.076
RWJ,2023-09-18,0.124
RWJ,2023-12-18,0.164
RWJ,2024-03-18,0.13
RWJ,2024-06-24,0.132
RWJ,2024-09-23,0.153
RWJ,2024-12-23,0.11
RWJ,2025-03-24,0.13
RWJ,2025-06-23,0.116
RWJ,2025-09-22,0.149
RWJ,2025-12-22,0.146
RWJ,2026-03-23,0.16
RWJ,2026-06-22,0.152
RWJ,2026-09-21,0.19
RWK,2023-09-18,0.242
RWK,2023-12-18,0.289
RWK,2024-03-18,0.325
RWK,2024-06-24,0.335
RWK,2024-09-23,0.306
RWK,2024-12-23,0.327
RWK,2025-03-24,0.38
RWK,2025-06-23,0.467
RWK,2025-09-22,0.372
RWK,2025-12-22,0.368
RWK,2026-03-23,0.402
RWK,2026-06-22,0.344
RWK,2026-09-21,0.408
RWL,2023-09-18,0.327
RWL,2023-12-18,0.38
RWL,2024-03-18,0.349
RWL,2024-06-24,0.332
RWL,2024-09-23,0.36
RWL,2024-12-23,0.36
RWL,2025-03-24,0.39
RWL,2025-06-23,0.364
RWL,2025-09-22,0.399
RWL,2025-12-22,0.391
RWL,2026-03-23,0.426
RWL,2026-06-22,0.392
RWL,2026-09-21,0.398
RWM,2023-09-20,0.27
RWM,2023-12-20,0.35
RWM,2024-03-20,0.258
RWM,2024-06-26,0.289
RWM,2024-09-25,0.284
RWM,2024-12-23,0.298
RWM,2025-03-26,0.136
RWM,2025-06-25,0.204
RWM,2025-09-24,0.132
RWM,2025-12-24,0.179
RWM,2026-03-25,0.064
RWM,2026-06-24,0.14
RWM,2026-09-23,0.094
RWO,2023-09-18,0.39
RWO,2023-12-18,0.479
RWO,2024-03-18,0.254
RWO,2024-06-24,0.412
RWO,2024-09-23,0.4
RWO,2024-12-23,0.512
RWO,2025-03-24,0.289
RWO,2025-06-23,0.452
RWO,2025-09-22,0.4
RWO,2025-12-22,0.488
RWO,2026-03-23,0.276
RWO,2026-06-22,0.437
RWO,2026-09-21,0.428
RWR,2023-09-18,0.82
RWR,2023-12-18,1.259
RWR,2024-03-18,0.546
RWR,2024-06-24,0.9
RWR,2024-09-23,0.843
RWR,2024-12-23,1.432
RWR,2025-03-24,0.607
RWR,2025-06-23,0.909
RWR,2025-09-22,0.994
RWR,2025-12-22,1.207
RWR,2026-03-23,0.617
RWR,2026-06-22,0.963
RWR,2026-09-21,0.981
RXI,2023-12-20,0.633
RXI,2024-06-11,1.366
RXI,2024-12-17,0.609
RXI,2025-06-16,1.453
RXI,2025-12-16,1.736
RXI,2026-06-15,1.106
RYLD,2023-09-18,0.173
RYLD,2023-10-23,0.162
RYLD,2023-11-20,0.168
RYLD,2023-12-28,0.167
RYLD,2024-01-22,0.165
RYLD,2024-02-20,0.163
RYLD,2024-03-18,0.167
RYLD,2024-04-22,0.163
RYLD,2024-05-20,0.165
RYLD,2024-06-24,0.161
RYLD,2024-07-22,0.161
RYLD,2024-08-19,0.161
RYLD,2024-09-23,0.162
RYLD,2024-10-21,0.166
RYLD,2024-11-18,0.166
RYLD,2024-12-30,0.166
RYLD,2025-01-21,0.168
RYLD,2025-02-24,0.163
RYLD,2025-03-24,0.154
RYLD,2025-04-21,0.143
RYLD,2025-05-19,0.148
RYLD,2025-06-23,0.149
RYLD,2025-07-21,0.15
RYLD,2025-08-18,0.151
RYLD,2025-09-22,0.152
RYLD,2025-10-20,0.153
RYLD,2025-11-24,0.152
RYLD,2025-12-22,0.155
RYLD,2026-01-20,0.157
RYLD,2026-02-23,0.158
RYLD,2026-03-23,0.148
RYLD,2026-04-20,0.157
RYLD,2026-05-18,0.157
RYLD,2026-06-22,0.162
RYLD,2026-07-20,0.161
RYLD,2026-08-24,0.165
RYLD,2026-09-21,0.148
SAMT,2023-12-28,0.345
SAMT,2024-12-30,0.409
SAMT,2025-12-30,0.27
SARK,2023-12-26,9.792
SARK,2024-12-23,6.515
SARK,2025-12-23,0.852
SBAR,2025-05-27,0.28
SBAR,2025-06-25,0.28
SBAR,2025-07-28,0.28
SBAR,2025-08-26,0.28
SBAR,2025-09-25,0.28
SBAR,2025-10-28,0.28
SBAR,2025-11-21,0.28
SBAR,2025-12-23,0.28
SBAR,2026-01-27,0.28
SBAR,2026-02-24,0.25
SBAR,2026-03-26,0.25
SBAR,2026-04-27,0.25
SBAR,2026-05-26,0.25
SBAR,2026-06-25,0.25
SBAR,2026-07-28,0.25
SBAR,2026-08-26,0.25
SBAR,2026-09-25,0.25
SBIL,2025-08-26,0.47
SBIL,2025-09-25,0.35
SBIL,2025-10-28,0.34
SBIL,2025-11-21,0.27
SBIL,2025-12-23,0.36
SBIL,2026-01-27,0.32
SBIL,2026-02-24,0.3
SBIL,2026-03-26,0.27
SBIL,2026-04-27,0.3
SBIL,2026-05-26,0.28
SBIL,2026-06-25,0.3
SBIL,2026-07-28,0.31
SBIL,2026-08-26,0.31
SBIL,2026-09-25,0.29
SBIO,2023-12-21,0.071
SBIO,2024-12-19,1.174
SBIT,2024-05-01,0.135
SBIT,2024-06-03,0.225
SBIT,2024-07-01,0.155
SBIT,2024-08-01,0.065
SBIT,2024-09-03,0.01
SBIT,2024-12-23,0.005
SBIT,2025-02-03,0.005
SBIT,2025-03-03,0.01
SBIT,2025-06-02,0.005
SBIT,2025-07-01,0.01
SBIT,2025-08-01,0.043
SBIT,2025-09-02,0.046
SBIT,2025-10-01,0.037
SBIT,2025-11-03,0.036
SBIT,2025-12-01,0.023
SBIT,2025-12-24,0.005
SBIT,2026-02-02,0.341
SBIT,2026-03-02,1.11
SBIT,2026-04-01,0.265
SBIT,2026-05-01,0.035
SBIT,2026-06-01,0.047
SBIT,2026-07-01,0.432
SBIT,2026-08-03,0.516
SBIT,2026-09-01,0.163
SBIT,2026-10-01,0.058
SBND,2023-09-01,0.066
SBND,2023-10-02,0.062
SBND,2023-11-01,0.068
SBND,2023-12-01,0.064
SBND,2023-12-26,0.065
SBND,2024-02-01,0.069
SBND,2024-03-01,0.064
SBND,2024-04-01,0.073
SBND,2024-05-01,0.067
SBND,2024-06-03,0.071
SBND,2024-07-01,0.068
SBND,2024-08-01,0.074
SBND,2024-09-03,0.071
SBND,2024-10-01,0.07
SBND,2024-11-01,0.074
SBND,2024-12-02,0.07
SBND,2024-12-27,0.075
SBND,2025-02-03,0.074
SBND,2025-03-03,0.067
SBND,2025-04-01,0.084
SBND,2025-05-01,0.081
SBND,2025-06-02,0.07
SBND,2025-07-01,0.072
SBND,2025-08-01,0.078
SBND,2025-09-02,0.067
SBND,2025-10-01,0.07
SBND,2025-11-03,0.075
SBND,2025-12-01,0.069
SBND,2025-12-29,0.073
SBND,2026-02-02,0.068
SBND,2026-03-02,0.061
SBND,2026-04-01,0.071
SBND,2026-05-01,0.074
SBND,2026-06-01,0.072
SBND,2026-07-01,0.066
SBND,2026-08-03,0.084
SBND,2026-09-01,0.073
SBND,2026-10-01,0.071
SCCR,2025-04-01,0.103
SCCR,2025-05-01,0.104
SCCR,2025-06-02,0.099
SCCR,2025-07-01,0.09
SCCR,2025-08-01,0.106
SCCR,2025-09-02,0.088
SCCR,2025-10-01,0.09
SCCR,2025-11-03,0.101
SCCR,2025-12-01,0.089
SCCR,2025-12-19,0.098
SCCR,2026-02-02,0.102
SCCR,2026-03-02,0.093
SCCR,2026-04-01,0.09
SCCR,2026-05-01,0.094
SCCR,2026-06-01,0.095
SCCR,2026-07-01,0.096
SCCR,2026-08-03,0.103
SCCR,2026-09-01,0.09
SCCR,2026-10-01,0.099
SCEC,2025-04-01,0.041
SCEC,2025-05-01,0.065
SCEC,2025-06-02,0.091
SCEC,2025-07-01,0.092
SCEC,2025-08-01,0.097
SCEC,2025-09-02,0.093
SCEC,2025-10-01,0.093
SCEC,2025-11-03,0.107
SCEC,2025-12-01,0.092
SCEC,2025-12-30,0.138
SCEC,2026-02-02,0.098
SCEC,2026-03-02,0.094
SCEC,2026-04-01,0.11
SCEC,2026-05-01,0.094
SCEC,2026-06-01,0.102
SCEC,2026-07-01,0.099
SCEC,2026-08-03,0.11
SCEC,2026-09-01,0.096
SCEC,2026-10-01,0.105
SCHA,2023-09-20,0.077
SCHA,2023-12-06,0.1165
SCHA,2024-03-20,0.054
SCHA,2024-06-26,0.08
SCHA,2024-09-25,0.0875
SCHA,2024-12-11,0.169
SCHA,2025-03-26,0.055
SCHA,2025-06-25,0.083
SCHA,2025-09-24,0.089
SCHA,2025-12-10,0.13
SCHA,2026-03-25,0.038
SCHA,2026-06-24,0.1
SCHA,2026-09-23,0.101
SCHB,2023-09-20,0.063333
SCHB,2023-12-06,0.074667
SCHB,2024-03-20,0.062333
SCHB,2024-06-26,0.067667
SCHB,2024-09-25,0.069
SCHB,2024-12-11,0.083
SCHB,2025-03-26,0.065
SCHB,2025-06-25,0.07
SCHB,2025-09-24,0.074
SCHB,2025-12-10,0.082
SCHB,2026-03-25,0.069
SCHB,2026-06-24,0.075
SCHB,2026-09-23,0.081
SCHC,2023-12-06,0.861
SCHC,2024-06-26,0.108
SCHC,2024-12-13,1.171
SCHC,2025-06-25,0.093
SCHC,2025-12-11,1.574
SCHC,2026-06-24,0.108
SCHD,2023-09-20,0.218333
SCHD,2023-12-06,0.247333
SCHD,2024-03-20,0.203667
SCHD,2024-06-26,0.274667
SCHD,2024-09-25,0.251667
SCHD,2024-12-11,0.265
SCHD,2025-03-26,0.249
SCHD,2025-06-25,0.26
SCHD,2025-09-24,0.26
SCHD,2025-12-10,0.278
SCHD,2026-03-25,0.257
SCHD,2026-06-24,0.253
SCHD,2026-09-23,0.267
SCHE,2023-12-06,0.822
SCHE,2024-06-26,0.034
SCHE,2024-12-13,0.774
SCHE,2025-06-25,0.035
SCHE,2025-12-11,0.908
SCHE,2026-06-24,0.044
SCHF,2023-12-06,0.352
SCHF,2024-06-26,0.1815
SCHF,2024-12-13,0.422
SCHF,2025-06-25,0.144
SCHF,2025-12-11,0.678
SCHF,2026-06-24,0.165
SCHG,2023-09-20,0.021
SCHG,2023-12-06,0.026
SCHG,2023-12-28,0.00625
SCHG,2024-03-20,0.02425
SCHG,2024-06-26,0.02675
SCHG,2024-09-25,0.0275
SCHG,2024-12-11,0.032
SCHG,2025-03-26,0.027
SCHG,2025-06-25,0.028
SCHG,2025-09-24,0.03
SCHG,2025-12-10,0.032
SCHG,2026-03-25,0.036
SCHG,2026-06-24,0.034
SCHG,2026-09-23,0.037
SCHH,2023-09-20,0.141
SCHH,2023-12-06,0.225
SCHH,2024-03-20,0.107
SCHH,2024-06-26,0.19
SCHH,2024-09-25,0.14
SCHH,2024-12-11,0.242
SCHH,2025-03-26,0.099
SCHH,2025-06-25,0.159
SCHH,2025-09-24,0.156
SCHH,2025-12-10,0.222
SCHH,2026-03-25,0.115
SCHH,2026-06-24,0.168
SCHH,2026-09-23,0.173
SCHI,2023-09-01,0.092
SCHI,2023-10-02,0.0945
SCHI,2023-11-01,0.087
SCHI,2023-12-01,0.1005
SCHI,2023-12-15,0.084
SCHI,2024-02-01,0.097
SCHI,2024-03-01,0.087
SCHI,2024-04-01,0.097
SCHI,2024-05-01,0.0945
SCHI,2024-06-03,0.1015
SCHI,2024-07-01,0.089
SCHI,2024-08-01,0.095
SCHI,2024-09-03,0.101
SCHI,2024-10-01,0.0885
SCHI,2024-11-01,0.101
SCHI,2024-12-02,0.092
SCHI,2024-12-20,0.087
SCHI,2025-02-03,0.106
SCHI,2025-03-03,0.095
SCHI,2025-04-01,0.089
SCHI,2025-05-01,0.092
SCHI,2025-06-02,0.1
SCHI,2025-07-01,0.093
SCHI,2025-08-01,0.103
SCHI,2025-09-02,0.092
SCHI,2025-10-01,0.092
SCHI,2025-11-03,0.102
SCHI,2025-12-01,0.089
SCHI,2025-12-19,0.091
SCHI,2026-02-02,0.101
SCHI,2026-03-02,0.094
SCHI,2026-04-01,0.093
SCHI,2026-05-01,0.095
SCHI,2026-06-01,0.093
SCHI,2026-07-01,0.094
SCHI,2026-08-03,0.102
SCHI,2026-09-01,0.09
SCHI,2026-10-01,0.098
SCHJ,2023-09-01,0.0635
SCHJ,2023-10-02,0.0685
SCHJ,2023-11-01,0.065
SCHJ,2023-12-01,0.0735
SCHJ,2023-12-15,0.06
SCHJ,2024-02-01,0.079
SCHJ,2024-03-01,0.073
SCHJ,2024-04-01,0.076
SCHJ,2024-05-01,0.0785
SCHJ,2024-06-03,0.087
SCHJ,2024-07-01,0.0765
SCHJ,2024-08-01,0.085
SCHJ,2024-09-03,0.087
SCHJ,2024-10-01,0.081
SCHJ,2024-11-01,0.092
SCHJ,2024-12-02,0.084
SCHJ,2024-12-20,0.077
SCHJ,2025-02-03,0.1
SCHJ,2025-03-03,0.091
SCHJ,2025-04-01,0.084
SCHJ,2025-05-01,0.092
SCHJ,2025-06-02,0.094
SCHJ,2025-07-01,0.091
SCHJ,2025-08-01,0.099
SCHJ,2025-09-02,0.088
SCHJ,2025-10-01,0.09
SCHJ,2025-11-03,0.098
SCHJ,2025-12-01,0.088
SCHJ,2025-12-19,0.084
SCHJ,2026-02-02,0.102
SCHJ,2026-03-02,0.092
SCHJ,2026-04-01,0.09
SCHJ,2026-05-01,0.092
SCHJ,2026-06-01,0.092
SCHJ,2026-07-01,0.087
SCHJ,2026-08-03,0.105
SCHJ,2026-09-01,0.088
SCHJ,2026-10-01,0.094
SCHK,2023-09-20,0.0765
SCHK,2023-12-06,0.0895
SCHK,2023-12-28,0.0035
SCHK,2024-03-20,0.077
SCHK,2024-06-26,0.083
SCHK,2024-09-25,0.084
SCHK,2024-12-11,0.096
SCHK,2025-03-26,0.081
SCHK,2025-06-25,0.086
SCHK,2025-09-24,0.092
SCHK,2025-12-10,0.099
SCHK,2026-03-25,0.089
SCHK,2026-06-24,0.093
SCHK,2026-09-23,0.102
SCHM,2023-09-20,0.086667
SCHM,2023-12-06,0.113667
SCHM,2024-03-20,0.086
SCHM,2024-06-26,0.086
SCHM,2024-09-25,0.106
SCHM,2024-12-11,0.119
SCHM,2025-03-26,0.078
SCHM,2025-06-25,0.101
SCHM,2025-09-24,0.126
SCHM,2025-12-10,0.133
SCHM,2026-03-25,0.076
SCHM,2026-06-24,0.107
SCHM,2026-09-23,0.129
SCHO,2023-09-01,0.076
SCHO,2023-10-02,0.0815
SCHO,2023-11-01,0.0825
SCHO,2023-12-01,0.0905
SCHO,2023-12-15,0.0785
SCHO,2024-02-01,0.0885
SCHO,2024-03-01,0.0915
SCHO,2024-04-01,0.083
SCHO,2024-05-01,0.0835
SCHO,2024-06-03,0.0925
SCHO,2024-07-01,0.0795
SCHO,2024-08-01,0.088
SCHO,2024-09-03,0.0935
SCHO,2024-10-01,0.0785
SCHO,2024-11-01,0.092
SCHO,2024-12-02,0.081
SCHO,2024-12-20,0.08
SCHO,2025-02-03,0.096
SCHO,2025-03-03,0.078
SCHO,2025-04-01,0.084
SCHO,2025-05-01,0.083
SCHO,2025-06-02,0.087
SCHO,2025-07-01,0.079
SCHO,2025-08-01,0.09
SCHO,2025-09-02,0.08
SCHO,2025-10-01,0.076
SCHO,2025-11-03,0.086
SCHO,2025-12-01,0.072
SCHO,2025-12-19,0.077
SCHO,2026-02-02,0.087
SCHO,2026-03-02,0.071
SCHO,2026-04-01,0.075
SCHO,2026-05-01,0.075
SCHO,2026-06-01,0.074
SCHO,2026-07-01,0.078
SCHO,2026-08-03,0.081
SCHO,2026-09-01,0.062
SCHO,2026-10-01,0.079
SCHP,2023-09-01,0.0805
SCHP,2023-10-02,0.0645
SCHP,2023-11-01,0.091
SCHP,2023-12-01,0.0795
SCHP,2023-12-15,0.0685
SCHP,2024-04-01,0.038
SCHP,2024-05-01,0.104
SCHP,2024-06-03,0.1455
SCHP,2024-07-01,0.125
SCHP,2024-08-01,0.089
SCHP,2024-09-03,0.0535
SCHP,2024-10-01,0.01
SCHP,2024-11-01,0.029
SCHP,2024-12-02,0.068
SCHP,2024-12-20,0.11
SCHP,2025-03-03,0.015
SCHP,2025-04-01,0.099
SCHP,2025-05-01,0.123
SCHP,2025-06-02,0.104
SCHP,2025-07-01,0.105
SCHP,2025-08-01,0.088
SCHP,2025-09-02,0.099
SCHP,2025-10-01,0.08
SCHP,2025-11-03,0.092
SCHP,2025-12-01,0.093
SCHP,2025-12-19,0.177
SCHP,2026-04-01,0.027
SCHP,2026-05-01,0.096
SCHP,2026-06-01,0.203
SCHP,2026-07-01,0.221
SCHP,2026-08-03,0.216
SCHP,2026-09-01,0.077
SCHP,2026-10-01,0.056
SCHQ,2023-09-01,0.119
SCHQ,2023-10-02,0.113
SCHQ,2023-11-01,0.111
SCHQ,2023-12-01,0.123
SCHQ,2023-12-15,0.111
SCHQ,2024-02-01,0.13
SCHQ,2024-03-01,0.111
SCHQ,2024-04-01,0.125
SCHQ,2024-05-01,0.121
SCHQ,2024-06-03,0.127
SCHQ,2024-07-01,0.113
SCHQ,2024-08-01,0.117
SCHQ,2024-09-03,0.118
SCHQ,2024-10-01,0.112
SCHQ,2024-11-01,0.136
SCHQ,2024-12-02,0.115
SCHQ,2024-12-20,0.116
SCHQ,2025-02-03,0.134
SCHQ,2025-03-03,0.105
SCHQ,2025-04-01,0.102
SCHQ,2025-05-01,0.121
SCHQ,2025-06-02,0.144
SCHQ,2025-07-01,0.119
SCHQ,2025-08-01,0.124
SCHQ,2025-09-02,0.115
SCHQ,2025-10-01,0.132
SCHQ,2025-11-03,0.121
SCHQ,2025-12-01,0.094
SCHQ,2025-12-19,0.127
SCHQ,2026-02-02,0.148
SCHQ,2026-03-02,0.107
SCHQ,2026-04-01,0.128
SCHQ,2026-05-01,0.117
SCHQ,2026-06-01,0.15
SCHQ,2026-07-01,0.109
SCHQ,2026-08-03,0.127
SCHQ,2026-09-01,0.109
SCHQ,2026-10-01,0.113
SCHR,2023-09-01,0.068
SCHR,2023-10-02,0.0695
SCHR,2023-11-01,0.069
SCHR,2023-12-01,0.0775
SCHR,2023-12-15,0.067
SCHR,2024-02-01,0.076
SCHR,2024-03-01,0.0715
SCHR,2024-04-01,0.0765
SCHR,2024-05-01,0.0745
SCHR,2024-06-03,0.083
SCHR,2024-07-01,0.071
SCHR,2024-08-01,0.0775
SCHR,2024-09-03,0.081
SCHR,2024-10-01,0.0715
SCHR,2024-11-01,0.085
SCHR,2024-12-02,0.074
SCHR,2024-12-20,0.074
SCHR,2025-02-03,0.09
SCHR,2025-03-03,0.074
SCHR,2025-04-01,0.077
SCHR,2025-05-01,0.079
SCHR,2025-06-02,0.085
SCHR,2025-07-01,0.077
SCHR,2025-08-01,0.087
SCHR,2025-09-02,0.079
SCHR,2025-10-01,0.077
SCHR,2025-11-03,0.086
SCHR,2025-12-01,0.074
SCHR,2025-12-19,0.08
SCHR,2026-02-02,0.088
SCHR,2026-03-02,0.075
SCHR,2026-04-01,0.08
SCHR,2026-05-01,0.08
SCHR,2026-06-01,0.082
SCHR,2026-07-01,0.079
SCHR,2026-08-03,0.089
SCHR,2026-09-01,0.077
SCHR,2026-10-01,0.082
SCHV,2023-09-20,0.139667
SCHV,2023-12-06,0.160667
SCHV,2024-03-20,0.131333
SCHV,2024-06-26,0.146
SCHV,2024-09-25,0.144667
SCHV,2024-12-11,0.165
SCHV,2025-03-26,0.141
SCHV,2025-06-25,0.145
SCHV,2025-09-24,0.148
SCHV,2025-12-10,0.165
SCHV,2026-03-25,0.141
SCHV,2026-06-24,0.157
SCHV,2026-09-23,0.163
SCHX,2023-09-20,0.064
SCHX,2023-12-06,0.074667
SCHX,2024-03-20,0.065333
SCHX,2024-06-26,0.068667
SCHX,2024-09-25,0.069
SCHX,2024-12-11,0.079
SCHX,2025-03-26,0.067
SCHX,2025-06-25,0.072
SCHX,2025-09-24,0.073
SCHX,2025-12-10,0.081
SCHX,2026-03-25,0.073
SCHX,2026-06-24,0.076
SCHX,2026-09-23,0.082
SCHY,2023-12-06,0.687
SCHY,2024-03-20,0.16
SCHY,2024-06-26,0.347
SCHY,2024-09-25,0.275
SCHY,2024-12-13,0.291
SCHY,2025-03-26,0.14
SCHY,2025-06-25,0.349
SCHY,2025-09-24,0.25
SCHY,2025-12-11,0.32
SCHY,2026-03-25,0.182
SCHY,2026-06-24,0.357
SCHY,2026-09-23,0.316
SCHZ,2023-09-01,0.067
SCHZ,2023-10-02,0.0695
SCHZ,2023-11-01,0.066
SCHZ,2023-12-01,0.0735
SCHZ,2023-12-15,0.0665
SCHZ,2024-02-01,0.0765
SCHZ,2024-03-01,0.07
SCHZ,2024-04-01,0.073
SCHZ,2024-05-01,0.0705
SCHZ,2024-06-03,0.081
SCHZ,2024-07-01,0.0685
SCHZ,2024-08-01,0.075
SCHZ,2024-09-03,0.0805
SCHZ,2024-10-01,0.07
SCHZ,2024-11-01,0.081
SCHZ,2024-12-02,0.073
SCHZ,2024-12-20,0.081
SCHZ,2025-02-03,0.087
SCHZ,2025-03-03,0.076
SCHZ,2025-04-01,0.074
SCHZ,2025-05-01,0.079
SCHZ,2025-06-02,0.082
SCHZ,2025-07-01,0.076
SCHZ,2025-08-01,0.084
SCHZ,2025-09-02,0.076
SCHZ,2025-10-01,0.078
SCHZ,2025-11-03,0.084
SCHZ,2025-12-01,0.074
SCHZ,2025-12-19,0.077
SCHZ,2026-02-02,0.085
SCHZ,2026-03-02,0.077
SCHZ,2026-04-01,0.079
SCHZ,2026-05-01,0.079
SCHZ,2026-06-01,0.081
SCHZ,2026-07-01,0.08
SCHZ,2026-08-03,0.088
SCHZ,2026-09-01,0.077
SCHZ,2026-10-01,0.082
SCIO,2024-04-23,0.09
SCIO,2024-05-21,0.1
SCIO,2024-06-27,0.1
SCIO,2024-07-23,0.105
SCIO,2024-08-21,0.105
SCIO,2024-09-26,0.123
SCIO,2024-10-22,0.138
SCIO,2024-11-21,0.138
SCIO,2024-12-13,0.314
SCIO,2025-01-22,0.108
SCIO,2025-02-21,0.108
SCIO,2025-03-27,0.108
SCIO,2025-04-22,0.115
SCIO,2025-05-21,0.115
SCIO,2025-06-26,0.115
SCIO,2025-07-22,0.115
SCIO,2025-08-21,0.115
SCIO,2025-09-25,0.115
SCIO,2025-10-21,0.105
SCIO,2025-11-21,0.1
SCIO,2025-12-12,0.095
SCIO,2026-01-21,0.095
SCIO,2026-02-20,0.095
SCIO,2026-03-26,0.095
SCIO,2026-04-21,0.095
SCIO,2026-05-21,0.095
SCIO,2026-06-25,0.095
SCIO,2026-07-21,0.095
SCIO,2026-08-21,0.095
SCIO,2026-09-24,0.095
SCJ,2023-12-20,0.935
SCJ,2024-06-11,0.715
SCJ,2024-12-17,0.598
SCJ,2025-06-16,0.887
SCJ,2025-12-16,1.995
SCJ,2026-06-15,0.923
SCMB,2023-09-01,0.07
SCMB,2023-10-02,0.0735
SCMB,2023-11-01,0.062
SCMB,2023-12-01,0.0755
SCMB,2023-12-15,0.065
SCMB,2024-02-01,0.073
SCMB,2024-03-01,0.073
SCMB,2024-04-01,0.069
SCMB,2024-05-01,0.074
SCMB,2024-06-03,0.076
SCMB,2024-07-01,0.0665
SCMB,2024-08-01,0.0705
SCMB,2024-09-03,0.0785
SCMB,2024-10-01,0.0685
SCMB,2024-11-01,0.075
SCMB,2024-12-02,0.07
SCMB,2024-12-20,0.063
SCMB,2025-02-03,0.081
SCMB,2025-03-03,0.075
SCMB,2025-04-01,0.06
SCMB,2025-05-01,0.036
SCMB,2025-06-02,0.082
SCMB,2025-07-01,0.075
SCMB,2025-08-01,0.083
SCMB,2025-09-02,0.073
SCMB,2025-10-01,0.076
SCMB,2025-11-03,0.082
SCMB,2025-12-01,0.072
SCMB,2025-12-19,0.072
SCMB,2026-02-02,0.072
SCMB,2026-03-02,0.078
SCMB,2026-04-01,0.076
SCMB,2026-05-01,0.074
SCMB,2026-06-01,0.074
SCMB,2026-07-01,0.076
SCMB,2026-08-03,0.082
SCMB,2026-09-01,0.068
SCMB,2026-10-01,0.093
SCUS,2024-10-01,0.133
SCUS,2024-11-01,0.102
SCUS,2024-12-02,0.089
SCUS,2024-12-20,0.083
SCUS,2025-02-03,0.11
SCUS,2025-03-03,0.083
SCUS,2025-04-01,0.082
SCUS,2025-05-01,0.085
SCUS,2025-06-02,0.109
SCUS,2025-07-01,0.084
SCUS,2025-08-01,0.097
SCUS,2025-09-02,0.076
SCUS,2025-10-01,0.086
SCUS,2025-11-03,0.078
SCUS,2025-12-01,0.078
SCUS,2025-12-19,0.082
SCUS,2026-02-02,0.087
SCUS,2026-03-02,0.078
SCUS,2026-04-01,0.077
SCUS,2026-05-01,0.082
SCUS,2026-06-01,0.08
SCUS,2026-07-01,0.081
SCUS,2026-08-03,0.088
SCUS,2026-09-01,0.079
SCUS,2026-10-01,0.082
SCYB,2023-09-01,0.175
SCYB,2023-10-02,0.168
SCYB,2023-11-01,0.152
SCYB,2023-12-01,0.183
SCYB,2023-12-15,0.1935
SCYB,2024-02-01,0.133
SCYB,2024-03-01,0.159
SCYB,2024-04-01,0.16
SCYB,2024-05-01,0.161
SCYB,2024-06-03,0.17
SCYB,2024-07-01,0.1435
SCYB,2024-08-01,0.16
SCYB,2024-09-03,0.154
SCYB,2024-10-01,0.147
SCYB,2024-11-01,0.167
SCYB,2024-12-02,0.149
SCYB,2024-12-20,0.145
SCYB,2025-02-03,0.173
SCYB,2025-03-03,0.152
SCYB,2025-04-01,0.145
SCYB,2025-05-01,0.159
SCYB,2025-06-02,0.16
SCYB,2025-07-01,0.153
SCYB,2025-08-01,0.163
SCYB,2025-09-02,0.146
SCYB,2025-10-01,0.15
SCYB,2025-11-03,0.156
SCYB,2025-12-01,0.144
SCYB,2025-12-19,0.148
SCYB,2026-02-02,0.156
SCYB,2026-03-02,0.145
SCYB,2026-04-01,0.154
SCYB,2026-05-01,0.145
SCYB,2026-06-01,0.15
SCYB,2026-07-01,0.149
SCYB,2026-08-03,0.155
SCYB,2026-09-01,0.14
SCYB,2026-10-01,0.163
SCZ,2023-12-20,0.83
SCZ,2024-06-11,0.899
SCZ,2024-12-17,1.227
SCZ,2025-06-16,1.059
SCZ,2025-12-16,1.497
SCZ,2026-06-15,1.17
SDCI,2023-09-19,0.132
SDCI,2023-12-19,0.212
SDCI,2024-12-27,1.151
SDCI,2025-12-22,0.811
SDIV,2023-09-06,0.21
SDIV,2023-10-04,0.21
SDIV,2023-11-03,0.21
SDIV,2023-12-05,0.21
SDIV,2023-12-28,0.21
SDIV,2024-02-05,0.21
SDIV,2024-03-05,0.21
SDIV,2024-04-03,0.19
SDIV,2024-05-03,0.19
SDIV,2024-06-05,0.19
SDIV,2024-07-03,0.19
SDIV,2024-08-05,0.19
SDIV,2024-09-05,0.19
SDIV,2024-10-03,0.192
SDIV,2024-11-05,0.192
SDIV,2024-12-04,0.196
SDIV,2024-12-30,0.196
SDIV,2025-02-05,0.193
SDIV,2025-03-05,0.2
SDIV,2025-04-03,0.195
SDIV,2025-05-05,0.195
SDIV,2025-06-04,0.192
SDIV,2025-07-03,0.19
SDIV,2025-08-05,0.19
SDIV,2025-09-04,0.19
SDIV,2025-10-03,0.19
SDIV,2025-11-05,0.19
SDIV,2025-12-03,0.19
SDIV,2025-12-30,0.19
SDIV,2026-02-04,0.19
SDIV,2026-03-04,0.197
SDIV,2026-04-06,0.19
SDIV,2026-05-05,0.18
SDIV,2026-06-03,0.18
SDIV,2026-07-06,0.18
SDIV,2026-08-05,0.18
SDIV,2026-09-03,0.18
SDOG,2023-09-21,0.545
SDOG,2023-12-21,0.563
SDOG,2024-03-21,0.56
SDOG,2024-06-20,0.542
SDOG,2024-09-19,0.538
SDOG,2024-12-19,0.542
SDOG,2025-03-20,0.548
SDOG,2025-06-20,0.565
SDOG,2025-09-18,0.561
SDOG,2025-12-18,0.549
SDOG,2026-03-19,0.615
SDOG,2026-06-18,0.656
SDOG,2026-09-17,0.633
SDOW,2023-09-20,1.036
SDOW,2023-12-20,1.012
SDOW,2024-03-20,1.008
SDOW,2024-06-26,1.104
SDOW,2024-09-25,0.932
SDOW,2024-12-23,1.166
SDOW,2025-03-26,0.614
SDOW,2025-06-25,0.392
SDOW,2025-09-24,0.408
SDOW,2025-12-24,0.44
SDOW,2026-03-25,0.238
SDOW,2026-06-24,0.218
SDOW,2026-09-23,0.294
SDS,2023-09-20,2.465
SDS,2023-12-20,2.92
SDS,2024-03-20,1.72
SDS,2024-06-26,2.22
SDS,2024-09-25,1.705
SDS,2024-12-23,2.115
SDS,2025-03-26,1.165
SDS,2025-06-25,0.86
SDS,2025-09-24,0.825
SDS,2025-12-24,1.173
SDS,2026-03-25,0.415
SDS,2026-06-24,0.615
SDS,2026-09-23,0.629
SDSI,2023-09-01,0.219
SDSI,2023-10-02,0.279
SDSI,2023-11-01,0.233
SDSI,2023-12-01,0.285
SDSI,2023-12-18,0.281
SDSI,2024-02-01,0.243
SDSI,2024-03-01,0.219
SDSI,2024-04-01,0.204
SDSI,2024-05-01,0.249
SDSI,2024-06-03,0.219
SDSI,2024-07-01,0.187
SDSI,2024-08-01,0.243
SDSI,2024-09-03,0.262
SDSI,2024-10-01,0.241
SDSI,2024-11-01,0.233
SDSI,2024-12-02,0.21
SDSI,2024-12-17,0.283
SDSI,2025-02-03,0.2
SDSI,2025-03-03,0.22
SDSI,2025-04-01,0.206
SDSI,2025-05-01,0.234
SDSI,2025-06-02,0.219
SDSI,2025-07-01,0.207
SDSI,2025-08-01,0.227
SDSI,2025-09-02,0.221
SDSI,2025-10-01,0.157
SDSI,2025-11-03,0.206
SDSI,2025-12-01,0.179
SDSI,2025-12-16,0.258
SDSI,2026-02-05,0.219
SDSI,2026-03-05,0.201
SDSI,2026-04-07,0.22
SDSI,2026-05-06,0.175
SDSI,2026-07-07,0.199
SDSI,2026-08-06,0.209
SDSI,2026-09-04,0.187
SDVD,2023-09-22,0.245
SDVD,2023-10-24,0.135
SDVD,2023-11-21,0.138
SDVD,2023-12-22,0.153
SDVD,2024-01-23,0.148
SDVD,2024-02-21,0.151
SDVD,2024-03-21,0.151
SDVD,2024-04-23,0.148
SDVD,2024-05-21,0.156
SDVD,2024-06-27,0.152
SDVD,2024-07-23,0.157
SDVD,2024-08-21,0.153
SDVD,2024-09-26,0.157
SDVD,2024-10-22,0.161
SDVD,2024-11-21,0.163
SDVD,2024-12-13,0.161
SDVD,2025-01-22,0.158
SDVD,2025-02-21,0.157
SDVD,2025-03-27,0.147
SDVD,2025-04-22,0.136
SDVD,2025-05-21,0.149
SDVD,2025-06-26,0.146
SDVD,2025-07-22,0.149
SDVD,2025-08-21,0.152
SDVD,2025-09-25,0.153
SDVD,2025-10-21,0.147
SDVD,2025-11-21,0.147
SDVD,2025-12-12,0.151
SDVD,2026-01-21,0.156
SDVD,2026-01-30,0.156
SDVD,2026-02-20,0.162
SDVD,2026-03-26,0.153
SDVD,2026-04-21,0.158
SDVD,2026-05-21,0.155
SDVD,2026-06-25,0.156
SDVD,2026-07-21,0.164
SDVD,2026-08-21,0.164
SDVD,2026-09-24,0.157
SDVY,2023-09-22,0.098
SDVY,2023-12-22,0.184
SDVY,2024-03-21,0.103
SDVY,2024-06-27,0.15
SDVY,2024-09-26,0.138
SDVY,2024-12-13,0.182
SDVY,2025-03-27,0.158
SDVY,2025-06-26,0.118
SDVY,2025-09-25,0.095
SDVY,2025-12-12,0.131
SDVY,2026-03-26,0.098
SDVY,2026-06-25,0.09
SDVY,2026-09-24,0.1
SDY,2023-09-15,0.793
SDY,2023-12-15,0.978
SDY,2024-03-15,0.708
SDY,2024-06-21,0.859
SDY,2024-09-20,0.785
SDY,2024-12-20,1.03
SDY,2025-03-24,0.818
SDY,2025-06-23,0.927
SDY,2025-09-22,0.871
SDY,2025-12-22,1.017
SDY,2026-03-23,0.874
SDY,2026-06-22,0.968
SDY,2026-09-21,0.917
SECT,2023-09-21,0.077
SECT,2023-12-21,0.139
SECT,2024-03-21,0.049
SECT,2024-09-19,0.007
SECT,2024-12-19,0.191
SECT,2025-09-23,0.105
SECT,2025-12-23,0.104
SECT,2026-03-26,0.222
SECT,2026-06-25,0.09
SECU,2026-03-02,0.358
SECU,2026-04-01,0.25
SECU,2026-05-01,0.193
SECU,2026-06-01,0.241
SECU,2026-07-01,0.209
SECU,2026-08-03,0.19
SECU,2026-09-01,0.236
SECU,2026-10-01,0.277
SEEM,2024-12-27,0.073
SEEM,2025-04-03,0.144
SEEM,2025-07-07,0.252
SEEM,2025-10-03,0.109
SEEM,2025-12-29,0.524
SEEM,2026-04-06,0.099
SEEM,2026-07-06,0.291
SEIE,2024-12-27,0.04
SEIE,2025-04-03,0.15
SEIE,2025-07-07,0.365
SEIE,2025-10-03,0.122
SEIE,2025-12-29,0.109
SEIE,2026-04-06,0.213
SEIE,2026-07-06,0.362
SEIM,2023-10-03,0.053
SEIM,2023-12-26,0.047
SEIM,2024-04-03,0.029
SEIM,2024-07-08,0.034
SEIM,2024-10-04,0.04
SEIM,2024-12-27,0.082
SEIM,2025-04-03,0.063
SEIM,2025-07-07,0.072
SEIM,2025-10-03,0.059
SEIM,2025-12-29,0.063
SEIM,2026-04-06,0.089
SEIM,2026-07-06,0.081
SEIQ,2023-10-03,0.073
SEIQ,2023-12-26,0.091
SEIQ,2024-04-03,0.065
SEIQ,2024-07-08,0.096
SEIQ,2024-10-04,0.088
SEIQ,2024-12-27,0.091
SEIQ,2025-04-03,0.094
SEIQ,2025-07-07,0.096
SEIQ,2025-10-03,0.071
SEIQ,2025-12-29,0.103
SEIQ,2026-04-06,0.1
SEIQ,2026-07-06,0.096
SEIS,2024-12-27,0.058
SEIS,2025-04-03,0.059
SEIS,2025-07-07,0.034
SEIS,2025-10-03,0.03
SEIS,2025-12-29,0.04
SEIS,2026-04-06,0.013
SEIS,2026-07-06,0.025
SEIV,2023-10-03,0.133
SEIV,2023-12-26,0.15
SEIV,2024-04-03,0.101
SEIV,2024-07-08,0.165
SEIV,2024-10-04,0.147
SEIV,2024-12-27,0.135
SEIV,2025-04-03,0.163
SEIV,2025-07-07,0.15
SEIV,2025-10-03,0.135
SEIV,2025-12-29,0.178
SEIV,2026-04-06,0.193
SEIV,2026-07-06,0.203
SEIX,2023-09-20,0.187
SEIX,2023-10-20,0.189
SEIX,2023-11-20,0.178
SEIX,2023-12-20,0.276
SEIX,2024-01-22,0.102
SEIX,2024-02-21,0.186
SEIX,2024-03-20,0.16
SEIX,2024-04-22,0.2
SEIX,2024-05-20,0.155
SEIX,2024-06-20,0.167
SEIX,2024-07-22,0.149
SEIX,2024-08-20,0.179
SEIX,2024-09-20,0.154
SEIX,2024-10-21,0.122
SEIX,2024-11-20,0.143
SEIX,2024-12-20,0.22
SEIX,2025-01-21,0.079
SEIX,2025-02-20,0.145
SEIX,2025-03-20,0.134
SEIX,2025-04-21,0.159
SEIX,2025-05-20,0.142
SEIX,2025-06-20,0.147
SEIX,2025-07-21,0.141
SEIX,2025-08-20,0.15
SEIX,2025-09-22,0.156
SEIX,2025-10-20,0.144
SEIX,2025-11-20,0.157
SEIX,2025-12-22,0.2
SEIX,2026-01-20,0.074
SEIX,2026-02-20,0.133
SEIX,2026-03-20,0.124
SEIX,2026-04-20,0.135
SEIX,2026-05-20,0.123
SEIX,2026-06-22,0.141
SEIX,2026-07-20,0.123
SEIX,2026-08-20,0.135
SEIX,2026-09-21,0.139
SEPI,2025-10-30,0.172
SEPI,2025-11-28,0.17
SEPI,2025-12-30,0.19
SEPI,2026-01-29,0.19
SEPI,2026-02-26,0.19
SEPI,2026-03-30,0.19
SEPI,2026-04-29,0.19
SEPI,2026-05-28,0.2
SEPI,2026-06-29,0.2
SEPI,2026-07-30,0.2
SEPI,2026-08-28,0.2
SETM,2023-12-14,0.438
SETM,2024-12-12,0.312
SETM,2025-12-18,0.453
SFLO,2024-02-09,0.011
SFLO,2024-03-11,0.037
SFLO,2024-04-11,0.037
SFLO,2024-05-09,0.01
SFLO,2024-06-12,0.056
SFLO,2024-07-10,0.02
SFLO,2024-08-08,0.002
SFLO,2024-09-11,0.057
SFLO,2024-10-08,0.018
SFLO,2024-11-07,0.012
SFLO,2024-12-12,0.08
SFLO,2025-01-08,0.002
SFLO,2025-02-07,0.016
SFLO,2025-03-10,0.042
SFLO,2025-04-10,0.046
SFLO,2025-05-08,0.016
SFLO,2025-06-09,0.036
SFLO,2025-07-10,0.024
SFLO,2025-08-06,0.012
SFLO,2025-09-08,0.031
SFLO,2025-10-09,0.023
SFLO,2025-11-07,0.005
SFLO,2025-12-11,0.054
SFLO,2026-01-08,0.006
SFLO,2026-02-09,0.009
SFLO,2026-03-10,0.025
SFLO,2026-04-09,0.058
SFLO,2026-06-09,0.023
SFLO,2026-07-09,0.025
SFLO,2026-08-07,0.002
SFLO,2026-09-09,0.05
SFLR,2023-09-28,0.03
SFLR,2023-12-28,0.173
SFLR,2024-03-27,0.029
SFLR,2024-06-28,0.034
SFLR,2024-09-30,0.037
SFLR,2024-12-31,0.037
SFLR,2025-03-31,0.027
SFLR,2025-06-30,0.039
SFLR,2025-09-30,0.032
SFLR,2025-12-31,0.022
SFLR,2026-03-31,0.031
SFLR,2026-06-30,0.023
SFTX,2025-12-24,0.064
SFTY,2025-12-24,0.053
SFY,2023-12-22,0.605
SFY,2024-06-26,0.52
SFY,2024-12-27,0.552
SFY,2025-06-26,0.656
SFY,2025-12-30,0.611
SFY,2026-06-29,0.634
SGDJ,2023-12-14,1.338
SGDJ,2024-12-12,2.18
SGDJ,2025-12-18,7.044
SGDM,2023-12-14,0.348
SGDM,2024-12-12,0.29
SGDM,2025-12-18,0.727
SGOV,2023-09-01,0.431
SGOV,2023-10-02,0.412
SGOV,2023-11-01,0.427
SGOV,2023-12-01,0.443
SGOV,2023-12-14,0.455
SGOV,2024-02-01,0.458
SGOV,2024-03-01,0.41
SGOV,2024-04-01,0.45
SGOV,2024-05-01,0.428
SGOV,2024-06-03,0.44
SGOV,2024-07-01,0.439
SGOV,2024-08-01,0.453
SGOV,2024-09-03,0.444
SGOV,2024-10-01,0.43
SGOV,2024-11-01,0.415
SGOV,2024-12-02,0.378
SGOV,2024-12-18,0.372
SGOV,2025-02-03,0.363
SGOV,2025-03-03,0.313
SGOV,2025-04-01,0.346
SGOV,2025-05-01,0.335
SGOV,2025-06-02,0.358
SGOV,2025-07-01,0.347
SGOV,2025-08-01,0.362
SGOV,2025-09-02,0.36
SGOV,2025-10-01,0.347
SGOV,2025-11-03,0.348
SGOV,2025-12-01,0.313
SGOV,2025-12-19,0.323
SGOV,2026-02-02,0.309
SGOV,2026-03-02,0.272
SGOV,2026-04-01,0.293
SGOV,2026-05-01,0.298
SGOV,2026-06-01,0.299
SGOV,2026-07-01,0.296
SGOV,2026-08-03,0.307
SGOV,2026-09-01,0.307
SGOV,2026-10-01,0.301
SGVT,2025-07-01,0.132
SGVT,2025-08-01,0.27
SGVT,2025-09-02,0.238
SGVT,2025-10-01,0.26
SGVT,2025-11-03,0.289
SGVT,2025-12-01,0.264
SGVT,2025-12-19,0.287
SGVT,2026-02-02,0.319
SGVT,2026-03-02,0.259
SGVT,2026-04-01,0.246
SGVT,2026-05-01,0.279
SGVT,2026-06-01,0.291
SGVT,2026-07-01,0.272
SGVT,2026-08-03,0.291
SGVT,2026-09-01,0.271
SGVT,2026-10-01,0.286
SH,2023-09-20,0.66
SH,2023-12-20,0.944
SH,2024-03-20,0.568
SH,2024-06-26,0.792
SH,2024-09-25,0.564
SH,2024-12-23,0.704
SH,2025-03-26,0.311
SH,2025-06-25,0.418
SH,2025-09-24,0.413
SH,2025-12-24,0.477
SH,2026-03-25,0.179
SH,2026-06-24,0.32
SH,2026-09-23,0.296
SHAG,2023-09-25,0.135
SHAG,2023-10-25,0.135
SHAG,2023-11-24,0.135
SHAG,2023-12-22,0.165
SHAG,2024-01-25,0.15
SHAG,2024-02-23,0.14
SHAG,2024-03-22,0.155
SHAG,2024-04-24,0.15
SHAG,2024-05-24,0.175
SHAG,2024-06-25,0.18
SHAG,2024-07-26,0.19
SHAG,2024-08-27,0.19
SHAG,2024-09-25,0.19
SHAG,2024-10-28,0.19
SHAG,2024-11-25,0.19
SHAG,2024-12-26,0.221
SHAG,2025-01-28,0.175
SHAG,2025-02-25,0.16
SHAG,2025-03-26,0.195
SHAG,2025-04-25,0.185
SHAG,2025-05-27,0.19
SHAG,2025-06-25,0.15
SHAG,2025-07-28,0.19
SHAG,2025-08-26,0.18
SHAG,2025-09-25,0.14
SHAG,2025-10-28,0.18
SHAG,2025-11-24,0.16
SHAG,2025-12-26,0.172
SHAG,2026-01-27,0.195
SHAG,2026-02-24,0.15
SHAG,2026-03-26,0.175
SHAG,2026-04-27,0.165
SHAG,2026-05-26,0.17
SHAG,2026-06-25,0.165
SHAG,2026-07-28,0.155
SHAG,2026-08-26,0.165
SHAG,2026-09-25,0.165
SHLD,2023-12-28,0.071
SHLD,2024-06-27,0.061
SHLD,2024-12-30,0.138
SHLD,2025-06-27,0.119
SHLD,2025-12-30,0.237
SHLD,2026-06-29,0.187
SHM,2023-09-01,0.046
SHM,2023-10-02,0.053
SHM,2023-11-01,0.051
SHM,2023-12-01,0.06
SHM,2023-12-18,0.058
SHM,2024-02-01,0.058
SHM,2024-03-01,0.069
SHM,2024-04-01,0.064
SHM,2024-05-01,0.073
SHM,2024-06-03,0.075
SHM,2024-07-01,0.084
SHM,2024-08-01,0.084
SHM,2024-09-03,0.088
SHM,2024-10-01,0.092
SHM,2024-11-01,0.094
SHM,2024-12-02,0.098
SHM,2024-12-19,0.096
SHM,2025-02-03,0.098
SHM,2025-03-03,0.106
SHM,2025-04-01,0.099
SHM,2025-05-01,0.102
SHM,2025-06-02,0.101
SHM,2025-07-01,0.106
SHM,2025-08-01,0.104
SHM,2025-09-02,0.106
SHM,2025-10-01,0.108
SHM,2025-11-03,0.106
SHM,2025-12-01,0.108
SHM,2025-12-18,0.106
SHM,2026-02-02,0.104
SHM,2026-03-02,0.112
SHM,2026-04-01,0.104
SHM,2026-05-01,0.107
SHM,2026-06-01,0.105
SHM,2026-07-01,0.108
SHM,2026-08-03,0.106
SHM,2026-09-01,0.107
SHM,2026-10-01,0.109
SHPU,2025-09-23,0.11
SHPU,2025-12-10,5.559
SHPU,2025-12-23,0.18
SHPU,2026-03-24,0.077
SHPU,2026-06-23,0.06
SHPU,2026-09-22,0.064
SHV,2023-09-01,0.461
SHV,2023-10-02,0.465
SHV,2023-11-01,0.468
SHV,2023-12-01,0.485
SHV,2023-12-14,0.504
SHV,2024-02-01,0.473
SHV,2024-03-01,0.448
SHV,2024-04-01,0.482
SHV,2024-05-01,0.464
SHV,2024-06-03,0.472
SHV,2024-07-01,0.466
SHV,2024-08-01,0.488
SHV,2024-09-03,0.475
SHV,2024-10-01,0.454
SHV,2024-11-01,0.467
SHV,2024-12-02,0.416
SHV,2024-12-18,0.427
SHV,2025-02-03,0.403
SHV,2025-03-03,0.358
SHV,2025-04-01,0.384
SHV,2025-05-01,0.372
SHV,2025-06-02,0.397
SHV,2025-07-01,0.371
SHV,2025-08-01,0.385
SHV,2025-09-02,0.388
SHV,2025-10-01,0.367
SHV,2025-11-03,0.371
SHV,2025-12-01,0.352
SHV,2025-12-19,0.357
SHV,2026-02-02,0.342
SHV,2026-03-02,0.304
SHV,2026-04-01,0.324
SHV,2026-05-01,0.328
SHV,2026-06-01,0.331
SHV,2026-07-01,0.319
SHV,2026-08-03,0.34
SHV,2026-09-01,0.338
SHV,2026-10-01,0.299
SHY,2023-09-01,0.206
SHY,2023-10-02,0.209
SHY,2023-11-01,0.23
SHY,2023-12-01,0.247
SHY,2023-12-14,0.26
SHY,2024-02-01,0.242
SHY,2024-03-01,0.24
SHY,2024-04-01,0.27
SHY,2024-05-01,0.262
SHY,2024-06-03,0.262
SHY,2024-07-01,0.27
SHY,2024-08-01,0.272
SHY,2024-09-03,0.288
SHY,2024-10-01,0.273
SHY,2024-11-01,0.283
SHY,2024-12-02,0.265
SHY,2024-12-18,0.28
SHY,2025-02-03,0.273
SHY,2025-03-03,0.253
SHY,2025-04-01,0.28
SHY,2025-05-01,0.259
SHY,2025-06-02,0.272
SHY,2025-07-01,0.264
SHY,2025-08-01,0.27
SHY,2025-09-02,0.258
SHY,2025-10-01,0.256
SHY,2025-11-03,0.263
SHY,2025-12-01,0.249
SHY,2025-12-19,0.255
SHY,2026-02-02,0.25
SHY,2026-03-02,0.223
SHY,2026-04-01,0.247
SHY,2026-05-01,0.243
SHY,2026-06-01,0.243
SHY,2026-07-01,0.238
SHY,2026-08-03,0.251
SHY,2026-09-01,0.244
SHY,2026-10-01,0.241
SHYD,2023-09-01,0.055
SHYD,2023-10-02,0.055
SHYD,2023-11-01,0.065
SHYD,2023-12-01,0.054
SHYD,2023-12-27,0.06
SHYD,2024-02-01,0.056
SHYD,2024-03-01,0.054
SHYD,2024-04-01,0.066
SHYD,2024-05-01,0.049
SHYD,2024-06-03,0.059
SHYD,2024-07-01,0.062
SHYD,2024-08-01,0.062
SHYD,2024-09-03,0.059
SHYD,2024-10-01,0.058
SHYD,2024-11-01,0.062
SHYD,2024-12-02,0.059
SHYD,2024-12-27,0.065
SHYD,2025-02-03,0.075
SHYD,2025-03-03,0.052
SHYD,2025-04-01,0.072
SHYD,2025-05-01,0.064
SHYD,2025-06-02,0.071
SHYD,2025-07-01,0.064
SHYD,2025-08-01,0.071
SHYD,2025-09-02,0.066
SHYD,2025-10-01,0.063
SHYD,2025-11-03,0.071
SHYD,2025-11-28,0.066
SHYD,2025-12-29,0.068
SHYD,2026-02-02,0.071
SHYD,2026-03-02,0.06
SHYD,2026-04-01,0.076
SHYD,2026-05-01,0.072
SHYD,2026-06-01,0.05
SHYD,2026-07-01,0.086
SHYD,2026-08-03,0.071
SHYD,2026-09-01,0.068
SHYD,2026-10-01,0.064
SHYG,2023-09-01,0.228
SHYG,2023-10-02,0.234
SHYG,2023-11-01,0.231
SHYG,2023-12-01,0.23
SHYG,2023-12-14,0.233
SHYG,2024-02-01,0.23
SHYG,2024-03-01,0.232
SHYG,2024-04-01,0.252
SHYG,2024-05-01,0.237
SHYG,2024-06-03,0.246
SHYG,2024-07-01,0.245
SHYG,2024-08-01,0.245
SHYG,2024-09-03,0.251
SHYG,2024-10-01,0.249
SHYG,2024-11-01,0.255
SHYG,2024-12-02,0.252
SHYG,2024-12-18,0.258
SHYG,2025-02-03,0.253
SHYG,2025-03-03,0.259
SHYG,2025-04-01,0.26
SHYG,2025-05-01,0.26
SHYG,2025-06-02,0.251
SHYG,2025-07-01,0.249
SHYG,2025-08-01,0.249
SHYG,2025-09-02,0.237
SHYG,2025-10-01,0.248
SHYG,2025-11-03,0.241
SHYG,2025-12-01,0.259
SHYG,2025-12-19,0.246
SHYG,2026-02-02,0.249
SHYG,2026-03-02,0.243
SHYG,2026-04-01,0.252
SHYG,2026-05-01,0.246
SHYG,2026-06-01,0.247
SHYG,2026-07-01,0.241
SHYG,2026-08-03,0.245
SHYG,2026-09-01,0.237
SHYG,2026-10-01,0.239
SHYL,2023-09-01,0.26
SHYL,2023-10-02,0.239
SHYL,2023-11-01,0.265
SHYL,2023-12-01,0.254
SHYL,2023-12-21,0.291
SHYL,2024-02-01,0.243
SHYL,2024-03-01,0.248
SHYL,2024-04-01,0.277
SHYL,2024-05-01,0.272
SHYL,2024-06-03,0.282
SHYL,2024-07-01,0.277
SHYL,2024-08-01,0.258
SHYL,2024-09-03,0.299
SHYL,2024-10-01,0.271
SHYL,2024-11-01,0.27
SHYL,2024-12-02,0.262
SHYL,2024-12-23,0.291
SHYL,2025-02-03,0.269
SHYL,2025-03-03,0.249
SHYL,2025-04-01,0.286
SHYL,2025-05-01,0.275
SHYL,2025-06-02,0.279
SHYL,2025-07-01,0.26
SHYL,2025-08-01,0.24
SHYL,2025-09-02,0.263
SHYL,2025-10-01,0.248
SHYL,2025-11-03,0.262
SHYL,2025-12-01,0.258
SHYL,2025-12-22,0.269
SHYL,2026-02-02,0.247
SHYL,2026-03-02,0.237
SHYL,2026-04-01,0.271
SHYL,2026-05-01,0.251
SHYL,2026-06-01,0.261
SHYL,2026-07-01,0.254
SHYL,2026-08-03,0.247
SHYL,2026-09-01,0.211
SHYL,2026-10-01,0.252
SHYM,2023-09-01,0.082
SHYM,2023-10-02,0.111
SHYM,2023-11-01,0.089
SHYM,2023-12-01,0.068
SHYM,2023-12-14,0.073
SHYM,2024-02-01,0.092
SHYM,2024-03-01,0.079
SHYM,2024-04-01,0.081
SHYM,2024-05-01,0.081
SHYM,2024-06-03,0.083
SHYM,2024-07-01,0.082
SHYM,2024-08-01,0.077
SHYM,2024-09-03,0.083
SHYM,2024-10-01,0.078
SHYM,2024-11-01,0.084
SHYM,2024-12-02,0.081
SHYM,2024-12-18,0.084
SHYM,2025-02-03,0.079
SHYM,2025-03-03,0.084
SHYM,2025-04-01,0.089
SHYM,2025-05-01,0.089
SHYM,2025-06-02,0.09
SHYM,2025-07-01,0.075
SHYM,2025-08-01,0.075
SHYM,2025-09-02,0.08
SHYM,2025-10-01,0.083
SHYM,2025-11-03,0.086
SHYM,2025-12-01,0.081
SHYM,2025-12-19,0.099
SHYM,2026-02-02,0.077
SHYM,2026-03-02,0.079
SHYM,2026-04-01,0.08
SHYM,2026-05-01,0.083
SHYM,2026-06-01,0.061
SHYM,2026-07-01,0.074
SHYM,2026-08-03,0.078
SHYM,2026-09-01,0.076
SHYM,2026-10-01,0.076
SIHY,2023-09-01,0.277
SIHY,2023-10-02,0.275
SIHY,2023-11-01,0.274
SIHY,2023-12-01,0.281
SIHY,2023-12-21,0.331
SIHY,2024-02-01,0.285
SIHY,2024-03-01,0.267
SIHY,2024-04-01,0.299
SIHY,2024-05-01,0.263
SIHY,2024-06-03,0.325
SIHY,2024-07-01,0.259
SIHY,2024-08-01,0.275
SIHY,2024-09-03,0.309
SIHY,2024-10-01,0.256
SIHY,2024-11-04,0.301
SIHY,2024-12-02,0.282
SIHY,2024-12-20,0.318
SIHY,2025-02-03,0.261
SIHY,2025-03-03,0.318
SIHY,2025-04-01,0.217
SIHY,2025-05-01,0.239
SIHY,2025-06-02,0.28
SIHY,2025-07-01,0.252
SIHY,2025-08-01,0.269
SIHY,2025-09-02,0.299
SIHY,2025-10-01,0.238
SIHY,2025-11-04,0.283
SIHY,2025-12-02,0.265
SIHY,2025-12-19,0.557
SIHY,2026-02-02,0.227
SIHY,2026-03-02,0.219
SIHY,2026-04-01,0.244
SIHY,2026-05-01,0.214
SIHY,2026-06-01,0.227
SIHY,2026-07-01,0.205
SIHY,2026-08-03,0.255
SIHY,2026-09-01,0.233
SIHY,2026-10-01,0.205
SIL,2023-12-28,0.137
SIL,2024-06-27,0.006
SIL,2024-12-30,0.758
SIL,2025-06-27,0.08
SIL,2025-12-30,0.908
SIL,2026-06-29,0.108
SILJ,2023-12-27,0.001
SILJ,2024-12-30,0.721
SILJ,2025-12-29,0.554
SIZE,2023-09-26,0.554
SIZE,2023-12-20,0.465
SIZE,2024-03-21,0.543
SIZE,2024-06-11,0.423
SIZE,2024-09-25,0.62
SIZE,2024-12-17,0.679
SIZE,2025-03-18,0.499
SIZE,2025-06-16,0.542
SIZE,2025-09-16,0.625
SIZE,2025-12-16,0.755
SIZE,2026-03-17,0.569
SIZE,2026-06-15,0.49
SIZE,2026-09-15,0.653
SJB,2023-09-20,0.176
SJB,2023-12-20,0.262
SJB,2024-03-20,0.165
SJB,2024-06-26,0.237
SJB,2024-09-25,0.204
SJB,2024-12-23,0.341
SJB,2025-03-26,0.096
SJB,2025-06-25,0.156
SJB,2025-09-24,0.17
SJB,2025-12-24,0.167
SJB,2026-03-25,0.033
SJB,2026-06-24,0.175
SJB,2026-09-23,0.122
SJNK,2023-09-01,0.152
SJNK,2023-10-02,0.161
SJNK,2023-11-01,0.176
SJNK,2023-12-01,0.148
SJNK,2023-12-18,0.142
SJNK,2024-02-01,0.155
SJNK,2024-03-01,0.159
SJNK,2024-04-01,0.158
SJNK,2024-05-01,0.16
SJNK,2024-06-03,0.157
SJNK,2024-07-01,0.156
SJNK,2024-08-01,0.158
SJNK,2024-09-03,0.155
SJNK,2024-10-01,0.158
SJNK,2024-11-01,0.156
SJNK,2024-12-02,0.155
SJNK,2024-12-19,0.16
SJNK,2025-02-03,0.152
SJNK,2025-03-03,0.152
SJNK,2025-04-01,0.159
SJNK,2025-05-01,0.155
SJNK,2025-06-02,0.155
SJNK,2025-07-01,0.148
SJNK,2025-08-01,0.153
SJNK,2025-09-02,0.152
SJNK,2025-10-01,0.146
SJNK,2025-11-03,0.142
SJNK,2025-12-01,0.144
SJNK,2025-12-18,0.145
SJNK,2026-02-02,0.14
SJNK,2026-03-02,0.144
SJNK,2026-04-01,0.151
SJNK,2026-05-01,0.143
SJNK,2026-06-01,0.143
SJNK,2026-07-01,0.147
SJNK,2026-08-03,0.142
SJNK,2026-09-01,0.142
SJNK,2026-10-01,0.149
SKHL,2026-09-22,0.039
SKHU,2026-09-23,0.045
SKOR,2023-09-01,0.167
SKOR,2023-10-02,0.171
SKOR,2023-11-01,0.183
SKOR,2023-12-01,0.189
SKOR,2023-12-15,0.19
SKOR,2024-02-01,0.194
SKOR,2024-03-01,0.184
SKOR,2024-04-01,0.2
SKOR,2024-05-01,0.185
SKOR,2024-06-03,0.2
SKOR,2024-07-01,0.197
SKOR,2024-08-01,0.204
SKOR,2024-09-03,0.199
SKOR,2024-10-01,0.179
SKOR,2024-11-01,0.2
SKOR,2024-12-02,0.194
SKOR,2024-12-20,0.199
SKOR,2025-02-03,0.201
SKOR,2025-03-03,0.186
SKOR,2025-04-01,0.199
SKOR,2025-05-01,0.199
SKOR,2025-06-02,0.214
SKOR,2025-07-01,0.181
SKOR,2025-08-01,0.198
SKOR,2025-09-02,0.184
SKOR,2025-10-01,0.182
SKOR,2025-11-03,0.182
SKOR,2025-12-01,0.183
SKOR,2025-12-19,0.198
SKOR,2026-02-02,0.194
SKOR,2026-03-02,0.176
SKOR,2026-04-01,0.196
SKOR,2026-05-01,0.189
SKOR,2026-06-01,0.194
SKOR,2026-07-01,0.186
SKOR,2026-08-03,0.191
SKOR,2026-09-01,0.19
SKOR,2026-10-01,0.161
SLJY,2025-09-29,0.484
SLJY,2025-10-30,0.465
SLJY,2025-11-26,0.573
SLJY,2025-12-30,0.523
SLJY,2026-01-29,0.652
SLJY,2026-02-26,0.695
SLJY,2026-03-30,0.646
SLJY,2026-04-29,0.628
SLJY,2026-05-28,0.695
SLJY,2026-06-29,0.577
SLJY,2026-07-30,0.553
SLJY,2026-08-28,0.601
SLJY,2026-09-29,0.547
SLON,2025-10-01,4.04
SLQD,2023-09-01,0.121
SLQD,2023-10-02,0.129
SLQD,2023-11-01,0.135
SLQD,2023-12-01,0.137
SLQD,2023-12-14,0.137
SLQD,2024-02-01,0.138
SLQD,2024-03-01,0.146
SLQD,2024-04-01,0.147
SLQD,2024-05-01,0.147
SLQD,2024-06-03,0.151
SLQD,2024-07-01,0.156
SLQD,2024-08-01,0.155
SLQD,2024-09-03,0.16
SLQD,2024-10-01,0.159
SLQD,2024-11-01,0.159
SLQD,2024-12-02,0.162
SLQD,2024-12-18,0.165
SLQD,2025-02-03,0.164
SLQD,2025-03-03,0.167
SLQD,2025-04-01,0.171
SLQD,2025-05-01,0.173
SLQD,2025-06-02,0.174
SLQD,2025-07-01,0.176
SLQD,2025-08-01,0.176
SLQD,2025-09-02,0.18
SLQD,2025-10-01,0.179
SLQD,2025-11-03,0.181
SLQD,2025-12-01,0.182
SLQD,2025-12-19,0.184
SLQD,2026-02-02,0.178
SLQD,2026-03-02,0.18
SLQD,2026-04-01,0.183
SLQD,2026-05-01,0.186
SLQD,2026-06-01,0.184
SLQD,2026-07-01,0.184
SLQD,2026-08-03,0.187
SLQD,2026-09-01,0.186
SLQD,2026-10-01,0.189
SLVO,2023-09-19,0.3
SLVO,2023-10-19,0.299
SLVO,2023-11-20,0.681
SLVO,2023-12-19,0.326
SLVO,2024-01-19,0.52
SLVO,2024-02-20,0.439
SLVO,2024-03-19,0.479
SLVO,2024-04-19,0.752
SLVO,2024-05-21,2.125
SLVO,2024-06-21,1.571
SLVO,2024-07-22,1.361
SLVO,2024-08-21,1.554
SLVO,2024-09-20,1.745
SLVO,2024-10-22,2.148
SLVO,2024-11-20,1.244
SLVO,2024-12-20,0.939
SLVO,2025-01-22,0.736
SLVO,2025-02-21,1.06
SLVO,2025-03-20,1.294
SLVO,2025-04-22,2.084
SLVO,2025-05-21,2.155
SLVO,2025-06-20,1.331
SLVO,2025-07-22,1.059
SLVO,2025-08-20,1.576
SLVO,2025-09-22,1.252
SLVO,2025-10-22,1.175
SLVO,2025-11-20,2.915
SLVO,2025-12-22,2.687
SLVO,2026-01-21,5.789
SLVO,2026-02-20,7.91
SLVO,2026-03-20,3.974
SLVO,2026-04-22,4.852
SLVO,2026-05-20,4.725
SLVO,2026-06-22,7.04
SLVO,2026-07-22,2.004
SLVO,2026-08-20,1.318
SLVO,2026-09-22,1.899
SLVP,2023-12-20,0.048
SLVP,2024-06-11,0.04
SLVP,2024-12-17,0.081
SLVP,2025-06-16,0.045
SLVP,2025-12-16,0.565
SLVP,2026-06-15,0.138
SLVR,2025-12-18,2.055
SLX,2023-12-18,2.067
SLX,2024-12-23,2.078
SLX,2025-12-22,1.316
SLYG,2023-09-18,0.233
SLYG,2023-12-18,0.271
SLYG,2024-03-18,0.185
SLYG,2024-06-24,0.254
SLYG,2024-09-23,0.292
SLYG,2024-12-23,0.368
SLYG,2025-03-24,0.216
SLYG,2025-06-23,0.24
SLYG,2025-09-22,0.229
SLYG,2025-12-22,0.123
SLYG,2026-03-23,0.18
SLYG,2026-06-22,0.229
SLYG,2026-09-21,0.249
SLYV,2023-09-18,0.386
SLYV,2023-12-18,0.626
SLYV,2024-03-18,0.349
SLYV,2024-06-24,0.521
SLYV,2024-09-23,0.457
SLYV,2024-12-23,0.676
SLYV,2025-03-24,0.36
SLYV,2025-06-23,0.439
SLYV,2025-09-22,0.456
SLYV,2025-12-22,0.584
SLYV,2026-03-23,0.418
SLYV,2026-06-22,0.519
SLYV,2026-09-21,0.528
SMAX,2024-12-30,0.067
SMAX,2025-12-23,0.263
SMB,2023-09-01,0.025
SMB,2023-10-02,0.027
SMB,2023-11-01,0.03
SMB,2023-12-01,0.027
SMB,2023-12-27,0.031
SMB,2024-02-01,0.032
SMB,2024-03-01,0.029
SMB,2024-04-01,0.044
SMB,2024-05-01,0.03
SMB,2024-06-03,0.025
SMB,2024-07-01,0.033
SMB,2024-08-01,0.037
SMB,2024-09-03,0.035
SMB,2024-10-01,0.034
SMB,2024-11-01,0.037
SMB,2024-12-02,0.034
SMB,2024-12-27,0.037
SMB,2025-02-03,0.037
SMB,2025-03-03,0.033
SMB,2025-04-01,0.043
SMB,2025-05-01,0.036
SMB,2025-06-02,0.038
SMB,2025-07-01,0.037
SMB,2025-08-01,0.04
SMB,2025-09-02,0.039
SMB,2025-10-01,0.037
SMB,2025-11-03,0.041
SMB,2025-11-28,0.037
SMB,2025-12-29,0.041
SMB,2026-02-02,0.04
SMB,2026-03-02,0.036
SMB,2026-04-01,0.046
SMB,2026-05-01,0.039
SMB,2026-06-01,0.036
SMB,2026-07-01,0.047
SMB,2026-08-03,0.044
SMB,2026-09-01,0.041
SMB,2026-10-01,0.039
SMBS,2024-12-20,0.125
SMBS,2025-02-03,0.131
SMBS,2025-03-03,0.101
SMBS,2025-04-01,0.102
SMBS,2025-05-01,0.027
SMBS,2025-06-02,0.112
SMBS,2025-07-01,0.108
SMBS,2025-08-01,0.117
SMBS,2025-09-02,0.109
SMBS,2025-10-01,0.108
SMBS,2025-11-03,0.115
SMBS,2025-12-01,0.104
SMBS,2025-12-19,0.105
SMBS,2026-02-02,0.113
SMBS,2026-03-02,0.107
SMBS,2026-04-01,0.103
SMBS,2026-05-01,0.109
SMBS,2026-06-01,0.11
SMBS,2026-07-01,0.109
SMBS,2026-08-03,0.116
SMBS,2026-09-01,0.105
SMBS,2026-10-01,0.113
SMCX,2025-12-30,1.0
SMCY,2024-10-24,5.354
SMCY,2024-11-21,2.203
SMCY,2024-12-19,2.355
SMCY,2025-01-16,1.722
SMCY,2025-02-13,2.09
SMCY,2025-03-13,1.974
SMCY,2025-04-10,1.501
SMCY,2025-05-08,1.413
SMCY,2025-06-05,1.58
SMCY,2025-07-03,1.61
SMCY,2025-07-31,1.852
SMCY,2025-08-28,1.308
SMCY,2025-09-25,0.915
SMCY,2025-10-16,0.809
SMCY,2025-10-23,0.243
SMCY,2025-10-30,0.259
SMCY,2025-11-06,0.333
SMCY,2025-11-13,0.217
SMCY,2025-11-20,0.195
SMCY,2025-11-28,0.162
SMCY,2025-12-04,0.214
SMCY,2025-12-11,0.141
SMCY,2025-12-18,0.114
SMCY,2025-12-26,0.098
SMCY,2026-01-02,0.095
SMCY,2026-01-08,0.073
SMCY,2026-01-15,0.086
SMCY,2026-01-22,0.118
SMCY,2026-01-29,0.096
SMCY,2026-02-05,0.091
SMCY,2026-02-12,0.132
SMCY,2026-02-19,0.122
SMCY,2026-02-26,0.127
SMCY,2026-03-05,0.146
SMCY,2026-03-12,0.115
SMCY,2026-03-19,0.109
SMCY,2026-03-26,0.078
SMCY,2026-04-02,0.086
SMCY,2026-04-09,0.084
SMCY,2026-04-16,0.093
SMCY,2026-04-23,0.077
SMCY,2026-04-30,0.13
SMCY,2026-05-07,0.09
SMCY,2026-05-14,0.132
SMCY,2026-05-21,0.105
SMCY,2026-05-28,0.139
SMCY,2026-06-04,0.172
SMCY,2026-06-11,0.105
SMCY,2026-06-18,0.067
SMCY,2026-06-25,0.071
SMCY,2026-07-02,0.077
SMCY,2026-07-09,0.069
SMCY,2026-07-16,0.076
SMCY,2026-07-23,0.065
SMCY,2026-07-30,0.071
SMCY,2026-08-06,0.082
SMCY,2026-08-13,0.069
SMCY,2026-08-20,0.105
SMCY,2026-08-27,0.088
SMCY,2026-09-03,0.095
SMCY,2026-09-10,0.105
SMCY,2026-09-17,0.067
SMCY,2026-09-24,0.074
SMCY,2026-10-01,0.082
SMCZ,2025-12-30,2.362
SMDV,2023-09-20,0.426
SMDV,2023-12-20,0.642
SMDV,2024-03-20,0.311
SMDV,2024-06-26,0.528
SMDV,2024-09-25,0.432
SMDV,2024-12-23,0.54
SMDV,2025-03-26,0.391
SMDV,2025-06-25,0.379
SMDV,2025-09-24,0.438
SMDV,2025-12-24,0.553
SMDV,2026-03-25,0.36
SMDV,2026-06-24,0.413
SMDV,2026-09-23,0.42
SMH,2023-12-18,1.043
SMH,2024-12-23,1.071
SMH,2025-12-22,1.105
SMHX,2024-12-23,0.011
SMHX,2025-12-22,0.009
SMIG,2023-09-27,0.048
SMIG,2023-10-27,0.043
SMIG,2023-11-28,0.042
SMIG,2023-12-28,0.063
SMIG,2024-01-29,0.041
SMIG,2024-02-27,0.044
SMIG,2024-03-26,0.042
SMIG,2024-04-26,0.04
SMIG,2024-05-30,0.04
SMIG,2024-06-27,0.04
SMIG,2024-07-30,0.039
SMIG,2024-08-29,0.037
SMIG,2024-09-27,0.037
SMIG,2024-10-30,0.039
SMIG,2024-11-27,0.04
SMIG,2024-12-31,0.07
SMIG,2025-01-30,0.04
SMIG,2025-02-27,0.041
SMIG,2025-03-28,0.042
SMIG,2025-04-29,0.042
SMIG,2025-05-29,0.044
SMIG,2025-06-27,0.045
SMIG,2025-07-30,0.045
SMIG,2025-08-28,0.045
SMIG,2025-09-29,0.046
SMIG,2025-10-30,0.047
SMIG,2025-11-26,0.047
SMIG,2025-12-31,0.041
SMIG,2026-01-29,0.047
SMIG,2026-02-26,0.047
SMIG,2026-03-26,0.047
SMIG,2026-04-29,0.047
SMIG,2026-05-28,0.047
SMIG,2026-06-29,0.047
SMIG,2026-07-30,0.042
SMIG,2026-08-28,0.042
SMIN,2023-12-20,0.244
SMIN,2024-12-17,5.232
SMIN,2025-12-16,1.407
SMIZ,2023-12-22,0.02
SMIZ,2024-12-27,0.519
SMIZ,2025-12-29,0.229
SMLF,2023-09-26,0.233
SMLF,2023-12-20,0.024
SMLF,2024-03-21,0.169
SMLF,2024-06-11,0.168
SMLF,2024-09-25,0.244
SMLF,2024-12-17,0.32
SMLF,2025-03-18,0.166
SMLF,2025-06-16,0.207
SMLF,2025-09-16,0.243
SMLF,2025-12-16,0.239
SMLF,2026-03-17,0.194
SMLF,2026-06-15,0.206
SMLF,2026-09-15,0.208
SMMD,2023-09-26,0.283
SMMD,2023-12-20,0.25
SMMD,2024-03-21,0.164
SMMD,2024-06-11,0.18
SMMD,2024-09-25,0.243
SMMD,2024-12-17,0.275
SMMD,2025-03-18,0.192
SMMD,2025-06-16,0.218
SMMD,2025-09-16,0.247
SMMD,2025-12-16,0.302
SMMD,2026-03-17,0.164
SMMD,2026-06-15,0.244
SMMD,2026-09-15,0.284
SMMU,2023-09-01,0.13
SMMU,2023-10-02,0.131
SMMU,2023-11-01,0.125
SMMU,2023-12-01,0.12
SMMU,2023-12-28,0.13
SMMU,2024-02-01,0.118
SMMU,2024-03-01,0.124
SMMU,2024-04-01,0.128
SMMU,2024-05-01,0.13
SMMU,2024-06-03,0.13
SMMU,2024-07-01,0.12
SMMU,2024-08-01,0.12
SMMU,2024-09-03,0.13
SMMU,2024-10-01,0.12
SMMU,2024-11-01,0.14
SMMU,2024-12-02,0.13
SMMU,2024-12-31,0.12
SMMU,2025-02-03,0.11
SMMU,2025-03-03,0.12
SMMU,2025-04-01,0.11
SMMU,2025-05-01,0.11
SMMU,2025-06-02,0.12
SMMU,2025-07-01,0.11
SMMU,2025-08-01,0.12
SMMU,2025-09-02,0.12
SMMU,2025-10-01,0.12
SMMU,2025-11-03,0.14
SMMU,2025-12-01,0.11
SMMU,2025-12-31,0.12
SMMU,2026-02-02,0.11
SMMU,2026-03-02,0.12
SMMU,2026-04-01,0.11
SMMU,2026-05-01,0.12
SMMU,2026-06-01,0.13
SMMU,2026-07-01,0.13
SMMU,2026-08-03,0.12
SMMU,2026-09-01,0.11
SMMU,2026-10-01,0.12
SMRI,2023-12-20,0.119
SMRI,2024-12-30,0.306
SMRI,2025-03-28,0.139
SMRI,2025-06-27,0.055
SMRI,2025-09-29,0.149
SMRI,2025-12-23,0.134
SMRI,2026-03-30,0.066
SMRI,2026-06-29,0.029
SMRI,2026-09-28,0.438
SMTH,2023-12-21,0.063
SMTH,2024-01-25,0.095
SMTH,2024-02-22,0.068
SMTH,2024-03-21,0.101
SMTH,2024-04-25,0.1
SMTH,2024-05-23,0.099
SMTH,2024-06-20,0.097
SMTH,2024-07-25,0.099
SMTH,2024-08-22,0.098
SMTH,2024-09-19,0.095
SMTH,2024-10-24,0.092
SMTH,2024-11-21,0.092
SMTH,2024-12-19,0.133
SMTH,2025-01-23,0.095
SMTH,2025-02-20,0.088
SMTH,2025-03-20,0.11
SMTH,2025-04-24,0.099
SMTH,2025-05-22,0.097
SMTH,2025-06-20,0.098
SMTH,2025-07-24,0.098
SMTH,2025-08-21,0.099
SMTH,2025-09-18,0.095
SMTH,2025-10-23,0.096
SMTH,2025-11-20,0.092
SMTH,2025-12-18,0.096
SMTH,2026-01-22,0.091
SMTH,2026-02-19,0.085
SMTH,2026-03-19,0.093
SMTH,2026-04-16,0.092
SMTH,2026-05-21,0.097
SMTH,2026-06-18,0.092
SMTH,2026-07-16,0.095
SMTH,2026-08-20,0.094
SMTH,2026-09-17,0.076
SMUP,2025-12-24,52.75
SNOU,2025-12-24,2.492
SNOY,2024-07-05,0.933
SNOY,2024-08-07,0.783
SNOY,2024-09-06,0.863
SNOY,2024-10-03,0.513
SNOY,2024-10-31,0.559
SNOY,2024-11-29,1.708
SNOY,2024-12-27,0.568
SNOY,2025-01-23,0.739
SNOY,2025-02-20,0.921
SNOY,2025-03-20,0.812
SNOY,2025-04-17,0.686
SNOY,2025-05-15,1.307
SNOY,2025-06-12,1.276
SNOY,2025-07-10,0.471
SNOY,2025-08-07,0.455
SNOY,2025-09-04,1.129
SNOY,2025-10-02,0.437
SNOY,2025-10-16,0.388
SNOY,2025-10-23,0.142
SNOY,2025-10-30,0.312
SNOY,2025-11-06,0.258
SNOY,2025-11-13,0.154
SNOY,2025-11-20,0.147
SNOY,2025-11-28,0.145
SNOY,2025-12-04,0.27
SNOY,2025-12-11,0.134
SNOY,2025-12-18,0.103
SNOY,2025-12-26,0.097
SNOY,2026-01-02,0.108
SNOY,2026-01-08,0.087
SNOY,2026-01-15,0.067
SNOY,2026-01-22,0.074
SNOY,2026-01-29,0.078
SNOY,2026-02-05,0.067
SNOY,2026-02-12,0.077
SNOY,2026-02-19,0.092
SNOY,2026-02-26,0.083
SNOY,2026-03-05,0.069
SNOY,2026-03-12,0.134
SNOY,2026-03-19,0.071
SNOY,2026-03-26,0.119
SNOY,2026-04-02,0.083
SNOY,2026-04-09,0.095
SNOY,2026-04-16,0.068
SNOY,2026-04-23,0.091
SNOY,2026-04-30,0.069
SNOY,2026-05-07,0.081
SNOY,2026-05-14,0.15
SNOY,2026-05-21,0.098
SNOY,2026-05-28,0.157
SNOY,2026-06-04,0.227
SNOY,2026-06-11,0.203
SNOY,2026-06-18,0.2
SNOY,2026-06-25,0.202
SNOY,2026-07-02,0.142
SNOY,2026-07-09,0.146
SNOY,2026-07-16,0.167
SNOY,2026-07-23,0.17
SNOY,2026-07-30,0.142
SNOY,2026-08-06,0.182
SNOY,2026-08-13,0.206
SNOY,2026-08-20,0.188
SNOY,2026-08-27,0.185
SNOY,2026-09-03,0.139
SNOY,2026-09-10,0.134
SNOY,2026-09-17,0.129
SNOY,2026-09-24,0.133
SNOY,2026-10-01,0.11
SNPE,2023-09-15,0.131
SNPE,2023-12-15,0.176
SNPE,2024-03-15,0.109
SNPE,2024-06-21,0.172
SNPE,2024-09-20,0.149
SNPE,2024-12-20,0.191
SNPE,2025-03-21,0.128
SNPE,2025-06-20,0.159
SNPE,2025-09-19,0.153
SNPE,2025-12-19,0.193
SNPE,2026-03-20,0.121
SNPE,2026-06-18,0.188
SNPE,2026-09-18,0.176
SNTH,2025-12-23,3.197
SNTH,2026-03-30,0.12
SNTH,2026-06-29,0.125
SOFX,2025-12-30,3.598
SOLT,2025-05-28,0.08
SOLT,2025-06-26,0.1
SOLT,2025-07-29,0.12
SOLT,2025-08-27,0.28
SOLT,2025-09-26,0.32
SOLT,2025-10-29,0.24
SOLT,2025-11-25,0.34
SOLT,2025-12-15,0.08
SOLT,2026-01-21,0.16
SOLT,2026-02-18,0.12
SOLT,2026-03-18,0.075
SOLT,2026-04-22,0.044
SOLT,2026-05-20,0.058
SOLT,2026-06-17,0.034
SOLT,2026-07-22,0.054
SOLT,2026-08-19,0.029
SOLT,2026-09-23,0.054
SOLZ,2025-04-28,0.011
SOLZ,2025-05-28,0.023
SOLZ,2025-06-26,0.025
SOLZ,2025-07-29,0.015
SOLZ,2025-08-27,0.027
SOLZ,2025-09-26,0.032
SOLZ,2025-10-29,0.043
SOLZ,2025-11-25,0.023
SOLZ,2025-12-15,0.024
SOLZ,2026-01-21,0.03
SOLZ,2026-02-18,0.019
SOLZ,2026-03-18,0.014
SOLZ,2026-04-22,0.017
SOLZ,2026-05-20,0.015
SOLZ,2026-06-17,0.013
SOLZ,2026-07-22,0.015
SOLZ,2026-08-19,0.013
SOLZ,2026-09-23,0.019
SOXL,2023-09-19,0.033
SOXL,2023-12-21,0.063
SOXL,2024-03-19,0.035
SOXL,2024-06-25,0.149
SOXL,2024-09-24,0.06
SOXL,2024-12-23,0.077
SOXL,2025-03-25,0.065
SOXL,2025-06-24,0.068
SOXL,2025-09-23,0.01
SOXL,2026-09-22,0.093
SOXQ,2023-09-18,0.064
SOXQ,2023-12-18,0.076
SOXQ,2024-03-18,0.069
SOXQ,2024-06-24,0.061
SOXQ,2024-09-23,0.068
SOXQ,2024-12-23,0.069
SOXQ,2025-03-24,0.069
SOXQ,2025-06-23,0.074
SOXQ,2025-09-22,0.074
SOXQ,2025-12-22,0.062
SOXQ,2026-03-23,0.071
SOXQ,2026-06-22,0.077
SOXQ,2026-09-21,0.084
SOXS,2023-09-19,318.0
SOXS,2023-12-21,140.0
SOXS,2024-03-19,82.0
SOXS,2024-06-25,55.0
SOXS,2024-09-24,46.8
SOXS,2024-12-23,60.4
SOXS,2025-03-25,37.0
SOXS,2025-06-24,11.2
SOXS,2025-09-23,11.2
SOXS,2025-12-23,8.2
SOXS,2026-03-24,2.87
SOXS,2026-06-23,0.38
SOXS,2026-09-22,0.436
SOXX,2023-09-26,0.555333
SOXX,2023-12-20,0.374333
SOXX,2024-03-21,0.225
SOXX,2024-06-11,0.31
SOXX,2024-09-25,0.552
SOXX,2024-12-17,0.358
SOXX,2025-03-18,0.261
SOXX,2025-06-16,0.483
SOXX,2025-09-16,0.541
SOXX,2025-12-16,0.436
SOXX,2026-03-17,0.208
SOXX,2026-06-15,0.283
SOXX,2026-09-15,0.325
SOXY,2025-01-08,0.526
SOXY,2025-02-05,0.488
SOXY,2025-03-05,0.488
SOXY,2025-04-02,0.427
SOXY,2025-05-07,0.438
SOXY,2025-06-04,0.472
SOXY,2025-07-02,0.525
SOXY,2025-08-06,0.525
SOXY,2025-09-03,0.521
SOXY,2025-10-08,0.59
SOXY,2025-11-05,0.621
SOXY,2025-12-03,0.595
SOXY,2025-12-31,0.605
SOXY,2026-02-04,0.671
SOXY,2026-03-04,0.673
SOXY,2026-04-08,0.654
SOXY,2026-05-06,0.83
SOXY,2026-06-03,1.021
SOXY,2026-07-08,1.037
SOXY,2026-08-05,0.891
SOXY,2026-09-02,0.883
SPAB,2023-09-01,0.074
SPAB,2023-10-02,0.073
SPAB,2023-11-01,0.076
SPAB,2023-12-01,0.077
SPAB,2023-12-18,0.08
SPAB,2024-02-01,0.077
SPAB,2024-03-01,0.078
SPAB,2024-04-01,0.079
SPAB,2024-05-01,0.079
SPAB,2024-06-03,0.081
SPAB,2024-07-01,0.08
SPAB,2024-08-01,0.082
SPAB,2024-09-03,0.082
SPAB,2024-10-01,0.081
SPAB,2024-11-01,0.083
SPAB,2024-12-02,0.082
SPAB,2024-12-19,0.08
SPAB,2025-02-03,0.088
SPAB,2025-03-03,0.08
SPAB,2025-04-01,0.084
SPAB,2025-05-01,0.084
SPAB,2025-06-02,0.085
SPAB,2025-07-01,0.084
SPAB,2025-08-01,0.086
SPAB,2025-09-02,0.086
SPAB,2025-10-01,0.084
SPAB,2025-11-03,0.086
SPAB,2025-12-01,0.085
SPAB,2025-12-18,0.091
SPAB,2026-02-02,0.082
SPAB,2026-03-02,0.083
SPAB,2026-04-01,0.088
SPAB,2026-05-01,0.086
SPAB,2026-06-01,0.088
SPAB,2026-07-01,0.087
SPAB,2026-08-03,0.089
SPAB,2026-09-01,0.089
SPAB,2026-10-01,0.089
SPBO,2023-09-01,0.117
SPBO,2023-10-02,0.117
SPBO,2023-11-01,0.124
SPBO,2023-12-01,0.125
SPBO,2023-12-18,0.123
SPBO,2024-02-01,0.128
SPBO,2024-03-01,0.124
SPBO,2024-04-01,0.126
SPBO,2024-05-01,0.126
SPBO,2024-06-03,0.126
SPBO,2024-07-01,0.126
SPBO,2024-08-01,0.127
SPBO,2024-09-03,0.127
SPBO,2024-10-01,0.126
SPBO,2024-11-01,0.126
SPBO,2024-12-02,0.125
SPBO,2024-12-19,0.125
SPBO,2025-02-03,0.127
SPBO,2025-03-03,0.125
SPBO,2025-04-01,0.125
SPBO,2025-05-01,0.125
SPBO,2025-06-02,0.125
SPBO,2025-07-01,0.125
SPBO,2025-08-01,0.125
SPBO,2025-09-02,0.124
SPBO,2025-10-01,0.124
SPBO,2025-11-03,0.124
SPBO,2025-12-01,0.123
SPBO,2025-12-18,0.123
SPBO,2026-02-02,0.123
SPBO,2026-03-02,0.122
SPBO,2026-04-01,0.123
SPBO,2026-05-01,0.123
SPBO,2026-06-01,0.123
SPBO,2026-07-01,0.123
SPBO,2026-08-03,0.123
SPBO,2026-09-01,0.124
SPBO,2026-10-01,0.124
SPCF,2026-09-23,0.076
SPDN,2023-09-19,0.205
SPDN,2023-12-21,0.212
SPDN,2024-03-19,0.14
SPDN,2024-06-25,0.163
SPDN,2024-09-24,0.146
SPDN,2024-12-23,0.137
SPDN,2025-03-25,0.079
SPDN,2025-06-24,0.135
SPDN,2025-09-23,0.094
SPDN,2025-12-23,0.075
SPDN,2026-03-24,0.052
SPDN,2026-06-23,0.07
SPDN,2026-09-22,0.115
SPDW,2023-12-18,0.35
SPDW,2024-06-24,0.618
SPDW,2024-12-23,0.472
SPDW,2025-06-23,0.672
SPDW,2025-12-22,0.794
SPDW,2026-06-22,0.722
SPEM,2023-12-18,0.547
SPEM,2024-06-24,0.451
SPEM,2024-12-23,0.616
SPEM,2025-06-23,0.527
SPEM,2025-12-22,0.772
SPEM,2026-06-22,0.528
SPEU,2023-09-18,0.171
SPEU,2023-12-18,0.147
SPEU,2024-03-18,0.179
SPEU,2024-06-24,0.762
SPEU,2024-09-23,0.182
SPEU,2024-12-23,0.189
SPEU,2025-03-24,0.176
SPEU,2025-06-23,0.866
SPEU,2025-09-22,0.175
SPEU,2025-12-22,0.589
SPEU,2026-03-23,0.228
SPEU,2026-06-22,0.896
SPEU,2026-09-21,0.228
SPGM,2023-12-15,0.566
SPGM,2024-06-03,0.549
SPGM,2024-12-18,0.708
SPGM,2025-06-02,0.575
SPGM,2025-11-25,0.874
SPGM,2026-06-01,0.668
SPGP,2023-09-18,0.34
SPGP,2023-12-18,0.403
SPGP,2024-03-18,0.382
SPGP,2024-06-24,0.336
SPGP,2024-09-23,0.325
SPGP,2024-12-23,0.403
SPGP,2025-03-24,0.464
SPGP,2025-06-23,0.35
SPGP,2025-09-22,0.159
SPGP,2025-12-22,0.216
SPGP,2026-03-23,0.333
SPGP,2026-06-22,0.301
SPGP,2026-09-21,0.108
SPHB,2023-09-18,0.175
SPHB,2023-12-18,0.169
SPHB,2024-03-18,0.266
SPHB,2024-06-24,0.177
SPHB,2024-09-23,0.151
SPHB,2024-12-23,0.115
SPHB,2025-03-24,0.151
SPHB,2025-06-23,0.166
SPHB,2025-09-22,0.197
SPHB,2025-12-22,0.191
SPHB,2026-03-23,0.234
SPHB,2026-06-22,0.191
SPHB,2026-09-21,0.139
SPHD,2023-09-18,0.179
SPHD,2023-10-23,0.177
SPHD,2023-11-20,0.164
SPHD,2023-12-18,0.169
SPHD,2024-01-22,0.153
SPHD,2024-02-20,0.145
SPHD,2024-03-18,0.134
SPHD,2024-04-22,0.141
SPHD,2024-05-20,0.136
SPHD,2024-06-24,0.13
SPHD,2024-07-22,0.135
SPHD,2024-08-19,0.131
SPHD,2024-09-23,0.132
SPHD,2024-10-21,0.133
SPHD,2024-11-18,0.138
SPHD,2024-12-23,0.138
SPHD,2025-01-21,0.138
SPHD,2025-02-24,0.138
SPHD,2025-03-24,0.139
SPHD,2025-04-21,0.14
SPHD,2025-05-19,0.146
SPHD,2025-06-23,0.151
SPHD,2025-07-21,0.157
SPHD,2025-08-18,0.162
SPHD,2025-09-22,0.178
SPHD,2025-10-20,0.183
SPHD,2025-11-24,0.195
SPHD,2025-12-22,0.206
SPHD,2026-01-20,0.203
SPHD,2026-02-23,0.209
SPHD,2026-03-23,0.207
SPHD,2026-04-20,0.208
SPHD,2026-05-18,0.209
SPHD,2026-06-22,0.211
SPHD,2026-07-20,0.215
SPHD,2026-08-24,0.22
SPHD,2026-09-21,0.202
SPHQ,2023-09-18,0.183
SPHQ,2023-12-18,0.197
SPHQ,2024-03-18,0.205
SPHQ,2024-06-24,0.185
SPHQ,2024-09-23,0.188
SPHQ,2024-12-23,0.192
SPHQ,2025-03-24,0.201
SPHQ,2025-06-23,0.169
SPHQ,2025-09-22,0.219
SPHQ,2025-12-22,0.226
SPHQ,2026-03-23,0.285
SPHQ,2026-06-22,0.204
SPHQ,2026-09-21,0.154
SPHY,2023-09-01,0.144
SPHY,2023-10-02,0.152
SPHY,2023-11-01,0.149
SPHY,2023-12-01,0.153
SPHY,2023-12-18,0.156
SPHY,2024-02-01,0.16
SPHY,2024-03-01,0.156
SPHY,2024-04-01,0.154
SPHY,2024-05-01,0.154
SPHY,2024-06-03,0.15
SPHY,2024-07-01,0.153
SPHY,2024-08-01,0.152
SPHY,2024-09-03,0.155
SPHY,2024-10-01,0.15
SPHY,2024-11-01,0.154
SPHY,2024-12-02,0.148
SPHY,2024-12-19,0.145
SPHY,2025-02-03,0.153
SPHY,2025-03-03,0.148
SPHY,2025-04-01,0.148
SPHY,2025-05-01,0.146
SPHY,2025-06-02,0.146
SPHY,2025-07-01,0.146
SPHY,2025-08-01,0.147
SPHY,2025-09-02,0.145
SPHY,2025-10-01,0.144
SPHY,2025-11-03,0.143
SPHY,2025-12-01,0.14
SPHY,2025-12-18,0.141
SPHY,2026-02-02,0.138
SPHY,2026-03-02,0.14
SPHY,2026-04-01,0.138
SPHY,2026-05-01,0.137
SPHY,2026-06-01,0.138
SPHY,2026-07-01,0.138
SPHY,2026-08-03,0.136
SPHY,2026-09-01,0.14
SPHY,2026-10-01,0.139
SPIB,2023-09-01,0.107
SPIB,2023-10-02,0.109
SPIB,2023-11-01,0.114
SPIB,2023-12-01,0.115
SPIB,2023-12-18,0.123
SPIB,2024-02-01,0.11
SPIB,2024-03-01,0.117
SPIB,2024-04-01,0.119
SPIB,2024-05-01,0.122
SPIB,2024-06-03,0.122
SPIB,2024-07-01,0.123
SPIB,2024-08-01,0.124
SPIB,2024-09-03,0.124
SPIB,2024-10-01,0.123
SPIB,2024-11-01,0.122
SPIB,2024-12-02,0.122
SPIB,2024-12-19,0.118
SPIB,2025-02-03,0.128
SPIB,2025-03-03,0.123
SPIB,2025-04-01,0.124
SPIB,2025-05-01,0.124
SPIB,2025-06-02,0.124
SPIB,2025-07-01,0.125
SPIB,2025-08-01,0.125
SPIB,2025-09-02,0.125
SPIB,2025-10-01,0.124
SPIB,2025-11-03,0.124
SPIB,2025-12-01,0.123
SPIB,2025-12-18,0.124
SPIB,2026-02-02,0.121
SPIB,2026-03-02,0.123
SPIB,2026-04-01,0.123
SPIB,2026-05-01,0.124
SPIB,2026-06-01,0.125
SPIB,2026-07-01,0.126
SPIB,2026-08-03,0.127
SPIB,2026-09-01,0.129
SPIB,2026-10-01,0.129
SPIP,2023-09-01,0.079
SPIP,2023-10-02,0.045
SPIP,2023-11-01,0.112
SPIP,2023-12-01,0.066
SPIP,2024-04-01,0.143
SPIP,2024-05-01,0.173
SPIP,2024-06-03,0.18
SPIP,2024-07-01,0.127
SPIP,2024-08-01,0.052
SPIP,2024-09-03,0.016
SPIP,2024-10-01,0.039
SPIP,2024-11-01,0.029
SPIP,2024-12-02,0.05
SPIP,2024-12-19,0.04
SPIP,2025-03-03,0.02
SPIP,2025-04-01,0.188
SPIP,2025-05-01,0.135
SPIP,2025-06-02,0.081
SPIP,2025-07-01,0.103
SPIP,2025-08-01,0.076
SPIP,2025-09-02,0.11
SPIP,2025-10-01,0.06
SPIP,2025-11-03,0.098
SPIP,2025-12-01,0.091
SPIP,2025-12-18,0.099
SPIP,2026-03-02,0.011
SPIP,2026-04-01,0.122
SPIP,2026-05-01,0.149
SPIP,2026-06-01,0.305
SPIP,2026-07-01,0.257
SPIP,2026-08-03,0.198
SPIP,2026-10-01,0.019
SPLB,2023-09-01,0.094
SPLB,2023-10-02,0.094
SPLB,2023-11-01,0.094
SPLB,2023-12-01,0.095
SPLB,2023-12-18,0.091
SPLB,2024-02-01,0.095
SPLB,2024-03-01,0.096
SPLB,2024-04-01,0.096
SPLB,2024-05-01,0.096
SPLB,2024-06-03,0.093
SPLB,2024-07-01,0.096
SPLB,2024-08-01,0.096
SPLB,2024-09-03,0.097
SPLB,2024-10-01,0.097
SPLB,2024-11-01,0.097
SPLB,2024-12-02,0.098
SPLB,2024-12-19,0.1
SPLB,2025-02-03,0.096
SPLB,2025-03-03,0.1
SPLB,2025-04-01,0.099
SPLB,2025-05-01,0.1
SPLB,2025-06-02,0.1
SPLB,2025-07-01,0.1
SPLB,2025-08-01,0.1
SPLB,2025-09-02,0.099
SPLB,2025-10-01,0.097
SPLB,2025-11-03,0.099
SPLB,2025-12-01,0.099
SPLB,2025-12-18,0.097
SPLB,2026-02-02,0.103
SPLB,2026-03-02,0.1
SPLB,2026-04-01,0.1
SPLB,2026-05-01,0.101
SPLB,2026-06-01,0.101
SPLB,2026-07-01,0.101
SPLB,2026-08-03,0.102
SPLB,2026-09-01,0.102
SPLB,2026-10-01,0.102
SPLS,2026-04-01,0.118
SPLS,2026-07-01,0.18
SPLS,2026-10-01,0.07
SPLV,2023-09-18,0.139
SPLV,2023-10-23,0.145
SPLV,2023-11-20,0.132
SPLV,2023-12-18,0.14
SPLV,2024-01-22,0.129
SPLV,2024-02-20,0.122
SPLV,2024-03-18,0.114
SPLV,2024-04-22,0.111
SPLV,2024-05-20,0.11
SPLV,2024-06-24,0.11
SPLV,2024-07-22,0.102
SPLV,2024-08-19,0.103
SPLV,2024-09-23,0.108
SPLV,2024-10-21,0.102
SPLV,2024-11-18,0.102
SPLV,2024-12-23,0.102
SPLV,2025-01-21,0.102
SPLV,2025-02-24,0.102
SPLV,2025-03-24,0.106
SPLV,2025-04-21,0.114
SPLV,2025-05-19,0.116
SPLV,2025-06-23,0.127
SPLV,2025-07-21,0.128
SPLV,2025-08-18,0.129
SPLV,2025-09-22,0.132
SPLV,2025-10-20,0.133
SPLV,2025-11-24,0.134
SPLV,2025-12-22,0.134
SPLV,2026-01-20,0.135
SPLV,2026-02-23,0.135
SPLV,2026-03-23,0.135
SPLV,2026-04-20,0.137
SPLV,2026-05-18,0.136
SPLV,2026-06-22,0.138
SPLV,2026-07-20,0.141
SPLV,2026-08-24,0.142
SPLV,2026-09-21,0.142
SPMB,2023-09-01,0.06
SPMB,2023-10-02,0.06
SPMB,2023-11-01,0.061
SPMB,2023-12-01,0.061
SPMB,2023-12-18,0.061
SPMB,2024-02-01,0.062
SPMB,2024-03-01,0.065
SPMB,2024-04-01,0.063
SPMB,2024-05-01,0.062
SPMB,2024-06-03,0.064
SPMB,2024-07-01,0.064
SPMB,2024-08-01,0.065
SPMB,2024-09-03,0.066
SPMB,2024-10-01,0.065
SPMB,2024-11-01,0.066
SPMB,2024-12-02,0.066
SPMB,2024-12-19,0.102
SPMB,2025-02-03,0.067
SPMB,2025-03-03,0.067
SPMB,2025-04-01,0.068
SPMB,2025-05-01,0.068
SPMB,2025-06-02,0.067
SPMB,2025-07-01,0.068
SPMB,2025-08-01,0.069
SPMB,2025-09-02,0.07
SPMB,2025-10-01,0.069
SPMB,2025-11-03,0.069
SPMB,2025-12-01,0.069
SPMB,2025-12-18,0.143
SPMB,2026-02-02,0.072
SPMB,2026-03-02,0.069
SPMB,2026-04-01,0.07
SPMB,2026-05-01,0.07
SPMB,2026-06-01,0.07
SPMB,2026-07-01,0.071
SPMB,2026-08-03,0.072
SPMB,2026-09-01,0.071
SPMB,2026-10-01,0.073
SPMD,2023-09-18,0.176
SPMD,2023-12-18,0.188
SPMD,2024-03-18,0.163
SPMD,2024-06-24,0.208
SPMD,2024-09-23,0.197
SPMD,2024-12-23,0.208
SPMD,2025-03-24,0.18
SPMD,2025-06-23,0.211
SPMD,2025-09-22,0.195
SPMD,2025-12-22,0.218
SPMD,2026-03-23,0.185
SPMD,2026-06-22,0.212
SPMD,2026-09-21,0.225
SPMO,2023-09-18,0.278
SPMO,2023-12-18,0.164
SPMO,2024-03-18,0.127
SPMO,2024-06-24,0.069
SPMO,2024-09-23,0.069
SPMO,2024-12-23,0.193
SPMO,2025-03-24,0.179
SPMO,2025-06-23,0.211
SPMO,2025-09-22,0.192
SPMO,2025-12-22,0.291
SPMO,2026-03-23,0.321
SPMO,2026-06-22,0.245
SPMO,2026-09-21,0.243
SPRE,2023-09-26,0.067
SPRE,2023-10-26,0.067
SPRE,2023-11-27,0.067
SPRE,2024-01-26,0.067
SPRE,2024-02-26,0.067
SPRE,2024-03-26,0.067
SPRE,2024-04-25,0.067
SPRE,2024-05-29,0.067
SPRE,2024-06-26,0.067
SPRE,2024-07-26,0.067
SPRE,2024-08-27,0.067
SPRE,2024-09-26,0.067
SPRE,2024-10-28,0.067
SPRE,2024-11-26,0.067
SPRE,2024-12-27,0.08
SPRE,2025-01-27,0.067
SPRE,2025-02-27,0.067
SPRE,2025-03-25,0.067
SPRE,2025-04-24,0.067
SPRE,2025-05-28,0.067
SPRE,2025-06-25,0.067
SPRE,2025-07-25,0.067
SPRE,2025-08-26,0.067
SPRE,2025-09-25,0.067
SPRE,2025-10-27,0.067
SPRE,2025-11-25,0.067
SPRE,2025-12-26,0.065
SPRE,2026-01-23,0.067
SPRE,2026-02-20,0.067
SPRE,2026-03-24,0.067
SPRE,2026-04-24,0.067
SPRE,2026-05-27,0.067
SPRE,2026-06-25,0.067
SPRE,2026-07-27,0.067
SPRE,2026-08-26,0.067
SPSB,2023-09-01,0.107
SPSB,2023-10-02,0.106
SPSB,2023-11-01,0.112
SPSB,2023-12-01,0.114
SPSB,2023-12-18,0.127
SPSB,2024-02-01,0.116
SPSB,2024-03-01,0.113
SPSB,2024-04-01,0.119
SPSB,2024-05-01,0.121
SPSB,2024-06-03,0.123
SPSB,2024-07-01,0.124
SPSB,2024-08-01,0.126
SPSB,2024-09-03,0.124
SPSB,2024-10-01,0.123
SPSB,2024-11-01,0.12
SPSB,2024-12-02,0.119
SPSB,2024-12-19,0.12
SPSB,2025-02-03,0.118
SPSB,2025-03-03,0.118
SPSB,2025-04-01,0.122
SPSB,2025-05-01,0.118
SPSB,2025-06-02,0.113
SPSB,2025-07-01,0.114
SPSB,2025-08-01,0.115
SPSB,2025-09-02,0.113
SPSB,2025-10-01,0.113
SPSB,2025-11-03,0.112
SPSB,2025-12-01,0.109
SPSB,2025-12-18,0.11
SPSB,2026-02-02,0.108
SPSB,2026-03-02,0.106
SPSB,2026-04-01,0.103
SPSB,2026-05-01,0.107
SPSB,2026-06-01,0.108
SPSB,2026-07-01,0.107
SPSB,2026-08-03,0.107
SPSB,2026-09-01,0.111
SPSB,2026-10-01,0.109
SPSK,2023-09-26,0.032
SPSK,2023-10-26,0.032
SPSK,2023-11-27,0.032
SPSK,2024-01-26,0.032
SPSK,2024-02-26,0.032
SPSK,2024-03-26,0.032
SPSK,2024-04-25,0.032
SPSK,2024-05-29,0.032
SPSK,2024-06-26,0.032
SPSK,2024-07-26,0.032
SPSK,2024-08-27,0.032
SPSK,2024-09-26,0.032
SPSK,2024-10-28,0.032
SPSK,2024-11-26,0.032
SPSK,2024-12-27,0.278
SPSK,2025-01-27,0.032
SPSK,2025-02-27,0.032
SPSK,2025-03-25,0.032
SPSK,2025-04-24,0.032
SPSK,2025-05-28,0.032
SPSK,2025-06-25,0.032
SPSK,2025-07-25,0.032
SPSK,2025-08-26,0.032
SPSK,2025-09-25,0.032
SPSK,2025-10-27,0.032
SPSK,2025-11-25,0.032
SPSK,2025-12-26,0.311
SPSK,2026-01-23,0.052
SPSK,2026-02-20,0.052
SPSK,2026-03-24,0.052
SPSK,2026-04-24,0.052
SPSK,2026-05-27,0.052
SPSK,2026-06-25,0.052
SPSK,2026-07-27,0.052
SPSK,2026-08-26,0.052
SPSM,2023-09-18,0.059
SPSM,2023-12-18,0.299
SPSM,2024-03-18,0.144
SPSM,2024-06-24,0.206
SPSM,2024-09-23,0.198
SPSM,2024-12-23,0.281
SPSM,2025-03-24,0.155
SPSM,2025-06-23,0.183
SPSM,2025-09-22,0.183
SPSM,2025-12-22,0.236
SPSM,2026-03-23,0.165
SPSM,2026-06-22,0.201
SPSM,2026-09-21,0.22
SPTB,2024-06-03,0.042
SPTB,2024-07-01,0.113
SPTB,2024-08-01,0.116
SPTB,2024-09-03,0.113
SPTB,2024-10-01,0.109
SPTB,2024-11-01,0.112
SPTB,2024-12-02,0.112
SPTB,2024-12-19,0.106
SPTB,2025-02-03,0.111
SPTB,2025-03-03,0.1
SPTB,2025-04-01,0.111
SPTB,2025-05-01,0.107
SPTB,2025-06-02,0.11
SPTB,2025-07-01,0.106
SPTB,2025-08-01,0.109
SPTB,2025-09-02,0.109
SPTB,2025-10-01,0.105
SPTB,2025-11-03,0.108
SPTB,2025-12-01,0.103
SPTB,2025-12-18,0.108
SPTB,2026-02-02,0.105
SPTB,2026-03-02,0.095
SPTB,2026-04-01,0.104
SPTB,2026-05-01,0.099
SPTB,2026-06-01,0.103
SPTB,2026-07-01,0.101
SPTB,2026-08-03,0.104
SPTB,2026-09-01,0.105
SPTB,2026-10-01,0.104
SPTE,2024-01-26,0.005
SPTE,2024-02-26,0.005
SPTE,2024-03-26,0.005
SPTE,2024-04-25,0.005
SPTE,2024-05-29,0.007
SPTE,2024-06-26,0.007
SPTE,2024-07-26,0.007
SPTE,2024-08-27,0.007
SPTE,2024-09-26,0.007
SPTE,2024-10-28,0.007
SPTE,2024-11-26,0.007
SPTE,2024-12-27,0.069
SPTE,2025-01-27,0.007
SPTE,2025-02-27,0.007
SPTE,2025-03-25,0.007
SPTE,2025-04-24,0.007
SPTE,2025-05-28,0.007
SPTE,2025-06-25,0.007
SPTE,2025-07-25,0.007
SPTE,2025-08-26,0.007
SPTE,2025-09-25,0.007
SPTE,2025-10-27,0.007
SPTE,2025-11-25,0.007
SPTE,2025-12-26,0.265
SPTE,2026-01-23,0.007
SPTE,2026-02-20,0.007
SPTE,2026-03-24,0.007
SPTE,2026-04-24,0.007
SPTE,2026-05-27,0.007
SPTE,2026-06-25,0.007
SPTE,2026-07-27,0.007
SPTE,2026-08-26,0.007
SPTI,2023-09-01,0.076
SPTI,2023-10-02,0.075
SPTI,2023-11-01,0.083
SPTI,2023-12-01,0.082
SPTI,2023-12-18,0.085
SPTI,2024-02-01,0.086
SPTI,2024-03-01,0.081
SPTI,2024-04-01,0.088
SPTI,2024-05-01,0.085
SPTI,2024-06-03,0.089
SPTI,2024-07-01,0.087
SPTI,2024-08-01,0.09
SPTI,2024-09-03,0.09
SPTI,2024-10-01,0.087
SPTI,2024-11-01,0.09
SPTI,2024-12-02,0.088
SPTI,2024-12-19,0.089
SPTI,2025-02-03,0.095
SPTI,2025-03-03,0.084
SPTI,2025-04-01,0.094
SPTI,2025-05-01,0.09
SPTI,2025-06-02,0.092
SPTI,2025-07-01,0.089
SPTI,2025-08-01,0.092
SPTI,2025-09-02,0.092
SPTI,2025-10-01,0.089
SPTI,2025-11-03,0.092
SPTI,2025-12-01,0.089
SPTI,2025-12-18,0.093
SPTI,2026-02-02,0.093
SPTI,2026-03-02,0.084
SPTI,2026-04-01,0.093
SPTI,2026-05-01,0.09
SPTI,2026-06-01,0.093
SPTI,2026-07-01,0.091
SPTI,2026-08-03,0.094
SPTI,2026-09-01,0.094
SPTI,2026-10-01,0.091
SPTL,2023-09-01,0.081
SPTL,2023-10-02,0.079
SPTL,2023-11-01,0.084
SPTL,2023-12-01,0.082
SPTL,2023-12-18,0.082
SPTL,2024-02-01,0.089
SPTL,2024-03-01,0.082
SPTL,2024-04-01,0.088
SPTL,2024-05-01,0.086
SPTL,2024-06-03,0.089
SPTL,2024-07-01,0.087
SPTL,2024-08-01,0.09
SPTL,2024-09-03,0.09
SPTL,2024-10-01,0.088
SPTL,2024-11-01,0.09
SPTL,2024-12-02,0.087
SPTL,2024-12-19,0.09
SPTL,2025-02-03,0.092
SPTL,2025-03-03,0.083
SPTL,2025-04-01,0.093
SPTL,2025-05-01,0.09
SPTL,2025-06-02,0.093
SPTL,2025-07-01,0.09
SPTL,2025-08-01,0.093
SPTL,2025-09-02,0.092
SPTL,2025-10-01,0.09
SPTL,2025-11-03,0.093
SPTL,2025-12-01,0.09
SPTL,2025-12-18,0.092
SPTL,2026-02-02,0.093
SPTL,2026-03-02,0.084
SPTL,2026-04-01,0.094
SPTL,2026-05-01,0.09
SPTL,2026-06-01,0.093
SPTL,2026-07-01,0.09
SPTL,2026-08-03,0.093
SPTL,2026-09-01,0.094
SPTL,2026-10-01,0.091
SPTM,2023-09-18,0.206
SPTM,2023-12-18,0.231
SPTM,2024-03-18,0.207
SPTM,2024-06-24,0.234
SPTM,2024-09-23,0.226
SPTM,2024-12-23,0.249
SPTM,2025-03-24,0.221
SPTM,2025-06-23,0.233
SPTM,2025-09-22,0.235
SPTM,2025-12-22,0.245
SPTM,2026-03-23,0.235
SPTM,2026-06-22,0.25
SPTM,2026-09-21,0.25
SPTS,2023-09-01,0.091
SPTS,2023-10-02,0.091
SPTS,2023-11-01,0.097
SPTS,2023-12-01,0.104
SPTS,2023-12-18,0.107
SPTS,2024-02-01,0.103
SPTS,2024-03-01,0.099
SPTS,2024-04-01,0.104
SPTS,2024-05-01,0.102
SPTS,2024-06-03,0.105
SPTS,2024-07-01,0.101
SPTS,2024-08-01,0.096
SPTS,2024-09-03,0.105
SPTS,2024-10-01,0.096
SPTS,2024-11-01,0.103
SPTS,2024-12-02,0.101
SPTS,2024-12-19,0.117
SPTS,2025-02-03,0.101
SPTS,2025-03-03,0.093
SPTS,2025-04-01,0.101
SPTS,2025-05-01,0.099
SPTS,2025-06-02,0.101
SPTS,2025-07-01,0.097
SPTS,2025-08-01,0.098
SPTS,2025-09-02,0.098
SPTS,2025-10-01,0.095
SPTS,2025-11-03,0.097
SPTS,2025-12-01,0.092
SPTS,2025-12-18,0.095
SPTS,2026-02-02,0.102
SPTS,2026-03-02,0.084
SPTS,2026-04-01,0.089
SPTS,2026-05-01,0.092
SPTS,2026-06-01,0.094
SPTS,2026-07-01,0.088
SPTS,2026-08-03,0.092
SPTS,2026-09-01,0.093
SPTS,2026-10-01,0.095
SPUC,2023-09-27,0.1
SPUC,2023-12-26,0.15
SPUC,2024-03-25,0.1
SPUC,2024-06-25,0.1
SPUC,2024-09-25,0.08
SPUC,2024-12-23,0.104
SPUC,2025-03-26,0.08
SPUC,2025-06-25,0.1
SPUC,2025-09-25,0.1
SPUC,2025-12-23,3.465
SPUC,2026-03-26,0.1
SPUC,2026-04-27,0.48
SPUC,2026-05-26,0.49
SPUC,2026-06-25,0.48
SPUC,2026-07-28,0.48
SPUC,2026-08-26,0.6
SPUC,2026-09-25,0.6
SPUS,2023-09-26,0.026
SPUS,2023-10-26,0.026
SPUS,2023-11-27,0.026
SPUS,2024-01-26,0.026
SPUS,2024-02-26,0.026
SPUS,2024-03-26,0.026
SPUS,2024-04-25,0.026
SPUS,2024-05-29,0.026
SPUS,2024-06-26,0.026
SPUS,2024-07-26,0.026
SPUS,2024-08-27,0.026
SPUS,2024-09-26,0.026
SPUS,2024-10-28,0.026
SPUS,2024-11-26,0.026
SPUS,2024-12-27,0.017
SPUS,2025-01-27,0.026
SPUS,2025-02-27,0.026
SPUS,2025-03-25,0.026
SPUS,2025-04-24,0.026
SPUS,2025-05-28,0.026
SPUS,2025-06-25,0.026
SPUS,2025-07-25,0.026
SPUS,2025-08-26,0.026
SPUS,2025-09-25,0.026
SPUS,2025-10-27,0.026
SPUS,2025-11-25,0.026
SPUS,2025-12-26,0.02
SPUS,2026-01-23,0.026
SPUS,2026-02-20,0.026
SPUS,2026-03-24,0.026
SPUS,2026-04-24,0.026
SPUS,2026-05-27,0.026
SPUS,2026-06-25,0.026
SPUS,2026-07-27,0.026
SPUS,2026-08-26,0.026
SPUU,2023-09-19,0.193
SPUU,2023-12-21,0.31
SPUU,2024-03-19,0.281
SPUU,2024-06-25,0.312
SPUU,2024-09-24,0.112
SPUU,2024-12-23,0.112
SPUU,2025-03-25,0.37
SPUU,2025-06-24,0.379
SPUU,2025-09-23,0.24
SPUU,2025-12-10,1.906
SPUU,2025-12-23,0.102
SPUU,2026-03-24,0.322
SPUU,2026-06-23,0.312
SPUU,2026-09-22,0.261
SPWO,2024-01-26,0.017
SPWO,2024-02-26,0.017
SPWO,2024-03-26,0.017
SPWO,2024-04-25,0.017
SPWO,2024-05-29,0.026
SPWO,2024-06-26,0.026
SPWO,2024-07-26,0.026
SPWO,2024-08-27,0.026
SPWO,2024-09-26,0.026
SPWO,2024-10-28,0.026
SPWO,2024-11-26,0.026
SPWO,2024-12-27,0.026
SPWO,2025-01-27,0.026
SPWO,2025-02-27,0.026
SPWO,2025-03-25,0.026
SPWO,2025-04-24,0.026
SPWO,2025-05-28,0.026
SPWO,2025-06-25,0.026
SPWO,2025-07-25,0.026
SPWO,2025-08-26,0.026
SPWO,2025-09-25,0.026
SPWO,2025-10-27,0.026
SPWO,2025-11-25,0.026
SPWO,2025-12-26,0.072
SPWO,2026-01-23,0.026
SPWO,2026-02-20,0.026
SPWO,2026-03-24,0.026
SPWO,2026-04-24,0.026
SPWO,2026-05-27,0.026
SPWO,2026-06-25,0.026
SPWO,2026-07-27,0.026
SPWO,2026-08-26,0.026
SPXL,2023-09-19,0.194
SPXL,2023-12-21,0.304
SPXL,2024-03-19,0.395
SPXL,2024-06-25,0.337
SPXL,2024-09-24,0.193
SPXL,2024-12-23,0.321
SPXL,2025-03-25,0.494
SPXL,2025-06-24,0.573
SPXL,2025-09-23,0.284
SPXL,2025-12-23,0.172
SPXL,2026-03-24,0.45
SPXL,2026-06-23,0.523
SPXL,2026-09-22,0.31
SPXS,2023-09-19,1.59
SPXS,2023-12-21,1.04
SPXS,2024-03-19,1.37
SPXS,2024-06-25,1.17
SPXS,2024-09-24,0.84
SPXS,2024-12-23,0.5
SPXS,2025-03-25,0.84
SPXS,2025-06-24,0.34
SPXS,2025-09-23,0.37
SPXS,2025-12-23,0.193
SPXS,2026-03-24,0.383
SPXS,2026-06-23,0.239
SPXS,2026-09-22,0.339
SPXT,2023-09-20,0.295
SPXT,2023-12-20,0.417
SPXT,2024-03-20,0.256
SPXT,2024-06-26,0.367
SPXT,2024-09-25,0.305
SPXT,2024-12-23,0.255
SPXT,2025-03-26,0.322
SPXT,2025-06-25,0.345
SPXT,2025-09-24,0.364
SPXT,2025-12-24,0.402
SPXT,2026-03-25,0.366
SPXT,2026-06-24,0.346
SPXT,2026-09-23,0.322
SPXU,2023-09-20,3.48
SPXU,2023-12-20,3.64
SPXU,2024-03-20,2.54
SPXU,2024-06-26,2.32
SPXU,2024-09-25,1.8
SPXU,2024-12-23,1.928
SPXU,2025-03-26,1.04
SPXU,2025-06-25,0.752
SPXU,2025-09-24,0.74
SPXU,2025-12-24,0.959
SPXU,2026-03-25,0.445
SPXU,2026-06-24,0.391
SPXU,2026-09-23,0.383
SPY,2023-09-15,1.583
SPY,2023-12-15,1.906
SPY,2024-03-15,1.595
SPY,2024-06-21,1.759
SPY,2024-09-20,1.746
SPY,2024-12-20,1.966
SPY,2025-03-21,1.696
SPY,2025-06-20,1.761
SPY,2025-09-19,1.831
SPY,2025-12-19,1.993
SPY,2026-03-20,1.797
SPY,2026-06-18,1.904
SPY,2026-09-18,1.889
SPYC,2023-09-27,0.1
SPYC,2023-12-26,0.114
SPYC,2024-03-25,0.1
SPYC,2024-06-25,0.1
SPYC,2024-09-25,0.08
SPYC,2024-12-23,0.1
SPYC,2025-03-26,0.08
SPYC,2025-06-25,0.1
SPYC,2025-09-25,0.1
SPYC,2025-12-23,0.1
SPYC,2026-03-26,0.1
SPYC,2026-06-25,0.1
SPYC,2026-09-25,0.2
SPYD,2023-09-15,0.441
SPYD,2023-12-15,0.534
SPYD,2024-03-15,0.373
SPYD,2024-06-21,0.487
SPYD,2024-09-20,0.457
SPYD,2024-12-20,0.547
SPYD,2025-03-24,0.419
SPYD,2025-06-23,0.5
SPYD,2025-09-22,0.489
SPYD,2025-12-22,0.549
SPYD,2026-03-23,0.45
SPYD,2026-06-22,0.543
SPYD,2026-09-21,0.518
SPYG,2023-09-18,0.179
SPYG,2023-12-18,0.205
SPYG,2024-03-18,0.106
SPYG,2024-06-24,0.124
SPYG,2024-09-23,0.13
SPYG,2024-12-23,0.171
SPYG,2025-03-24,0.117
SPYG,2025-06-23,0.135
SPYG,2025-09-22,0.139
SPYG,2025-12-22,0.161
SPYG,2026-03-23,0.129
SPYG,2026-06-22,0.148
SPYG,2026-09-21,0.148
SPYH,2025-04-23,0.256
SPYH,2025-05-21,0.334
SPYH,2025-06-25,0.337
SPYH,2025-07-23,0.345
SPYH,2025-08-20,0.35
SPYH,2025-09-24,0.357
SPYH,2025-10-22,0.358
SPYH,2025-11-26,0.355
SPYH,2025-12-24,0.361
SPYH,2026-01-28,0.363
SPYH,2026-02-25,0.358
SPYH,2026-03-25,0.347
SPYH,2026-04-29,0.359
SPYH,2026-05-27,0.366
SPYH,2026-06-24,0.364
SPYH,2026-07-29,0.361
SPYH,2026-08-26,0.368
SPYH,2026-09-23,0.371
SPYI,2023-09-20,0.49
SPYI,2023-10-25,0.465
SPYI,2023-11-22,0.478
SPYI,2023-12-20,0.485
SPYI,2024-01-24,0.49
SPYI,2024-02-21,0.497
SPYI,2024-03-20,0.501
SPYI,2024-04-24,0.489
SPYI,2024-05-22,0.5
SPYI,2024-06-26,0.505
SPYI,2024-07-24,0.509
SPYI,2024-08-21,0.556
SPYI,2024-09-25,0.515
SPYI,2024-10-23,0.52
SPYI,2024-11-20,0.521
SPYI,2024-12-24,0.516
SPYI,2025-01-22,0.517
SPYI,2025-02-26,0.514
SPYI,2025-03-26,0.506
SPYI,2025-04-23,0.462
SPYI,2025-05-21,0.506
SPYI,2025-06-25,0.505
SPYI,2025-07-23,0.511
SPYI,2025-08-20,0.518
SPYI,2025-09-24,0.527
SPYI,2025-10-22,0.527
SPYI,2025-11-26,0.522
SPYI,2025-12-24,0.532
SPYI,2026-01-21,0.531
SPYI,2026-02-18,0.522
SPYI,2026-03-18,0.51
SPYI,2026-04-22,0.525
SPYI,2026-05-20,0.535
SPYI,2026-06-16,0.531
SPYI,2026-07-22,0.53
SPYI,2026-08-19,0.542
SPYI,2026-09-16,0.534
SPYM,2023-09-18,0.198
SPYM,2023-12-18,0.221
SPYM,2024-03-18,0.202
SPYM,2024-06-24,0.223
SPYM,2024-09-23,0.216
SPYM,2024-12-27,0.239
SPYM,2025-03-28,0.217
SPYM,2025-06-27,0.214
SPYM,2025-09-26,0.238
SPYM,2025-12-26,0.238
SPYM,2026-03-13,0.194
SPYM,2026-06-12,0.239
SPYM,2026-09-11,0.239
SPYT,2024-04-01,0.34
SPYT,2024-05-01,0.324
SPYT,2024-06-03,0.33
SPYT,2024-07-01,0.337
SPYT,2024-07-31,0.33
SPYT,2024-09-03,0.333
SPYT,2024-10-01,0.334
SPYT,2024-11-01,0.332
SPYT,2024-12-02,0.336
SPYT,2024-12-31,0.328
SPYT,2025-02-03,0.327
SPYT,2025-03-03,0.316
SPYT,2025-04-01,0.298
SPYT,2025-05-01,0.284
SPYT,2025-06-02,0.3
SPYT,2025-07-01,0.308
SPYT,2025-08-01,0.32
SPYT,2025-09-02,0.322
SPYT,2025-10-01,0.322
SPYT,2025-11-03,0.321
SPYT,2025-12-01,0.314
SPYT,2025-12-31,0.312
SPYT,2026-02-02,0.296
SPYT,2026-03-02,0.291
SPYT,2026-04-01,0.264
SPYT,2026-05-01,0.29
SPYT,2026-06-01,0.3
SPYT,2026-07-01,0.29
SPYT,2026-08-03,0.286
SPYT,2026-09-01,0.291
SPYT,2026-10-01,0.287
SPYV,2023-09-18,0.201
SPYV,2023-12-18,0.231
SPYV,2024-03-18,0.256
SPYV,2024-06-24,0.288
SPYV,2024-09-23,0.276
SPYV,2024-12-23,0.349
SPYV,2025-03-24,0.18
SPYV,2025-06-23,0.253
SPYV,2025-09-22,0.256
SPYV,2025-12-22,0.314
SPYV,2026-03-23,0.208
SPYV,2026-06-22,0.268
SPYV,2026-09-21,0.268
SPYX,2023-09-18,0.116
SPYX,2023-12-18,0.126
SPYX,2024-03-18,0.117
SPYX,2024-06-24,0.128
SPYX,2024-09-23,0.125
SPYX,2024-12-23,0.135
SPYX,2025-03-24,0.123
SPYX,2025-06-23,0.129
SPYX,2025-09-22,0.129
SPYX,2025-12-22,0.133
SPYX,2026-03-23,0.13
SPYX,2026-06-22,0.135
SPYX,2026-09-21,0.134
SQQQ,2023-09-20,8.1
SQQQ,2023-12-20,7.075
SQQQ,2024-03-20,4.1
SQQQ,2024-06-26,4.0
SQQQ,2024-09-25,3.725
SQQQ,2024-12-23,4.085
SQQQ,2025-03-26,2.41
SQQQ,2025-06-25,1.285
SQQQ,2025-09-24,1.215
SQQQ,2025-12-24,1.506
SQQQ,2026-03-25,0.638
SQQQ,2026-06-24,0.638
SQQQ,2026-09-23,0.473
SRET,2023-09-06,0.13
SRET,2023-10-04,0.13
SRET,2023-11-03,0.13
SRET,2023-12-05,0.13
SRET,2023-12-28,0.13
SRET,2024-02-05,0.13
SRET,2024-03-05,0.135
SRET,2024-04-03,0.135
SRET,2024-05-03,0.135
SRET,2024-06-05,0.145
SRET,2024-07-03,0.145
SRET,2024-08-05,0.145
SRET,2024-09-05,0.155
SRET,2024-10-03,0.155
SRET,2024-11-05,0.155
SRET,2024-12-04,0.155
SRET,2024-12-30,0.155
SRET,2025-02-05,0.148
SRET,2025-03-05,0.144
SRET,2025-04-03,0.144
SRET,2025-05-05,0.144
SRET,2025-06-04,0.144
SRET,2025-07-03,0.144
SRET,2025-08-05,0.144
SRET,2025-09-04,0.145
SRET,2025-10-03,0.145
SRET,2025-11-05,0.145
SRET,2025-12-03,0.145
SRET,2025-12-30,0.145
SRET,2026-02-04,0.15
SRET,2026-03-04,0.152
SRET,2026-04-06,0.152
SRET,2026-05-05,0.153
SRET,2026-06-03,0.153
SRET,2026-07-06,0.153
SRET,2026-08-05,0.182
SRET,2026-09-03,0.185
SRLN,2023-09-01,0.33
SRLN,2023-10-02,0.32
SRLN,2023-11-01,0.32
SRLN,2023-12-01,0.32
SRLN,2023-12-18,0.33
SRLN,2024-02-01,0.32
SRLN,2024-03-01,0.294
SRLN,2024-04-01,0.307
SRLN,2024-05-01,0.312
SRLN,2024-06-03,0.305
SRLN,2024-07-01,0.3
SRLN,2024-08-01,0.303
SRLN,2024-09-03,0.313
SRLN,2024-10-01,0.304
SRLN,2024-11-01,0.296
SRLN,2024-12-02,0.26
SRLN,2024-12-19,0.267
SRLN,2025-02-03,0.278
SRLN,2025-03-03,0.26
SRLN,2025-04-01,0.271
SRLN,2025-05-01,0.254
SRLN,2025-06-02,0.259
SRLN,2025-07-01,0.267
SRLN,2025-08-01,0.271
SRLN,2025-09-02,0.264
SRLN,2025-10-01,0.252
SRLN,2025-11-03,0.283
SRLN,2025-12-01,0.249
SRLN,2025-12-18,0.258
SRLN,2026-02-02,0.248
SRLN,2026-03-02,0.228
SRLN,2026-04-01,0.248
SRLN,2026-05-01,0.223
SRLN,2026-06-01,0.233
SRLN,2026-07-01,0.231
SRLN,2026-08-03,0.24
SRLN,2026-09-01,0.255
SRLN,2026-10-01,0.246
SRTY,2023-09-20,1.496
SRTY,2023-12-20,1.948
SRTY,2024-03-20,1.496
SRTY,2024-06-26,1.984
SRTY,2024-09-25,1.788
SRTY,2024-12-23,1.8
SRTY,2025-03-26,0.888
SRTY,2025-06-25,0.676
SRTY,2025-09-24,0.632
SRTY,2025-12-24,0.72
SRTY,2026-03-25,0.274
SRTY,2026-06-24,0.285
SRTY,2026-09-23,0.269
SRVR,2023-09-21,0.651
SRVR,2024-03-21,0.17
SRVR,2024-06-27,0.27
SRVR,2024-09-26,0.125
SRVR,2024-12-27,0.034
SRVR,2025-03-06,0.082
SRVR,2025-06-05,0.129
SRVR,2025-09-04,0.125
SRVR,2025-12-30,0.43
SRVR,2026-03-05,0.237
SRVR,2026-06-04,0.075
SRVR,2026-09-03,0.637
SSG,2023-09-20,6.4
SSG,2023-12-20,8.3
SSG,2024-03-20,2.3
SSG,2024-06-26,1.78
SSG,2024-09-25,2.26
SSG,2024-12-23,1.88
SSG,2025-03-26,1.404
SSG,2025-06-25,0.44
SSG,2025-09-24,0.488
SSG,2025-12-24,0.481
SSG,2026-03-25,0.179
SSG,2026-06-24,0.083
SSG,2026-09-23,0.144
SSO,2023-12-20,0.059
SSO,2024-03-20,0.089
SSO,2024-06-26,0.0955
SSO,2024-09-25,0.0875
SSO,2024-12-23,0.1225
SSO,2025-03-26,0.083
SSO,2025-06-25,0.1025
SSO,2025-09-24,0.094
SSO,2025-12-24,0.116
SSO,2026-03-25,0.114
SSO,2026-06-24,0.128
SSO,2026-09-23,0.118
SSUS,2023-12-27,0.383
SSUS,2024-12-27,0.288
SSUS,2025-12-29,0.251
STBF,2024-05-16,0.077
STBF,2024-06-14,0.119
STBF,2024-07-15,0.13
STBF,2024-08-15,0.12
STBF,2024-09-16,0.128
STBF,2024-10-16,0.141
STBF,2024-11-15,0.095
STBF,2024-12-16,0.238
STBF,2025-01-15,0.014
STBF,2025-02-13,0.095
STBF,2025-03-13,0.09
STBF,2025-05-13,0.138
STBF,2025-06-13,0.075
STBF,2025-07-15,0.145
STBF,2025-08-14,0.083
STBF,2025-09-15,0.129
STBF,2025-10-15,0.102
STBF,2025-11-13,0.087
STBF,2025-12-15,0.222
STBF,2026-01-15,0.011
STBF,2026-02-13,0.077
STBF,2026-03-16,0.084
STBF,2026-04-16,0.097
STBF,2026-05-15,0.128
STBF,2026-06-16,0.067
STBF,2026-07-16,0.121
STBF,2026-08-14,0.062
STBF,2026-09-16,0.143
STCE,2023-12-06,0.075
STCE,2024-06-26,0.036
STCE,2024-12-13,0.252
STCE,2025-06-25,0.043
STCE,2025-12-11,1.134
STIP,2023-09-01,0.323
STIP,2023-10-02,0.157
STIP,2023-11-01,0.394
STIP,2023-12-01,0.224
STIP,2024-04-01,0.085
STIP,2024-05-01,0.612
STIP,2024-06-03,0.659
STIP,2024-07-01,0.398
STIP,2024-08-01,0.187
STIP,2024-09-03,0.058
STIP,2024-10-01,0.14
STIP,2024-11-01,0.112
STIP,2024-12-02,0.199
STIP,2024-12-18,0.181
STIP,2025-02-03,0.034
STIP,2025-03-03,0.11
STIP,2025-04-01,0.748
STIP,2025-05-01,0.524
STIP,2025-06-02,0.302
STIP,2025-07-01,0.402
STIP,2025-08-01,0.309
STIP,2025-09-02,0.44
STIP,2025-10-01,0.239
STIP,2025-11-03,0.387
STIP,2025-12-01,0.364
STIP,2025-12-19,0.352
STIP,2026-04-01,0.219
STIP,2026-05-01,0.566
STIP,2026-06-01,1.136
STIP,2026-07-01,0.965
STIP,2026-08-03,0.739
STLU,2026-04-22,0.002
STLU,2026-05-20,0.018
STLU,2026-06-17,0.011
STLU,2026-07-22,0.006
STLU,2026-08-19,0.039
STLU,2026-09-23,0.004
STOT,2023-09-01,0.184
STOT,2023-10-02,0.182
STOT,2023-11-01,0.181
STOT,2023-12-01,0.188
STOT,2023-12-18,0.231
STOT,2024-02-01,0.195
STOT,2024-03-01,0.176
STOT,2024-04-01,0.19
STOT,2024-05-01,0.189
STOT,2024-06-03,0.201
STOT,2024-07-01,0.213
STOT,2024-08-01,0.212
STOT,2024-09-03,0.202
STOT,2024-10-01,0.198
STOT,2024-11-01,0.19
STOT,2024-12-02,0.185
STOT,2024-12-19,0.24
STOT,2025-02-03,0.193
STOT,2025-03-03,0.169
STOT,2025-04-01,0.183
STOT,2025-05-01,0.164
STOT,2025-06-02,0.175
STOT,2025-07-01,0.176
STOT,2025-08-01,0.169
STOT,2025-09-02,0.181
STOT,2025-10-01,0.173
STOT,2025-11-03,0.174
STOT,2025-12-01,0.175
STOT,2025-12-18,0.203
STOT,2026-02-02,0.166
STOT,2026-03-02,0.161
STOT,2026-04-01,0.158
STOT,2026-05-01,0.165
STOT,2026-06-01,0.168
STOT,2026-07-01,0.182
STOT,2026-08-03,0.173
STOT,2026-09-01,0.166
STOT,2026-10-01,0.174
STPZ,2023-09-01,0.11
STPZ,2023-10-02,0.05
STPZ,2023-11-01,0.165
STPZ,2023-12-01,0.09
STPZ,2024-04-01,0.1
STPZ,2024-05-01,0.15
STPZ,2024-06-03,0.3
STPZ,2024-07-01,0.16
STPZ,2024-08-01,0.06
STPZ,2024-09-03,0.01
STPZ,2024-10-01,0.05
STPZ,2024-11-01,0.04
STPZ,2024-12-02,0.09
STPZ,2024-12-31,0.07
STPZ,2025-03-03,0.02
STPZ,2025-04-01,0.35
STPZ,2025-05-01,0.26
STPZ,2025-06-02,0.15
STPZ,2025-07-01,0.18
STPZ,2025-08-01,0.14
STPZ,2025-09-02,0.21
STPZ,2025-10-01,0.12
STPZ,2025-11-03,0.19
STPZ,2025-12-01,0.17
STPZ,2025-12-31,0.17
STPZ,2026-04-01,0.07
STPZ,2026-05-01,0.42
STPZ,2026-06-01,0.53
STPZ,2026-07-01,0.5
STPZ,2026-08-03,0.39
STXF,2023-09-27,0.09
STXF,2023-12-20,0.113
STXF,2024-03-26,0.099
STXF,2024-06-27,0.104
STXF,2024-09-27,0.107
STXF,2024-12-30,0.118
STXF,2025-03-28,0.085
STXF,2025-06-27,0.136
STXF,2025-09-29,0.117
STXF,2025-12-11,0.125
STXF,2026-03-30,0.12
SUB,2023-09-01,0.156
SUB,2023-10-02,0.167
SUB,2023-11-01,0.16
SUB,2023-12-01,0.167
SUB,2023-12-14,0.165
SUB,2024-02-01,0.166
SUB,2024-03-01,0.181
SUB,2024-04-01,0.172
SUB,2024-05-01,0.179
SUB,2024-06-03,0.192
SUB,2024-07-01,0.176
SUB,2024-08-01,0.181
SUB,2024-09-03,0.188
SUB,2024-10-01,0.198
SUB,2024-11-01,0.191
SUB,2024-12-02,0.199
SUB,2024-12-18,0.19
SUB,2025-02-03,0.192
SUB,2025-03-03,0.215
SUB,2025-04-01,0.208
SUB,2025-05-01,0.198
SUB,2025-06-02,0.207
SUB,2025-07-01,0.219
SUB,2025-08-01,0.216
SUB,2025-09-02,0.22
SUB,2025-10-01,0.231
SUB,2025-11-03,0.224
SUB,2025-12-01,0.23
SUB,2025-12-19,0.222
SUB,2026-02-02,0.215
SUB,2026-03-02,0.237
SUB,2026-04-01,0.221
SUB,2026-05-01,0.231
SUB,2026-06-01,0.223
SUB,2026-07-01,0.233
SUB,2026-08-03,0.228
SUB,2026-09-01,0.228
SUB,2026-10-01,0.235
SUIL,2026-06-17,0.004
SUIL,2026-07-22,0.003
SUIL,2026-08-19,0.004
SUIL,2026-09-23,0.002
SUSA,2023-09-26,0.395
SUSA,2023-12-20,0.363
SUSA,2024-03-21,0.329
SUSA,2024-06-11,0.256
SUSA,2024-09-25,0.443
SUSA,2024-12-17,0.37
SUSA,2025-03-18,0.287
SUSA,2025-06-16,0.269
SUSA,2025-09-16,0.335
SUSA,2025-12-16,0.353
SUSA,2026-03-17,0.321
SUSA,2026-06-15,0.286
SUSA,2026-09-15,0.338
SUSB,2023-09-01,0.059
SUSB,2023-10-02,0.058
SUSB,2023-11-01,0.062
SUSB,2023-12-01,0.067
SUSB,2023-12-14,0.065
SUSB,2024-02-01,0.066
SUSB,2024-03-01,0.069
SUSB,2024-04-01,0.071
SUSB,2024-05-01,0.073
SUSB,2024-06-03,0.078
SUSB,2024-07-01,0.079
SUSB,2024-08-01,0.081
SUSB,2024-09-03,0.084
SUSB,2024-10-01,0.082
SUSB,2024-11-01,0.085
SUSB,2024-12-02,0.084
SUSB,2024-12-18,0.09
SUSB,2025-02-03,0.088
SUSB,2025-03-03,0.093
SUSB,2025-04-01,0.088
SUSB,2025-05-01,0.091
SUSB,2025-06-02,0.092
SUSB,2025-07-01,0.092
SUSB,2025-08-01,0.093
SUSB,2025-09-02,0.093
SUSB,2025-10-01,0.093
SUSB,2025-11-03,0.095
SUSB,2025-12-01,0.095
SUSB,2025-12-19,0.097
SUSB,2026-02-02,0.093
SUSB,2026-03-02,0.094
SUSB,2026-04-01,0.096
SUSB,2026-05-01,0.096
SUSB,2026-06-01,0.084
SUSB,2026-07-01,0.093
SUSB,2026-08-03,0.095
SUSB,2026-09-01,0.096
SUSB,2026-10-01,0.096
SUSC,2023-09-01,0.077
SUSC,2023-10-02,0.073
SUSC,2023-11-01,0.077
SUSC,2023-12-01,0.082
SUSC,2023-12-14,0.08
SUSC,2024-02-01,0.082
SUSC,2024-03-01,0.079
SUSC,2024-04-01,0.078
SUSC,2024-05-01,0.081
SUSC,2024-06-03,0.082
SUSC,2024-07-01,0.082
SUSC,2024-08-01,0.082
SUSC,2024-09-03,0.083
SUSC,2024-10-01,0.083
SUSC,2024-11-01,0.083
SUSC,2024-12-02,0.084
SUSC,2024-12-18,0.087
SUSC,2025-02-03,0.085
SUSC,2025-03-03,0.085
SUSC,2025-04-01,0.084
SUSC,2025-05-01,0.085
SUSC,2025-06-02,0.083
SUSC,2025-07-01,0.085
SUSC,2025-08-01,0.085
SUSC,2025-09-02,0.086
SUSC,2025-10-01,0.084
SUSC,2025-11-03,0.086
SUSC,2025-12-01,0.086
SUSC,2025-12-19,0.089
SUSC,2026-02-02,0.085
SUSC,2026-03-02,0.086
SUSC,2026-04-01,0.088
SUSC,2026-05-01,0.088
SUSC,2026-06-01,0.089
SUSC,2026-07-01,0.088
SUSC,2026-08-03,0.088
SUSC,2026-09-01,0.089
SUSC,2026-10-01,0.089
SUSL,2023-09-26,0.314
SUSL,2023-12-20,0.272
SUSL,2024-03-21,0.267
SUSL,2024-06-11,0.216
SUSL,2024-09-25,0.319
SUSL,2024-12-17,0.331
SUSL,2025-03-18,0.268
SUSL,2025-06-16,0.263
SUSL,2025-09-16,0.309
SUSL,2025-12-16,0.355
SUSL,2026-03-17,0.299
SUSL,2026-06-15,0.285
SUSL,2026-09-15,0.326
SVAL,2023-09-26,0.196
SVAL,2023-12-20,0.188
SVAL,2024-03-21,0.164
SVAL,2024-06-11,0.206
SVAL,2024-09-25,0.221
SVAL,2025-03-18,0.014
SVAL,2025-06-16,0.171
SVAL,2025-09-16,0.192
SVAL,2025-12-16,0.423
SVAL,2026-03-17,0.114
SVAL,2026-06-15,0.143
SVAL,2026-09-15,0.253
SVOL,2023-09-27,0.3
SVOL,2023-10-26,0.3
SVOL,2023-11-27,0.3
SVOL,2023-12-26,0.308
SVOL,2024-01-26,0.3
SVOL,2024-02-26,0.3
SVOL,2024-03-25,0.3
SVOL,2024-04-25,0.3
SVOL,2024-05-24,0.3
SVOL,2024-06-25,0.3
SVOL,2024-07-26,0.3
SVOL,2024-08-27,0.3
SVOL,2024-09-25,0.28
SVOL,2024-10-28,0.28
SVOL,2024-11-25,0.27
SVOL,2024-12-23,0.26
SVOL,2025-01-28,0.27
SVOL,2025-02-25,0.27
SVOL,2025-03-26,0.27
SVOL,2025-04-25,0.27
SVOL,2025-05-27,0.3
SVOL,2025-06-25,0.3
SVOL,2025-07-28,0.3
SVOL,2025-08-26,0.3
SVOL,2025-09-25,0.3
SVOL,2025-10-28,0.3
SVOL,2025-11-21,0.3
SVOL,2025-12-23,0.3
SVOL,2026-01-27,0.3
SVOL,2026-02-24,0.3
SVOL,2026-03-26,0.28
SVOL,2026-04-27,0.28
SVOL,2026-05-26,0.28
SVOL,2026-06-25,0.28
SVOL,2026-07-28,0.28
SVOL,2026-08-26,0.28
SVOL,2026-09-25,0.28
SYFI,2024-07-01,0.128
SYFI,2024-08-01,0.206
SYFI,2024-09-03,0.189
SYFI,2024-10-01,0.182
SYFI,2024-11-01,0.157
SYFI,2024-12-02,0.171
SYFI,2024-12-30,0.13
SYFI,2025-02-03,0.133
SYFI,2025-03-03,0.191
SYFI,2025-04-01,0.201
SYFI,2025-05-01,0.204
SYFI,2025-06-02,0.206
SYFI,2025-07-01,0.194
SYFI,2025-08-01,0.188
SYFI,2025-09-02,0.178
SYFI,2025-10-01,0.179
SYFI,2025-11-03,0.192
SYFI,2025-12-01,0.177
SYFI,2025-12-31,0.186
SYFI,2026-02-02,0.18
SYFI,2026-03-02,0.173
SYFI,2026-04-01,0.183
SYFI,2026-05-01,0.176
SYFI,2026-06-01,0.176
SYFI,2026-07-01,0.166
SYFI,2026-08-03,0.173
SYFI,2026-09-01,0.152
SYLD,2023-09-21,0.305
SYLD,2023-12-14,0.126
SYLD,2024-03-21,0.515
SYLD,2024-06-21,0.43
SYLD,2024-09-20,0.24
SYLD,2024-12-20,0.213
SYLD,2025-03-20,0.523
SYLD,2025-06-18,0.35
SYLD,2025-09-18,0.492
SYLD,2025-12-18,0.198
SYLD,2026-03-20,0.425
SYLD,2026-06-18,0.34
SYLD,2026-09-18,0.505
SYSB,2023-09-01,0.312
SYSB,2023-10-02,0.323
SYSB,2023-11-01,0.329
SYSB,2023-12-01,0.336
SYSB,2023-12-14,0.346
SYSB,2024-02-01,0.338
SYSB,2024-03-01,0.339
SYSB,2024-04-01,0.361
SYSB,2024-05-01,0.359
SYSB,2024-06-03,0.363
SYSB,2024-07-01,0.333
SYSB,2024-08-01,0.377
SYSB,2024-09-03,0.374
SYSB,2024-10-01,0.379
SYSB,2024-11-01,0.386
SYSB,2024-12-02,0.387
SYSB,2024-12-18,0.39
SYSB,2025-02-03,0.39
SYSB,2025-03-03,0.381
SYSB,2025-04-01,0.387
SYSB,2025-05-01,0.383
SYSB,2025-06-02,0.365
SYSB,2025-07-01,0.404
SYSB,2025-08-01,0.352
SYSB,2025-09-02,0.378
SYSB,2025-10-01,0.381
SYSB,2025-11-03,0.372
SYSB,2025-12-01,0.149
SYSB,2025-12-19,0.347
SYSB,2026-02-02,0.328
SYSB,2026-03-02,0.337
SYSB,2026-04-01,0.325
SYSB,2026-05-01,0.353
SYSB,2026-06-01,0.345
SYSB,2026-07-01,0.35
SYSB,2026-08-03,0.355
SYSB,2026-09-01,0.338
SYSB,2026-10-01,0.35
TAFI,2023-09-01,0.069
TAFI,2023-10-02,0.064
TAFI,2023-11-01,0.068
TAFI,2023-12-01,0.064
TAFI,2023-12-28,0.075
TAFI,2024-02-01,0.058
TAFI,2024-03-01,0.064
TAFI,2024-04-01,0.07
TAFI,2024-05-01,0.065
TAFI,2024-06-03,0.068
TAFI,2024-07-01,0.069
TAFI,2024-08-01,0.071
TAFI,2024-09-03,0.068
TAFI,2024-10-01,0.069
TAFI,2024-11-01,0.069
TAFI,2024-12-02,0.066
TAFI,2024-12-30,0.098
TAFI,2025-02-03,0.062
TAFI,2025-03-03,0.067
TAFI,2025-04-01,0.071
TAFI,2025-05-01,0.067
TAFI,2025-06-02,0.071
TAFI,2025-07-01,0.069
TAFI,2025-08-01,0.067
TAFI,2025-09-02,0.065
TAFI,2025-10-01,0.064
TAFI,2025-11-03,0.066
TAFI,2025-12-01,0.064
TAFI,2025-12-31,0.077
TAFI,2026-02-02,0.062
TAFI,2026-03-02,0.063
TAFI,2026-04-01,0.064
TAFI,2026-05-01,0.067
TAFI,2026-06-01,0.063
TAFI,2026-07-01,0.062
TAFI,2026-08-03,0.065
TAFI,2026-09-01,0.064
TAFM,2024-08-01,0.074
TAFM,2024-09-03,0.067
TAFM,2024-10-01,0.064
TAFM,2024-11-01,0.059
TAFM,2024-12-02,0.067
TAFM,2024-12-30,0.081
TAFM,2025-02-03,0.066
TAFM,2025-03-03,0.065
TAFM,2025-04-01,0.073
TAFM,2025-05-01,0.061
TAFM,2025-06-02,0.082
TAFM,2025-07-01,0.078
TAFM,2025-08-01,0.077
TAFM,2025-09-02,0.076
TAFM,2025-10-01,0.072
TAFM,2025-11-03,0.077
TAFM,2025-12-01,0.077
TAFM,2025-12-31,0.089
TAFM,2026-02-02,0.077
TAFM,2026-03-02,0.076
TAFM,2026-04-01,0.076
TAFM,2026-05-01,0.079
TAFM,2026-06-01,0.074
TAFM,2026-07-01,0.075
TAFM,2026-08-03,0.078
TAFM,2026-09-01,0.071
TAGG,2023-10-25,0.149
TAGG,2023-11-24,0.149
TAGG,2023-12-22,0.15
TAGG,2024-01-25,0.155
TAGG,2024-02-23,0.153
TAGG,2024-03-22,0.152
TAGG,2024-04-24,0.149
TAGG,2024-05-24,0.153
TAGG,2024-06-25,0.152
TAGG,2024-07-26,0.153
TAGG,2024-08-27,0.154
TAGG,2024-09-25,0.152
TAGG,2024-10-28,0.153
TAGG,2024-11-25,0.152
TAGG,2024-12-23,0.147
TAGG,2025-01-28,0.156
TAGG,2025-02-25,0.12
TAGG,2025-03-26,0.14
TAGG,2025-04-25,0.151
TAGG,2025-05-27,0.161
TAGG,2025-06-25,0.161
TAGG,2025-07-28,0.162
TAGG,2025-08-26,0.165
TAGG,2025-09-25,0.173
TAGG,2025-10-28,0.161
TAGG,2025-11-24,0.162
TAGG,2025-12-23,0.167
TAGG,2026-01-27,0.153
TAGG,2026-02-24,0.154
TAGG,2026-03-26,0.16
TAGG,2026-04-27,0.159
TAGG,2026-05-26,0.163
TAGG,2026-06-25,0.138
TAGG,2026-07-28,0.162
TAGG,2026-08-26,0.161
TAGG,2026-09-25,0.16
TAIL,2023-09-21,0.117
TAIL,2023-12-14,0.12
TAIL,2024-03-21,0.101
TAIL,2024-06-21,0.183
TAIL,2024-12-20,0.105
TAIL,2025-03-20,0.034
TAIL,2025-06-18,0.11
TAIL,2025-09-18,0.048
TAIL,2025-12-18,0.139
TAIL,2026-03-20,0.077
TAIL,2026-06-18,0.048
TAIL,2026-09-18,0.084
TAN,2023-12-18,0.048
TAN,2024-12-23,0.165
TAXE,2024-07-26,0.097
TAXE,2024-08-27,0.156
TAXE,2024-09-25,0.152
TAXE,2024-10-28,0.157
TAXE,2024-11-25,0.155
TAXE,2024-12-23,0.155
TAXE,2025-01-28,0.155
TAXE,2025-02-25,0.147
TAXE,2025-03-26,0.151
TAXE,2025-04-25,0.113
TAXE,2025-05-27,0.155
TAXE,2025-06-25,0.154
TAXE,2025-07-28,0.155
TAXE,2025-08-26,0.116
TAXE,2025-09-25,0.154
TAXE,2025-10-28,0.154
TAXE,2025-11-24,0.153
TAXE,2025-12-23,0.162
TAXE,2026-01-27,0.154
TAXE,2026-02-24,0.158
TAXE,2026-03-26,0.149
TAXE,2026-04-27,0.157
TAXE,2026-05-26,0.159
TAXE,2026-06-25,0.16
TAXE,2026-07-28,0.151
TAXE,2026-08-26,0.162
TAXE,2026-09-25,0.156
TAXF,2023-09-01,0.124
TAXF,2023-10-02,0.132
TAXF,2023-11-01,0.135
TAXF,2023-12-01,0.138
TAXF,2023-12-18,0.136
TAXF,2024-02-01,0.136
TAXF,2024-03-01,0.139
TAXF,2024-04-01,0.12
TAXF,2024-05-01,0.154
TAXF,2024-06-03,0.143
TAXF,2024-07-01,0.136
TAXF,2024-08-01,0.152
TAXF,2024-09-03,0.138
TAXF,2024-10-01,0.14
TAXF,2024-11-01,0.154
TAXF,2024-12-02,0.135
TAXF,2024-12-17,0.147
TAXF,2025-02-03,0.154
TAXF,2025-03-03,0.151
TAXF,2025-04-01,0.14
TAXF,2025-05-01,0.164
TAXF,2025-06-02,0.149
TAXF,2025-07-01,0.15
TAXF,2025-08-01,0.165
TAXF,2025-09-02,0.148
TAXF,2025-10-01,0.168
TAXF,2025-11-03,0.158
TAXF,2025-12-01,0.142
TAXF,2025-12-16,0.164
TAXF,2026-02-05,0.193
TAXF,2026-03-05,0.159
TAXF,2026-04-07,0.168
TAXF,2026-05-06,0.144
TAXF,2026-06-04,0.148
TAXF,2026-07-07,0.159
TAXF,2026-08-06,0.171
TAXF,2026-09-04,0.148
TAXI,2025-09-02,0.053
TAXI,2025-10-01,0.127
TAXI,2025-11-03,0.131
TAXI,2025-12-01,0.066
TAXI,2025-12-19,0.058
TAXI,2026-02-02,0.151
TAXI,2026-03-02,0.106
TAXI,2026-04-01,0.097
TAXI,2026-05-01,0.115
TAXI,2026-06-01,0.121
TAXI,2026-07-01,0.114
TAXI,2026-08-03,0.127
TAXI,2026-09-01,0.131
TAXI,2026-10-01,0.111
TAXS,2025-09-02,0.043
TAXS,2025-10-01,0.101
TAXS,2025-11-03,0.104
TAXS,2025-12-01,0.015
TAXS,2025-12-19,0.112
TAXS,2026-02-02,0.125
TAXS,2026-03-02,0.099
TAXS,2026-04-01,0.104
TAXS,2026-05-01,0.108
TAXS,2026-06-01,0.107
TAXS,2026-07-01,0.103
TAXS,2026-08-03,0.109
TAXS,2026-09-01,0.104
TAXS,2026-10-01,0.106
TAXT,2025-09-02,0.063
TAXT,2025-10-01,0.148
TAXT,2025-11-03,0.155
TAXT,2025-12-01,0.154
TAXT,2025-12-19,0.114
TAXT,2026-02-02,0.157
TAXT,2026-03-02,0.113
TAXT,2026-04-01,0.116
TAXT,2026-05-01,0.145
TAXT,2026-06-01,0.146
TAXT,2026-07-01,0.14
TAXT,2026-08-03,0.154
TAXT,2026-09-01,0.14
TAXT,2026-10-01,0.112
TAXX,2024-05-01,0.154
TAXX,2024-06-03,0.166
TAXX,2024-07-01,0.142
TAXX,2024-08-01,0.156
TAXX,2024-09-03,0.154
TAXX,2024-10-01,0.15
TAXX,2024-11-01,0.147
TAXX,2024-12-02,0.139
TAXX,2024-12-30,0.155
TAXX,2025-02-03,0.153
TAXX,2025-03-03,0.142
TAXX,2025-04-01,0.161
TAXX,2025-05-01,0.154
TAXX,2025-06-02,0.16
TAXX,2025-07-01,0.153
TAXX,2025-08-01,0.155
TAXX,2025-09-02,0.152
TAXX,2025-10-01,0.145
TAXX,2025-11-03,0.142
TAXX,2025-12-01,0.138
TAXX,2025-12-30,0.231
TAXX,2026-02-02,0.176
TAXX,2026-03-02,0.16
TAXX,2026-04-01,0.062
TAXX,2026-05-01,0.104
TAXX,2026-06-01,0.152
TAXX,2026-07-01,0.126
TAXX,2026-08-03,0.156
TAXX,2026-09-01,0.151
TBF,2023-09-20,0.216
TBF,2023-12-20,0.398
TBF,2024-03-20,0.173
TBF,2024-06-26,0.314
TBF,2024-09-25,0.252
TBF,2024-12-23,0.261
TBF,2025-03-26,0.211
TBF,2025-06-25,0.173
TBF,2025-09-24,0.215
TBF,2025-12-24,0.217
TBF,2026-03-25,0.093
TBF,2026-06-24,0.152
TBF,2026-09-23,0.125
TBG,2023-12-28,0.13
TBG,2024-04-12,0.182
TBG,2024-06-27,0.194
TBG,2024-09-27,0.181
TBG,2024-12-30,0.19
TBG,2025-03-28,0.173
TBG,2025-06-27,0.247
TBG,2025-09-29,0.228
TBG,2025-12-23,0.287
TBG,2026-03-30,0.224
TBG,2026-06-29,0.249
TBIL,2023-09-01,0.22
TBIL,2023-10-02,0.221
TBIL,2023-11-01,0.222
TBIL,2023-12-01,0.221
TBIL,2023-12-27,0.219
TBIL,2024-02-01,0.22
TBIL,2024-03-01,0.219
TBIL,2024-04-01,0.219
TBIL,2024-05-01,0.218
TBIL,2024-06-03,0.219
TBIL,2024-07-01,0.218
TBIL,2024-08-01,0.218
TBIL,2024-09-03,0.215
TBIL,2024-10-01,0.206
TBIL,2024-11-01,0.187
TBIL,2024-12-02,0.184
TBIL,2024-12-30,0.181
TBIL,2025-02-03,0.174
TBIL,2025-03-03,0.173
TBIL,2025-04-01,0.173
TBIL,2025-05-01,0.173
TBIL,2025-06-02,0.175
TBIL,2025-07-01,0.188
TBIL,2025-08-01,0.173
TBIL,2025-09-02,0.174
TBIL,2025-10-01,0.164
TBIL,2025-11-03,0.156
TBIL,2025-12-02,0.152
TBIL,2025-12-30,0.153
TBIL,2026-01-29,0.155
TBIL,2026-02-26,0.15
TBIL,2026-03-30,0.147
TBIL,2026-04-28,0.147
TBIL,2026-05-28,0.147
TBIL,2026-06-29,0.147
TBIL,2026-07-28,0.15
TBIL,2026-08-27,0.154
TBIL,2026-09-28,0.157
TBLL,2023-09-18,0.431
TBLL,2023-10-23,0.45
TBLL,2023-11-20,0.47
TBLL,2023-12-18,0.493
TBLL,2024-01-22,0.455
TBLL,2024-02-20,0.463
TBLL,2024-03-18,0.439
TBLL,2024-04-22,0.434
TBLL,2024-05-20,0.438
TBLL,2024-06-24,0.441
TBLL,2024-07-22,0.457
TBLL,2024-08-19,0.475
TBLL,2024-09-23,0.443
TBLL,2024-10-21,0.433
TBLL,2024-11-18,0.415
TBLL,2024-12-23,0.374
TBLL,2025-01-21,0.395
TBLL,2025-02-24,0.375
TBLL,2025-03-24,0.364
TBLL,2025-04-21,0.354
TBLL,2025-05-19,0.329
TBLL,2025-06-23,0.372
TBLL,2025-07-21,0.378
TBLL,2025-08-18,0.354
TBLL,2025-09-22,0.353
TBLL,2025-10-20,0.353
TBLL,2025-11-24,0.334
TBLL,2025-12-22,0.347
TBLL,2026-01-20,0.33
TBLL,2026-02-23,0.323
TBLL,2026-03-23,0.296
TBLL,2026-04-20,0.269
TBLL,2026-05-18,0.316
TBLL,2026-06-22,0.316
TBLL,2026-07-20,0.307
TBLL,2026-08-24,0.296
TBLL,2026-09-21,0.316
TBT,2023-09-20,0.311
TBT,2023-12-20,0.523
TBT,2024-03-20,0.361
TBT,2024-06-26,0.475
TBT,2024-09-25,0.418
TBT,2024-12-23,0.444
TBT,2025-03-26,0.255
TBT,2025-06-25,0.28
TBT,2025-09-24,0.28
TBT,2025-12-24,0.308
TBT,2026-03-25,0.169
TBT,2026-06-24,0.212
TBT,2026-09-23,0.227
TBUX,2023-10-25,0.219
TBUX,2023-11-24,0.219
TBUX,2023-12-22,0.295
TBUX,2024-01-25,0.222
TBUX,2024-02-23,0.216
TBUX,2024-03-22,0.209
TBUX,2024-04-24,0.213
TBUX,2024-05-24,0.201
TBUX,2024-06-25,0.223
TBUX,2024-07-26,0.235
TBUX,2024-08-27,0.218
TBUX,2024-09-25,0.22
TBUX,2024-10-28,0.202
TBUX,2024-11-25,0.213
TBUX,2024-12-23,0.299
TBUX,2025-01-28,0.197
TBUX,2025-02-25,0.191
TBUX,2025-03-26,0.192
TBUX,2025-04-25,0.189
TBUX,2025-05-27,0.192
TBUX,2025-06-25,0.192
TBUX,2025-07-28,0.192
TBUX,2025-08-26,0.189
TBUX,2025-09-25,0.189
TBUX,2025-10-28,0.183
TBUX,2025-11-24,0.185
TBUX,2025-12-23,0.237
TBUX,2026-01-27,0.174
TBUX,2026-02-24,0.166
TBUX,2026-03-26,0.172
TBUX,2026-04-27,0.178
TBUX,2026-05-26,0.176
TBUX,2026-06-25,0.174
TBUX,2026-07-28,0.178
TBUX,2026-08-26,0.172
TBUX,2026-09-25,0.176
TCAF,2023-12-20,0.071
TCAF,2024-12-23,0.145
TCAF,2025-12-23,0.192
TCAI,2025-12-31,0.015
TCAL,2025-04-25,0.175
TCAL,2025-05-27,0.237
TCAL,2025-06-25,0.218
TCAL,2025-07-28,0.205
TCAL,2025-08-26,0.203
TCAL,2025-09-25,0.199
TCAL,2025-10-28,0.297
TCAL,2025-11-24,0.212
TCAL,2025-12-23,0.222
TCAL,2026-01-27,0.257
TCAL,2026-02-24,0.179
TCAL,2026-03-26,0.221
TCAL,2026-04-27,0.21
TCAL,2026-05-26,0.193
TCAL,2026-06-25,0.18
TCAL,2026-06-30,0.18
TCAL,2026-07-31,0.25
TCAL,2026-08-31,0.174
TCAL,2026-09-30,0.178
TCPB,2025-02-27,0.064
TCPB,2025-03-28,0.172
TCPB,2025-04-29,0.065
TCPB,2025-05-29,0.178
TCPB,2025-06-27,0.186
TCPB,2025-07-30,0.216
TCPB,2025-08-28,0.186
TCPB,2025-09-29,0.185
TCPB,2025-10-30,0.199
TCPB,2025-11-26,0.174
TCPB,2025-12-23,0.351
TCPB,2026-01-29,0.167
TCPB,2026-02-26,0.186
TCPB,2026-03-30,0.2
TCPB,2026-04-29,0.184
TCPB,2026-05-28,0.184
TCPB,2026-06-29,0.203
TCPB,2026-07-30,0.199
TCPB,2026-08-28,0.187
TDAQ,2025-10-21,0.381
TDAQ,2025-11-18,0.37
TDAQ,2025-12-16,0.374
TDAQ,2026-01-20,0.376
TDAQ,2026-02-17,0.357
TDAQ,2026-03-17,0.354
TDAQ,2026-04-14,0.35
TDAQ,2026-05-19,0.382
TDAQ,2026-06-16,0.395
TDAQ,2026-07-14,0.39
TDAQ,2026-08-18,0.393
TDAQ,2026-09-15,0.382
TDAX,2026-01-21,0.122
TDAX,2026-01-28,0.107
TDAX,2026-02-04,0.107
TDAX,2026-02-11,0.107
TDAX,2026-02-18,0.102
TDAX,2026-02-25,0.102
TDAX,2026-03-04,0.102
TDAX,2026-03-11,0.102
TDAX,2026-03-18,0.1
TDAX,2026-03-25,0.1
TDAX,2026-04-01,0.1
TDAX,2026-04-08,0.1
TDAX,2026-04-15,0.079
TDAX,2026-04-22,0.079
TDAX,2026-04-29,0.079
TDAX,2026-05-06,0.079
TDAX,2026-05-13,0.079
TDAX,2026-05-20,0.111
TDAX,2026-05-27,0.111
TDAX,2026-06-03,0.111
TDAX,2026-06-10,0.111
TDAX,2026-06-17,0.116
TDAX,2026-06-24,0.116
TDAX,2026-07-01,0.116
TDAX,2026-07-08,0.116
TDAX,2026-07-15,0.09
TDAX,2026-07-22,0.09
TDAX,2026-07-29,0.09
TDAX,2026-08-05,0.09
TDAX,2026-08-12,0.09
TDAX,2026-08-19,0.113
TDAX,2026-08-26,0.113
TDAX,2026-09-02,0.113
TDAX,2026-09-09,0.113
TDAX,2026-09-16,0.087
TDAX,2026-09-23,0.087
TDAX,2026-09-30,0.087
TDI,2023-12-27,0.106
TDI,2024-12-30,0.934
TDI,2025-12-30,0.75
TDIV,2023-09-22,0.222
TDIV,2023-12-22,0.45
TDIV,2024-03-21,0.191
TDIV,2024-06-27,0.366
TDIV,2024-09-26,0.246
TDIV,2024-12-13,0.446
TDIV,2025-03-27,0.27
TDIV,2025-06-26,0.319
TDIV,2025-09-25,0.276
TDIV,2025-12-12,0.495
TDIV,2026-03-26,0.315
TDIV,2026-06-25,0.423
TDIV,2026-09-24,0.35
TDTF,2023-09-01,0.09
TDTF,2023-10-02,0.06
TDTF,2023-11-01,0.128
TDTF,2023-12-01,0.083
TDTF,2023-12-15,0.016
TDTF,2024-04-01,0.122
TDTF,2024-05-01,0.174
TDTF,2024-06-03,0.188
TDTF,2024-07-01,0.12
TDTF,2024-08-01,0.065
TDTF,2024-09-03,0.034
TDTF,2024-10-01,0.053
TDTF,2024-11-01,0.046
TDTF,2024-12-02,0.065
TDTF,2024-12-20,0.06
TDTF,2025-02-03,0.01
TDTF,2025-03-03,0.035
TDTF,2025-04-01,0.19
TDTF,2025-05-01,0.137
TDTF,2025-06-02,0.083
TDTF,2025-07-01,0.103
TDTF,2025-08-01,0.08
TDTF,2025-09-02,0.113
TDTF,2025-10-01,0.066
TDTF,2025-11-03,0.099
TDTF,2025-12-01,0.088
TDTF,2025-12-19,0.094
TDTF,2026-04-01,0.055
TDTF,2026-05-01,0.142
TDTF,2026-06-01,0.283
TDTF,2026-07-01,0.238
TDTF,2026-08-03,0.183
TDTT,2023-09-01,0.091
TDTT,2023-10-02,0.063
TDTT,2023-11-01,0.125
TDTT,2023-12-01,0.08
TDTT,2023-12-15,0.01
TDTT,2024-04-01,0.123
TDTT,2024-05-01,0.173
TDTT,2024-06-03,0.187
TDTT,2024-07-01,0.122
TDTT,2024-08-01,0.069
TDTT,2024-09-03,0.038
TDTT,2024-10-01,0.058
TDTT,2024-11-01,0.05
TDTT,2024-12-02,0.066
TDTT,2024-12-20,0.06
TDTT,2025-02-03,0.018
TDTT,2025-03-03,0.037
TDTT,2025-04-01,0.187
TDTT,2025-05-01,0.137
TDTT,2025-06-02,0.081
TDTT,2025-07-01,0.104
TDTT,2025-08-01,0.079
TDTT,2025-09-02,0.11
TDTT,2025-10-01,0.066
TDTT,2025-11-03,0.095
TDTT,2025-12-01,0.088
TDTT,2025-12-19,0.087
TDTT,2026-04-01,0.05
TDTT,2026-05-01,0.138
TDTT,2026-06-01,0.276
TDTT,2026-07-01,0.231
TDTT,2026-08-03,0.178
TDVG,2023-09-26,0.112
TDVG,2023-12-20,0.132
TDVG,2024-03-25,0.111
TDVG,2024-06-26,0.085
TDVG,2024-09-26,0.107
TDVG,2024-12-23,0.115
TDVG,2025-03-27,0.118
TDVG,2025-06-26,0.11
TDVG,2025-09-26,0.103
TDVG,2025-12-23,0.12
TDVG,2026-03-27,0.14
TDVG,2026-06-26,0.115
TDVI,2023-09-22,0.236
TDVI,2023-10-24,0.129
TDVI,2023-11-21,0.137
TDVI,2023-12-22,0.145
TDVI,2024-01-23,0.144
TDVI,2024-02-21,0.148
TDVI,2024-03-21,0.151
TDVI,2024-04-23,0.146
TDVI,2024-05-21,0.158
TDVI,2024-06-27,0.163
TDVI,2024-07-23,0.166
TDVI,2024-08-21,0.163
TDVI,2024-09-26,0.168
TDVI,2024-10-22,0.17
TDVI,2024-11-21,0.164
TDVI,2024-12-13,0.163
TDVI,2025-01-22,0.164
TDVI,2025-02-21,0.169
TDVI,2025-03-27,0.158
TDVI,2025-04-22,0.142
TDVI,2025-05-21,0.165
TDVI,2025-06-26,0.173
TDVI,2025-07-22,0.182
TDVI,2025-08-21,0.18
TDVI,2025-09-25,0.193
TDVI,2025-10-21,0.192
TDVI,2025-11-21,0.18
TDVI,2025-12-12,0.19
TDVI,2026-01-21,0.187
TDVI,2026-02-20,0.187
TDVI,2026-03-26,0.18
TDVI,2026-04-21,0.192
TDVI,2026-05-21,0.204
TDVI,2026-06-25,0.214
TDVI,2026-07-21,0.198
TDVI,2026-08-21,0.206
TDVI,2026-09-24,0.206
TECL,2023-12-21,0.071
TECL,2024-03-19,0.112
TECL,2024-06-25,0.098
TECL,2024-12-12,0.035
TECL,2024-12-23,0.015
TECL,2025-03-25,0.209
TECL,2025-06-24,0.2
TECL,2025-12-10,8.038
TECL,2026-03-24,0.103
TECL,2026-06-23,0.209
TECL,2026-09-22,0.209
TECS,2023-09-19,15.3
TECS,2023-12-21,12.3
TECS,2024-03-19,6.1
TECS,2024-06-25,8.6
TECS,2024-09-24,5.6
TECS,2024-12-23,4.72
TECS,2025-03-25,4.69
TECS,2025-06-24,1.68
TECS,2025-09-23,1.82
TECS,2025-12-23,1.89
TECS,2026-03-24,1.28
TECS,2026-06-23,0.51
TECS,2026-09-22,0.5
TEMT,2025-12-23,11.544
TEQI,2023-09-26,0.179
TEQI,2023-12-20,0.213
TEQI,2024-03-25,0.201
TEQI,2024-06-26,0.167
TEQI,2024-09-26,0.198
TEQI,2024-12-23,0.189
TEQI,2025-03-27,0.143
TEQI,2025-06-26,0.198
TEQI,2025-09-26,0.191
TEQI,2025-12-23,0.239
TEQI,2026-03-27,0.139
TEQI,2026-06-26,0.194
TETH,2026-01-08,0.01
TETH,2026-03-30,0.013
TETH,2026-06-29,0.009
TFI,2023-09-01,0.096
TFI,2023-10-02,0.098
TFI,2023-11-01,0.102
TFI,2023-12-01,0.108
TFI,2023-12-18,0.11
TFI,2024-02-01,0.106
TFI,2024-03-01,0.113
TFI,2024-04-01,0.111
TFI,2024-05-01,0.113
TFI,2024-06-03,0.113
TFI,2024-07-01,0.115
TFI,2024-08-01,0.115
TFI,2024-09-03,0.116
TFI,2024-10-01,0.117
TFI,2024-11-01,0.117
TFI,2024-12-02,0.118
TFI,2024-12-19,0.118
TFI,2025-02-03,0.115
TFI,2025-03-03,0.122
TFI,2025-04-01,0.118
TFI,2025-05-01,0.121
TFI,2025-06-02,0.123
TFI,2025-07-01,0.128
TFI,2025-08-01,0.126
TFI,2025-09-02,0.13
TFI,2025-10-01,0.133
TFI,2025-11-03,0.133
TFI,2025-12-01,0.134
TFI,2025-12-18,0.135
TFI,2026-02-02,0.131
TFI,2026-03-02,0.136
TFI,2026-04-01,0.133
TFI,2026-05-01,0.135
TFI,2026-06-01,0.134
TFI,2026-07-01,0.135
TFI,2026-08-03,0.135
TFI,2026-09-01,0.136
TFI,2026-10-01,0.137
TFLO,2023-09-01,0.223
TFLO,2023-10-02,0.213
TFLO,2023-11-01,0.227
TFLO,2023-12-01,0.224
TFLO,2023-12-14,0.232
TFLO,2024-02-01,0.244
TFLO,2024-03-01,0.218
TFLO,2024-04-01,0.271
TFLO,2024-05-01,0.215
TFLO,2024-06-03,0.231
TFLO,2024-07-01,0.218
TFLO,2024-08-01,0.227
TFLO,2024-09-03,0.223
TFLO,2024-10-01,0.201
TFLO,2024-11-01,0.197
TFLO,2024-12-02,0.19
TFLO,2024-12-18,0.195
TFLO,2025-02-03,0.177
TFLO,2025-03-03,0.165
TFLO,2025-04-01,0.183
TFLO,2025-05-01,0.176
TFLO,2025-06-02,0.189
TFLO,2025-07-01,0.182
TFLO,2025-08-01,0.185
TFLO,2025-09-02,0.185
TFLO,2025-10-01,0.168
TFLO,2025-11-03,0.168
TFLO,2025-12-01,0.161
TFLO,2025-12-19,0.163
TFLO,2026-02-02,0.151
TFLO,2026-03-02,0.142
TFLO,2026-04-01,0.152
TFLO,2026-05-01,0.154
TFLO,2026-06-01,0.158
TFLO,2026-07-01,0.155
TFLO,2026-08-03,0.16
TFLO,2026-09-01,0.163
TFLO,2026-10-01,0.16
TFLR,2023-09-25,0.392
TFLR,2023-10-25,0.381
TFLR,2023-11-24,0.361
TFLR,2023-12-22,0.395
TFLR,2024-01-25,0.367
TFLR,2024-02-23,0.344
TFLR,2024-03-22,0.359
TFLR,2024-04-24,0.352
TFLR,2024-05-24,0.357
TFLR,2024-06-25,0.351
TFLR,2024-07-26,0.362
TFLR,2024-08-27,0.354
TFLR,2024-09-25,0.342
TFLR,2024-10-28,0.326
TFLR,2024-11-25,0.32
TFLR,2024-12-23,0.394
TFLR,2025-01-28,0.291
TFLR,2025-02-25,0.271
TFLR,2025-03-26,0.313
TFLR,2025-04-25,0.3
TFLR,2025-05-27,0.305
TFLR,2025-06-25,0.293
TFLR,2025-07-28,0.297
TFLR,2025-08-26,0.296
TFLR,2025-09-25,0.309
TFLR,2025-10-28,0.303
TFLR,2025-11-24,0.298
TFLR,2025-12-23,0.285
TFLR,2026-01-27,0.274
TFLR,2026-02-24,0.255
TFLR,2026-03-26,0.287
TFLR,2026-04-27,0.266
TFLR,2026-05-26,0.271
TFLR,2026-06-25,0.256
TFLR,2026-07-28,0.272
TFLR,2026-08-26,0.272
TFLR,2026-09-25,0.259
TGRT,2023-12-20,0.017
TGRT,2024-12-23,0.032
TGRT,2025-12-23,0.035
TGRW,2023-12-20,0.003
THD,2023-12-20,0.66
THD,2024-06-11,1.138
THD,2024-12-17,0.766
THD,2025-06-16,1.196
THD,2025-12-16,0.811
THD,2026-06-15,1.715
THNQ,2025-12-30,0.13
THRO,2023-09-26,0.034
THRO,2023-12-20,0.038
THRO,2024-03-21,0.013
THRO,2024-06-11,0.014
THRO,2024-09-25,0.034
THRO,2024-12-17,0.181
THRO,2024-12-30,0.005
THRO,2025-03-18,0.005
THRO,2025-06-16,0.008
THRO,2025-09-16,0.032
THRO,2025-12-16,0.012
THRO,2026-03-17,0.016
THRO,2026-06-15,0.048
THRO,2026-09-15,0.054
THYP,2026-06-29,0.037
TILL,2023-12-20,11.368
TILL,2024-12-24,0.474
TILL,2025-12-24,0.828
TILT,2023-09-15,0.571
TILT,2023-12-15,0.987
TILT,2024-03-15,0.43
TILT,2024-06-21,0.691
TILT,2024-09-20,0.663
TILT,2024-12-20,0.87
TILT,2025-03-21,0.452
TILT,2025-06-20,0.715
TILT,2025-09-19,0.72
TILT,2025-12-19,0.976
TILT,2026-03-20,0.522
TILT,2026-06-18,0.756
TILT,2026-09-18,0.736
TIP,2023-09-01,0.323
TIP,2023-10-02,0.171
TIP,2023-11-01,0.452
TIP,2023-12-01,0.256
TIP,2024-04-01,0.065
TIP,2024-05-01,0.693
TIP,2024-06-03,0.727
TIP,2024-07-01,0.437
TIP,2024-08-01,0.173
TIP,2024-09-03,0.03
TIP,2024-10-01,0.122
TIP,2024-11-01,0.089
TIP,2024-12-02,0.19
TIP,2024-12-18,0.16
TIP,2025-04-01,0.709
TIP,2025-05-01,0.535
TIP,2025-06-02,0.273
TIP,2025-07-01,0.38
TIP,2025-08-01,0.264
TIP,2025-09-02,0.417
TIP,2025-10-01,0.198
TIP,2025-11-03,0.361
TIP,2025-12-01,0.322
TIP,2025-12-19,0.342
TIP,2026-05-01,0.561
TIP,2026-06-01,1.278
TIP,2026-07-01,1.058
TIP,2026-08-03,0.784
TIPX,2023-09-01,0.06
TIPX,2023-10-02,0.035
TIPX,2023-11-01,0.077
TIPX,2023-12-01,0.061
TIPX,2024-04-01,0.11
TIPX,2024-05-01,0.115
TIPX,2024-06-03,0.134
TIPX,2024-07-01,0.086
TIPX,2024-08-01,0.046
TIPX,2024-09-03,0.009
TIPX,2024-10-01,0.037
TIPX,2024-11-01,0.018
TIPX,2024-12-02,0.042
TIPX,2024-12-19,0.064
TIPX,2025-02-03,0.001
TIPX,2025-03-03,0.016
TIPX,2025-04-01,0.087
TIPX,2025-05-01,0.102
TIPX,2025-06-02,0.06
TIPX,2025-07-01,0.073
TIPX,2025-08-01,0.057
TIPX,2025-09-02,0.085
TIPX,2025-10-01,0.047
TIPX,2025-11-03,0.063
TIPX,2025-12-01,0.066
TIPX,2025-12-18,0.066
TIPX,2026-03-02,0.011
TIPX,2026-04-01,0.079
TIPX,2026-05-01,0.106
TIPX,2026-06-01,0.212
TIPX,2026-07-01,0.178
TIPX,2026-08-03,0.138
TIPX,2026-10-01,0.017
TLDR,2026-02-03,0.017
TLDR,2026-02-10,0.017
TLDR,2026-02-18,0.018
TLDR,2026-02-24,0.017
TLDR,2026-03-03,0.016
TLDR,2026-03-10,0.016
TLDR,2026-03-17,0.016
TLDR,2026-03-24,0.017
TLDR,2026-03-31,0.018
TLDR,2026-04-07,0.018
TLDR,2026-04-14,0.017
TLDR,2026-04-21,0.017
TLDR,2026-04-28,0.017
TLDR,2026-05-05,0.017
TLDR,2026-05-12,0.017
TLDR,2026-05-19,0.017
TLDR,2026-05-27,0.017
TLDR,2026-06-02,0.017
TLDR,2026-06-09,0.017
TLDR,2026-06-16,0.017
TLDR,2026-06-23,0.017
TLDR,2026-06-30,0.017
TLDR,2026-07-07,0.017
TLDR,2026-07-14,0.017
TLDR,2026-07-21,0.017
TLDR,2026-07-28,0.017
TLDR,2026-08-04,0.017
TLDR,2026-08-11,0.017
TLDR,2026-08-18,0.017
TLDR,2026-08-25,0.017
TLDR,2026-09-01,0.017
TLDR,2026-09-09,0.017
TLDR,2026-09-15,0.017
TLDR,2026-09-22,0.018
TLDR,2026-09-29,0.018
TLH,2023-09-01,0.332
TLH,2023-10-02,0.356
TLH,2023-11-01,0.334
TLH,2023-12-01,0.365
TLH,2023-12-14,0.354
TLH,2024-02-01,0.355
TLH,2024-03-01,0.334
TLH,2024-04-01,0.359
TLH,2024-05-01,0.349
TLH,2024-06-03,0.358
TLH,2024-07-01,0.348
TLH,2024-08-01,0.351
TLH,2024-09-03,0.366
TLH,2024-10-01,0.358
TLH,2024-11-01,0.371
TLH,2024-12-02,0.348
TLH,2024-12-18,0.366
TLH,2025-02-03,0.349
TLH,2025-03-03,0.247
TLH,2025-04-01,0.37
TLH,2025-05-01,0.356
TLH,2025-06-02,0.346
TLH,2025-07-01,0.36
TLH,2025-08-01,0.377
TLH,2025-09-02,0.373
TLH,2025-10-01,0.346
TLH,2025-11-03,0.369
TLH,2025-12-01,0.366
TLH,2025-12-19,0.378
TLH,2026-02-02,0.38
TLH,2026-03-02,0.339
TLH,2026-04-01,0.391
TLH,2026-05-01,0.359
TLH,2026-06-01,0.411
TLH,2026-07-01,0.363
TLH,2026-08-03,0.379
TLH,2026-09-01,0.372
TLH,2026-10-01,0.358
TLT,2023-09-01,0.289
TLT,2023-10-02,0.28
TLT,2023-11-01,0.286
TLT,2023-12-01,0.289
TLT,2023-12-14,0.311
TLT,2024-02-01,0.31
TLT,2024-03-01,0.295
TLT,2024-04-01,0.312
TLT,2024-05-01,0.308
TLT,2024-06-03,0.308
TLT,2024-07-01,0.291
TLT,2024-08-01,0.315
TLT,2024-09-03,0.313
TLT,2024-10-01,0.316
TLT,2024-11-01,0.311
TLT,2024-12-02,0.325
TLT,2024-12-18,0.351
TLT,2025-02-03,0.312
TLT,2025-03-03,0.29
TLT,2025-04-01,0.326
TLT,2025-05-01,0.328
TLT,2025-06-02,0.32
TLT,2025-07-01,0.328
TLT,2025-08-01,0.331
TLT,2025-09-02,0.328
TLT,2025-10-01,0.31
TLT,2025-11-03,0.325
TLT,2025-12-01,0.321
TLT,2025-12-19,0.342
TLT,2026-02-02,0.332
TLT,2026-03-02,0.301
TLT,2026-04-01,0.345
TLT,2026-05-01,0.315
TLT,2026-06-01,0.336
TLT,2026-07-01,0.318
TLT,2026-08-03,0.33
TLT,2026-09-01,0.315
TLT,2026-10-01,0.312
TLTW,2023-09-05,0.332
TLTW,2023-10-03,0.288
TLTW,2023-11-02,0.4
TLTW,2023-12-04,0.577
TLTW,2023-12-22,0.746
TLTW,2024-02-02,0.212
TLTW,2024-03-04,0.302
TLTW,2024-04-02,0.235
TLTW,2024-05-02,0.247
TLTW,2024-06-04,0.247
TLTW,2024-07-02,0.277
TLTW,2024-08-02,0.22
TLTW,2024-09-04,0.28
TLTW,2024-10-02,0.208
TLTW,2024-11-04,0.252
TLTW,2024-12-03,0.331
TLTW,2024-12-20,0.593
TLTW,2025-02-04,0.388
TLTW,2025-03-04,0.259
TLTW,2025-04-02,0.258
TLTW,2025-05-02,0.375
TLTW,2025-06-03,0.419
TLTW,2025-07-02,0.314
TLTW,2025-08-04,0.231
TLTW,2025-09-03,0.218
TLTW,2025-10-02,0.145
TLTW,2025-11-04,0.378
TLTW,2025-12-02,0.188
TLTW,2025-12-23,0.187
TLTW,2026-02-03,0.174
TLTW,2026-03-03,0.204
TLTW,2026-04-02,0.211
TLTW,2026-05-04,0.121
TLTW,2026-06-02,0.217
TLTW,2026-07-02,0.135
TLTW,2026-08-04,0.152
TLTW,2026-09-02,0.131
TLTW,2026-10-02,0.289
TMB,2025-02-27,0.045
TMB,2025-03-28,0.109
TMB,2025-04-29,0.104
TMB,2025-05-29,0.092
TMB,2025-06-27,0.093
TMB,2025-07-30,0.088
TMB,2025-08-28,0.086
TMB,2025-09-29,0.079
TMB,2025-10-30,0.103
TMB,2025-11-26,0.084
TMB,2025-12-30,0.175
TMB,2026-01-29,0.022
TMB,2026-02-26,0.08
TMB,2026-03-30,0.067
TMB,2026-04-29,0.102
TMB,2026-05-28,0.092
TMB,2026-06-29,0.089
TMB,2026-07-30,0.103
TMB,2026-08-28,0.087
TMB,2026-09-29,0.085
TMF,2023-09-19,0.5
TMF,2023-12-21,0.497
TMF,2024-03-19,0.32
TMF,2024-06-25,0.435
TMF,2024-09-24,0.435
TMF,2024-12-23,0.524
TMF,2025-03-25,0.288
TMF,2025-06-24,0.362
TMF,2025-09-23,0.405
TMF,2025-12-23,0.459
TMF,2026-03-24,0.223
TMF,2026-06-23,0.365
TMF,2026-09-22,0.351
TMFC,2023-12-13,0.06
TMFC,2024-12-17,0.242
TMFC,2025-12-18,0.103
TMGN,2026-08-25,0.419
TMGN,2026-09-29,0.449
TMSL,2023-12-20,0.095
TMSL,2024-12-23,0.142
TMSL,2025-12-23,0.203
TMV,2023-09-19,0.261
TMV,2023-12-21,0.27
TMV,2024-03-19,0.494
TMV,2024-06-25,0.397
TMV,2024-09-24,0.316
TMV,2024-12-23,0.15
TMV,2025-03-25,0.43
TMV,2025-06-24,0.283
TMV,2025-09-23,0.229
TMV,2025-12-23,0.116
TMV,2026-03-24,0.375
TMV,2026-06-23,0.241
TMV,2026-09-22,0.227
TNA,2023-09-19,0.017
TNA,2023-12-21,0.218
TNA,2024-03-19,0.026
TNA,2024-06-25,0.153
TNA,2024-09-24,0.033
TNA,2024-12-23,0.176
TNA,2025-03-25,0.103
TNA,2025-06-24,0.15
TNA,2025-09-23,0.072
TNA,2025-12-23,0.03
TNA,2026-03-24,0.02
TNA,2026-06-23,0.088
TNA,2026-09-22,0.042
TOPT,2024-12-17,0.02
TOPT,2025-03-18,0.025
TOPT,2025-06-16,0.03
TOPT,2025-09-16,0.031
TOPT,2025-12-16,0.032
TOPT,2026-03-17,0.029
TOPT,2026-06-15,0.035
TOPT,2026-09-15,0.028
TOPW,2025-09-16,0.544
TOPW,2025-09-23,0.514
TOPW,2025-09-30,0.881
TOPW,2025-10-07,0.734
TOPW,2025-10-14,0.857
TOPW,2025-10-21,0.734
TOPW,2025-10-28,0.626
TOPW,2025-11-04,0.568
TOPW,2025-11-12,0.573
TOPW,2025-11-18,0.399
TOPW,2025-11-25,0.447
TOPW,2025-12-02,0.349
TOPW,2025-12-09,0.531
TOPW,2025-12-16,0.486
TOPW,2025-12-23,0.385
TOPW,2025-12-30,0.38
TOPW,2026-01-06,0.408
TOPW,2026-01-13,0.309
TOPW,2026-01-21,0.339
TOPW,2026-01-27,0.323
TOPW,2026-02-03,0.338
TOPW,2026-02-10,0.26
TOPW,2026-02-18,0.236
TOPW,2026-02-24,0.274
TOPW,2026-03-03,0.33
TOPW,2026-03-10,0.333
TOPW,2026-03-17,0.331
TOPW,2026-03-24,0.229
TOPW,2026-03-31,0.196
TOPW,2026-04-07,0.184
TOPW,2026-04-14,0.301
TOPW,2026-04-21,0.287
TOPW,2026-04-28,0.319
TOPW,2026-05-05,0.277
TOPW,2026-05-12,0.242
TOPW,2026-05-19,0.31
TOPW,2026-05-27,0.29
TOPW,2026-06-02,0.241
TOPW,2026-06-09,0.289
TOPW,2026-06-16,0.162
TOPW,2026-06-23,0.208
TOPW,2026-06-30,0.287
TOPW,2026-07-07,0.158
TOPW,2026-07-14,0.297
TOPW,2026-07-21,0.31
TOPW,2026-07-28,0.231
TOPW,2026-08-04,0.207
TOPW,2026-08-11,0.228
TOPW,2026-08-18,0.293
TOPW,2026-08-25,0.204
TOPW,2026-09-01,0.187
TOPW,2026-09-09,0.249
TOPW,2026-09-15,0.22
TOPW,2026-09-22,0.23
TOPW,2026-09-29,0.238
TOTL,2023-09-01,0.157
TOTL,2023-10-02,0.155
TOTL,2023-11-01,0.158
TOTL,2023-12-01,0.163
TOTL,2023-12-18,0.232
TOTL,2024-02-01,0.168
TOTL,2024-03-01,0.171
TOTL,2024-04-01,0.167
TOTL,2024-05-01,0.169
TOTL,2024-06-03,0.16
TOTL,2024-07-01,0.173
TOTL,2024-08-01,0.167
TOTL,2024-09-03,0.169
TOTL,2024-10-01,0.169
TOTL,2024-11-01,0.17
TOTL,2024-12-02,0.168
TOTL,2024-12-19,0.254
TOTL,2025-02-03,0.171
TOTL,2025-03-03,0.167
TOTL,2025-04-01,0.17
TOTL,2025-05-01,0.171
TOTL,2025-06-02,0.165
TOTL,2025-07-01,0.168
TOTL,2025-08-01,0.167
TOTL,2025-09-02,0.175
TOTL,2025-10-01,0.165
TOTL,2025-11-03,0.163
TOTL,2025-12-01,0.169
TOTL,2025-12-18,0.255
TOTL,2026-02-02,0.165
TOTL,2026-03-02,0.158
TOTL,2026-04-01,0.165
TOTL,2026-05-01,0.167
TOTL,2026-06-01,0.163
TOTL,2026-07-01,0.165
TOTL,2026-08-03,0.17
TOTL,2026-09-01,0.17
TOTL,2026-10-01,0.178
TOUS,2023-12-20,0.129
TOUS,2024-12-23,0.788
TOUS,2025-12-23,0.6
TPLC,2023-09-06,0.036
TPLC,2023-10-11,0.031
TPLC,2023-11-08,0.017
TPLC,2023-12-18,0.066
TPLC,2024-01-11,0.003
TPLC,2024-02-09,0.01
TPLC,2024-03-11,0.072
TPLC,2024-04-11,0.024
TPLC,2024-05-09,0.013
TPLC,2024-06-12,0.059
TPLC,2024-07-10,0.021
TPLC,2024-08-08,0.012
TPLC,2024-09-11,0.052
TPLC,2024-10-08,0.032
TPLC,2024-11-07,0.008
TPLC,2024-12-12,0.073
TPLC,2025-01-08,0.003
TPLC,2025-02-07,0.042
TPLC,2025-03-10,0.032
TPLC,2025-04-10,0.04
TPLC,2025-05-08,0.011
TPLC,2025-06-09,0.059
TPLC,2025-07-10,0.03
TPLC,2025-08-06,0.009
TPLC,2025-09-08,0.065
TPLC,2025-10-09,0.027
TPLC,2025-11-07,0.009
TPLC,2025-12-11,0.076
TPLC,2026-01-08,0.014
TPLC,2026-02-09,0.012
TPLC,2026-03-10,0.061
TPLC,2026-04-09,0.04
TPLC,2026-05-08,0.011
TPLC,2026-06-09,0.069
TPLC,2026-07-09,0.026
TPLC,2026-08-07,0.01
TPLC,2026-09-09,0.061
TPSC,2023-09-06,0.045
TPSC,2023-10-11,0.052
TPSC,2023-11-08,0.012
TPSC,2023-12-18,0.079
TPSC,2024-02-09,0.012
TPSC,2024-03-11,0.053
TPSC,2024-04-11,0.026
TPSC,2024-05-09,0.019
TPSC,2024-06-12,0.057
TPSC,2024-07-10,0.032
TPSC,2024-08-08,0.01
TPSC,2024-09-11,0.058
TPSC,2024-10-08,0.03
TPSC,2024-11-07,0.006
TPSC,2024-12-12,0.074
TPSC,2025-02-07,0.035
TPSC,2025-03-10,0.034
TPSC,2025-04-10,0.048
TPSC,2025-05-08,0.008
TPSC,2025-06-09,0.066
TPSC,2025-07-10,0.038
TPSC,2025-08-06,0.007
TPSC,2025-09-08,0.061
TPSC,2025-10-09,0.043
TPSC,2025-12-11,0.105
TPSC,2026-02-09,0.002
TPSC,2026-03-10,0.07
TPSC,2026-04-09,0.048
TPSC,2026-05-08,0.019
TPSC,2026-06-09,0.08
TPSC,2026-07-09,0.055
TPSC,2026-08-07,0.014
TPSC,2026-09-09,0.092
TPYP,2023-09-20,0.305
TPYP,2023-12-28,0.298
TPYP,2024-03-20,0.332
TPYP,2024-06-27,0.327
TPYP,2024-09-26,0.338
TPYP,2024-12-31,0.347
TPYP,2025-03-27,0.355
TPYP,2025-06-26,0.346
TPYP,2025-09-25,0.345
TPYP,2025-12-31,0.336
TPYP,2026-03-26,0.341
TPYP,2026-06-25,0.35
TPYP,2026-09-24,0.343
TQQQ,2023-09-20,0.0695
TQQQ,2023-12-20,0.1115
TQQQ,2024-03-20,0.1075
TQQQ,2024-06-26,0.1415
TQQQ,2024-09-25,0.115
TQQQ,2024-12-23,0.1375
TQQQ,2025-03-26,0.099
TQQQ,2025-06-25,0.109
TQQQ,2025-09-24,0.049
TQQQ,2025-12-24,0.086
TQQQ,2026-03-25,0.072
TQQQ,2026-06-24,0.171
TQQQ,2026-09-23,0.156
TRFK,2023-09-21,0.016
TRFK,2023-12-27,0.028
TRFK,2024-06-27,0.18
TRFK,2024-09-26,0.02
TRFK,2025-12-30,0.007
TRFK,2026-03-05,0.001
TRFK,2026-09-03,0.017
TRFM,2025-12-31,0.081
TRPA,2023-09-28,0.126
TRPA,2023-10-27,0.115
TRPA,2023-11-28,0.152
TRPA,2023-12-28,0.2
TRPA,2024-01-29,0.132
TRPA,2024-02-27,0.158
TRPA,2024-03-27,0.199
TRPA,2024-04-26,0.188
TRPA,2024-05-30,0.247
TRPA,2024-06-27,0.2
TRPA,2024-07-30,0.244
TRPA,2024-08-29,0.211
TRPA,2024-09-27,0.19
TRPA,2024-10-30,0.217
TRPA,2024-11-27,0.182
TRPA,2024-12-31,0.314
TRPA,2025-01-30,0.169
TRPA,2025-02-27,0.162
TRPA,2025-03-28,0.168
TRPA,2025-04-29,0.193
TRPA,2025-05-29,0.174
TRPA,2025-06-27,0.17
TRPA,2025-07-30,0.193
TRPA,2025-08-28,0.17
TRPA,2025-09-29,0.187
TRPA,2025-10-30,0.184
TRPA,2025-11-26,0.15
TRPA,2025-12-30,0.19
TRPA,2026-01-30,0.156
TRPA,2026-02-27,0.152
TRPA,2026-03-30,0.162
TRPA,2026-04-29,0.154
TRPA,2026-05-28,0.149
TRPA,2026-06-29,0.157
TRPA,2026-07-30,0.151
TRPA,2026-08-28,0.153
TRPA,2026-09-29,0.136
TRSY,2024-12-02,0.11
TRSY,2024-12-23,0.179
TRSY,2025-02-03,0.105
TRSY,2025-03-03,0.094
TRSY,2025-04-01,0.1
TRSY,2025-05-01,0.078
TRSY,2025-06-02,0.101
TRSY,2025-07-01,0.11
TRSY,2025-08-01,0.108
TRSY,2025-09-02,0.102
TRSY,2025-10-01,0.116
TRSY,2025-11-03,0.105
TRSY,2025-12-01,0.085
TRSY,2025-12-22,0.099
TRSY,2026-02-02,0.091
TRSY,2026-03-02,0.076
TRSY,2026-04-01,0.056
TRSY,2026-05-01,0.088
TRSY,2026-06-01,0.086
TRSY,2026-07-01,0.089
TRSY,2026-08-03,0.074
TRSY,2026-09-01,0.093
TRSY,2026-10-01,0.089
TRUC,2026-07-01,0.057
TRUC,2026-10-01,0.054
TRUD,2025-10-01,0.012
TRUD,2025-12-29,0.031
TRUD,2026-04-01,0.046
TRUD,2026-07-01,0.036
TRUD,2026-10-01,0.036
TRUT,2025-10-01,0.013
TRUT,2025-12-29,0.023
TRUT,2026-04-01,0.026
TRUT,2026-07-01,0.033
TRUT,2026-10-01,0.028
TSDD,2023-12-27,77.34
TSDD,2025-12-29,0.651
TSEC,2023-09-27,0.148
TSEC,2023-10-30,0.092
TSEC,2023-11-29,0.154
TSEC,2023-12-27,0.149
TSEC,2024-01-30,0.082
TSEC,2024-02-28,0.12
TSEC,2024-03-28,0.125
TSEC,2024-04-29,0.128
TSEC,2024-05-30,0.118
TSEC,2024-06-27,0.113
TSEC,2024-07-30,0.111
TSEC,2024-08-29,0.129
TSEC,2024-09-27,0.109
TSEC,2024-10-30,0.147
TSEC,2024-11-27,0.112
TSEC,2024-12-11,0.054
TSEC,2024-12-30,0.17
TSEC,2025-01-30,0.099
TSEC,2025-02-27,0.103
TSEC,2025-03-28,0.101
TSEC,2025-04-29,0.133
TSEC,2025-05-29,0.101
TSEC,2025-06-27,0.136
TSEC,2025-07-30,0.114
TSEC,2025-08-28,0.22
TSEC,2025-09-29,0.149
TSEC,2025-10-30,0.162
TSEC,2025-11-26,0.143
TSEC,2025-12-11,0.065
TSEC,2025-12-30,0.168
TSEC,2026-01-29,0.123
TSEC,2026-02-26,0.191
TSEC,2026-03-30,0.133
TSEC,2026-04-29,0.156
TSEC,2026-05-28,0.122
TSEC,2026-06-29,0.157
TSEC,2026-07-30,0.164
TSEC,2026-08-28,0.144
TSL,2023-12-27,6.657
TSLG,2025-12-30,0.61
TSLL,2023-09-19,0.113
TSLL,2023-12-08,0.273
TSLL,2023-12-21,0.125
TSLL,2024-03-19,0.079
TSLL,2024-06-25,0.082
TSLL,2024-09-24,0.08
TSLL,2024-12-12,0.3
TSLL,2024-12-23,0.14
TSLL,2025-03-25,0.084
TSLL,2025-06-24,0.09
TSLL,2025-09-23,0.089
TSLL,2025-12-10,0.579
TSLL,2025-12-23,0.112
TSLL,2026-03-24,0.099
TSLL,2026-06-23,0.105
TSLL,2026-09-22,0.071
TSLQ,2023-12-26,67.176
TSLQ,2024-12-23,3.972
TSLQ,2025-12-22,1.918
TSLS,2023-09-19,1.8
TSLS,2023-12-21,2.29
TSLS,2024-03-19,2.4
TSLS,2024-06-25,1.68
TSLS,2024-09-24,1.39
TSLS,2024-12-23,0.66
TSLS,2025-03-25,0.76
TSLS,2025-06-24,0.53
TSLS,2025-09-23,0.4
TSLS,2025-12-23,0.49
TSLS,2026-03-24,0.338
TSLS,2026-06-23,0.342
TSLS,2026-09-22,0.396
TSLW,2025-03-03,0.395
TSLW,2025-03-10,0.217
TSLW,2025-03-17,0.241
TSLW,2025-03-24,0.326
TSLW,2025-03-31,0.371
TSLW,2025-04-07,0.516
TSLW,2025-04-14,0.298
TSLW,2025-04-21,0.474
TSLW,2025-04-28,0.31
TSLW,2025-05-05,0.531
TSLW,2025-05-12,0.432
TSLW,2025-05-19,0.504
TSLW,2025-05-27,0.651
TSLW,2025-06-02,0.445
TSLW,2025-06-09,0.531
TSLW,2025-06-16,0.168
TSLW,2025-06-23,0.56
TSLW,2025-06-30,0.487
TSLW,2025-07-07,0.469
TSLW,2025-07-14,0.383
TSLW,2025-07-21,0.389
TSLW,2025-07-28,0.463
TSLW,2025-08-04,0.301
TSLW,2025-08-11,0.588
TSLW,2025-08-18,0.852
TSLW,2025-08-25,0.382
TSLW,2025-09-02,1.278
TSLW,2025-09-08,0.34
TSLW,2025-09-15,0.423
TSLW,2025-09-22,0.535
TSLW,2025-09-29,0.872
TSLW,2025-10-06,0.909
TSLW,2025-10-14,0.703
TSLW,2025-10-20,0.614
TSLW,2025-10-27,0.831
TSLW,2025-11-03,0.435
TSLW,2025-11-10,0.569
TSLW,2025-11-17,0.372
TSLW,2025-11-24,0.317
TSLW,2025-12-01,0.352
TSLW,2025-12-08,0.46
TSLW,2025-12-15,0.474
TSLW,2025-12-22,0.449
TSLW,2025-12-29,0.504
TSLW,2026-01-05,0.394
TSLW,2026-01-12,0.169
TSLW,2026-01-20,0.319
TSLW,2026-01-26,0.25
TSLW,2026-02-02,0.338
TSLW,2026-02-09,0.205
TSLW,2026-02-17,0.192
TSLW,2026-02-23,0.282
TSLW,2026-03-02,0.229
TSLW,2026-03-09,0.205
TSLW,2026-03-16,0.222
TSLW,2026-03-23,0.219
TSLW,2026-03-30,0.14
TSLW,2026-04-06,0.192
TSLW,2026-04-13,0.198
TSLW,2026-04-20,0.15
TSLW,2026-04-27,0.288
TSLW,2026-05-04,0.12
TSLW,2026-05-11,0.247
TSLW,2026-05-18,0.313
TSLW,2026-05-26,0.217
TSLW,2026-06-01,0.245
TSLW,2026-06-08,0.265
TSLW,2026-06-15,0.099
TSLW,2026-06-22,0.27
TSLW,2026-06-29,0.181
TSLW,2026-07-06,0.126
TSLW,2026-07-13,0.233
TSLW,2026-07-20,0.241
TSLW,2026-07-27,0.113
TSLW,2026-08-03,0.049
TSLW,2026-08-10,0.137
TSLW,2026-08-17,0.192
TSLW,2026-08-24,0.184
TSLW,2026-08-31,0.216
TSLW,2026-09-08,0.11
TSLW,2026-09-14,0.156
TSLW,2026-09-21,0.179
TSLW,2026-09-28,0.147
TSLY,2023-09-08,5.85
TSLY,2023-10-06,5.77
TSLY,2023-11-08,5.85
TSLY,2023-12-07,6.04
TSLY,2024-01-05,5.57
TSLY,2024-02-07,4.05
TSLY,2024-03-06,4.055
TSLY,2024-04-04,3.42
TSLY,2024-05-06,3.47
TSLY,2024-06-06,3.225
TSLY,2024-07-05,5.02
TSLY,2024-08-07,4.83
TSLY,2024-09-06,4.095
TSLY,2024-10-03,5.475
TSLY,2024-10-31,2.995
TSLY,2024-11-29,6.105
TSLY,2024-12-27,6.43
TSLY,2025-01-23,3.585
TSLY,2025-02-20,2.895
TSLY,2025-03-20,2.32
TSLY,2025-04-17,3.3
TSLY,2025-05-15,3.8
TSLY,2025-06-12,2.015
TSLY,2025-07-10,1.935
TSLY,2025-08-07,1.505
TSLY,2025-09-04,1.965
TSLY,2025-10-02,4.01
TSLY,2025-10-16,0.97
TSLY,2025-10-23,0.825
TSLY,2025-10-30,0.565
TSLY,2025-11-06,0.735
TSLY,2025-11-13,0.48
TSLY,2025-11-20,0.445
TSLY,2025-11-28,0.48
TSLY,2025-12-04,0.935
TSLY,2025-12-11,0.424
TSLY,2025-12-18,0.42
TSLY,2025-12-26,0.629
TSLY,2026-01-02,0.366
TSLY,2026-01-08,0.318
TSLY,2026-01-15,0.35
TSLY,2026-01-22,0.287
TSLY,2026-01-29,0.324
TSLY,2026-02-05,0.33
TSLY,2026-02-12,0.331
TSLY,2026-02-19,0.321
TSLY,2026-02-26,0.315
TSLY,2026-03-05,0.296
TSLY,2026-03-12,0.285
TSLY,2026-03-19,0.274
TSLY,2026-03-26,0.263
TSLY,2026-04-02,0.259
TSLY,2026-04-09,0.258
TSLY,2026-04-16,0.267
TSLY,2026-04-23,0.296
TSLY,2026-04-30,0.3
TSLY,2026-05-07,0.338
TSLY,2026-05-14,0.517
TSLY,2026-05-21,0.286
TSLY,2026-05-28,0.388
TSLY,2026-06-04,0.351
TSLY,2026-06-11,0.268
TSLY,2026-06-18,0.279
TSLY,2026-06-25,0.267
TSLY,2026-07-02,0.281
TSLY,2026-07-09,0.278
TSLY,2026-07-16,0.259
TSLY,2026-07-23,0.239
TSLY,2026-07-30,0.215
TSLY,2026-08-06,0.23
TSLY,2026-08-13,0.179
TSLY,2026-08-20,0.203
TSLY,2026-08-27,0.214
TSLY,2026-09-03,0.206
TSLY,2026-09-10,0.215
TSLY,2026-09-17,0.213
TSLY,2026-09-24,0.215
TSLY,2026-10-01,0.23
TSLZ,2023-12-26,55.18
TSLZ,2024-12-24,1.04
TSLZ,2025-12-24,0.081
TSME,2023-12-26,0.164
TSME,2024-12-24,0.138
TSME,2025-12-23,0.07
TSMG,2025-12-30,2.727
TSMX,2024-12-23,0.156
TSMX,2025-03-25,0.137
TSMX,2025-06-24,0.258
TSMX,2025-09-23,0.192
TSMX,2025-12-10,3.108
TSMX,2025-12-23,0.262
TSMX,2026-03-24,0.24
TSMX,2026-06-23,0.357
TSMX,2026-09-22,0.316
TSMY,2024-10-03,0.371
TSMY,2024-10-31,0.89
TSMY,2024-11-29,0.538
TSMY,2024-12-27,0.807
TSMY,2025-01-23,0.645
TSMY,2025-02-20,0.602
TSMY,2025-03-20,0.577
TSMY,2025-04-17,0.564
TSMY,2025-05-15,0.788
TSMY,2025-06-12,0.896
TSMY,2025-07-10,0.638
TSMY,2025-08-07,0.954
TSMY,2025-09-04,0.381
TSMY,2025-10-02,1.001
TSMY,2025-10-16,0.229
TSMY,2025-10-23,0.338
TSMY,2025-10-30,0.157
TSMY,2025-11-06,0.173
TSMY,2025-11-13,0.14
TSMY,2025-11-20,0.109
TSMY,2025-11-28,0.108
TSMY,2025-12-04,0.249
TSMY,2025-12-11,0.106
TSMY,2025-12-18,0.062
TSMY,2025-12-26,0.104
TSMY,2026-01-02,0.091
TSMY,2026-01-08,0.11
TSMY,2026-01-15,0.139
TSMY,2026-01-22,0.189
TSMY,2026-01-29,0.127
TSMY,2026-02-05,0.105
TSMY,2026-02-12,0.134
TSMY,2026-02-19,0.143
TSMY,2026-02-26,0.171
TSMY,2026-03-05,0.236
TSMY,2026-03-12,0.125
TSMY,2026-03-19,0.135
TSMY,2026-03-26,0.134
TSMY,2026-04-02,0.133
TSMY,2026-04-09,0.125
TSMY,2026-04-16,0.186
TSMY,2026-04-23,0.168
TSMY,2026-04-30,0.275
TSMY,2026-05-07,0.191
TSMY,2026-05-14,0.179
TSMY,2026-05-21,0.166
TSMY,2026-05-28,0.131
TSMY,2026-06-04,0.149
TSMY,2026-06-11,0.113
TSMY,2026-06-18,0.147
TSMY,2026-06-25,0.209
TSMY,2026-07-02,0.156
TSMY,2026-07-09,0.152
TSMY,2026-07-16,0.142
TSMY,2026-07-23,0.142
TSMY,2026-07-30,0.134
TSMY,2026-08-06,0.145
TSMY,2026-08-13,0.12
TSMY,2026-08-20,0.146
TSMY,2026-08-27,0.096
TSMY,2026-09-03,0.087
TSMY,2026-09-10,0.104
TSMY,2026-09-17,0.086
TSMY,2026-09-24,0.092
TSMY,2026-10-01,0.111
TSPA,2023-12-20,0.121
TSPA,2024-12-23,0.185
TSPA,2025-12-23,0.267
TSPY,2024-10-03,0.295
TSPY,2024-11-06,0.277
TSPY,2024-11-07,0.277
TSPY,2024-12-04,0.294
TSPY,2025-01-08,0.294
TSPY,2025-02-05,0.298
TSPY,2025-03-05,0.291
TSPY,2025-04-02,0.271
TSPY,2025-05-07,0.283
TSPY,2025-06-03,0.282
TSPY,2025-07-01,0.286
TSPY,2025-08-05,0.292
TSPY,2025-09-02,0.292
TSPY,2025-10-07,0.3
TSPY,2025-11-04,0.303
TSPY,2025-12-02,0.301
TSPY,2026-01-06,0.302
TSPY,2026-02-03,0.3
TSPY,2026-03-03,0.3
TSPY,2026-03-31,0.281
TSPY,2026-05-05,0.293
TSPY,2026-06-02,0.298
TSPY,2026-06-30,0.295
TSPY,2026-08-04,0.3
TSPY,2026-09-01,0.295
TSXU,2025-12-10,0.596
TSXU,2025-12-23,0.137
TSXU,2026-03-24,0.102
TSXU,2026-06-23,0.171
TSXU,2026-09-22,0.087
TTT,2023-09-20,0.145
TTT,2023-12-20,6.689
TTT,2024-06-26,0.179
TTT,2024-09-25,0.224
TTT,2024-12-23,3.481
TTT,2025-03-26,0.493
TTT,2025-06-25,0.42
TTT,2025-09-24,0.483
TTT,2025-12-24,5.21
TTT,2026-03-25,0.33
TTT,2026-06-24,0.4
TTT,2026-09-23,0.333
TUA,2023-10-26,0.1
TUA,2023-11-27,0.1
TUA,2023-12-26,0.118
TUA,2024-01-26,0.1
TUA,2024-02-26,0.1
TUA,2024-03-25,0.02
TUA,2024-04-25,0.1
TUA,2024-05-24,0.1
TUA,2024-06-25,0.1
TUA,2024-07-26,0.1
TUA,2024-08-27,0.1
TUA,2024-09-25,0.08
TUA,2024-10-28,0.1
TUA,2024-11-25,0.1
TUA,2024-12-23,0.101
TUA,2025-01-28,0.05
TUA,2025-02-25,0.05
TUA,2025-03-26,0.05
TUA,2025-04-25,0.08
TUA,2025-05-27,0.08
TUA,2025-06-25,0.1
TUA,2025-07-28,0.1
TUA,2025-08-26,0.08
TUA,2025-09-25,0.06
TUA,2025-10-28,0.03
TUA,2025-11-21,0.05
TUA,2025-12-23,0.11
TUA,2026-01-27,0.02
TUA,2026-02-24,0.03
TUA,2026-03-26,0.05
TUA,2026-04-27,0.05
TUA,2026-05-26,0.05
TUA,2026-06-25,0.05
TUA,2026-07-28,0.05
TUA,2026-08-26,0.05
TUR,2023-12-20,0.353
TUR,2024-06-11,0.495
TUR,2024-12-17,0.146
TUR,2025-06-16,0.466
TUR,2025-12-16,0.359
TUR,2026-06-15,0.479
TUSB,2025-02-27,0.06
TUSB,2025-03-28,0.172
TUSB,2025-04-29,0.118
TUSB,2025-05-29,0.166
TUSB,2025-06-27,0.174
TUSB,2025-07-30,0.194
TUSB,2025-08-28,0.181
TUSB,2025-09-29,0.175
TUSB,2025-10-30,0.185
TUSB,2025-11-26,0.166
TUSB,2025-12-23,0.234
TUSB,2026-01-29,0.149
TUSB,2026-02-26,0.169
TUSB,2026-03-30,0.186
TUSB,2026-04-29,0.169
TUSB,2026-05-28,0.168
TUSB,2026-06-29,0.187
TUSB,2026-07-30,0.183
TUSB,2026-08-28,0.172
TUSI,2023-09-27,0.111
TUSI,2023-10-30,0.127
TUSI,2023-11-29,0.109
TUSI,2023-12-27,0.148
TUSI,2024-01-30,0.102
TUSI,2024-02-28,0.102
TUSI,2024-03-28,0.108
TUSI,2024-04-29,0.097
TUSI,2024-05-30,0.128
TUSI,2024-06-27,0.103
TUSI,2024-07-30,0.122
TUSI,2024-08-29,0.117
TUSI,2024-09-27,0.104
TUSI,2024-10-30,0.131
TUSI,2024-11-27,0.108
TUSI,2024-12-11,0.055
TUSI,2024-12-30,0.114
TUSI,2025-01-30,0.097
TUSI,2025-02-27,0.096
TUSI,2025-03-28,0.098
TUSI,2025-04-29,0.116
TUSI,2025-05-29,0.095
TUSI,2025-06-27,0.093
TUSI,2025-07-30,0.107
TUSI,2025-08-28,0.098
TUSI,2025-09-29,0.109
TUSI,2025-10-30,0.108
TUSI,2025-11-26,0.086
TUSI,2025-12-11,0.013
TUSI,2025-12-30,0.111
TUSI,2026-01-29,0.078
TUSI,2026-02-26,0.086
TUSI,2026-03-30,0.083
TUSI,2026-04-29,0.094
TUSI,2026-05-28,0.091
TUSI,2026-06-29,0.094
TUSI,2026-07-30,0.103
TUSI,2026-08-28,0.087
TVAL,2023-12-20,0.175
TVAL,2024-12-23,0.357
TVAL,2025-12-23,0.406
TWM,2023-09-20,0.635
TWM,2023-12-20,1.17
TWM,2024-03-20,0.43
TWM,2024-06-26,0.69
TWM,2024-09-25,0.85
TWM,2024-12-23,0.791
TWM,2025-03-26,0.418
TWM,2025-06-25,0.506
TWM,2025-09-24,0.425
TWM,2025-12-24,0.367
TWM,2026-03-25,0.145
TWM,2026-06-24,0.238
TWM,2026-09-23,0.178
TXUE,2025-12-18,0.338
TZA,2023-09-19,2.88
TZA,2023-12-21,1.11
TZA,2024-03-19,2.36
TZA,2024-06-25,2.33
TZA,2024-09-24,1.47
TZA,2024-12-23,0.84
TZA,2025-03-25,2.38
TZA,2025-06-24,0.56
TZA,2025-09-23,0.53
TZA,2025-12-23,0.34
TZA,2026-03-24,0.7
TZA,2026-06-23,0.38
TZA,2026-09-22,0.473
UAE,2023-12-20,0.094
UAE,2024-06-11,0.528
UAE,2024-12-17,0.019
UAE,2025-06-16,0.596
UAE,2025-12-16,0.188
UAE,2026-06-15,0.663
UBND,2023-09-06,0.075
UBND,2023-10-11,0.101
UBND,2023-11-08,0.085
UBND,2023-12-18,0.141
UBND,2024-01-11,0.032
UBND,2024-02-09,0.078
UBND,2024-03-11,0.075
UBND,2024-04-11,0.088
UBND,2024-05-09,0.076
UBND,2024-06-12,0.09
UBND,2024-07-10,0.076
UBND,2024-08-08,0.08
UBND,2024-09-11,0.093
UBND,2024-10-08,0.067
UBND,2024-11-07,0.081
UBND,2024-12-12,0.155
UBND,2025-01-08,0.012
UBND,2025-02-07,0.078
UBND,2025-03-10,0.084
UBND,2025-04-10,0.091
UBND,2025-05-08,0.08
UBND,2025-06-09,0.076
UBND,2025-07-10,0.087
UBND,2025-08-06,0.066
UBND,2025-09-08,0.09
UBND,2025-10-09,0.096
UBND,2025-11-07,0.08
UBND,2025-12-11,0.163
UBND,2026-01-08,0.013
UBND,2026-02-09,0.086
UBND,2026-03-10,0.088
UBND,2026-04-09,0.106
UBND,2026-05-08,0.084
UBND,2026-06-09,0.083
UBND,2026-07-09,0.091
UBND,2026-08-07,0.082
UBND,2026-09-09,0.086
UBRL,2025-12-29,2.216
UBT,2023-09-20,0.201
UBT,2023-12-20,0.22
UBT,2024-03-20,0.15
UBT,2024-06-26,0.205
UBT,2024-09-25,0.194
UBT,2024-12-23,0.211
UBT,2025-03-26,0.138
UBT,2025-06-25,0.198
UBT,2025-09-24,0.194
UBT,2025-12-24,0.175
UBT,2026-03-25,0.074
UBT,2026-06-24,0.118
UBT,2026-09-23,0.113
UCON,2023-09-22,0.11
UCON,2023-10-24,0.11
UCON,2023-11-21,0.11
UCON,2023-12-22,0.11
UCON,2024-01-23,0.11
UCON,2024-02-21,0.1
UCON,2024-03-21,0.1
UCON,2024-04-23,0.1
UCON,2024-05-21,0.1
UCON,2024-06-27,0.1
UCON,2024-07-23,0.105
UCON,2024-08-21,0.105
UCON,2024-09-26,0.105
UCON,2024-10-22,0.105
UCON,2024-11-21,0.095
UCON,2024-12-13,0.095
UCON,2025-01-22,0.095
UCON,2025-02-21,0.095
UCON,2025-03-27,0.09
UCON,2025-04-22,0.09
UCON,2025-05-21,0.09
UCON,2025-06-26,0.09
UCON,2025-07-22,0.095
UCON,2025-08-21,0.095
UCON,2025-09-25,0.095
UCON,2025-10-21,0.11
UCON,2025-11-21,0.11
UCON,2025-12-12,0.11
UCON,2026-01-21,0.09
UCON,2026-02-20,0.09
UCON,2026-03-26,0.09
UCON,2026-04-21,0.09
UCON,2026-05-21,0.095
UCON,2026-06-25,0.095
UCON,2026-07-21,0.095
UCON,2026-08-21,0.095
UCON,2026-09-24,0.095
UDN,2023-12-18,0.961
UDN,2024-12-23,0.89
UDN,2025-12-22,0.536
UDOW,2023-09-20,0.0775
UDOW,2023-12-20,0.0725
UDOW,2024-03-20,0.0655
UDOW,2024-06-26,0.1555
UDOW,2024-09-25,0.153
UDOW,2024-12-23,0.0745
UDOW,2025-03-26,0.1585
UDOW,2025-06-25,0.2175
UDOW,2025-09-24,0.226
UDOW,2025-12-24,0.195
UDOW,2026-03-25,0.144
UDOW,2026-06-24,0.209
UDOW,2026-09-23,0.146
UFIV,2023-09-01,0.161
UFIV,2023-10-02,0.168
UFIV,2023-11-01,0.177
UFIV,2023-12-01,0.191
UFIV,2023-12-27,0.173
UFIV,2024-02-01,0.154
UFIV,2024-03-01,0.155
UFIV,2024-04-01,0.166
UFIV,2024-05-01,0.158
UFIV,2024-06-03,0.178
UFIV,2024-07-01,0.175
UFIV,2024-08-01,0.168
UFIV,2024-09-03,0.159
UFIV,2024-10-01,0.146
UFIV,2024-11-01,0.135
UFIV,2024-12-02,0.161
UFIV,2024-12-30,0.158
UFIV,2025-02-03,0.169
UFIV,2025-03-03,0.167
UFIV,2025-04-01,0.157
UFIV,2025-05-01,0.158
UFIV,2025-06-02,0.152
UFIV,2025-07-01,0.159
UFIV,2025-08-01,0.147
UFIV,2025-09-02,0.147
UFIV,2025-10-01,0.139
UFIV,2025-11-03,0.14
UFIV,2025-12-02,0.13
UFIV,2025-12-30,0.137
UFIV,2026-01-29,0.143
UFIV,2026-02-26,0.145
UFIV,2026-03-30,0.137
UFIV,2026-04-28,0.15
UFIV,2026-05-28,0.15
UFIV,2026-06-29,0.156
UFIV,2026-07-28,0.159
UFIV,2026-08-27,0.169
UFIV,2026-09-28,0.165
UFO,2023-09-27,0.106
UFO,2023-12-28,0.043
UFO,2024-06-27,0.042
UFO,2024-09-27,0.181
UFO,2024-12-30,0.237
UFO,2025-03-27,0.012
UFO,2025-06-27,0.075
UFO,2025-12-29,0.09
UFO,2026-06-29,0.058
UFO,2026-09-29,0.004
UFOX,2023-09-20,0.126
UFOX,2023-12-27,0.121
UFOX,2024-03-20,0.083
UFOX,2024-06-26,0.109
UFOX,2024-09-25,0.093
UFOX,2024-12-27,0.092
UFOX,2025-03-26,0.077
UFOX,2025-06-25,0.102
UFOX,2025-09-24,0.074
UFOX,2025-12-29,0.101
UFOX,2026-03-25,0.096
UFOX,2026-06-24,0.111
UFOX,2026-09-23,0.063
UGLD,2026-06-23,0.046
UGLD,2026-09-22,0.084
UITB,2023-09-06,0.117
UITB,2023-10-11,0.162
UITB,2023-11-08,0.141
UITB,2023-12-18,0.23
UITB,2024-01-11,0.056
UITB,2024-02-09,0.131
UITB,2024-03-11,0.14
UITB,2024-04-11,0.156
UITB,2024-05-09,0.136
UITB,2024-06-12,0.161
UITB,2024-07-10,0.137
UITB,2024-08-08,0.142
UITB,2024-09-11,0.164
UITB,2024-10-08,0.123
UITB,2024-11-07,0.159
UITB,2024-12-12,0.284
UITB,2025-01-08,0.03
UITB,2025-02-07,0.153
UITB,2025-03-10,0.158
UITB,2025-04-10,0.171
UITB,2025-05-08,0.146
UITB,2025-06-09,0.163
UITB,2025-07-10,0.175
UITB,2025-08-06,0.14
UITB,2025-09-08,0.162
UITB,2025-10-09,0.171
UITB,2025-11-07,0.15
UITB,2025-12-11,0.295
UITB,2026-01-08,0.031
UITB,2026-02-09,0.16
UITB,2026-03-10,0.162
UITB,2026-04-09,0.179
UITB,2026-05-08,0.163
UITB,2026-06-09,0.165
UITB,2026-07-09,0.18
UITB,2026-08-07,0.161
UITB,2026-09-09,0.166
UJB,2023-09-20,0.387
UJB,2023-12-20,0.573
UJB,2024-03-20,0.416
UJB,2024-06-26,0.464
UJB,2024-09-25,0.75
UJB,2024-12-23,0.551
UJB,2025-03-26,0.541
UJB,2025-06-25,0.391
UJB,2025-09-24,0.822
UJB,2025-12-24,0.305
UJB,2026-03-25,1.111
UJB,2026-06-24,0.267
UJB,2026-09-23,0.809
ULST,2023-09-01,0.162
ULST,2023-10-02,0.159
ULST,2023-11-01,0.16
ULST,2023-12-01,0.165
ULST,2023-12-18,0.183
ULST,2024-02-01,0.167
ULST,2024-03-01,0.167
ULST,2024-04-01,0.176
ULST,2024-05-01,0.171
ULST,2024-06-03,0.174
ULST,2024-07-01,0.172
ULST,2024-08-01,0.174
ULST,2024-09-03,0.173
ULST,2024-10-01,0.169
ULST,2024-11-01,0.168
ULST,2024-12-02,0.157
ULST,2024-12-19,0.162
ULST,2025-02-03,0.152
ULST,2025-03-03,0.146
ULST,2025-04-01,0.153
ULST,2025-05-01,0.149
ULST,2025-06-02,0.147
ULST,2025-07-01,0.151
ULST,2025-08-01,0.16
ULST,2025-09-02,0.146
ULST,2025-10-01,0.146
ULST,2025-11-03,0.146
ULST,2025-12-01,0.14
ULST,2025-12-18,0.172
ULST,2026-02-02,0.139
ULST,2026-03-02,0.124
ULST,2026-04-01,0.133
ULST,2026-05-01,0.133
ULST,2026-06-01,0.14
ULST,2026-07-01,0.133
ULST,2026-08-03,0.137
ULST,2026-09-01,0.14
ULST,2026-10-01,0.136
ULTY,2024-03-14,10.65
ULTY,2024-04-17,14.17
ULTY,2024-05-15,12.78
ULTY,2024-06-14,11.34
ULTY,2024-07-17,9.95
ULTY,2024-08-15,7.8
ULTY,2024-09-19,9.83
ULTY,2024-10-17,8.27
ULTY,2024-11-14,8.31
ULTY,2024-12-12,7.09
ULTY,2025-01-08,5.72
ULTY,2025-02-06,5.37
ULTY,2025-03-06,4.65
ULTY,2025-03-13,1.03
ULTY,2025-03-20,0.98
ULTY,2025-03-27,0.99
ULTY,2025-04-03,0.92
ULTY,2025-04-10,0.82
ULTY,2025-04-17,0.85
ULTY,2025-04-24,0.84
ULTY,2025-05-01,0.94
ULTY,2025-05-08,1.18
ULTY,2025-05-15,1.06
ULTY,2025-05-22,0.98
ULTY,2025-05-29,0.95
ULTY,2025-06-05,0.95
ULTY,2025-06-12,0.95
ULTY,2025-06-20,0.88
ULTY,2025-06-26,0.92
ULTY,2025-07-03,0.95
ULTY,2025-07-10,0.96
ULTY,2025-07-17,1.04
ULTY,2025-07-24,1.03
ULTY,2025-07-31,1.01
ULTY,2025-08-07,1.0
ULTY,2025-08-14,1.01
ULTY,2025-08-21,1.0
ULTY,2025-08-28,0.95
ULTY,2025-09-04,0.9
ULTY,2025-09-11,0.93
ULTY,2025-09-18,0.93
ULTY,2025-09-25,0.92
ULTY,2025-10-02,0.91
ULTY,2025-10-09,0.9
ULTY,2025-10-15,0.91
ULTY,2025-10-22,0.9
ULTY,2025-10-29,0.85
ULTY,2025-11-05,0.79
ULTY,2025-11-12,0.63
ULTY,2025-11-19,0.64
ULTY,2025-11-26,0.59
ULTY,2025-12-03,0.588
ULTY,2025-12-10,0.546
ULTY,2025-12-17,0.492
ULTY,2025-12-24,0.571
ULTY,2025-12-31,0.487
ULTY,2026-01-07,0.471
ULTY,2026-01-14,0.519
ULTY,2026-01-21,0.505
ULTY,2026-01-28,0.502
ULTY,2026-02-04,0.454
ULTY,2026-02-11,0.451
ULTY,2026-02-18,0.436
ULTY,2026-02-25,0.475
ULTY,2026-03-04,0.48
ULTY,2026-03-11,0.416
ULTY,2026-03-18,0.407
ULTY,2026-03-25,0.432
ULTY,2026-04-01,0.372
ULTY,2026-04-08,0.42
ULTY,2026-04-15,0.397
ULTY,2026-04-22,0.437
ULTY,2026-04-29,0.403
ULTY,2026-05-06,0.4
ULTY,2026-05-13,0.405
ULTY,2026-05-20,0.395
ULTY,2026-05-27,0.395
ULTY,2026-06-03,0.396
ULTY,2026-06-10,0.349
ULTY,2026-06-17,0.39
ULTY,2026-06-24,0.382
ULTY,2026-07-01,0.341
ULTY,2026-07-08,0.338
ULTY,2026-07-15,0.33
ULTY,2026-07-22,0.318
ULTY,2026-07-29,0.31
ULTY,2026-08-05,0.308
ULTY,2026-08-12,0.318
ULTY,2026-08-19,0.32
ULTY,2026-08-26,0.308
ULTY,2026-09-02,0.305
ULTY,2026-09-09,0.304
ULTY,2026-09-16,0.297
ULTY,2026-09-23,0.306
ULTY,2026-09-30,0.294
UMI,2023-11-24,0.472
UMI,2024-01-26,0.057
UMI,2024-02-26,0.425
UMI,2024-03-25,0.066
UMI,2024-04-25,0.003
UMI,2024-05-29,0.435
UMI,2024-06-26,0.046
UMI,2024-08-28,0.41
UMI,2024-09-26,0.055
UMI,2024-10-29,0.03
UMI,2024-11-26,0.406
UMI,2024-12-27,0.249
UMI,2025-02-24,0.272
UMI,2025-03-25,0.052
UMI,2025-04-24,0.037
UMI,2025-05-23,0.439
UMI,2025-06-24,0.064
UMI,2025-08-25,0.414
UMI,2025-09-24,0.067
UMI,2025-10-27,0.039
UMI,2025-11-24,0.457
UMI,2025-12-23,1.216
UMI,2026-01-26,0.114
UMI,2026-02-23,0.465
UMI,2026-03-25,0.177
UMI,2026-05-22,0.476
UMI,2026-06-24,0.066
UMI,2026-08-25,0.457
UMMA,2023-12-27,0.053
UMMA,2024-03-27,0.06
UMMA,2024-06-27,0.005
UMMA,2024-09-26,0.145
UMMA,2024-12-24,0.004
UMMA,2025-03-26,0.06
UMMA,2025-06-25,0.008
UMMA,2025-09-24,0.23
UMMA,2025-12-24,0.004
UMMA,2026-03-26,0.12
UMMA,2026-06-25,0.004
UMMA,2026-09-24,0.151
UNHG,2025-12-30,1.898
UNIY,2023-09-25,0.18
UNIY,2023-10-25,0.18
UNIY,2023-11-24,0.177
UNIY,2023-12-22,0.238
UNIY,2024-01-25,0.155
UNIY,2024-02-23,0.16
UNIY,2024-03-22,0.17
UNIY,2024-04-24,0.175
UNIY,2024-05-24,0.2
UNIY,2024-06-25,0.2
UNIY,2024-07-26,0.2
UNIY,2024-08-27,0.21
UNIY,2024-09-25,0.21
UNIY,2024-10-28,0.21
UNIY,2024-11-25,0.21
UNIY,2024-12-26,0.235
UNIY,2025-01-28,0.2
UNIY,2025-02-25,0.195
UNIY,2025-03-26,0.215
UNIY,2025-04-25,0.205
UNIY,2025-05-27,0.2
UNIY,2025-06-25,0.19
UNIY,2025-07-28,0.205
UNIY,2025-08-26,0.2
UNIY,2025-09-25,0.19
UNIY,2025-10-28,0.205
UNIY,2025-11-24,0.215
UNIY,2025-12-26,0.21
UNIY,2026-01-27,0.19
UNIY,2026-02-24,0.165
UNIY,2026-03-26,0.205
UNIY,2026-04-27,0.18
UNIY,2026-05-26,0.19
UNIY,2026-06-25,0.175
UNIY,2026-07-28,0.2
UNIY,2026-08-26,0.19
UNIY,2026-09-25,0.205
UPRO,2023-09-20,0.056
UPRO,2023-12-20,0.119
UPRO,2024-03-20,0.123
UPRO,2024-06-26,0.223
UPRO,2024-09-25,0.22
UPRO,2024-12-23,0.255
UPRO,2025-03-26,0.188
UPRO,2025-06-25,0.229
UPRO,2025-09-24,0.216
UPRO,2025-12-24,0.34
UPRO,2026-03-25,0.222
UPRO,2026-06-24,0.299
UPRO,2026-09-23,0.27
URA,2023-12-28,1.682
URA,2024-06-27,0.025
URA,2024-12-30,0.741
URA,2025-12-30,2.084
URAA,2024-09-24,0.075
URAA,2024-12-12,0.515
URAA,2024-12-23,0.197
URAA,2025-03-25,0.136
URAA,2025-06-24,0.059
URAA,2025-09-23,0.02
URAA,2025-12-10,2.347
URAA,2025-12-23,0.187
URAA,2025-12-31,0.108
URAA,2026-03-24,0.423
URAA,2026-06-23,0.026
URAA,2026-09-22,0.035
URNJ,2023-12-14,0.951
URNJ,2024-12-12,0.805
URNJ,2025-12-18,1.659
URNM,2023-12-14,1.751
URNM,2024-12-12,1.28
URNM,2025-12-18,1.743
URSP,2025-09-24,0.02
URSP,2025-12-24,0.135
URSP,2026-03-25,0.123
URSP,2026-06-24,0.177
URSP,2026-09-23,0.19
URTH,2023-12-20,1.089
URTH,2024-06-11,1.189
URTH,2024-12-17,1.103
URTH,2025-06-16,1.261
URTH,2025-12-16,1.495
URTH,2026-06-15,1.344
URTY,2023-09-20,0.041
URTY,2023-12-20,0.085
URTY,2024-06-26,0.137
URTY,2024-09-25,0.187
URTY,2024-12-23,0.247
URTY,2025-03-26,0.128
URTY,2025-06-25,0.04
URTY,2025-09-24,0.179
URTY,2025-12-24,0.193
URTY,2026-03-25,0.087
URTY,2026-06-24,0.17
URTY,2026-09-23,0.18
USD,2023-12-20,0.00675
USD,2024-12-23,0.033
USD,2025-03-26,0.025
USD,2025-06-25,0.08
USD,2025-09-24,0.0205
USD,2025-12-24,0.081
USD,2026-03-25,0.059
USD,2026-06-24,0.143
USD,2026-09-23,0.132
USDU,2023-12-22,1.755
USDU,2024-12-26,1.099
USDU,2025-12-26,0.989
USDX,2024-07-01,0.225
USDX,2024-10-01,0.083
USDX,2024-12-30,0.868
USDX,2025-01-29,0.095
USDX,2025-02-26,0.094
USDX,2025-03-27,0.124
USDX,2025-04-28,0.058
USDX,2025-05-28,0.051
USDX,2025-06-26,0.113
USDX,2025-07-29,0.1
USDX,2025-08-27,0.1
USDX,2025-09-26,0.1
USDX,2025-10-29,0.12
USDX,2025-11-26,0.12
USDX,2025-12-23,0.431
USDX,2026-01-29,0.09
USDX,2026-02-26,0.08
USDX,2026-03-30,0.08
USDX,2026-04-28,0.09
USDX,2026-05-28,0.09
USDX,2026-06-29,0.35
USDX,2026-07-28,0.05
USDX,2026-08-27,0.06
USDX,2026-09-28,0.06
USFR,2023-10-25,0.226
USFR,2023-11-24,0.227
USFR,2023-12-22,0.236
USFR,2024-01-25,0.227
USFR,2024-02-23,0.217
USFR,2024-03-22,0.225
USFR,2024-04-24,0.225
USFR,2024-05-24,0.227
USFR,2024-06-25,0.227
USFR,2024-07-26,0.227
USFR,2024-08-27,0.227
USFR,2024-09-25,0.21
USFR,2024-10-28,0.195
USFR,2024-11-25,0.19
USFR,2024-12-26,0.203
USFR,2025-01-28,0.172
USFR,2025-02-25,0.166
USFR,2025-03-26,0.181
USFR,2025-04-25,0.176
USFR,2025-05-27,0.18
USFR,2025-06-25,0.188
USFR,2025-07-28,0.182
USFR,2025-08-26,0.183
USFR,2025-09-25,0.169
USFR,2025-10-28,0.179
USFR,2025-11-24,0.153
USFR,2025-12-26,0.157
USFR,2026-01-27,0.155
USFR,2026-02-24,0.145
USFR,2026-03-26,0.148
USFR,2026-04-27,0.157
USFR,2026-05-26,0.154
USFR,2026-06-25,0.151
USFR,2026-07-28,0.16
USFR,2026-08-26,0.16
USFR,2026-09-25,0.158
USHY,2023-09-01,0.201
USHY,2023-10-02,0.198
USHY,2023-11-01,0.19
USHY,2023-12-01,0.194
USHY,2023-12-14,0.201
USHY,2024-02-01,0.218
USHY,2024-03-01,0.218
USHY,2024-04-01,0.227
USHY,2024-05-01,0.21
USHY,2024-06-03,0.202
USHY,2024-07-01,0.208
USHY,2024-08-01,0.189
USHY,2024-09-03,0.207
USHY,2024-10-01,0.203
USHY,2024-11-01,0.211
USHY,2024-12-02,0.218
USHY,2024-12-18,0.224
USHY,2025-02-03,0.214
USHY,2025-03-03,0.21
USHY,2025-04-01,0.21
USHY,2025-05-01,0.202
USHY,2025-06-02,0.211
USHY,2025-07-01,0.211
USHY,2025-08-01,0.211
USHY,2025-09-02,0.215
USHY,2025-10-01,0.215
USHY,2025-11-03,0.212
USHY,2025-12-01,0.215
USHY,2025-12-19,0.212
USHY,2026-02-02,0.215
USHY,2026-03-02,0.202
USHY,2026-04-01,0.23
USHY,2026-05-01,0.202
USHY,2026-06-01,0.209
USHY,2026-07-01,0.206
USHY,2026-08-03,0.213
USHY,2026-09-01,0.213
USHY,2026-10-01,0.22
USIG,2023-09-01,0.176
USIG,2023-10-02,0.168
USIG,2023-11-01,0.178
USIG,2023-12-01,0.178
USIG,2023-12-14,0.182
USIG,2024-02-01,0.177
USIG,2024-03-01,0.184
USIG,2024-04-01,0.185
USIG,2024-05-01,0.185
USIG,2024-06-03,0.188
USIG,2024-07-01,0.187
USIG,2024-08-01,0.192
USIG,2024-09-03,0.191
USIG,2024-10-01,0.193
USIG,2024-11-01,0.191
USIG,2024-12-02,0.194
USIG,2024-12-18,0.199
USIG,2025-02-03,0.195
USIG,2025-03-03,0.196
USIG,2025-04-01,0.195
USIG,2025-05-01,0.193
USIG,2025-06-02,0.197
USIG,2025-07-01,0.199
USIG,2025-08-01,0.2
USIG,2025-09-02,0.201
USIG,2025-10-01,0.205
USIG,2025-11-03,0.202
USIG,2025-12-01,0.202
USIG,2025-12-19,0.206
USIG,2026-02-02,0.194
USIG,2026-03-02,0.203
USIG,2026-04-01,0.199
USIG,2026-05-01,0.204
USIG,2026-06-01,0.207
USIG,2026-07-01,0.202
USIG,2026-08-03,0.206
USIG,2026-09-01,0.204
USIG,2026-10-01,0.206
USLV,2026-06-23,0.037
USLV,2026-09-22,0.071
USMC,2023-10-02,0.143
USMC,2024-04-01,0.155
USMC,2024-07-01,0.16
USMC,2024-10-01,0.132
USMC,2024-12-27,0.15
USMC,2025-04-01,0.132
USMC,2025-07-01,0.126
USMC,2025-10-01,0.139
USMC,2025-12-29,0.141
USMC,2026-04-01,0.146
USMC,2026-07-01,0.139
USMC,2026-10-01,0.133
USMV,2023-09-26,0.387
USMV,2023-12-20,0.43
USMV,2024-03-21,0.36
USMV,2024-06-11,0.301
USMV,2024-09-25,0.408
USMV,2024-12-17,0.418
USMV,2025-03-18,0.325
USMV,2025-06-16,0.325
USMV,2025-09-16,0.362
USMV,2025-12-16,0.391
USMV,2026-03-17,0.392
USMV,2026-06-15,0.3
USMV,2026-09-15,0.328
USOI,2023-09-19,0.815
USOI,2023-10-19,1.345
USOI,2023-11-20,1.859
USOI,2023-12-19,0.767
USOI,2024-01-19,0.843
USOI,2024-02-20,1.545
USOI,2024-03-19,1.713
USOI,2024-04-19,0.892
USOI,2024-05-21,0.999
USOI,2024-06-21,0.79
USOI,2024-07-22,0.72
USOI,2024-08-21,0.419
USOI,2024-09-20,2.125
USOI,2024-10-22,0.939
USOI,2024-11-20,1.641
USOI,2024-12-20,1.486
USOI,2025-01-22,1.162
USOI,2025-02-21,1.75
USOI,2025-03-20,0.384
USOI,2025-04-22,0.846
USOI,2025-05-21,0.851
USOI,2025-06-20,2.076
USOI,2025-07-22,2.485
USOI,2025-08-20,0.769
USOI,2025-09-22,0.581
USOI,2025-10-22,0.75
USOI,2025-11-20,0.597
USOI,2025-12-22,0.628
USOI,2026-01-21,0.427
USOI,2026-02-20,0.917
USOI,2026-03-20,1.292
USOI,2026-04-22,7.474
USOI,2026-05-20,2.851
USOI,2026-06-22,2.547
USOI,2026-07-22,2.1
USOI,2026-08-20,2.7
USOI,2026-09-22,1.7
USOY,2024-06-03,0.716
USOY,2024-07-01,1.237
USOY,2024-07-31,0.77
USOY,2024-09-03,1.056
USOY,2024-10-01,0.611
USOY,2024-11-01,0.783
USOY,2024-12-02,0.87
USOY,2024-12-31,0.79
USOY,2025-02-03,1.007
USOY,2025-03-03,0.706
USOY,2025-04-01,0.805
USOY,2025-05-01,0.539
USOY,2025-06-02,0.77
USOY,2025-06-18,0.146
USOY,2025-06-26,0.2
USOY,2025-07-03,0.14
USOY,2025-07-10,0.184
USOY,2025-07-17,0.16
USOY,2025-07-24,0.099
USOY,2025-07-31,0.136
USOY,2025-08-07,0.134
USOY,2025-08-14,0.141
USOY,2025-08-21,0.11
USOY,2025-08-28,0.093
USOY,2025-09-04,0.069
USOY,2025-09-11,0.102
USOY,2025-09-18,0.098
USOY,2025-09-25,0.096
USOY,2025-10-02,0.098
USOY,2025-10-09,0.09
USOY,2025-10-16,0.085
USOY,2025-10-23,0.086
USOY,2025-10-30,0.086
USOY,2025-11-06,0.072
USOY,2025-11-13,0.072
USOY,2025-11-20,0.095
USOY,2025-11-26,0.071
USOY,2025-12-04,0.058
USOY,2025-12-11,0.071
USOY,2025-12-18,0.066
USOY,2025-12-24,0.053
USOY,2025-12-31,0.053
USOY,2026-01-08,0.052
USOY,2026-01-15,0.066
USOY,2026-01-22,0.066
USOY,2026-01-29,0.067
USOY,2026-02-05,0.068
USOY,2026-02-12,0.07
USOY,2026-02-19,0.068
USOY,2026-02-26,0.071
USOY,2026-03-05,0.074
USOY,2026-03-12,0.11
USOY,2026-03-19,0.091
USOY,2026-03-26,0.091
USOY,2026-04-02,0.097
USOY,2026-04-09,0.089
USOY,2026-04-16,0.081
USOY,2026-04-23,0.08
USOY,2026-04-30,0.084
USOY,2026-05-07,0.087
USOY,2026-05-14,0.084
USOY,2026-05-21,0.088
USOY,2026-05-28,0.081
USOY,2026-06-04,0.081
USOY,2026-06-11,0.078
USOY,2026-06-18,0.069
USOY,2026-06-25,0.064
USOY,2026-07-02,0.061
USOY,2026-07-09,0.051
USOY,2026-07-16,0.055
USOY,2026-07-23,0.07
USOY,2026-07-30,0.067
USOY,2026-08-06,0.064
USOY,2026-08-13,0.068
USOY,2026-08-20,0.062
USOY,2026-08-27,0.059
USOY,2026-09-03,0.064
USOY,2026-09-10,0.065
USOY,2026-09-17,0.07
USOY,2026-09-24,0.063
USOY,2026-10-01,0.063
USPX,2023-09-15,0.141
USPX,2023-12-15,0.201
USPX,2024-03-15,0.103
USPX,2024-06-21,0.154
USPX,2024-09-20,0.171
USPX,2024-12-20,0.203
USPX,2025-03-21,0.115
USPX,2025-06-20,0.148
USPX,2025-09-19,0.169
USPX,2025-12-19,0.208
USPX,2026-03-20,0.159
USPX,2026-06-26,0.177
USPX,2026-09-18,0.144
USRT,2023-09-26,0.593
USRT,2023-12-20,0.555
USRT,2024-03-21,0.273
USRT,2024-06-11,0.292
USRT,2024-09-25,0.559
USRT,2024-12-17,0.508
USRT,2025-03-18,0.249
USRT,2025-06-16,0.378
USRT,2025-09-16,0.424
USRT,2025-12-16,0.696
USRT,2026-03-17,0.212
USRT,2026-06-15,0.374
USRT,2026-09-15,0.473
USSE,2023-12-26,0.034
USSE,2024-12-27,0.036
USSG,2023-09-15,0.128
USSG,2023-12-15,0.246
USSG,2024-03-15,0.082
USSG,2024-06-21,0.169
USSG,2024-09-20,0.156
USSG,2024-12-20,0.201
USSG,2025-03-21,0.096
USSG,2025-06-20,0.188
USSG,2025-09-19,0.16
USSG,2025-12-19,0.203
USSG,2026-03-20,0.106
USSG,2026-06-18,0.214
USSG,2026-09-18,0.164
USTB,2023-09-06,0.172
USTB,2023-10-11,0.238
USTB,2023-11-08,0.217
USTB,2023-12-18,0.346
USTB,2024-01-11,0.094
USTB,2024-02-09,0.199
USTB,2024-03-11,0.205
USTB,2024-04-11,0.225
USTB,2024-05-09,0.197
USTB,2024-06-12,0.237
USTB,2024-07-10,0.196
USTB,2024-08-08,0.205
USTB,2024-09-11,0.238
USTB,2024-10-08,0.169
USTB,2024-11-07,0.21
USTB,2024-12-12,0.36
USTB,2025-01-08,0.044
USTB,2025-02-07,0.189
USTB,2025-03-10,0.193
USTB,2025-04-10,0.209
USTB,2025-05-08,0.189
USTB,2025-06-09,0.192
USTB,2025-07-10,0.216
USTB,2025-08-06,0.174
USTB,2025-09-08,0.188
USTB,2025-10-09,0.21
USTB,2025-11-07,0.184
USTB,2025-12-11,0.362
USTB,2026-01-08,0.034
USTB,2026-02-09,0.183
USTB,2026-03-10,0.19
USTB,2026-04-09,0.201
USTB,2026-05-08,0.184
USTB,2026-06-09,0.182
USTB,2026-07-09,0.203
USTB,2026-08-07,0.172
USTB,2026-09-09,0.183
USVM,2023-09-06,0.045
USVM,2023-10-11,0.144
USVM,2023-11-08,0.051
USVM,2023-12-18,0.255
USVM,2024-01-11,0.114
USVM,2024-02-09,0.037
USVM,2024-04-11,0.202
USVM,2024-05-09,0.006
USVM,2024-06-12,0.094
USVM,2024-07-10,0.117
USVM,2024-08-08,0.26
USVM,2024-09-11,0.161
USVM,2024-10-08,0.185
USVM,2024-11-07,0.024
USVM,2024-12-12,0.272
USVM,2025-01-08,0.077
USVM,2025-02-07,0.031
USVM,2025-03-10,0.115
USVM,2025-04-10,0.167
USVM,2025-05-08,0.046
USVM,2025-06-09,0.115
USVM,2025-07-10,0.219
USVM,2025-08-06,0.059
USVM,2025-09-08,0.231
USVM,2025-10-09,0.22
USVM,2025-11-07,0.035
USVM,2025-12-11,0.368
USVM,2026-01-08,0.062
USVM,2026-02-09,0.114
USVM,2026-03-10,0.175
USVM,2026-04-09,0.207
USVM,2026-05-08,0.036
USVM,2026-06-09,0.182
USVM,2026-07-09,0.303
USVM,2026-08-07,0.085
USVM,2026-09-09,0.188
USXF,2023-09-26,0.124
USXF,2023-12-20,0.17
USXF,2024-03-21,0.106
USXF,2024-06-11,0.09
USXF,2024-09-25,0.134
USXF,2024-12-17,0.169
USXF,2025-03-18,0.103
USXF,2025-06-16,0.129
USXF,2025-09-16,0.125
USXF,2025-12-16,0.178
USXF,2026-03-17,0.124
USXF,2026-06-15,0.123
USXF,2026-09-15,0.149
UTEN,2023-09-01,0.129
UTEN,2023-10-02,0.133
UTEN,2023-11-01,0.13
UTEN,2023-12-01,0.147
UTEN,2023-12-27,0.164
UTEN,2024-02-01,0.163
UTEN,2024-03-01,0.15
UTEN,2024-04-01,0.141
UTEN,2024-05-01,0.136
UTEN,2024-06-03,0.145
UTEN,2024-07-01,0.153
UTEN,2024-08-01,0.157
UTEN,2024-09-03,0.149
UTEN,2024-10-01,0.141
UTEN,2024-11-01,0.136
UTEN,2024-12-02,0.143
UTEN,2024-12-30,0.145
UTEN,2025-02-03,0.146
UTEN,2025-03-03,0.155
UTEN,2025-04-01,0.164
UTEN,2025-05-01,0.164
UTEN,2025-06-02,0.155
UTEN,2025-07-01,0.162
UTEN,2025-08-01,0.139
UTEN,2025-09-02,0.15
UTEN,2025-10-01,0.146
UTEN,2025-11-03,0.139
UTEN,2025-12-02,0.142
UTEN,2025-12-30,0.147
UTEN,2026-01-29,0.141
UTEN,2026-02-26,0.145
UTEN,2026-03-30,0.143
UTEN,2026-04-28,0.145
UTEN,2026-05-28,0.145
UTEN,2026-06-29,0.152
UTEN,2026-07-28,0.151
UTEN,2026-08-27,0.153
UTEN,2026-09-28,0.153
UTES,2023-09-20,0.27
UTES,2023-12-20,0.33
UTES,2024-03-20,0.26
UTES,2024-06-20,0.26
UTES,2024-09-20,0.17
UTES,2024-12-20,0.27
UTES,2025-03-20,0.26
UTES,2025-06-20,0.24
UTES,2025-09-22,0.22
UTES,2025-12-22,0.398
UTES,2026-03-20,0.32
UTES,2026-06-22,0.25
UTES,2026-09-21,0.26
UTHY,2023-09-01,0.145
UTHY,2023-10-02,0.142
UTHY,2023-11-01,0.133
UTHY,2023-12-01,0.157
UTHY,2023-12-27,0.182
UTHY,2024-02-01,0.177
UTHY,2024-03-01,0.164
UTHY,2024-04-01,0.154
UTHY,2024-05-01,0.144
UTHY,2024-06-03,0.154
UTHY,2024-07-01,0.163
UTHY,2024-08-01,0.168
UTHY,2024-09-03,0.165
UTHY,2024-10-01,0.16
UTHY,2024-11-01,0.15
UTHY,2024-12-02,0.158
UTHY,2024-12-30,0.151
UTHY,2025-02-03,0.151
UTHY,2025-03-03,0.161
UTHY,2025-04-01,0.161
UTHY,2025-05-01,0.159
UTHY,2025-06-02,0.154
UTHY,2025-07-01,0.163
UTHY,2025-08-01,0.154
UTHY,2025-09-02,0.157
UTHY,2025-10-01,0.137
UTHY,2025-11-03,0.148
UTHY,2025-12-02,0.162
UTHY,2025-12-30,0.162
UTHY,2026-01-29,0.16
UTHY,2026-02-26,0.16
UTHY,2026-03-30,0.155
UTHY,2026-04-28,0.156
UTHY,2026-05-28,0.158
UTHY,2026-06-29,0.167
UTHY,2026-07-28,0.16
UTHY,2026-08-27,0.16
UTHY,2026-09-28,0.156
UTSL,2023-09-19,0.144
UTSL,2023-12-21,0.189
UTSL,2024-03-19,0.147
UTSL,2024-06-25,0.176
UTSL,2024-09-24,0.091
UTSL,2024-12-23,0.102
UTSL,2025-03-25,0.213
UTSL,2025-06-24,0.16
UTSL,2025-09-23,0.177
UTSL,2025-12-23,0.137
UTSL,2026-03-24,0.258
UTSL,2026-06-23,0.132
UTSL,2026-09-22,0.395
UTWO,2023-09-01,0.185
UTWO,2023-10-02,0.194
UTWO,2023-11-01,0.194
UTWO,2023-12-01,0.195
UTWO,2023-12-27,0.191
UTWO,2024-02-01,0.171
UTWO,2024-03-01,0.164
UTWO,2024-04-01,0.179
UTWO,2024-05-01,0.174
UTWO,2024-06-03,0.189
UTWO,2024-07-01,0.189
UTWO,2024-08-01,0.181
UTWO,2024-09-03,0.171
UTWO,2024-10-01,0.15
UTWO,2024-11-01,0.135
UTWO,2024-12-02,0.16
UTWO,2024-12-30,0.164
UTWO,2025-02-03,0.165
UTWO,2025-03-03,0.16
UTWO,2025-04-01,0.161
UTWO,2025-05-01,0.151
UTWO,2025-06-02,0.145
UTWO,2025-07-01,0.152
UTWO,2025-08-01,0.145
UTWO,2025-09-02,0.15
UTWO,2025-10-01,0.135
UTWO,2025-11-03,0.133
UTWO,2025-12-02,0.136
UTWO,2025-12-30,0.131
UTWO,2026-01-29,0.138
UTWO,2026-02-26,0.135
UTWO,2026-03-30,0.13
UTWO,2026-04-28,0.15
UTWO,2026-05-28,0.144
UTWO,2026-06-29,0.153
UTWO,2026-07-28,0.159
UTWO,2026-08-27,0.164
UTWO,2026-09-28,0.158
UUP,2023-12-18,1.746
UUP,2024-12-23,1.317
UUP,2025-12-22,0.927
UWM,2023-09-20,0.016
UWM,2023-12-20,0.114
UWM,2024-03-20,0.061
UWM,2024-06-26,0.111
UWM,2024-09-25,0.13
UWM,2024-12-23,0.183
UWM,2025-03-26,0.082
UWM,2025-06-25,0.018
UWM,2025-09-24,0.199
UWM,2025-12-24,0.195
UWM,2026-03-25,0.072
UWM,2026-06-24,0.061
UWM,2026-09-23,0.163
UYG,2023-09-20,0.087
UYG,2023-12-20,0.147
UYG,2024-03-20,0.039
UYG,2024-06-26,0.112
UYG,2024-09-25,0.086
UYG,2024-12-23,0.195
UYG,2025-03-26,0.274
UYG,2025-06-25,0.131
UYG,2025-09-24,0.381
UYG,2025-12-24,9.975
UYG,2026-03-25,0.205
UYG,2026-06-24,0.109
UYG,2026-09-23,0.093
UYLD,2023-09-01,0.263
UYLD,2023-10-02,0.25
UYLD,2023-11-01,0.257
UYLD,2023-12-01,0.261
UYLD,2023-12-28,0.315
UYLD,2024-01-31,0.23
UYLD,2024-02-29,0.098
UYLD,2024-03-28,0.23
UYLD,2024-04-30,0.267
UYLD,2024-05-31,0.264
UYLD,2024-06-28,0.235
UYLD,2024-07-31,0.276
UYLD,2024-08-30,0.225
UYLD,2024-09-30,0.229
UYLD,2024-10-31,0.264
UYLD,2024-11-29,0.218
UYLD,2024-12-31,0.285
UYLD,2025-01-31,0.198
UYLD,2025-02-28,0.197
UYLD,2025-03-31,0.246
UYLD,2025-04-30,0.233
UYLD,2025-05-30,0.223
UYLD,2025-06-30,0.213
UYLD,2025-07-31,0.233
UYLD,2025-08-29,0.199
UYLD,2025-09-30,0.224
UYLD,2025-10-31,0.213
UYLD,2025-11-28,0.176
UYLD,2025-12-31,0.237
UYLD,2026-01-30,0.169
UYLD,2026-02-27,0.159
UYLD,2026-03-31,0.223
UYLD,2026-04-30,0.183
UYLD,2026-05-29,0.181
UYLD,2026-06-30,0.2
UYLD,2026-07-31,0.194
UYLD,2026-08-31,0.18
UYLD,2026-09-30,0.23
VAIE,2026-05-21,0.076
VAIE,2026-05-28,0.081
VAIE,2026-06-04,0.079
VAIE,2026-06-11,0.067
VAIE,2026-06-18,0.078
VAIE,2026-06-25,0.077
VAIE,2026-07-02,0.076
VAIE,2026-07-09,0.077
VAIE,2026-07-16,0.078
VAIE,2026-07-23,0.078
VAIE,2026-07-30,0.076
VAIE,2026-08-06,0.078
VAIE,2026-08-13,0.078
VAIE,2026-08-20,0.077
VAIE,2026-08-27,0.077
VAIE,2026-09-03,0.077
VAIE,2026-09-10,0.077
VAIE,2026-09-17,0.075
VAW,2023-09-28,0.86
VAW,2023-12-19,0.891
VAW,2024-03-22,0.682
VAW,2024-06-28,0.818
VAW,2024-09-27,0.835
VAW,2024-12-18,0.857
VAW,2025-03-25,0.831
VAW,2025-06-26,0.815
VAW,2025-09-24,0.769
VAW,2025-12-17,0.811
VAW,2026-03-24,0.792
VAW,2026-06-24,0.802
VAW,2026-09-23,0.776
VB,2023-09-21,0.735
VB,2023-12-21,1.077
VB,2024-03-22,0.677
VB,2024-06-28,0.847
VB,2024-09-27,0.705
VB,2024-12-23,0.904
VB,2025-03-27,0.919
VB,2025-06-30,0.788
VB,2025-09-29,0.805
VB,2025-12-22,0.927
VB,2026-03-27,0.981
VB,2026-06-26,0.892
VB,2026-09-28,0.849
VBCA,2026-05-01,0.082
VBCA,2026-06-01,0.238
VBCA,2026-07-01,0.239
VBCA,2026-08-03,0.25
VBCA,2026-09-01,0.252
VBCA,2026-10-01,0.242
VBCB,2026-05-01,0.072
VBCB,2026-06-01,0.242
VBCB,2026-07-01,0.224
VBCB,2026-08-03,0.243
VBCB,2026-09-01,0.204
VBCB,2026-10-01,0.264
VBCC,2026-05-01,0.085
VBCC,2026-06-01,0.257
VBCC,2026-07-01,0.253
VBCC,2026-08-03,0.272
VBCC,2026-09-01,0.261
VBCC,2026-10-01,0.266
VBCD,2026-05-01,0.106
VBCD,2026-06-01,0.253
VBCD,2026-07-01,0.262
VBCD,2026-08-03,0.266
VBCD,2026-09-01,0.262
VBCD,2026-10-01,0.261
VBCE,2026-05-01,0.095
VBCE,2026-06-01,0.257
VBCE,2026-07-01,0.274
VBCE,2026-08-03,0.275
VBCE,2026-09-01,0.278
VBCE,2026-10-01,0.279
VBIL,2025-04-01,0.227
VBIL,2025-05-01,0.215
VBIL,2025-06-02,0.223
VBIL,2025-07-01,0.241
VBIL,2025-08-01,0.248
VBIL,2025-09-02,0.254
VBIL,2025-10-01,0.244
VBIL,2025-11-03,0.238
VBIL,2025-12-01,0.229
VBIL,2025-12-18,0.232
VBIL,2026-02-02,0.229
VBIL,2026-03-02,0.199
VBIL,2026-04-01,0.211
VBIL,2026-05-01,0.216
VBIL,2026-06-01,0.218
VBIL,2026-07-01,0.213
VBIL,2026-08-03,0.226
VBIL,2026-09-01,0.222
VBIL,2026-10-01,0.218
VBK,2023-09-21,0.314
VBK,2023-12-21,0.619
VBK,2024-03-21,0.405
VBK,2024-06-27,0.414
VBK,2024-09-26,0.286
VBK,2024-12-23,0.398
VBK,2025-03-27,0.401
VBK,2025-06-30,0.422
VBK,2025-09-29,0.434
VBK,2025-12-22,0.385
VBK,2026-03-27,0.344
VBK,2026-06-26,0.366
VBK,2026-09-28,0.304
VBND,2023-09-12,0.132
VBND,2023-10-17,0.169
VBND,2023-11-14,0.138
VBND,2023-12-15,0.163
VBND,2024-01-23,0.192
VBND,2024-02-13,0.101
VBND,2024-03-12,0.143
VBND,2024-04-16,0.198
VBND,2024-05-14,0.158
VBND,2024-06-11,0.148
VBND,2024-07-16,0.187
VBND,2024-08-13,0.142
VBND,2024-09-17,0.147
VBND,2024-10-16,0.17
VBND,2024-11-13,0.139
VBND,2024-12-17,0.169
VBND,2025-01-22,0.17
VBND,2025-02-19,0.137
VBND,2025-03-18,0.142
VBND,2025-04-16,0.147
VBND,2025-05-20,0.152
VBND,2025-06-17,0.14
VBND,2025-07-17,0.157
VBND,2025-08-19,0.155
VBND,2025-09-17,0.145
VBND,2025-10-21,0.174
VBND,2025-11-18,0.149
VBND,2025-12-17,0.194
VBND,2026-01-21,0.12
VBND,2026-02-18,0.12
VBND,2026-03-17,0.156
VBND,2026-04-16,0.168
VBND,2026-05-19,0.166
VBND,2026-06-16,0.148
VBND,2026-07-16,0.167
VBND,2026-08-18,0.165
VBND,2026-09-17,0.173
VBR,2023-09-21,0.875
VBR,2023-12-21,1.154
VBR,2024-03-21,0.943
VBR,2024-06-27,1.017
VBR,2024-09-26,0.87
VBR,2024-12-23,1.091
VBR,2025-03-27,1.242
VBR,2025-06-30,0.911
VBR,2025-09-29,0.928
VBR,2025-12-22,1.056
VBR,2026-03-27,1.244
VBR,2026-06-26,1.09
VBR,2026-09-28,1.03
VCEB,2023-09-01,0.199
VCEB,2023-10-02,0.202
VCEB,2023-11-01,0.207
VCEB,2023-12-01,0.21
VCEB,2023-12-22,0.219
VCEB,2024-02-01,0.223
VCEB,2024-03-01,0.213
VCEB,2024-04-01,0.23
VCEB,2024-05-01,0.225
VCEB,2024-06-03,0.234
VCEB,2024-07-01,0.23
VCEB,2024-08-01,0.236
VCEB,2024-09-03,0.238
VCEB,2024-10-01,0.231
VCEB,2024-11-01,0.241
VCEB,2024-12-02,0.235
VCEB,2024-12-24,0.238
VCEB,2025-02-03,0.248
VCEB,2025-03-03,0.225
VCEB,2025-04-01,0.25
VCEB,2025-05-01,0.244
VCEB,2025-06-02,0.25
VCEB,2025-07-01,0.244
VCEB,2025-08-01,0.249
VCEB,2025-09-02,0.247
VCEB,2025-10-01,0.207
VCEB,2025-11-03,0.248
VCEB,2025-12-01,0.243
VCEB,2025-12-18,0.254
VCEB,2026-02-02,0.25
VCEB,2026-03-02,0.228
VCEB,2026-04-01,0.246
VCEB,2026-05-01,0.246
VCEB,2026-06-01,0.252
VCEB,2026-07-01,0.247
VCEB,2026-08-03,0.268
VCEB,2026-09-01,0.248
VCEB,2026-10-01,0.245
VCHY,2026-07-01,0.373
VCHY,2026-08-03,0.375
VCHY,2026-09-01,0.363
VCHY,2026-10-01,0.408
VCIT,2023-09-01,0.258
VCIT,2023-10-02,0.264
VCIT,2023-11-01,0.275
VCIT,2023-12-01,0.261
VCIT,2023-12-22,0.275
VCIT,2024-02-01,0.281
VCIT,2024-03-01,0.273
VCIT,2024-04-01,0.294
VCIT,2024-05-01,0.292
VCIT,2024-06-03,0.299
VCIT,2024-07-01,0.289
VCIT,2024-08-01,0.301
VCIT,2024-09-03,0.301
VCIT,2024-10-01,0.297
VCIT,2024-11-01,0.317
VCIT,2024-12-02,0.299
VCIT,2024-12-24,0.312
VCIT,2025-02-03,0.313
VCIT,2025-03-03,0.287
VCIT,2025-04-01,0.319
VCIT,2025-05-01,0.315
VCIT,2025-06-02,0.328
VCIT,2025-07-01,0.321
VCIT,2025-08-01,0.341
VCIT,2025-09-02,0.328
VCIT,2025-10-01,0.326
VCIT,2025-11-03,0.334
VCIT,2025-12-01,0.322
VCIT,2025-12-18,0.336
VCIT,2026-02-02,0.33
VCIT,2026-03-02,0.303
VCIT,2026-04-01,0.344
VCIT,2026-05-01,0.326
VCIT,2026-06-01,0.341
VCIT,2026-07-01,0.332
VCIT,2026-08-03,0.342
VCIT,2026-09-01,0.34
VCIT,2026-10-01,0.34
VCLT,2023-09-01,0.302
VCLT,2023-10-02,0.326
VCLT,2023-11-01,0.338
VCLT,2023-12-01,0.308
VCLT,2023-12-22,0.329
VCLT,2024-02-01,0.34
VCLT,2024-03-01,0.287
VCLT,2024-04-01,0.318
VCLT,2024-05-01,0.323
VCLT,2024-06-03,0.318
VCLT,2024-07-01,0.324
VCLT,2024-08-01,0.311
VCLT,2024-09-03,0.326
VCLT,2024-10-01,0.315
VCLT,2024-11-01,0.338
VCLT,2024-12-02,0.327
VCLT,2024-12-24,0.356
VCLT,2025-02-03,0.345
VCLT,2025-03-03,0.303
VCLT,2025-04-01,0.354
VCLT,2025-05-01,0.358
VCLT,2025-06-02,0.37
VCLT,2025-07-01,0.339
VCLT,2025-08-01,0.425
VCLT,2025-09-02,0.335
VCLT,2025-10-01,0.329
VCLT,2025-11-03,0.333
VCLT,2025-12-01,0.34
VCLT,2025-12-18,0.349
VCLT,2026-02-02,0.346
VCLT,2026-03-02,0.318
VCLT,2026-04-01,0.356
VCLT,2026-05-01,0.327
VCLT,2026-06-01,0.355
VCLT,2026-07-01,0.342
VCLT,2026-08-03,0.35
VCLT,2026-09-01,0.362
VCLT,2026-10-01,0.35
VCR,2023-09-28,0.721
VCR,2023-12-19,0.585
VCR,2024-03-22,0.639
VCR,2024-06-28,0.667
VCR,2024-09-27,0.825
VCR,2024-12-18,0.66
VCR,2025-03-25,0.772
VCR,2025-06-26,0.703
VCR,2025-09-24,0.687
VCR,2025-12-17,0.751
VCR,2026-03-24,0.719
VCR,2026-06-24,0.707
VCR,2026-09-23,0.816
VCRB,2024-02-01,0.232
VCRB,2024-03-01,0.252
VCRB,2024-04-01,0.275
VCRB,2024-05-01,0.243
VCRB,2024-06-03,0.242
VCRB,2024-07-01,0.241
VCRB,2024-08-01,0.284
VCRB,2024-09-03,0.276
VCRB,2024-10-01,0.207
VCRB,2024-11-01,0.288
VCRB,2024-12-02,0.268
VCRB,2024-12-24,0.392
VCRB,2025-02-03,0.301
VCRB,2025-03-03,0.26
VCRB,2025-04-01,0.27
VCRB,2025-05-01,0.283
VCRB,2025-06-02,0.295
VCRB,2025-07-01,0.288
VCRB,2025-08-01,0.289
VCRB,2025-09-02,0.293
VCRB,2025-10-01,0.281
VCRB,2025-11-03,0.287
VCRB,2025-12-01,0.282
VCRB,2025-12-18,0.417
VCRB,2026-02-02,0.268
VCRB,2026-03-02,0.261
VCRB,2026-04-01,0.294
VCRB,2026-05-01,0.287
VCRB,2026-06-01,0.292
VCRB,2026-07-01,0.296
VCRB,2026-08-03,0.302
VCRB,2026-09-01,0.301
VCRB,2026-10-01,0.292
VCRM,2024-12-24,0.3
VCRM,2025-02-03,0.18
VCRM,2025-03-03,0.19
VCRM,2025-04-01,0.223
VCRM,2025-05-01,0.18
VCRM,2025-06-02,0.216
VCRM,2025-07-01,0.234
VCRM,2025-08-01,0.216
VCRM,2025-09-02,0.216
VCRM,2025-10-01,0.221
VCRM,2025-11-03,0.229
VCRM,2025-12-01,0.24
VCRM,2025-12-18,0.242
VCRM,2026-02-02,0.231
VCRM,2026-03-02,0.23
VCRM,2026-04-01,0.244
VCRM,2026-05-01,0.238
VCRM,2026-06-01,0.221
VCRM,2026-07-01,0.243
VCRM,2026-08-03,0.239
VCRM,2026-09-01,0.246
VCRM,2026-10-01,0.214
VCSH,2023-09-01,0.21
VCSH,2023-10-02,0.215
VCSH,2023-11-01,0.227
VCSH,2023-12-01,0.216
VCSH,2023-12-22,0.231
VCSH,2024-02-01,0.234
VCSH,2024-03-01,0.229
VCSH,2024-04-01,0.248
VCSH,2024-05-01,0.249
VCSH,2024-06-03,0.258
VCSH,2024-07-01,0.256
VCSH,2024-08-01,0.267
VCSH,2024-09-03,0.263
VCSH,2024-10-01,0.261
VCSH,2024-11-01,0.274
VCSH,2024-12-02,0.273
VCSH,2024-12-24,0.28
VCSH,2025-02-03,0.281
VCSH,2025-03-03,0.259
VCSH,2025-04-01,0.289
VCSH,2025-05-01,0.282
VCSH,2025-06-02,0.297
VCSH,2025-07-01,0.29
VCSH,2025-08-01,0.297
VCSH,2025-09-02,0.29
VCSH,2025-10-01,0.29
VCSH,2025-11-03,0.297
VCSH,2025-12-01,0.291
VCSH,2025-12-18,0.301
VCSH,2026-02-02,0.297
VCSH,2026-03-02,0.27
VCSH,2026-04-01,0.297
VCSH,2026-05-01,0.291
VCSH,2026-06-01,0.297
VCSH,2026-07-01,0.288
VCSH,2026-08-03,0.299
VCSH,2026-09-01,0.303
VCSH,2026-10-01,0.295
VDC,2023-09-28,1.029
VDC,2023-12-19,1.792
VDC,2024-03-22,0.862
VDC,2024-06-28,1.541
VDC,2024-09-27,1.319
VDC,2024-12-18,1.207
VDC,2025-03-25,1.167
VDC,2025-06-26,1.243
VDC,2025-09-24,1.131
VDC,2025-12-17,1.23
VDC,2026-03-24,1.217
VDC,2026-06-24,1.224
VDC,2026-09-23,1.211
VDE,2023-09-28,0.866
VDE,2023-12-19,1.06
VDE,2024-03-22,0.956
VDE,2024-06-28,0.948
VDE,2024-09-27,1.052
VDE,2024-12-18,0.966
VDE,2025-03-25,0.949
VDE,2025-06-26,0.933
VDE,2025-09-24,1.0
VDE,2025-12-17,1.028
VDE,2026-03-24,0.969
VDE,2026-06-24,1.032
VDE,2026-09-23,1.052
VEA,2023-09-18,0.31
VEA,2023-12-18,0.61
VEA,2024-03-15,0.287
VEA,2024-06-21,0.461
VEA,2024-09-20,0.144
VEA,2024-12-20,0.713
VEA,2025-03-21,0.242
VEA,2025-06-20,0.441
VEA,2025-09-19,0.287
VEA,2025-12-19,1.04
VEA,2026-03-20,0.109
VEA,2026-06-18,0.377
VEA,2026-09-18,0.178
VEGI,2023-12-20,0.553
VEGI,2024-06-11,0.372
VEGI,2024-12-17,0.556
VEGI,2025-06-16,0.403
VEGI,2025-12-16,0.497
VEGI,2026-06-15,0.361
VEMY,2023-09-20,0.185
VEMY,2023-10-20,0.185
VEMY,2023-11-20,0.15
VEMY,2023-12-20,0.231
VEMY,2024-01-22,0.175
VEMY,2024-02-21,0.125
VEMY,2024-03-20,0.125
VEMY,2024-04-22,0.174
VEMY,2024-05-20,0.162
VEMY,2024-06-20,0.183
VEMY,2024-07-22,0.175
VEMY,2024-08-20,0.183
VEMY,2024-09-20,0.2
VEMY,2024-10-21,0.155
VEMY,2024-11-20,0.167
VEMY,2024-12-20,0.896
VEMY,2025-01-21,0.096
VEMY,2025-02-20,0.171
VEMY,2025-03-20,0.147
VEMY,2025-04-21,0.17
VEMY,2025-05-20,0.168
VEMY,2025-06-20,0.175
VEMY,2025-07-21,0.164
VEMY,2025-08-20,0.169
VEMY,2025-09-22,0.171
VEMY,2025-10-20,0.164
VEMY,2025-11-20,0.175
VEMY,2025-12-22,0.708
VEMY,2026-01-20,0.125
VEMY,2026-02-20,0.128
VEMY,2026-03-20,0.162
VEMY,2026-04-20,0.147
VEMY,2026-05-20,0.126
VEMY,2026-06-22,0.126
VEMY,2026-07-20,0.115
VEMY,2026-08-20,0.15
VEMY,2026-09-21,0.156
VEU,2023-09-18,0.3
VEU,2023-12-18,0.843
VEU,2024-03-15,0.215
VEU,2024-06-21,0.459
VEU,2024-09-20,0.247
VEU,2024-12-20,0.94
VEU,2025-03-21,0.191
VEU,2025-06-20,0.469
VEU,2025-09-19,0.353
VEU,2025-12-19,1.258
VEU,2026-03-20,0.113
VEU,2026-06-18,0.393
VEU,2026-09-18,0.197
VEXC,2025-12-19,0.342
VEXC,2026-03-20,0.361
VEXC,2026-06-18,0.653
VEXC,2026-09-18,0.543
VFH,2023-09-28,0.505
VFH,2023-12-19,0.54
VFH,2024-03-22,0.4
VFH,2024-06-28,0.461
VFH,2024-09-27,0.553
VFH,2024-12-18,0.657
VFH,2025-03-25,0.511
VFH,2025-06-26,0.472
VFH,2025-09-24,0.419
VFH,2025-12-17,0.675
VFH,2026-03-24,0.379
VFH,2026-06-24,0.852
VFH,2026-09-23,0.446
VFLO,2023-09-06,0.047
VFLO,2023-10-11,0.036
VFLO,2023-11-08,0.019
VFLO,2023-12-18,0.072
VFLO,2024-01-11,0.011
VFLO,2024-02-09,0.034
VFLO,2024-03-11,0.061
VFLO,2024-04-11,0.009
VFLO,2024-05-09,0.016
VFLO,2024-06-12,0.064
VFLO,2024-07-10,0.009
VFLO,2024-08-08,0.017
VFLO,2024-09-11,0.061
VFLO,2024-10-08,0.021
VFLO,2024-11-07,0.005
VFLO,2024-12-12,0.093
VFLO,2024-12-26,0.009
VFLO,2025-01-08,0.006
VFLO,2025-02-07,0.049
VFLO,2025-03-10,0.064
VFLO,2025-04-10,0.043
VFLO,2025-05-08,0.002
VFLO,2025-06-09,0.08
VFLO,2025-07-10,0.018
VFLO,2025-08-06,0.005
VFLO,2025-09-08,0.146
VFLO,2025-10-09,0.04
VFLO,2025-11-07,0.025
VFLO,2025-12-11,0.15
VFLO,2026-03-10,0.05
VFLO,2026-04-09,0.033
VFLO,2026-05-08,0.013
VFLO,2026-06-09,0.047
VFLO,2026-07-09,0.025
VFLO,2026-08-07,0.033
VFLO,2026-09-09,0.106
VFMF,2023-09-21,0.411
VFMF,2023-12-19,0.549
VFMF,2024-03-21,0.422
VFMF,2024-06-27,0.561
VFMF,2024-09-26,0.517
VFMF,2024-12-23,0.596
VFMF,2025-03-25,0.603
VFMF,2025-06-20,0.607
VFMF,2025-09-24,0.472
VFMF,2025-12-23,0.641
VFMF,2026-03-24,0.65
VFMF,2026-06-24,0.682
VFMF,2026-09-23,0.605
VFMO,2023-09-21,0.154
VFMO,2023-12-19,0.374
VFMO,2024-03-21,0.158
VFMO,2024-06-27,0.316
VFMO,2024-09-26,0.272
VFMO,2024-12-23,0.443
VFMO,2025-03-25,0.312
VFMO,2025-06-20,0.555
VFMO,2025-09-24,0.352
VFMO,2025-12-23,0.351
VFMO,2026-03-24,0.226
VFMO,2026-06-24,0.473
VFMO,2026-09-23,0.307
VFMV,2023-09-21,0.419
VFMV,2023-12-19,0.622
VFMV,2024-03-21,0.374
VFMV,2024-06-27,0.387
VFMV,2024-09-26,0.426
VFMV,2024-12-23,0.574
VFMV,2025-03-25,0.505
VFMV,2025-06-20,0.621
VFMV,2025-09-24,0.554
VFMV,2025-12-23,1.086
VFMV,2026-03-24,0.46
VFMV,2026-06-24,0.411
VFMV,2026-09-23,0.345
VFQY,2023-09-21,0.375
VFQY,2023-12-19,0.496
VFQY,2024-03-21,0.4
VFQY,2024-06-27,0.529
VFQY,2024-09-26,0.432
VFQY,2024-12-23,0.529
VFQY,2025-03-25,0.443
VFQY,2025-06-20,0.447
VFQY,2025-09-24,0.411
VFQY,2025-12-23,0.5
VFQY,2026-03-24,0.446
VFQY,2026-06-24,0.443
VFQY,2026-09-23,0.384
VFVA,2023-09-21,0.59
VFVA,2023-12-19,0.746
VFVA,2024-03-21,0.626
VFVA,2024-06-27,0.786
VFVA,2024-09-26,0.676
VFVA,2024-12-23,0.754
VFVA,2025-03-25,0.697
VFVA,2025-06-20,0.745
VFVA,2025-09-24,0.616
VFVA,2025-12-23,0.775
VFVA,2026-03-24,0.686
VFVA,2026-06-24,0.709
VFVA,2026-09-23,0.685
VGHY,2025-11-03,0.437
VGHY,2025-12-01,0.325
VGHY,2025-12-18,0.358
VGHY,2026-02-02,0.367
VGHY,2026-03-02,0.331
VGHY,2026-04-01,0.409
VGHY,2026-05-01,0.365
VGHY,2026-06-01,0.377
VGHY,2026-07-01,0.378
VGHY,2026-08-03,0.386
VGHY,2026-09-01,0.393
VGHY,2026-10-01,0.404
VGIT,2023-09-01,0.135
VGIT,2023-10-02,0.138
VGIT,2023-11-01,0.149
VGIT,2023-12-01,0.158
VGIT,2023-12-22,0.167
VGIT,2024-02-01,0.167
VGIT,2024-03-01,0.15
VGIT,2024-04-01,0.176
VGIT,2024-05-01,0.174
VGIT,2024-06-03,0.179
VGIT,2024-07-01,0.177
VGIT,2024-08-01,0.185
VGIT,2024-09-03,0.185
VGIT,2024-10-01,0.18
VGIT,2024-11-01,0.186
VGIT,2024-12-02,0.182
VGIT,2024-12-24,0.19
VGIT,2025-02-03,0.191
VGIT,2025-03-03,0.173
VGIT,2025-04-01,0.196
VGIT,2025-05-01,0.187
VGIT,2025-06-02,0.194
VGIT,2025-07-01,0.188
VGIT,2025-08-01,0.193
VGIT,2025-09-02,0.193
VGIT,2025-10-01,0.184
VGIT,2025-11-03,0.191
VGIT,2025-12-01,0.186
VGIT,2025-12-18,0.194
VGIT,2026-02-02,0.191
VGIT,2026-03-02,0.175
VGIT,2026-04-01,0.196
VGIT,2026-05-01,0.187
VGIT,2026-06-01,0.194
VGIT,2026-07-01,0.188
VGIT,2026-08-03,0.195
VGIT,2026-09-01,0.206
VGIT,2026-10-01,0.189
VGK,2023-09-18,0.261
VGK,2023-12-18,0.457
VGK,2024-03-15,0.37
VGK,2024-06-21,1.032
VGK,2024-09-20,0.171
VGK,2024-12-20,0.719
VGK,2025-03-21,0.294
VGK,2025-06-20,1.107
VGK,2025-09-19,0.209
VGK,2025-12-19,0.779
VGK,2026-03-20,0.382
VGK,2026-06-18,1.199
VGK,2026-09-18,0.222
VGLT,2023-09-01,0.181
VGLT,2023-10-02,0.177
VGLT,2023-11-01,0.18
VGLT,2023-12-01,0.178
VGLT,2023-12-22,0.19
VGLT,2024-02-01,0.188
VGLT,2024-03-01,0.176
VGLT,2024-04-01,0.2
VGLT,2024-05-01,0.193
VGLT,2024-06-03,0.203
VGLT,2024-07-01,0.197
VGLT,2024-08-01,0.201
VGLT,2024-09-03,0.204
VGLT,2024-10-01,0.197
VGLT,2024-11-01,0.212
VGLT,2024-12-02,0.218
VGLT,2024-12-24,0.208
VGLT,2025-02-03,0.207
VGLT,2025-03-03,0.189
VGLT,2025-04-01,0.21
VGLT,2025-05-01,0.202
VGLT,2025-06-02,0.21
VGLT,2025-07-01,0.204
VGLT,2025-08-01,0.209
VGLT,2025-09-02,0.212
VGLT,2025-10-01,0.207
VGLT,2025-11-03,0.213
VGLT,2025-12-01,0.204
VGLT,2025-12-18,0.214
VGLT,2026-02-02,0.215
VGLT,2026-03-02,0.187
VGLT,2026-04-01,0.226
VGLT,2026-05-01,0.21
VGLT,2026-06-01,0.214
VGLT,2026-07-01,0.208
VGLT,2026-08-03,0.215
VGLT,2026-09-01,0.215
VGLT,2026-10-01,0.205
VGMS,2025-07-01,0.11
VGMS,2025-08-01,0.222
VGMS,2025-09-02,0.203
VGMS,2025-10-01,0.222
VGMS,2025-11-03,0.212
VGMS,2025-12-01,0.21
VGMS,2025-12-18,0.339
VGMS,2026-02-02,0.23
VGMS,2026-03-02,0.204
VGMS,2026-04-01,0.232
VGMS,2026-05-01,0.219
VGMS,2026-06-01,0.229
VGMS,2026-07-01,0.223
VGMS,2026-08-03,0.234
VGMS,2026-09-01,0.228
VGMS,2026-10-01,0.215
VGSH,2023-09-01,0.174
VGSH,2023-10-02,0.179
VGSH,2023-11-01,0.185
VGSH,2023-12-01,0.186
VGSH,2023-12-22,0.195
VGSH,2024-02-01,0.198
VGSH,2024-03-01,0.193
VGSH,2024-04-01,0.202
VGSH,2024-05-01,0.197
VGSH,2024-06-03,0.206
VGSH,2024-07-01,0.202
VGSH,2024-08-01,0.21
VGSH,2024-09-03,0.21
VGSH,2024-10-01,0.202
VGSH,2024-11-01,0.215
VGSH,2024-12-02,0.2
VGSH,2024-12-24,0.201
VGSH,2025-02-03,0.208
VGSH,2025-03-03,0.187
VGSH,2025-04-01,0.206
VGSH,2025-05-01,0.198
VGSH,2025-06-02,0.205
VGSH,2025-07-01,0.194
VGSH,2025-08-01,0.2
VGSH,2025-09-02,0.199
VGSH,2025-10-01,0.19
VGSH,2025-11-03,0.189
VGSH,2025-12-01,0.185
VGSH,2025-12-18,0.19
VGSH,2026-02-02,0.185
VGSH,2026-03-02,0.17
VGSH,2026-04-01,0.186
VGSH,2026-05-01,0.179
VGSH,2026-06-01,0.185
VGSH,2026-07-01,0.178
VGSH,2026-08-03,0.182
VGSH,2026-09-01,0.168
VGSH,2026-10-01,0.183
VGSR,2024-03-27,0.144
VGSR,2024-06-27,0.088
VGSR,2024-09-27,0.09
VGSR,2024-12-30,0.062
VGSR,2025-03-27,0.062
VGSR,2025-06-26,0.105
VGSR,2025-09-25,0.12
VGSR,2025-12-30,0.067
VGSR,2026-03-26,0.093
VGSR,2026-06-25,0.095
VGSR,2026-09-24,0.06
VGT,2023-09-28,0.110125
VGT,2023-12-19,0.099375
VGT,2024-03-22,0.157375
VGT,2024-06-28,0.09525
VGT,2024-09-27,0.114625
VGT,2024-12-18,0.097125
VGT,2025-03-25,0.091125
VGT,2025-06-26,0.087875
VGT,2025-09-24,0.107375
VGT,2025-12-17,0.094625
VGT,2026-03-24,0.093
VGT,2026-06-24,0.138
VGT,2026-09-23,0.147
VGUS,2025-04-01,0.256
VGUS,2025-05-01,0.208
VGUS,2025-06-02,0.243
VGUS,2025-07-01,0.216
VGUS,2025-08-01,0.245
VGUS,2025-09-02,0.24
VGUS,2025-10-01,0.242
VGUS,2025-11-03,0.24
VGUS,2025-12-01,0.233
VGUS,2025-12-18,0.234
VGUS,2026-02-02,0.224
VGUS,2026-03-02,0.192
VGUS,2026-04-01,0.218
VGUS,2026-05-01,0.217
VGUS,2026-06-01,0.224
VGUS,2026-07-01,0.22
VGUS,2026-08-03,0.231
VGUS,2026-09-01,0.231
VGUS,2026-10-01,0.226
VHT,2023-09-28,0.877
VHT,2023-12-19,0.895
VHT,2024-03-22,0.819
VHT,2024-06-28,0.966
VHT,2024-09-27,1.167
VHT,2024-12-18,0.919
VHT,2025-03-25,0.94
VHT,2025-06-26,0.962
VHT,2025-09-24,1.077
VHT,2025-12-17,1.665
VHT,2026-03-24,0.994
VHT,2026-06-24,0.987
VHT,2026-09-23,0.969
VIG,2023-09-28,0.771
VIG,2023-12-21,0.916
VIG,2024-03-22,0.769
VIG,2024-06-28,0.899
VIG,2024-09-27,0.835
VIG,2024-12-23,0.876
VIG,2025-03-27,0.938
VIG,2025-06-30,0.871
VIG,2025-09-29,0.865
VIG,2025-12-22,0.884
VIG,2026-03-27,0.833
VIG,2026-06-26,0.999
VIG,2026-09-28,0.93
VIGI,2023-09-18,0.182
VIGI,2023-12-18,0.374
VIGI,2024-03-15,0.434
VIGI,2024-06-21,0.536
VIGI,2024-09-20,0.312
VIGI,2024-12-20,0.262
VIGI,2025-03-21,0.523
VIGI,2025-06-20,0.542
VIGI,2025-09-19,0.363
VIGI,2025-12-19,0.532
VIGI,2026-03-20,0.565
VIGI,2026-06-18,0.534
VIGI,2026-09-18,0.458
VIOG,2023-09-28,0.32
VIOG,2023-12-20,0.406
VIOG,2024-03-22,0.194
VIOG,2024-06-28,0.352
VIOG,2024-09-27,0.356
VIOG,2024-12-23,0.298
VIOG,2025-03-27,0.319
VIOG,2025-06-30,0.253
VIOG,2025-09-29,0.31
VIOG,2025-12-22,0.375
VIOG,2026-03-27,0.229
VIOG,2026-06-26,0.224
VIOG,2026-09-28,0.257
VIOO,2023-12-20,1.459
VIOO,2024-12-23,1.574
VIOO,2025-12-22,1.508
VIOV,2023-09-28,0.434
VIOV,2023-12-20,0.961
VIOV,2024-03-22,0.2
VIOV,2024-06-28,0.474
VIOV,2024-09-27,0.507
VIOV,2024-12-23,0.484
VIOV,2025-03-25,0.281
VIOV,2025-06-26,0.303
VIOV,2025-09-24,0.526
VIOV,2025-12-22,0.541
VIOV,2026-03-24,0.417
VIOV,2026-06-24,0.474
VIOV,2026-09-23,0.446
VIS,2023-09-28,0.668
VIS,2023-12-19,1.022
VIS,2024-03-22,0.619
VIS,2024-06-28,0.788
VIS,2024-09-27,0.75
VIS,2024-12-18,0.967
VIS,2025-03-25,0.77
VIS,2025-06-26,0.705
VIS,2025-09-24,0.732
VIS,2025-12-17,0.814
VIS,2026-03-24,0.788
VIS,2026-06-24,0.76
VIS,2026-09-23,0.702
VLU,2023-09-18,0.806
VLU,2023-12-18,0.857
VLU,2024-03-18,0.79
VLU,2024-06-24,0.957
VLU,2024-09-23,0.937
VLU,2024-12-23,1.005
VLU,2025-03-24,0.912
VLU,2025-06-23,0.971
VLU,2025-09-22,0.955
VLU,2025-12-22,0.986
VLU,2026-03-23,0.917
VLU,2026-06-22,1.017
VLU,2026-09-21,1.053
VLUE,2023-09-26,0.68
VLUE,2023-12-20,0.656
VLUE,2024-03-21,0.69
VLUE,2024-06-11,0.591
VLUE,2024-09-25,0.849
VLUE,2024-12-17,0.748
VLUE,2025-03-18,0.679
VLUE,2025-06-16,0.736
VLUE,2025-09-16,0.66
VLUE,2025-12-16,0.813
VLUE,2026-03-17,0.631
VLUE,2026-06-15,0.697
VLUE,2026-09-15,0.951
VMBS,2023-09-01,0.13
VMBS,2023-10-02,0.136
VMBS,2023-11-01,0.134
VMBS,2023-12-01,0.141
VMBS,2023-12-22,0.142
VMBS,2024-02-01,0.143
VMBS,2024-03-01,0.145
VMBS,2024-04-01,0.146
VMBS,2024-05-01,0.148
VMBS,2024-06-03,0.15
VMBS,2024-07-01,0.151
VMBS,2024-08-01,0.151
VMBS,2024-09-03,0.154
VMBS,2024-10-01,0.145
VMBS,2024-11-01,0.153
VMBS,2024-12-02,0.15
VMBS,2024-12-24,0.152
VMBS,2025-02-03,0.16
VMBS,2025-03-03,0.159
VMBS,2025-04-01,0.164
VMBS,2025-05-01,0.198
VMBS,2025-06-02,0.161
VMBS,2025-07-01,0.163
VMBS,2025-08-01,0.164
VMBS,2025-09-02,0.165
VMBS,2025-10-01,0.153
VMBS,2025-11-03,0.172
VMBS,2025-12-01,0.162
VMBS,2025-12-18,0.16
VMBS,2026-02-02,0.165
VMBS,2026-03-02,0.161
VMBS,2026-04-01,0.162
VMBS,2026-05-01,0.161
VMBS,2026-06-01,0.163
VMBS,2026-07-01,0.165
VMBS,2026-08-03,0.168
VMBS,2026-09-01,0.167
VMBS,2026-10-01,0.163
VNLA,2023-09-01,0.163
VNLA,2023-10-02,0.171
VNLA,2023-11-01,0.175
VNLA,2023-12-01,0.167
VNLA,2024-02-01,0.19
VNLA,2024-03-01,0.194
VNLA,2024-04-01,0.199
VNLA,2024-05-01,0.2
VNLA,2024-06-03,0.207
VNLA,2024-07-01,0.202
VNLA,2024-08-01,0.198
VNLA,2024-09-03,0.209
VNLA,2024-10-01,0.204
VNLA,2024-11-01,0.204
VNLA,2024-12-02,0.204
VNLA,2024-12-23,0.22
VNLA,2025-02-03,0.179
VNLA,2025-03-03,0.198
VNLA,2025-04-01,0.192
VNLA,2025-05-01,0.205
VNLA,2025-06-02,0.21
VNLA,2025-07-01,0.206
VNLA,2025-08-01,0.204
VNLA,2025-09-02,0.199
VNLA,2025-10-01,0.201
VNLA,2025-11-03,0.198
VNLA,2025-12-01,0.191
VNLA,2025-12-22,0.195
VNLA,2026-01-30,0.192
VNLA,2026-02-27,0.188
VNLA,2026-03-31,0.189
VNLA,2026-04-30,0.188
VNLA,2026-05-29,0.189
VNLA,2026-06-30,0.192
VNLA,2026-07-31,0.194
VNLA,2026-08-31,0.19
VNLA,2026-09-30,0.192
VNM,2023-12-18,0.655
VNM,2023-12-27,0.019
VNM,2025-12-22,0.038
VNQ,2023-09-28,0.727
VNQ,2023-12-21,1.068
VNQ,2024-03-22,0.732
VNQ,2024-06-28,1.033
VNQ,2024-09-27,0.813
VNQ,2024-12-23,0.856
VNQ,2025-03-25,0.932
VNQ,2025-06-26,0.868
VNQ,2025-09-24,0.872
VNQ,2025-12-22,0.801
VNQ,2026-03-24,0.946
VNQ,2026-06-24,0.855
VNQ,2026-09-23,0.805
VNQI,2023-12-18,1.591
VNQI,2024-12-20,2.04
VNQI,2025-12-19,2.156
VO,2023-09-21,0.1945
VO,2023-12-21,0.29575
VO,2024-03-21,0.2435
VO,2024-06-27,0.23225
VO,2024-09-26,0.23675
VO,2024-12-23,0.27325
VO,2025-03-27,0.29175
VO,2025-06-30,0.26775
VO,2025-09-29,0.2585
VO,2025-12-22,0.287
VO,2026-03-27,0.26925
VO,2026-06-26,0.255
VOE,2023-09-21,0.722
VOE,2023-12-21,1.114
VOE,2024-03-21,0.733
VOE,2024-06-27,0.883
VOE,2024-09-26,0.8
VOE,2024-12-23,1.0
VOE,2025-03-27,1.054
VOE,2025-06-30,0.864
VOE,2025-09-29,0.873
VOE,2025-12-22,0.931
VOE,2026-03-27,0.999
VOE,2026-06-26,0.919
VOE,2026-09-28,1.033
VOLT,2024-12-27,0.001
VOLT,2025-12-10,0.132
VONE,2023-09-21,0.755
VONE,2023-12-19,0.911
VONE,2024-03-21,0.715
VONE,2024-06-27,0.814
VONE,2024-09-26,0.824
VONE,2024-12-23,0.848
VONE,2025-03-25,0.794
VONE,2025-06-20,0.783
VONE,2025-09-24,0.846
VONE,2025-12-22,0.873
VONE,2026-03-24,0.874
VONE,2026-06-18,0.864
VONE,2026-09-23,0.892
VONG,2023-09-21,0.128
VONG,2023-12-19,0.165
VONG,2024-03-21,0.155
VONG,2024-06-27,0.141
VONG,2024-09-26,0.139
VONG,2024-12-23,0.138
VONG,2025-03-25,0.137
VONG,2025-06-20,0.134
VONG,2025-09-24,0.142
VONG,2025-12-22,0.138
VONG,2026-03-24,0.142
VONG,2026-06-18,0.159
VONG,2026-09-23,0.145
VONV,2023-09-21,0.388
VONV,2023-12-19,0.462
VONV,2024-03-21,0.335
VONV,2024-06-27,0.389
VONV,2024-09-26,0.437
VONV,2024-12-23,0.437
VONV,2025-03-25,0.384
VONV,2025-06-20,0.401
VONV,2025-09-24,0.405
VONV,2025-12-22,0.492
VONV,2026-03-24,0.412
VONV,2026-06-18,0.41
VONV,2026-09-23,0.423
VOO,2023-09-28,1.493
VOO,2023-12-20,1.801
VOO,2024-03-22,1.543
VOO,2024-06-28,1.784
VOO,2024-09-27,1.639
VOO,2024-12-23,1.739
VOO,2025-03-27,1.812
VOO,2025-06-30,1.745
VOO,2025-09-29,1.74
VOO,2025-12-22,1.771
VOO,2026-03-27,1.872
VOO,2026-06-26,1.962
VOO,2026-09-28,1.823
VOOG,2023-09-28,0.125167
VOOG,2023-12-20,0.152
VOOG,2024-03-22,0.050167
VOOG,2024-06-28,0.072167
VOOG,2024-09-27,0.086833
VOOG,2024-12-23,0.089
VOOG,2025-03-25,0.091333
VOOG,2025-06-26,0.082
VOOG,2025-09-24,0.092333
VOOG,2025-12-22,0.097
VOOG,2026-03-24,0.097
VOOG,2026-06-24,0.088
VOOG,2026-09-23,0.105
VOOV,2023-09-28,0.699
VOOV,2023-12-20,0.888
VOOV,2024-03-22,0.786
VOOV,2024-06-28,0.989
VOOV,2024-09-27,1.062
VOOV,2024-12-23,1.037
VOOV,2025-03-25,0.856
VOOV,2025-06-26,0.867
VOOV,2025-09-24,0.927
VOOV,2025-12-22,0.947
VOOV,2026-03-24,0.932
VOOV,2026-06-24,0.918
VOOV,2026-09-23,0.95
VOT,2023-09-21,0.313
VOT,2023-12-21,0.558
VOT,2024-03-21,0.409
VOT,2024-06-27,0.387
VOT,2024-09-26,0.401
VOT,2024-12-23,0.505
VOT,2025-03-27,0.452
VOT,2025-06-30,0.426
VOT,2025-09-29,0.434
VOT,2025-12-22,0.479
VOT,2026-03-27,0.51
VOT,2026-06-26,0.399
VOT,2026-09-28,0.389
VOTE,2023-09-19,0.176
VOTE,2023-12-19,0.221
VOTE,2024-03-18,0.186
VOTE,2024-06-24,0.204
VOTE,2024-09-23,0.207
VOTE,2024-12-23,0.218
VOTE,2025-03-24,0.206
VOTE,2025-06-23,0.192
VOTE,2025-09-22,0.223
VOTE,2025-12-22,0.209
VOTE,2026-03-24,0.173
VOTE,2026-06-23,0.224
VOTE,2026-09-22,0.227
VOX,2023-09-28,0.348
VOX,2023-12-19,0.289
VOX,2024-03-22,0.322
VOX,2024-06-28,0.325
VOX,2024-09-27,0.526
VOX,2024-12-18,0.46
VOX,2025-03-25,0.383
VOX,2025-06-26,0.383
VOX,2025-09-24,0.455
VOX,2025-12-17,0.624
VOX,2026-03-24,0.436
VOX,2026-06-24,0.449
VOX,2026-09-23,0.356
VPL,2023-09-18,0.278
VPL,2023-12-18,1.3
VPL,2024-03-15,0.287
VPL,2024-06-21,0.204
VPL,2024-09-20,0.507
VPL,2024-12-20,1.238
VPL,2025-03-21,0.418
VPL,2025-06-20,0.184
VPL,2025-09-19,0.606
VPL,2025-12-19,2.419
VPLS,2024-02-01,0.28
VPLS,2024-03-01,0.251
VPLS,2024-04-01,0.295
VPLS,2024-05-01,0.288
VPLS,2024-06-03,0.289
VPLS,2024-07-01,0.281
VPLS,2024-08-01,0.289
VPLS,2024-09-03,0.284
VPLS,2024-10-01,0.275
VPLS,2024-11-01,0.287
VPLS,2024-12-02,0.284
VPLS,2024-12-24,0.331
VPLS,2025-02-03,0.317
VPLS,2025-03-03,0.265
VPLS,2025-04-01,0.294
VPLS,2025-05-01,0.299
VPLS,2025-06-02,0.304
VPLS,2025-07-01,0.292
VPLS,2025-08-01,0.311
VPLS,2025-09-02,0.298
VPLS,2025-10-01,0.279
VPLS,2025-11-03,0.291
VPLS,2025-12-01,0.289
VPLS,2025-12-18,0.496
VPLS,2026-02-02,0.287
VPLS,2026-03-02,0.263
VPLS,2026-04-01,0.295
VPLS,2026-05-01,0.284
VPLS,2026-06-01,0.291
VPLS,2026-07-01,0.291
VPLS,2026-08-03,0.306
VPLS,2026-09-01,0.3
VPLS,2026-10-01,0.293
VPU,2023-09-28,1.214
VPU,2023-12-19,1.31
VPU,2024-03-22,1.096
VPU,2024-06-28,1.245
VPU,2024-09-27,1.312
VPU,2024-12-18,1.275
VPU,2025-03-25,1.228
VPU,2025-06-26,1.226
VPU,2025-09-24,1.227
VPU,2025-12-17,1.363
VPU,2026-03-24,1.277
VPU,2026-06-24,1.301
VPU,2026-09-23,1.258
VRIG,2023-09-18,0.133
VRIG,2023-10-23,0.131
VRIG,2023-11-20,0.127
VRIG,2023-12-18,0.152
VRIG,2024-01-22,0.131
VRIG,2024-02-20,0.129
VRIG,2024-03-18,0.13
VRIG,2024-04-22,0.134
VRIG,2024-05-20,0.127
VRIG,2024-06-24,0.124
VRIG,2024-07-22,0.128
VRIG,2024-08-19,0.126
VRIG,2024-09-23,0.127
VRIG,2024-10-21,0.12
VRIG,2024-11-18,0.12
VRIG,2024-12-23,0.132
VRIG,2025-01-21,0.114
VRIG,2025-02-24,0.104
VRIG,2025-03-24,0.099
VRIG,2025-04-21,0.093
VRIG,2025-05-19,0.11
VRIG,2025-06-23,0.114
VRIG,2025-07-21,0.106
VRIG,2025-08-18,0.107
VRIG,2025-09-22,0.104
VRIG,2025-10-20,0.101
VRIG,2025-11-24,0.104
VRIG,2025-12-22,0.096
VRIG,2026-01-20,0.1
VRIG,2026-02-23,0.097
VRIG,2026-03-23,0.093
VRIG,2026-04-20,0.087
VRIG,2026-05-18,0.094
VRIG,2026-06-22,0.092
VRIG,2026-07-20,0.092
VRIG,2026-08-24,0.091
VRIG,2026-09-21,0.091
VRP,2023-09-18,0.105
VRP,2023-10-23,0.16
VRP,2023-11-20,0.167
VRP,2023-12-18,0.167
VRP,2024-01-22,0.107
VRP,2024-02-20,0.102
VRP,2024-03-18,0.106
VRP,2024-04-22,0.111
VRP,2024-05-20,0.102
VRP,2024-06-24,0.109
VRP,2024-07-22,0.117
VRP,2024-08-19,0.113
VRP,2024-09-23,0.109
VRP,2024-10-21,0.143
VRP,2024-11-18,0.143
VRP,2024-12-23,0.137
VRP,2025-01-21,0.112
VRP,2025-02-24,0.112
VRP,2025-03-24,0.103
VRP,2025-04-21,0.109
VRP,2025-05-19,0.105
VRP,2025-06-23,0.109
VRP,2025-07-21,0.111
VRP,2025-08-18,0.11
VRP,2025-09-22,0.114
VRP,2025-10-20,0.193
VRP,2025-11-24,0.2
VRP,2025-12-22,0.21
VRP,2026-01-20,0.102
VRP,2026-02-23,0.102
VRP,2026-03-23,0.102
VRP,2026-04-20,0.091
VRP,2026-05-18,0.09
VRP,2026-06-22,0.09
VRP,2026-07-20,0.09
VRP,2026-08-24,0.09
VRP,2026-09-21,0.115
VSDB,2025-05-01,0.26
VSDB,2025-06-02,0.207
VSDB,2025-07-01,0.281
VSDB,2025-08-01,0.271
VSDB,2025-09-02,0.276
VSDB,2025-10-01,0.258
VSDB,2025-11-03,0.267
VSDB,2025-12-01,0.271
VSDB,2025-12-18,0.284
VSDB,2026-02-02,0.215
VSDB,2026-03-02,0.175
VSDB,2026-04-01,0.279
VSDB,2026-05-01,0.265
VSDB,2026-06-01,0.178
VSDB,2026-07-01,0.285
VSDB,2026-08-03,0.294
VSDB,2026-09-01,0.284
VSDB,2026-10-01,0.287
VSDM,2024-12-24,0.264
VSDM,2025-02-03,0.196
VSDM,2025-03-03,0.203
VSDM,2025-04-01,0.158
VSDM,2025-05-01,0.193
VSDM,2025-06-02,0.196
VSDM,2025-07-01,0.195
VSDM,2025-08-01,0.189
VSDM,2025-09-02,0.199
VSDM,2025-10-01,0.203
VSDM,2025-11-03,0.196
VSDM,2025-12-01,0.203
VSDM,2025-12-18,0.204
VSDM,2026-02-02,0.191
VSDM,2026-03-02,0.201
VSDM,2026-04-01,0.198
VSDM,2026-05-01,0.197
VSDM,2026-06-01,0.196
VSDM,2026-07-01,0.196
VSDM,2026-08-03,0.199
VSDM,2026-09-01,0.196
VSDM,2026-10-01,0.188
VSGX,2023-09-15,0.237
VSGX,2023-12-15,0.545
VSGX,2024-03-15,0.313
VSGX,2024-06-21,0.564
VSGX,2024-09-20,0.386
VSGX,2024-12-20,0.495
VSGX,2025-03-21,0.389
VSGX,2025-06-20,0.633
VSGX,2025-09-19,0.44
VSGX,2025-12-19,0.855
VSGX,2026-03-20,0.422
VSGX,2026-06-18,0.682
VSGX,2026-09-18,0.469
VSLU,2023-12-26,0.178
VSLU,2024-12-24,0.219
VSLU,2025-12-24,0.205
VSS,2023-09-18,0.562
VSS,2023-12-18,2.053
VSS,2024-06-21,0.84
VSS,2024-09-20,0.559
VSS,2024-12-20,2.543
VSS,2025-06-20,0.742
VSS,2025-09-19,0.762
VSS,2025-12-19,3.354
VSS,2026-06-18,0.859
VSS,2026-09-18,0.295
VT,2023-09-18,0.406
VT,2023-12-18,0.801
VT,2024-03-15,0.421
VT,2024-06-21,0.578
VT,2024-09-20,0.417
VT,2024-12-20,0.877
VT,2025-03-21,0.385
VT,2025-06-20,0.595
VT,2025-09-19,0.478
VT,2025-12-19,1.115
VT,2026-03-20,0.327
VT,2026-06-18,0.563
VT,2026-09-18,0.408
VTC,2023-09-01,0.25
VTC,2023-10-02,0.259
VTC,2023-11-01,0.271
VTC,2023-12-01,0.253
VTC,2023-12-22,0.269
VTC,2024-02-01,0.275
VTC,2024-03-01,0.256
VTC,2024-04-01,0.278
VTC,2024-05-01,0.279
VTC,2024-06-03,0.283
VTC,2024-07-01,0.282
VTC,2024-08-01,0.279
VTC,2024-09-03,0.293
VTC,2024-10-01,0.283
VTC,2024-11-01,0.3
VTC,2024-12-02,0.291
VTC,2024-12-24,0.31
VTC,2025-02-03,0.302
VTC,2025-03-03,0.275
VTC,2025-04-01,0.28
VTC,2025-05-01,0.311
VTC,2025-06-02,0.33
VTC,2025-07-01,0.314
VTC,2025-08-01,0.321
VTC,2025-09-02,0.321
VTC,2025-10-01,0.308
VTC,2025-11-03,0.32
VTC,2025-12-01,0.308
VTC,2025-12-18,0.311
VTC,2026-02-02,0.324
VTC,2026-03-02,0.291
VTC,2026-04-01,0.323
VTC,2026-05-01,0.314
VTC,2026-06-01,0.319
VTC,2026-07-01,0.316
VTC,2026-08-03,0.326
VTC,2026-09-01,0.327
VTC,2026-10-01,0.322
VTEB,2023-09-01,0.12
VTEB,2023-10-02,0.124
VTEB,2023-11-01,0.118
VTEB,2023-12-01,0.128
VTEB,2023-12-22,0.128
VTEB,2024-02-01,0.127
VTEB,2024-03-01,0.131
VTEB,2024-04-01,0.128
VTEB,2024-05-01,0.131
VTEB,2024-06-03,0.131
VTEB,2024-07-01,0.133
VTEB,2024-08-01,0.13
VTEB,2024-09-03,0.131
VTEB,2024-10-01,0.134
VTEB,2024-11-01,0.131
VTEB,2024-12-02,0.131
VTEB,2024-12-24,0.135
VTEB,2025-02-03,0.132
VTEB,2025-03-03,0.138
VTEB,2025-04-01,0.135
VTEB,2025-05-01,0.137
VTEB,2025-06-02,0.137
VTEB,2025-07-01,0.136
VTEB,2025-08-01,0.137
VTEB,2025-09-02,0.139
VTEB,2025-10-01,0.142
VTEB,2025-11-03,0.14
VTEB,2025-12-01,0.142
VTEB,2025-12-18,0.142
VTEB,2026-02-02,0.14
VTEB,2026-03-02,0.149
VTEB,2026-04-01,0.142
VTEB,2026-05-01,0.142
VTEB,2026-06-01,0.138
VTEB,2026-07-01,0.142
VTEB,2026-08-03,0.142
VTEB,2026-09-01,0.143
VTEB,2026-10-01,0.137
VTEC,2024-03-01,0.287
VTEC,2024-04-01,0.206
VTEC,2024-05-01,0.209
VTEC,2024-06-03,0.217
VTEC,2024-07-01,0.238
VTEC,2024-08-01,0.242
VTEC,2024-09-03,0.23
VTEC,2024-10-01,0.249
VTEC,2024-11-01,0.151
VTEC,2024-12-02,0.257
VTEC,2024-12-24,0.247
VTEC,2025-02-03,0.283
VTEC,2025-03-03,0.261
VTEC,2025-04-01,0.205
VTEC,2025-05-01,0.241
VTEC,2025-06-02,0.277
VTEC,2025-07-01,0.272
VTEC,2025-08-01,0.244
VTEC,2025-09-02,0.28
VTEC,2025-10-01,0.274
VTEC,2025-11-03,0.271
VTEC,2025-12-01,0.272
VTEC,2025-12-24,0.263
VTEC,2026-02-02,0.251
VTEC,2026-03-02,0.257
VTEC,2026-04-01,0.258
VTEC,2026-05-01,0.26
VTEC,2026-06-01,0.258
VTEC,2026-07-01,0.262
VTEC,2026-08-03,0.256
VTEC,2026-09-01,0.26
VTEC,2026-10-01,0.258
VTEI,2024-03-01,0.216
VTEI,2024-04-01,0.256
VTEI,2024-05-01,0.13
VTEI,2024-06-03,0.241
VTEI,2024-07-01,0.261
VTEI,2024-08-01,0.255
VTEI,2024-09-03,0.262
VTEI,2024-10-01,0.251
VTEI,2024-11-01,0.246
VTEI,2024-12-02,0.256
VTEI,2024-12-24,0.257
VTEI,2025-02-03,0.239
VTEI,2025-03-03,0.26
VTEI,2025-04-01,0.249
VTEI,2025-05-01,0.234
VTEI,2025-06-02,0.258
VTEI,2025-07-01,0.269
VTEI,2025-08-01,0.25
VTEI,2025-09-02,0.224
VTEI,2025-10-01,0.259
VTEI,2025-11-03,0.262
VTEI,2025-12-01,0.261
VTEI,2025-12-18,0.263
VTEI,2026-02-02,0.253
VTEI,2026-03-02,0.264
VTEI,2026-04-01,0.259
VTEI,2026-05-01,0.265
VTEI,2026-06-01,0.246
VTEI,2026-07-01,0.263
VTEI,2026-08-03,0.258
VTEI,2026-09-01,0.261
VTEI,2026-10-01,0.26
VTEL,2025-07-01,0.466
VTEL,2025-08-01,0.246
VTEL,2025-09-02,0.32
VTEL,2025-10-01,0.296
VTEL,2025-11-03,0.312
VTEL,2025-12-01,0.333
VTEL,2025-12-18,0.339
VTEL,2026-02-02,0.332
VTEL,2026-03-02,0.312
VTEL,2026-04-01,0.337
VTEL,2026-05-01,0.336
VTEL,2026-06-01,0.328
VTEL,2026-07-01,0.34
VTEL,2026-08-03,0.309
VTEL,2026-09-01,0.314
VTEL,2026-10-01,0.321
VTES,2023-09-01,0.22
VTES,2023-10-02,0.216
VTES,2023-11-01,0.186
VTES,2023-12-01,0.236
VTES,2023-12-22,0.254
VTES,2024-02-01,0.253
VTES,2024-03-01,0.253
VTES,2024-04-01,0.248
VTES,2024-05-01,0.243
VTES,2024-06-03,0.254
VTES,2024-07-01,0.254
VTES,2024-08-01,0.247
VTES,2024-09-03,0.254
VTES,2024-10-01,0.257
VTES,2024-11-01,0.25
VTES,2024-12-02,0.246
VTES,2024-12-24,0.244
VTES,2025-02-03,0.229
VTES,2025-03-03,0.247
VTES,2025-04-01,0.233
VTES,2025-05-01,0.226
VTES,2025-06-02,0.234
VTES,2025-07-01,0.244
VTES,2025-08-01,0.226
VTES,2025-09-02,0.238
VTES,2025-10-01,0.238
VTES,2025-11-03,0.236
VTES,2025-12-01,0.234
VTES,2025-12-24,0.232
VTES,2026-02-02,0.225
VTES,2026-03-02,0.236
VTES,2026-04-01,0.223
VTES,2026-05-01,0.23
VTES,2026-06-01,0.219
VTES,2026-07-01,0.226
VTES,2026-08-03,0.219
VTES,2026-09-01,0.214
VTES,2026-10-01,0.194
VTG,2025-08-01,0.193
VTG,2025-09-02,0.187
VTG,2025-10-01,0.225
VTG,2025-11-03,0.184
VTG,2025-12-01,0.224
VTG,2025-12-18,0.244
VTG,2026-02-02,0.238
VTG,2026-03-02,0.228
VTG,2026-04-01,0.243
VTG,2026-05-01,0.229
VTG,2026-06-01,0.208
VTG,2026-07-01,0.242
VTG,2026-08-03,0.238
VTG,2026-09-01,0.249
VTG,2026-10-01,0.246
VTHR,2023-09-21,0.725
VTHR,2023-12-19,0.915
VTHR,2024-03-21,0.664
VTHR,2024-06-27,0.776
VTHR,2024-09-26,0.785
VTHR,2024-12-23,0.861
VTHR,2025-03-25,0.772
VTHR,2025-06-20,0.767
VTHR,2025-09-24,0.813
VTHR,2025-12-22,0.893
VTHR,2026-03-24,0.856
VTHR,2026-06-18,0.837
VTHR,2026-09-23,0.879
VTI,2023-09-21,0.798
VTI,2023-12-21,1.002
VTI,2024-03-22,0.911
VTI,2024-06-28,0.952
VTI,2024-09-27,0.871
VTI,2024-12-23,0.941
VTI,2025-03-27,0.985
VTI,2025-06-30,0.913
VTI,2025-09-29,0.907
VTI,2025-12-22,0.951
VTI,2026-03-27,0.998
VTI,2026-06-26,1.044
VTI,2026-09-28,0.956
VTIP,2023-10-02,0.342
VTIP,2023-12-22,0.638
VTIP,2024-04-01,0.027
VTIP,2024-07-01,0.444
VTIP,2024-10-01,0.308
VTIP,2024-12-24,0.529
VTIP,2025-04-01,0.098
VTIP,2025-07-01,0.426
VTIP,2025-10-01,0.648
VTIP,2025-12-18,0.711
VTIP,2026-04-01,0.023
VTIP,2026-07-01,0.68
VTIP,2026-10-01,0.933
VTP,2025-10-01,0.47
VTP,2025-12-18,0.709
VTP,2026-04-01,0.06
VTP,2026-07-01,1.008
VTP,2026-10-01,0.992
VTV,2023-09-21,0.897
VTV,2023-12-21,1.031
VTV,2024-03-21,1.006
VTV,2024-06-27,1.015
VTV,2024-09-26,0.914
VTV,2024-12-23,0.98
VTV,2025-03-27,1.013
VTV,2025-06-30,0.964
VTV,2025-09-29,0.943
VTV,2025-12-22,0.986
VTV,2026-03-27,1.079
VTV,2026-06-26,1.082
VTV,2026-09-28,1.017
VTWG,2023-09-21,0.376
VTWG,2023-12-19,0.48
VTWG,2024-03-21,0.266
VTWG,2024-06-27,0.265
VTWG,2024-09-26,0.227
VTWG,2024-12-23,0.407
VTWG,2025-03-25,0.218
VTWG,2025-06-20,0.379
VTWG,2025-09-24,0.254
VTWG,2025-12-22,0.667
VTWG,2026-03-24,0.324
VTWG,2026-06-18,0.425
VTWG,2026-09-23,0.336
VTWO,2023-09-21,0.32
VTWO,2023-12-19,0.401
VTWO,2024-03-21,0.174
VTWO,2024-06-27,0.299
VTWO,2024-09-26,0.277
VTWO,2024-12-23,0.331
VTWO,2025-03-25,0.248
VTWO,2025-06-20,0.25
VTWO,2025-09-24,0.343
VTWO,2025-12-22,0.403
VTWO,2026-03-24,0.262
VTWO,2026-06-18,0.301
VTWO,2026-09-23,0.391
VTWV,2023-09-21,0.794
VTWV,2023-12-19,0.993
VTWV,2024-03-21,0.346
VTWV,2024-06-27,0.593
VTWV,2024-09-26,0.814
VTWV,2024-12-23,0.823
VTWV,2025-03-25,0.518
VTWV,2025-06-20,0.543
VTWV,2025-09-24,0.957
VTWV,2025-12-22,0.851
VTWV,2026-03-24,0.611
VTWV,2026-06-18,0.713
VTWV,2026-09-23,1.021
VUG,2023-09-21,0.062667
VUG,2023-12-21,0.0975
VUG,2024-03-21,0.078
VUG,2024-06-27,0.076
VUG,2024-09-26,0.075833
VUG,2024-12-23,0.089
VUG,2025-03-27,0.083333
VUG,2025-06-30,0.084
VUG,2025-09-29,0.0845
VUG,2025-12-22,0.083167
VUG,2026-03-27,0.079667
VUG,2026-06-26,0.092
VUG,2026-09-28,0.091
VUSB,2023-09-01,0.195
VUSB,2023-10-02,0.196
VUSB,2023-11-01,0.203
VUSB,2023-12-01,0.205
VUSB,2023-12-22,0.215
VUSB,2024-02-01,0.216
VUSB,2024-03-01,0.203
VUSB,2024-04-01,0.228
VUSB,2024-05-01,0.219
VUSB,2024-06-03,0.223
VUSB,2024-07-01,0.212
VUSB,2024-08-01,0.214
VUSB,2024-09-03,0.21
VUSB,2024-10-01,0.21
VUSB,2024-11-01,0.208
VUSB,2024-12-02,0.208
VUSB,2024-12-24,0.21
VUSB,2025-02-03,0.212
VUSB,2025-03-03,0.187
VUSB,2025-04-01,0.204
VUSB,2025-05-01,0.194
VUSB,2025-06-02,0.199
VUSB,2025-07-01,0.194
VUSB,2025-08-01,0.194
VUSB,2025-09-02,0.19
VUSB,2025-10-01,0.188
VUSB,2025-11-03,0.187
VUSB,2025-12-01,0.18
VUSB,2025-12-18,0.177
VUSB,2026-02-02,0.182
VUSB,2026-03-02,0.165
VUSB,2026-04-01,0.178
VUSB,2026-05-01,0.176
VUSB,2026-06-01,0.169
VUSB,2026-07-01,0.176
VUSB,2026-08-03,0.175
VUSB,2026-09-01,0.174
VUSB,2026-10-01,0.181
VUSG,2025-12-23,0.011
VUSV,2025-12-23,0.124
VV,2023-09-21,0.724
VV,2023-12-21,0.91
VV,2024-03-22,0.822
VV,2024-06-28,0.864
VV,2024-09-27,0.799
VV,2024-12-23,0.852
VV,2025-03-27,0.889
VV,2025-06-30,0.848
VV,2025-09-29,0.818
VV,2025-12-22,0.859
VV,2026-03-27,0.863
VV,2026-06-26,0.974
VV,2026-09-28,0.9
VWO,2023-09-18,0.328
VWO,2023-12-18,0.865
VWO,2024-03-15,0.039
VWO,2024-06-21,0.17
VWO,2024-09-20,0.134
VWO,2024-12-20,1.066
VWO,2025-03-21,0.047
VWO,2025-06-20,0.139
VWO,2025-09-19,0.28
VWO,2025-12-19,1.033
VWO,2026-06-18,0.071
VWO,2026-09-18,0.114
VWOB,2023-09-01,0.298
VWOB,2023-10-02,0.297
VWOB,2023-11-01,0.301
VWOB,2023-12-01,0.281
VWOB,2023-12-22,0.304
VWOB,2024-02-01,0.276
VWOB,2024-03-01,0.316
VWOB,2024-04-01,0.316
VWOB,2024-05-01,0.307
VWOB,2024-06-03,0.317
VWOB,2024-07-01,0.317
VWOB,2024-08-01,0.337
VWOB,2024-09-03,0.323
VWOB,2024-10-01,0.321
VWOB,2024-11-01,0.352
VWOB,2024-12-02,0.334
VWOB,2024-12-24,0.325
VWOB,2025-02-03,0.382
VWOB,2025-03-03,0.346
VWOB,2025-04-01,0.345
VWOB,2025-05-01,0.324
VWOB,2025-06-02,0.316
VWOB,2025-07-01,0.317
VWOB,2025-08-01,0.386
VWOB,2025-09-02,0.314
VWOB,2025-10-01,0.314
VWOB,2025-11-03,0.317
VWOB,2025-12-01,0.319
VWOB,2025-12-18,0.315
VWOB,2026-02-02,0.34
VWOB,2026-03-02,0.32
VWOB,2026-04-01,0.329
VWOB,2026-05-01,0.318
VWOB,2026-06-01,0.319
VWOB,2026-07-01,0.314
VWOB,2026-08-03,0.347
VWOB,2026-09-01,0.321
VWOB,2026-10-01,0.326
VXF,2023-09-28,0.473
VXF,2023-12-20,0.677
VXF,2024-03-22,0.461
VXF,2024-06-28,0.552
VXF,2024-09-27,0.487
VXF,2024-12-23,0.576
VXF,2025-03-25,0.613
VXF,2025-06-26,0.534
VXF,2025-09-24,0.577
VXF,2025-12-22,0.656
VXF,2026-03-24,0.655
VXF,2026-06-24,0.555
VXF,2026-09-23,0.56
VXUS,2023-09-18,0.295
VXUS,2023-12-18,0.847
VXUS,2024-03-15,0.224
VXUS,2024-06-21,0.484
VXUS,2024-09-20,0.272
VXUS,2024-12-20,1.005
VXUS,2025-03-21,0.191
VXUS,2025-06-20,0.485
VXUS,2025-09-19,0.36
VXUS,2025-12-19,1.363
VXUS,2026-03-20,0.08
VXUS,2026-06-18,0.386
VXUS,2026-09-18,0.156
VYM,2023-09-18,0.785
VYM,2023-12-18,1.1
VYM,2024-03-15,0.656
VYM,2024-06-21,1.024
VYM,2024-09-20,0.851
VYM,2024-12-20,0.964
VYM,2025-03-21,0.85
VYM,2025-06-20,0.862
VYM,2025-09-19,0.842
VYM,2025-12-19,0.947
VYM,2026-03-20,0.862
VYM,2026-06-18,0.98
VYM,2026-09-18,0.887
VYMI,2023-09-18,0.683
VYMI,2023-12-18,0.864
VYMI,2024-03-15,0.616
VYMI,2024-06-21,1.009
VYMI,2024-09-20,0.697
VYMI,2024-12-20,0.965
VYMI,2025-03-21,0.6
VYMI,2025-06-20,1.076
VYMI,2025-09-19,0.7
VYMI,2025-12-19,0.939
VYMI,2026-03-20,0.708
VYMI,2026-06-18,1.257
VYMI,2026-09-18,0.817
WCBR,2024-12-26,0.007
WCMI,2024-12-13,2.009
WCMI,2025-06-26,0.076
WCMI,2025-12-12,0.057
WCMI,2026-06-25,0.047
WEBL,2025-03-25,0.025
WEBL,2025-06-24,0.044
WEBL,2026-03-24,0.008
WEBL,2026-06-23,0.034
WEBL,2026-09-22,0.004
WEEK,2025-03-11,0.068
WEEK,2025-03-18,0.08
WEEK,2025-03-25,0.079
WEEK,2025-04-01,0.079
WEEK,2025-04-08,0.078
WEEK,2025-04-15,0.078
WEEK,2025-04-22,0.078
WEEK,2025-04-29,0.079
WEEK,2025-05-06,0.08
WEEK,2025-05-13,0.079
WEEK,2025-05-20,0.079
WEEK,2025-05-27,0.079
WEEK,2025-06-03,0.08
WEEK,2025-06-10,0.078
WEEK,2025-06-17,0.079
WEEK,2025-06-24,0.079
WEEK,2025-07-01,0.079
WEEK,2025-07-08,0.079
WEEK,2025-07-15,0.079
WEEK,2025-07-22,0.079
WEEK,2025-07-29,0.079
WEEK,2025-08-05,0.079
WEEK,2025-08-12,0.079
WEEK,2025-08-19,0.079
WEEK,2025-08-26,0.078
WEEK,2025-09-02,0.078
WEEK,2025-09-09,0.078
WEEK,2025-09-16,0.077
WEEK,2025-09-23,0.077
WEEK,2025-09-30,0.077
WEEK,2025-10-07,0.075
WEEK,2025-10-14,0.076
WEEK,2025-10-21,0.068
WEEK,2025-10-28,0.073
WEEK,2025-11-04,0.076
WEEK,2025-11-12,0.08
WEEK,2025-11-18,0.061
WEEK,2025-11-25,0.071
WEEK,2025-12-02,0.071
WEEK,2025-12-09,0.07
WEEK,2025-12-16,0.07
WEEK,2025-12-23,0.069
WEEK,2025-12-30,0.069
WEEK,2026-01-06,0.069
WEEK,2026-01-13,0.068
WEEK,2026-01-21,0.067
WEEK,2026-01-27,0.068
WEEK,2026-02-03,0.059
WEEK,2026-02-10,0.074
WEEK,2026-02-18,0.066
WEEK,2026-02-24,0.067
WEEK,2026-03-03,0.067
WEEK,2026-03-10,0.065
WEEK,2026-03-17,0.066
WEEK,2026-03-24,0.066
WEEK,2026-03-31,0.066
WEEK,2026-04-07,0.066
WEEK,2026-04-14,0.066
WEEK,2026-04-21,0.066
WEEK,2026-04-28,0.066
WEEK,2026-05-05,0.066
WEEK,2026-05-12,0.066
WEEK,2026-05-19,0.067
WEEK,2026-05-27,0.066
WEEK,2026-06-02,0.067
WEEK,2026-06-09,0.067
WEEK,2026-06-16,0.067
WEEK,2026-06-23,0.067
WEEK,2026-06-30,0.067
WEEK,2026-07-07,0.067
WEEK,2026-07-14,0.067
WEEK,2026-07-21,0.067
WEEK,2026-07-28,0.068
WEEK,2026-08-04,0.069
WEEK,2026-08-11,0.067
WEEK,2026-08-18,0.068
WEEK,2026-08-25,0.068
WEEK,2026-09-01,0.068
WEEK,2026-09-09,0.068
WEEK,2026-09-15,0.068
WEEK,2026-09-22,0.07
WEEK,2026-09-29,0.069
WELD,2023-12-13,0.08
WELD,2024-12-11,0.098
WELD,2025-12-10,0.131
WGMI,2023-12-20,0.055
WGMI,2024-12-24,0.049
WINN,2023-12-21,0.013
WIP,2023-09-01,0.199
WIP,2023-10-02,0.157
WIP,2023-11-01,0.305
WIP,2023-12-01,0.222
WIP,2023-12-18,0.171
WIP,2024-02-01,0.091
WIP,2024-03-01,0.176
WIP,2024-04-01,0.142
WIP,2024-05-01,0.29
WIP,2024-06-03,0.286
WIP,2024-07-01,0.243
WIP,2024-08-01,0.194
WIP,2024-09-03,0.14
WIP,2024-10-01,0.152
WIP,2024-11-01,0.172
WIP,2024-12-02,0.085
WIP,2024-12-19,0.22
WIP,2025-02-03,0.079
WIP,2025-03-03,0.146
WIP,2025-04-01,0.166
WIP,2025-05-01,0.256
WIP,2025-06-02,0.242
WIP,2025-07-01,0.326
WIP,2025-08-01,0.151
WIP,2025-09-02,0.166
WIP,2025-10-01,0.177
WIP,2025-11-03,0.158
WIP,2025-12-01,0.101
WIP,2025-12-18,0.205
WIP,2026-02-02,0.034
WIP,2026-03-02,0.16
WIP,2026-04-01,0.138
WIP,2026-05-01,0.309
WIP,2026-06-01,0.392
WIP,2026-07-01,0.356
WIP,2026-08-03,0.192
WIP,2026-09-01,0.121
WIP,2026-10-01,0.238
WLDR,2023-09-14,0.094
WLDR,2023-12-14,0.252
WLDR,2024-03-14,0.042
WLDR,2024-06-13,0.196
WLDR,2024-09-19,0.123
WLDR,2024-12-12,3.78
WLDR,2025-03-14,0.041
WLDR,2025-06-13,0.146
WLDR,2025-09-17,0.117
WLDR,2025-12-12,2.903
WLDR,2026-03-20,0.077
WLDR,2026-06-18,0.193
WLDR,2026-09-18,0.09
WNTR,2025-05-08,2.719
WNTR,2025-06-05,3.073
WNTR,2025-07-03,1.855
WNTR,2025-07-31,1.655
WNTR,2025-08-28,2.198
WNTR,2025-09-25,3.295
WNTR,2025-10-16,1.468
WNTR,2025-10-23,0.61
WNTR,2025-10-30,0.597
WNTR,2025-11-06,0.735
WNTR,2025-11-13,0.82
WNTR,2025-11-20,0.849
WNTR,2025-11-28,0.926
WNTR,2025-12-04,0.644
WNTR,2025-12-11,0.397
WNTR,2025-12-18,0.631
WNTR,2025-12-26,0.754
WNTR,2026-01-02,0.681
WNTR,2026-01-08,0.528
WNTR,2026-01-15,0.577
WNTR,2026-01-22,0.445
WNTR,2026-01-29,0.439
WNTR,2026-02-05,0.492
WNTR,2026-02-12,0.454
WNTR,2026-02-19,0.732
WNTR,2026-02-26,0.727
WNTR,2026-03-05,0.575
WNTR,2026-03-12,0.547
WNTR,2026-03-19,0.486
WNTR,2026-03-26,0.492
WNTR,2026-04-02,0.51
WNTR,2026-04-09,0.53
WNTR,2026-04-16,0.415
WNTR,2026-04-23,0.316
WNTR,2026-04-30,0.314
WNTR,2026-05-07,0.272
WNTR,2026-05-14,0.274
WNTR,2026-05-21,0.305
WNTR,2026-05-28,0.31
WNTR,2026-06-04,0.329
WNTR,2026-06-11,0.49
WNTR,2026-06-18,0.47
WNTR,2026-06-25,0.575
WNTR,2026-07-02,0.625
WNTR,2026-07-09,0.485
WNTR,2026-07-16,0.553
WNTR,2026-07-23,0.499
WNTR,2026-07-30,0.472
WNTR,2026-08-06,0.461
WNTR,2026-08-13,0.354
WNTR,2026-08-20,0.389
WNTR,2026-08-27,0.25
WNTR,2026-09-03,0.247
WNTR,2026-09-10,0.217
WNTR,2026-09-17,0.235
WNTR,2026-09-24,0.185
WNTR,2026-10-01,0.193
WOOD,2024-06-11,1.258
WOOD,2024-12-17,0.336
WOOD,2025-06-16,0.749
WOOD,2025-12-16,1.055
WOOD,2026-06-15,0.629
WRTH,2026-06-29,0.409
WRTH,2026-09-29,0.95
WTAI,2023-12-07,0.021
WTAI,2023-12-22,0.025
WTAI,2023-12-28,0.003
WTAI,2024-12-26,0.042
WTAI,2025-12-26,0.526
WTMF,2023-10-25,1.323
WTMF,2023-12-22,0.34
WTMF,2024-10-28,0.815
WTMF,2024-12-26,0.433
WTMF,2025-10-28,0.825
WTMF,2025-12-26,0.332
WTPI,2023-09-25,0.105
WTPI,2023-10-25,0.245
WTPI,2023-11-24,0.15
WTPI,2023-12-22,0.3
WTPI,2024-01-25,0.32
WTPI,2024-02-23,0.325
WTPI,2024-03-22,0.33
WTPI,2024-04-24,0.315
WTPI,2024-05-24,0.33
WTPI,2024-06-25,0.335
WTPI,2024-07-26,0.33
WTPI,2024-08-27,0.33
WTPI,2024-09-25,0.33
WTPI,2024-10-28,0.335
WTPI,2024-11-25,0.335
WTPI,2024-12-26,0.338
WTPI,2025-01-28,0.335
WTPI,2025-02-25,0.33
WTPI,2025-03-26,0.315
WTPI,2025-04-25,0.3
WTPI,2025-05-27,0.31
WTPI,2025-06-25,0.315
WTPI,2025-07-28,0.325
WTPI,2025-08-26,0.325
WTPI,2025-09-25,0.33
WTPI,2025-10-28,0.335
WTPI,2025-11-24,0.325
WTPI,2025-12-10,0.722
WTPI,2025-12-26,0.084
WTPI,2026-01-27,0.252
WTPI,2026-03-26,0.323
WTPI,2026-04-27,0.33
WTPI,2026-05-26,0.333
WTPI,2026-06-25,0.327
WTPI,2026-07-28,0.328
WTPI,2026-08-26,0.332
WTPI,2026-09-25,0.332
WTV,2023-09-25,0.26
WTV,2023-12-22,0.35
WTV,2023-12-28,0.017
WTV,2024-03-22,0.28
WTV,2024-06-25,0.315
WTV,2024-09-25,0.355
WTV,2024-12-26,0.33
WTV,2024-12-31,0.011
WTV,2025-03-26,0.315
WTV,2025-06-25,0.31
WTV,2025-09-25,0.375
WTV,2025-12-26,0.463
WTV,2025-12-31,0.024
WTV,2026-03-26,0.52
WTV,2026-06-25,0.585
WTV,2026-09-25,0.545
WWJD,2023-09-22,0.153
WWJD,2023-12-14,0.147
WWJD,2024-03-27,0.121
WWJD,2024-06-25,0.35
WWJD,2024-09-25,0.194
WWJD,2024-12-16,0.202
WWJD,2025-03-27,0.079
WWJD,2025-06-26,0.407
WWJD,2025-09-26,0.171
WWJD,2025-12-17,0.286
WWJD,2026-06-26,0.531
XAGG,2025-11-28,0.254
XAGG,2025-12-23,0.261
XAGG,2026-01-30,0.277
XAGG,2026-02-27,0.273
XAGG,2026-03-31,0.284
XAGG,2026-04-30,0.294
XAGG,2026-05-29,0.286
XAGG,2026-06-30,0.292
XAGG,2026-07-31,0.287
XAGG,2026-08-31,0.283
XAGG,2026-09-30,0.274
XAIX,2024-12-20,0.028
XAIX,2025-06-20,0.109
XAIX,2025-12-19,0.122
XAIX,2026-06-18,0.098
XAR,2023-09-18,0.125
XAR,2023-12-18,0.348
XAR,2024-03-18,0.156
XAR,2024-06-24,0.164
XAR,2024-09-23,0.207
XAR,2024-12-23,0.57
XAR,2025-03-24,0.19
XAR,2025-06-23,0.132
XAR,2025-09-22,0.519
XAR,2025-12-22,0.116
XAR,2026-03-23,0.112
XAR,2026-06-22,0.062
XAR,2026-09-21,0.129
XBB,2023-09-01,0.212
XBB,2023-10-02,0.2
XBB,2023-11-01,0.226
XBB,2023-12-01,0.205
XBB,2023-12-28,0.217
XBB,2024-02-01,0.219
XBB,2024-03-01,0.203
XBB,2024-04-01,0.205
XBB,2024-05-01,0.211
XBB,2024-06-03,0.218
XBB,2024-07-01,0.211
XBB,2024-08-01,0.219
XBB,2024-09-03,0.216
XBB,2024-10-01,0.209
XBB,2024-11-01,0.215
XBB,2024-12-02,0.201
XBB,2024-12-30,0.213
XBB,2025-02-03,0.206
XBB,2025-03-03,0.192
XBB,2025-04-01,0.079
XBB,2025-05-01,0.2
XBB,2025-06-02,0.207
XBB,2025-07-01,0.197
XBB,2025-08-01,0.205
XBB,2025-09-02,0.205
XBB,2025-10-01,0.182
XBB,2025-11-03,0.181
XBB,2025-12-01,0.177
XBB,2025-12-30,0.199
XBB,2026-02-02,0.19
XBB,2026-03-02,0.162
XBB,2026-04-01,0.194
XBB,2026-05-01,0.184
XBB,2026-06-01,0.191
XBB,2026-07-01,0.181
XBB,2026-08-03,0.2
XBB,2026-09-01,0.184
XBCI,2026-02-04,1.6
XBCI,2026-03-04,1.356
XBCI,2026-04-08,1.348
XBCI,2026-05-06,1.568
XBCI,2026-06-03,1.318
XBCI,2026-07-08,1.052
XBCI,2026-08-05,1.026
XBCI,2026-09-02,1.249
XBI,2023-12-18,0.014
XBI,2024-06-24,0.115
XBI,2024-09-23,0.015
XBI,2024-12-23,0.003
XBI,2025-03-24,0.005
XBI,2025-06-23,0.007
XBI,2025-09-22,0.027
XBI,2025-12-22,0.407
XBI,2026-06-22,0.138
XBIL,2023-09-01,0.224
XBIL,2023-10-02,0.225
XBIL,2023-11-01,0.226
XBIL,2023-12-01,0.226
XBIL,2023-12-27,0.22
XBIL,2024-02-01,0.215
XBIL,2024-03-01,0.211
XBIL,2024-04-01,0.215
XBIL,2024-05-01,0.216
XBIL,2024-06-03,0.218
XBIL,2024-07-01,0.219
XBIL,2024-08-01,0.216
XBIL,2024-09-03,0.209
XBIL,2024-10-01,0.193
XBIL,2024-11-01,0.176
XBIL,2024-12-02,0.181
XBIL,2024-12-30,0.18
XBIL,2025-02-03,0.175
XBIL,2025-03-03,0.174
XBIL,2025-04-01,0.174
XBIL,2025-05-01,0.17
XBIL,2025-06-02,0.17
XBIL,2025-07-01,0.181
XBIL,2025-08-01,0.171
XBIL,2025-09-02,0.172
XBIL,2025-10-01,0.159
XBIL,2025-11-03,0.154
XBIL,2025-12-02,0.153
XBIL,2025-12-30,0.158
XBIL,2026-01-29,0.15
XBIL,2026-02-26,0.146
XBIL,2026-03-30,0.146
XBIL,2026-04-28,0.149
XBIL,2026-05-28,0.147
XBIL,2026-06-29,0.148
XBIL,2026-07-28,0.159
XBIL,2026-08-27,0.159
XBIL,2026-09-28,0.159
XCCC,2023-09-01,0.361
XCCC,2023-10-02,0.326
XCCC,2023-11-01,0.297
XCCC,2023-12-01,0.364
XCCC,2023-12-28,0.379
XCCC,2024-02-01,0.362
XCCC,2024-03-01,0.345
XCCC,2024-04-01,0.348
XCCC,2024-05-01,0.383
XCCC,2024-06-03,0.376
XCCC,2024-07-01,0.339
XCCC,2024-08-01,0.351
XCCC,2024-09-03,0.325
XCCC,2024-10-01,0.328
XCCC,2024-11-01,0.346
XCCC,2024-12-02,0.342
XCCC,2024-12-30,0.334
XCCC,2025-02-03,0.318
XCCC,2025-03-03,0.296
XCCC,2025-04-01,0.349
XCCC,2025-05-01,0.336
XCCC,2025-06-02,0.321
XCCC,2025-07-01,0.315
XCCC,2025-08-01,0.348
XCCC,2025-09-02,0.333
XCCC,2025-10-01,0.305
XCCC,2025-11-03,0.322
XCCC,2025-12-01,0.213
XCCC,2025-12-30,0.369
XCCC,2026-02-02,0.248
XCCC,2026-03-02,0.265
XCCC,2026-04-01,0.355
XCCC,2026-05-01,0.279
XCCC,2026-06-01,0.318
XCCC,2026-07-01,0.296
XCCC,2026-08-03,0.362
XCCC,2026-09-01,0.283
XCEM,2023-12-18,0.369
XCEM,2024-12-18,0.817
XCEM,2025-12-18,1.247
XDTE,2024-03-26,0.209
XDTE,2024-04-03,0.129
XDTE,2024-04-10,0.022
XDTE,2024-04-17,0.195
XDTE,2024-04-24,0.374
XDTE,2024-05-01,0.258
XDTE,2024-05-08,0.239
XDTE,2024-05-15,0.344
XDTE,2024-05-22,0.133
XDTE,2024-05-30,0.163
XDTE,2024-06-06,0.111
XDTE,2024-06-13,0.203
XDTE,2024-06-20,0.225
XDTE,2024-06-27,0.264
XDTE,2024-07-03,0.215
XDTE,2024-07-11,0.237
XDTE,2024-07-18,0.201
XDTE,2024-07-25,0.241
XDTE,2024-08-01,0.351
XDTE,2024-08-08,0.412
XDTE,2024-08-15,0.387
XDTE,2024-08-22,0.388
XDTE,2024-08-29,0.261
XDTE,2024-09-05,0.312
XDTE,2024-09-12,0.335
XDTE,2024-09-19,0.199
XDTE,2024-09-26,0.188
XDTE,2024-10-03,0.229
XDTE,2024-10-10,0.202
XDTE,2024-10-17,0.217
XDTE,2024-10-24,0.239
XDTE,2024-10-31,0.155
XDTE,2024-11-07,0.214
XDTE,2024-11-14,0.274
XDTE,2024-11-21,0.258
XDTE,2024-11-27,0.186
XDTE,2024-12-05,0.235
XDTE,2024-12-12,0.154
XDTE,2024-12-19,0.642
XDTE,2024-12-26,0.606
XDTE,2025-01-02,0.336
XDTE,2025-01-08,0.19
XDTE,2025-01-16,0.368
XDTE,2025-01-23,0.214
XDTE,2025-01-30,0.255
XDTE,2025-02-06,0.178
XDTE,2025-02-13,0.234
XDTE,2025-02-20,0.22
XDTE,2025-02-27,0.203
XDTE,2025-03-06,0.142
XDTE,2025-03-13,0.244
XDTE,2025-03-20,0.325
XDTE,2025-03-27,0.211
XDTE,2025-04-03,0.275
XDTE,2025-04-10,0.217
XDTE,2025-04-16,0.236
XDTE,2025-04-24,0.343
XDTE,2025-05-01,0.255
XDTE,2025-05-08,0.336
XDTE,2025-05-15,0.24
XDTE,2025-05-22,0.212
XDTE,2025-05-29,0.207
XDTE,2025-06-05,0.249
XDTE,2025-06-12,0.193
XDTE,2025-06-18,0.223
XDTE,2025-06-26,0.269
XDTE,2025-07-02,0.247
XDTE,2025-07-10,0.254
XDTE,2025-07-17,0.256
XDTE,2025-07-24,0.254
XDTE,2025-07-31,0.254
XDTE,2025-08-07,0.257
XDTE,2025-08-14,0.25
XDTE,2025-08-21,0.254
XDTE,2025-08-28,0.212
XDTE,2025-09-04,0.213
XDTE,2025-09-11,0.21
XDTE,2025-09-18,0.21
XDTE,2025-09-25,0.169
XDTE,2025-10-02,0.171
XDTE,2025-10-09,0.212
XDTE,2025-10-16,0.212
XDTE,2025-10-23,0.206
XDTE,2025-10-30,0.251
XDTE,2025-11-06,0.211
XDTE,2025-11-13,0.217
XDTE,2025-11-20,0.269
XDTE,2025-11-26,0.208
XDTE,2025-12-04,0.311
XDTE,2025-12-11,0.21
XDTE,2025-12-18,0.21
XDTE,2025-12-24,1.38
XDTE,2025-12-31,2.053
XDTE,2026-01-08,0.162
XDTE,2026-01-15,0.115
XDTE,2026-01-22,0.161
XDTE,2026-01-29,0.102
XDTE,2026-02-05,0.059
XDTE,2026-02-12,0.123
XDTE,2026-02-19,0.183
XDTE,2026-02-26,0.203
XDTE,2026-03-05,0.161
XDTE,2026-03-12,0.141
XDTE,2026-03-19,0.128
XDTE,2026-03-26,0.125
XDTE,2026-04-01,0.206
XDTE,2026-04-09,0.142
XDTE,2026-04-16,0.127
XDTE,2026-04-23,0.173
XDTE,2026-04-30,0.157
XDTE,2026-05-07,0.143
XDTE,2026-05-14,0.161
XDTE,2026-05-21,0.143
XDTE,2026-05-28,0.156
XDTE,2026-06-04,0.192
XDTE,2026-06-11,0.097
XDTE,2026-06-17,0.088
XDTE,2026-06-25,0.265
XDTE,2026-07-01,0.185
XDTE,2026-07-09,0.185
XDTE,2026-07-16,0.166
XDTE,2026-07-23,0.132
XDTE,2026-07-30,0.09
XDTE,2026-08-06,0.11
XDTE,2026-08-13,0.204
XDTE,2026-08-20,0.184
XDTE,2026-08-27,0.098
XDTE,2026-09-03,0.149
XDTE,2026-09-10,0.13
XDTE,2026-09-17,0.112
XDTE,2026-09-24,0.111
XDTE,2026-10-01,0.111
XEMD,2023-09-01,0.219
XEMD,2023-10-02,0.209
XEMD,2023-11-01,0.218
XEMD,2023-12-01,0.213
XEMD,2023-12-28,0.216
XEMD,2024-02-01,0.209
XEMD,2024-03-01,0.201
XEMD,2024-04-01,0.216
XEMD,2024-05-01,0.211
XEMD,2024-06-03,0.215
XEMD,2024-07-01,0.214
XEMD,2024-08-01,0.24
XEMD,2024-09-03,0.21
XEMD,2024-10-01,0.217
XEMD,2024-11-01,0.254
XEMD,2024-12-02,0.211
XEMD,2024-12-30,0.226
XEMD,2025-02-03,0.264
XEMD,2025-03-03,0.206
XEMD,2025-04-01,0.234
XEMD,2025-05-01,0.225
XEMD,2025-06-02,0.237
XEMD,2025-07-01,0.221
XEMD,2025-08-01,0.258
XEMD,2025-09-02,0.229
XEMD,2025-10-01,0.181
XEMD,2025-11-03,0.186
XEMD,2025-12-01,0.199
XEMD,2025-12-15,0.099
XEMD,2025-12-30,0.205
XEMD,2026-02-02,0.219
XEMD,2026-03-02,0.192
XEMD,2026-04-01,0.209
XEMD,2026-05-01,0.198
XEMD,2026-06-01,0.213
XEMD,2026-07-01,0.199
XEMD,2026-08-03,0.239
XEMD,2026-09-01,0.195
XEMD,2026-10-01,0.194
XES,2023-09-18,0.158
XES,2023-12-18,0.193
XES,2024-03-18,0.19
XES,2024-06-24,0.26
XES,2024-09-23,0.306
XES,2024-12-23,0.282
XES,2025-03-24,0.323
XES,2025-06-23,0.393
XES,2025-09-22,0.359
XES,2025-12-22,0.308
XES,2026-03-23,0.325
XES,2026-06-22,0.309
XES,2026-09-21,0.258
XFIV,2023-09-01,0.155
XFIV,2023-10-02,0.152
XFIV,2023-11-01,0.159
XFIV,2023-12-01,0.157
XFIV,2023-12-28,0.159
XFIV,2024-02-01,0.158
XFIV,2024-03-01,0.107
XFIV,2024-04-01,0.163
XFIV,2024-05-01,0.158
XFIV,2024-06-03,0.177
XFIV,2024-07-01,0.164
XFIV,2024-08-01,0.165
XFIV,2024-09-03,0.159
XFIV,2024-10-01,0.157
XFIV,2024-11-01,0.162
XFIV,2024-12-02,0.145
XFIV,2024-12-30,0.166
XFIV,2025-02-03,0.212
XFIV,2025-03-03,0.15
XFIV,2025-04-01,0.157
XFIV,2025-05-01,0.259
XFIV,2025-06-02,0.159
XFIV,2025-07-01,0.155
XFIV,2025-08-01,0.151
XFIV,2025-09-02,0.159
XFIV,2025-10-01,0.152
XFIV,2025-11-03,0.151
XFIV,2025-12-01,0.15
XFIV,2025-12-30,0.147
XFIV,2026-02-02,0.16
XFIV,2026-03-02,0.142
XFIV,2026-04-01,0.167
XFIV,2026-05-01,0.153
XFIV,2026-06-01,0.164
XFIV,2026-07-01,0.156
XFIV,2026-08-03,0.186
XFIV,2026-09-01,0.161
XHB,2023-09-18,0.19
XHB,2023-12-18,0.188
XHB,2024-03-18,0.168
XHB,2024-06-24,0.147
XHB,2024-09-23,0.126
XHB,2024-12-23,0.179
XHB,2025-03-24,0.313
XHB,2025-06-23,0.151
XHB,2025-09-22,0.158
XHB,2025-12-22,0.18
XHB,2026-03-23,0.218
XHB,2026-03-26,0.076
XHB,2026-06-22,0.16
XHB,2026-09-21,0.536
XHE,2023-12-18,0.027
XHE,2024-09-23,0.007
XHE,2024-12-23,0.025
XHE,2025-06-23,0.02
XHE,2025-09-22,0.03
XHE,2025-12-22,0.022
XHLF,2023-09-01,0.216
XHLF,2023-10-02,0.189
XHLF,2023-11-01,0.222
XHLF,2023-12-01,0.212
XHLF,2023-12-28,0.231
XHLF,2024-02-01,0.229
XHLF,2024-03-01,0.202
XHLF,2024-04-01,0.218
XHLF,2024-05-01,0.209
XHLF,2024-06-03,0.216
XHLF,2024-07-01,0.209
XHLF,2024-08-01,0.211
XHLF,2024-09-03,0.214
XHLF,2024-10-01,0.203
XHLF,2024-11-01,0.205
XHLF,2024-12-02,0.186
XHLF,2024-12-30,0.19
XHLF,2025-02-03,0.167
XHLF,2025-03-03,0.167
XHLF,2025-04-01,0.184
XHLF,2025-05-01,0.148
XHLF,2025-06-02,0.171
XHLF,2025-07-01,0.163
XHLF,2025-08-01,0.163
XHLF,2025-09-02,0.171
XHLF,2025-10-01,0.164
XHLF,2025-11-03,0.202
XHLF,2025-12-01,0.144
XHLF,2025-12-30,0.159
XHLF,2026-02-02,0.165
XHLF,2026-03-02,0.14
XHLF,2026-04-01,0.157
XHLF,2026-05-01,0.151
XHLF,2026-06-01,0.153
XHLF,2026-07-01,0.15
XHLF,2026-08-03,0.155
XHLF,2026-09-01,0.156
XHS,2023-09-18,0.067
XHS,2023-12-18,0.052
XHS,2024-03-18,0.062
XHS,2024-06-24,0.102
XHS,2024-09-23,0.09
XHS,2024-12-23,0.085
XHS,2025-03-24,0.045
XHS,2025-06-23,0.06
XHS,2025-09-22,0.067
XHS,2025-12-22,0.118
XHS,2026-03-23,0.042
XHS,2026-06-22,0.042
XHS,2026-09-21,0.011
XJH,2023-09-26,0.142
XJH,2023-12-20,0.168
XJH,2024-03-21,0.088
XJH,2024-06-11,0.094
XJH,2024-09-25,0.143
XJH,2024-12-17,0.192
XJH,2025-03-18,0.099
XJH,2025-06-16,0.12
XJH,2025-09-16,0.127
XJH,2025-12-16,0.209
XJH,2026-03-17,0.101
XJH,2026-06-15,0.117
XJH,2026-09-15,0.138
XLB,2023-09-18,0.196
XLB,2023-12-18,0.2955
XLB,2024-03-18,0.1625
XLB,2024-06-24,0.2125
XLB,2024-09-23,0.209
XLB,2024-12-23,0.222
XLB,2025-03-24,0.2035
XLB,2025-06-23,0.219
XLB,2025-09-22,0.2145
XLB,2025-12-22,0.233
XLB,2026-03-23,0.208
XLB,2026-06-22,0.193
XLB,2026-09-21,0.229
XLC,2023-09-18,0.168
XLC,2023-12-18,0.174
XLC,2024-03-18,0.214
XLC,2024-06-24,0.224
XLC,2024-09-23,0.269
XLC,2024-12-23,0.254
XLC,2025-03-24,0.288
XLC,2025-06-23,0.249
XLC,2025-09-22,0.415
XLC,2025-12-22,0.376
XLC,2026-03-23,0.357
XLC,2026-06-22,0.284
XLC,2026-09-21,0.364
XLE,2023-09-18,0.337
XLE,2023-12-18,0.401
XLE,2024-03-18,0.367
XLE,2024-06-24,0.3575
XLE,2024-09-23,0.3635
XLE,2024-12-23,0.35
XLE,2025-03-24,0.358
XLE,2025-06-23,0.359
XLE,2025-09-22,0.3745
XLE,2025-12-22,0.373
XLE,2026-03-23,0.385
XLE,2026-06-22,0.385
XLE,2026-09-21,0.38
XLEI,2025-09-02,0.591
XLEI,2025-10-01,0.445
XLEI,2025-11-03,0.394
XLEI,2025-12-01,0.288
XLEI,2025-12-29,0.735
XLEI,2026-02-02,0.25
XLEI,2026-03-02,0.456
XLEI,2026-04-01,0.549
XLEI,2026-05-01,0.313
XLEI,2026-06-01,0.449
XLEI,2026-07-01,0.54
XLEI,2026-08-03,0.387
XLEI,2026-09-01,0.371
XLEI,2026-10-01,0.514
XLF,2023-09-18,0.155
XLF,2023-12-18,0.184
XLF,2024-03-18,0.153
XLF,2024-06-24,0.163
XLF,2024-09-23,0.165
XLF,2024-12-23,0.206
XLF,2025-03-24,0.179
XLF,2025-06-23,0.172
XLF,2025-09-22,0.178
XLF,2025-12-22,0.191
XLF,2026-03-23,0.251
XLF,2026-06-22,0.187
XLF,2026-09-21,0.197
XLG,2023-09-18,0.087
XLG,2023-12-18,0.088
XLG,2024-03-18,0.09
XLG,2024-06-24,0.094
XLG,2024-09-23,0.086
XLG,2024-12-23,0.09
XLG,2025-03-24,0.091
XLG,2025-06-23,0.103
XLG,2025-09-22,0.089
XLG,2025-12-22,0.097
XLG,2026-03-23,0.094
XLG,2026-06-22,0.117
XLG,2026-09-21,0.089
XLI,2023-09-18,0.426
XLI,2023-12-18,0.615
XLI,2024-03-18,0.376
XLI,2024-06-24,0.421
XLI,2024-09-23,0.431
XLI,2024-12-23,0.67
XLI,2025-03-24,0.405
XLI,2025-06-23,0.432
XLI,2025-09-22,0.63
XLI,2025-12-22,0.532
XLI,2026-03-23,0.453
XLI,2026-06-22,0.444
XLI,2026-09-21,0.455
XLK,2023-09-18,0.18
XLK,2023-12-18,0.211
XLK,2024-03-18,0.1695
XLK,2024-06-24,0.2
XLK,2024-09-23,0.1995
XLK,2024-12-23,0.193
XLK,2025-03-24,0.1875
XLK,2025-06-23,0.199
XLK,2025-09-22,0.179
XLK,2025-12-22,0.219
XLK,2026-03-23,0.168
XLK,2026-06-22,0.228
XLK,2026-09-21,0.221
XLP,2023-09-18,0.485
XLP,2023-12-18,0.536
XLP,2024-03-18,0.552
XLP,2024-06-24,0.582
XLP,2024-09-23,0.439
XLP,2024-12-23,0.602
XLP,2025-03-24,0.418
XLP,2025-06-23,0.552
XLP,2025-09-22,0.541
XLP,2025-12-22,0.627
XLP,2026-03-23,0.455
XLP,2026-06-22,0.574
XLP,2026-09-21,0.541
XLRE,2023-09-18,0.291
XLRE,2023-12-18,0.421
XLRE,2024-03-18,0.264
XLRE,2024-06-24,0.387
XLRE,2024-09-23,0.311
XLRE,2024-12-23,0.434
XLRE,2025-03-24,0.264
XLRE,2025-06-23,0.375
XLRE,2025-09-22,0.317
XLRE,2025-12-22,0.436
XLRE,2026-03-23,0.271
XLRE,2026-06-22,0.381
XLRE,2026-09-21,0.355
XLSR,2023-09-19,0.242
XLSR,2024-03-19,0.086
XLSR,2024-06-25,0.098
XLSR,2024-09-24,0.099
XLSR,2024-12-26,0.071
XLSR,2025-03-26,0.087
XLSR,2025-06-25,0.1
XLSR,2025-09-24,0.094
XLSR,2025-12-29,0.082
XLSR,2026-03-26,0.07
XLSR,2026-06-25,0.051
XLSR,2026-09-25,0.064
XLU,2023-09-18,0.261
XLU,2023-12-18,0.2985
XLU,2024-03-18,0.26
XLU,2024-06-24,0.2775
XLU,2024-09-23,0.2695
XLU,2024-12-23,0.314
XLU,2025-03-24,0.2775
XLU,2025-06-23,0.2785
XLU,2025-09-22,0.284
XLU,2025-12-22,0.317
XLU,2026-03-23,0.31
XLU,2026-06-22,0.284
XLU,2026-09-21,0.3
XLUI,2025-09-02,0.315
XLUI,2025-10-01,0.322
XLUI,2025-11-03,0.268
XLUI,2025-12-01,0.198
XLUI,2025-12-29,0.594
XLUI,2026-02-02,0.147
XLUI,2026-03-02,0.225
XLUI,2026-04-01,0.417
XLUI,2026-05-01,0.276
XLUI,2026-06-01,0.272
XLUI,2026-07-01,0.337
XLUI,2026-08-03,0.145
XLUI,2026-09-01,0.219
XLUI,2026-10-01,0.417
XLV,2023-09-18,0.54
XLV,2023-12-18,0.598
XLV,2024-03-18,0.523
XLV,2024-06-24,0.573
XLV,2024-09-23,0.577
XLV,2024-12-23,0.622
XLV,2025-03-24,0.565
XLV,2025-06-23,0.63
XLV,2025-09-22,0.625
XLV,2025-12-22,0.657
XLV,2026-03-23,0.595
XLV,2026-06-22,0.656
XLV,2026-09-21,0.642
XLVI,2025-09-02,0.374
XLVI,2025-10-01,0.293
XLVI,2025-11-03,0.245
XLVI,2025-12-01,0.273
XLVI,2025-12-29,0.329
XLVI,2026-02-02,0.227
XLVI,2026-03-02,0.321
XLVI,2026-04-01,0.336
XLVI,2026-05-01,0.267
XLVI,2026-06-01,0.204
XLVI,2026-07-01,0.265
XLVI,2026-08-03,0.22
XLVI,2026-09-01,0.285
XLVI,2026-10-01,0.314
XLY,2023-09-18,0.1525
XLY,2023-12-18,0.16
XLY,2024-03-18,0.1935
XLY,2024-06-24,0.196
XLY,2024-09-23,0.2025
XLY,2024-12-23,0.2165
XLY,2025-03-24,0.271
XLY,2025-06-23,0.2235
XLY,2025-09-22,0.2125
XLY,2025-12-22,0.241
XLY,2026-03-23,0.216
XLY,2026-06-22,0.233
XLY,2026-09-21,0.244
XLYI,2025-09-02,0.443
XLYI,2025-10-01,0.234
XLYI,2025-11-03,0.315
XLYI,2025-12-01,0.217
XLYI,2025-12-29,0.45
XLYI,2026-02-02,0.298
XLYI,2026-03-02,0.184
XLYI,2026-04-01,0.342
XLYI,2026-05-01,0.331
XLYI,2026-06-01,0.278
XLYI,2026-07-01,0.274
XLYI,2026-08-03,0.235
XLYI,2026-09-01,0.186
XLYI,2026-10-01,0.258
XMAG,2024-12-31,0.047
XMAG,2025-12-30,0.116
XME,2023-09-18,0.168
XME,2023-12-18,0.096
XME,2024-03-18,0.103
XME,2024-06-24,0.096
XME,2024-09-23,0.106
XME,2024-12-23,0.065
XME,2025-03-24,0.069
XME,2025-06-23,0.09
XME,2025-09-22,0.101
XME,2025-12-22,0.129
XME,2026-03-23,0.063
XME,2026-06-22,0.08
XME,2026-09-21,0.073
XMHQ,2023-09-18,0.137
XMHQ,2023-12-18,0.164
XMHQ,2024-03-18,0.204
XMHQ,2024-06-24,4.577
XMHQ,2024-09-23,0.146
XMHQ,2024-12-23,0.191
XMHQ,2025-03-24,0.189
XMHQ,2025-06-23,0.133
XMHQ,2025-09-22,0.146
XMHQ,2025-12-22,0.192
XMHQ,2026-03-23,0.147
XMHQ,2026-06-22,0.164
XMHQ,2026-09-21,0.154
XMLV,2023-09-18,0.319
XMLV,2023-12-18,0.245
XMLV,2024-03-18,0.329
XMLV,2024-06-24,0.302
XMLV,2024-09-23,0.323
XMLV,2024-12-23,0.405
XMLV,2025-03-24,0.512
XMLV,2025-06-23,0.405
XMLV,2025-09-22,0.446
XMLV,2025-12-22,0.427
XMLV,2026-03-23,0.566
XMLV,2026-06-22,0.506
XMLV,2026-09-21,0.498
XMMO,2023-09-18,0.149
XMMO,2023-12-18,0.126
XMMO,2024-03-18,0.105
XMMO,2024-06-24,0.054
XMMO,2024-09-23,0.109
XMMO,2024-12-23,0.146
XMMO,2025-03-24,0.301
XMMO,2025-06-23,0.313
XMMO,2025-09-22,0.231
XMMO,2025-12-22,0.232
XMMO,2026-03-23,0.253
XMMO,2026-06-22,0.25
XMMO,2026-09-21,0.248
XMPT,2023-09-01,0.057
XMPT,2023-10-02,0.068
XMPT,2023-11-01,0.068
XMPT,2023-12-01,0.07
XMPT,2023-12-27,0.076
XMPT,2024-02-01,0.08
XMPT,2024-03-01,0.079
XMPT,2024-04-01,0.085
XMPT,2024-04-23,0.081
XMPT,2024-06-03,0.086
XMPT,2024-07-01,0.106
XMPT,2024-08-01,0.106
XMPT,2024-09-03,0.108
XMPT,2024-10-01,0.105
XMPT,2024-11-01,0.104
XMPT,2024-12-02,0.106
XMPT,2024-12-27,0.107
XMPT,2025-02-03,0.118
XMPT,2025-03-03,0.106
XMPT,2025-04-01,0.106
XMPT,2025-05-01,0.109
XMPT,2025-06-02,0.105
XMPT,2025-07-01,0.103
XMPT,2025-08-01,0.104
XMPT,2025-09-02,0.114
XMPT,2025-10-01,0.104
XMPT,2025-11-03,0.104
XMPT,2025-11-28,0.107
XMPT,2025-12-29,0.104
XMPT,2026-02-02,0.106
XMPT,2026-03-02,0.107
XMPT,2026-04-01,0.111
XMPT,2026-04-24,0.106
XMPT,2026-06-01,0.103
XMPT,2026-07-01,0.105
XMPT,2026-08-03,0.107
XMPT,2026-09-01,0.106
XMPT,2026-10-01,0.107
XMVM,2023-09-18,0.179
XMVM,2023-12-18,0.184
XMVM,2024-03-18,0.164
XMVM,2024-06-24,0.161
XMVM,2024-09-23,0.248
XMVM,2024-12-23,0.222
XMVM,2025-03-24,0.385
XMVM,2025-06-23,0.339
XMVM,2025-09-22,0.318
XMVM,2025-12-22,0.284
XMVM,2026-03-23,0.407
XMVM,2026-06-22,0.322
XMVM,2026-09-21,0.348
XNTK,2023-09-18,0.112
XNTK,2023-12-18,0.155
XNTK,2024-03-18,0.175
XNTK,2024-06-24,0.286
XNTK,2024-09-23,0.212
XNTK,2024-12-23,0.169
XNTK,2025-03-24,0.105
XNTK,2025-06-23,0.303
XNTK,2025-09-22,0.085
XNTK,2025-12-22,0.153
XNTK,2026-03-23,0.095
XNTK,2026-06-22,0.201
XNTK,2026-09-21,0.076
XOEX,2023-09-15,0.115
XOEX,2023-12-15,0.119
XOEX,2024-03-15,0.133
XOEX,2024-06-21,0.166
XOEX,2024-09-20,0.163
XOEX,2024-12-20,0.195
XOEX,2025-03-21,0.162
XOEX,2025-06-20,0.173
XOEX,2025-09-19,0.15
XOEX,2025-12-19,0.228
XOEX,2026-03-20,0.088
XOEX,2026-06-18,0.123
XOEX,2026-09-18,0.156
XONE,2023-09-01,0.237
XONE,2023-10-02,0.199
XONE,2023-11-01,0.227
XONE,2023-12-01,0.224
XONE,2023-12-28,0.234
XONE,2024-02-01,0.263
XONE,2024-03-01,0.272
XONE,2024-04-01,0.225
XONE,2024-05-01,0.197
XONE,2024-06-03,0.221
XONE,2024-07-01,0.211
XONE,2024-08-01,0.192
XONE,2024-09-03,0.217
XONE,2024-10-01,0.183
XONE,2024-11-01,0.209
XONE,2024-12-02,0.205
XONE,2024-12-30,0.184
XONE,2025-02-03,0.194
XONE,2025-03-03,0.177
XONE,2025-04-01,0.191
XONE,2025-05-01,0.203
XONE,2025-06-02,0.185
XONE,2025-07-01,0.165
XONE,2025-08-01,0.183
XONE,2025-09-02,0.186
XONE,2025-10-01,0.158
XONE,2025-11-03,0.177
XONE,2025-12-01,0.168
XONE,2025-12-30,0.159
XONE,2026-02-02,0.169
XONE,2026-03-02,0.136
XONE,2026-04-01,0.166
XONE,2026-05-01,0.171
XONE,2026-06-01,0.162
XONE,2026-07-01,0.147
XONE,2026-08-03,0.158
XONE,2026-09-01,0.168
XOP,2023-09-18,0.772
XOP,2023-12-18,1.036
XOP,2024-03-18,0.76
XOP,2024-06-24,0.777
XOP,2024-09-23,0.896
XOP,2024-12-23,0.808
XOP,2025-03-24,0.761
XOP,2025-06-23,0.752
XOP,2025-09-22,0.881
XOP,2025-12-22,0.91
XOP,2026-03-23,0.709
XOP,2026-06-22,0.748
XOP,2026-09-21,0.757
XPAY,2024-11-06,0.972
XPAY,2024-12-11,0.972
XPAY,2025-01-08,0.953
XPAY,2025-02-12,0.953
XPAY,2025-03-12,0.953
XPAY,2025-04-09,0.953
XPAY,2025-05-07,0.953
XPAY,2025-06-11,0.953
XPAY,2025-07-09,0.953
XPAY,2025-08-06,0.953
XPAY,2025-09-10,0.953
XPAY,2025-10-08,0.953
XPAY,2025-11-12,0.953
XPAY,2025-12-10,0.953
XPAY,2026-01-14,0.9
XPAY,2026-02-11,0.9
XPAY,2026-03-11,0.9
XPAY,2026-04-08,0.9
XPAY,2026-05-13,0.9
XPAY,2026-06-10,0.9
XPAY,2026-07-08,0.9
XPAY,2026-08-12,0.9
XPAY,2026-09-09,0.9
XPH,2023-09-18,0.12
XPH,2023-12-18,0.174
XPH,2024-03-18,0.173
XPH,2024-06-24,0.156
XPH,2024-09-23,0.195
XPH,2024-12-23,0.155
XPH,2025-03-24,0.153
XPH,2025-06-23,0.096
XPH,2025-09-22,0.103
XPH,2025-12-22,0.113
XPH,2026-03-23,0.061
XPH,2026-06-22,0.059
XPH,2026-09-21,0.042
XQQI,2026-02-04,0.85
XQQI,2026-03-04,0.814
XQQI,2026-04-08,0.767
XQQI,2026-05-06,0.856
XQQI,2026-06-03,0.922
XQQI,2026-07-08,0.877
XQQI,2026-08-05,0.824
XQQI,2026-09-02,0.84
XRMI,2023-09-18,0.2
XRMI,2023-10-23,0.192
XRMI,2023-11-20,0.19
XRMI,2023-12-28,0.19
XRMI,2024-01-22,0.189
XRMI,2024-02-20,0.192
XRMI,2024-03-18,0.19
XRMI,2024-04-22,0.189
XRMI,2024-05-20,0.19
XRMI,2024-06-24,0.19
XRMI,2024-07-22,0.188
XRMI,2024-08-19,0.189
XRMI,2024-09-23,0.193
XRMI,2024-10-21,0.19
XRMI,2024-11-18,0.195
XRMI,2024-12-30,0.196
XRMI,2025-01-21,0.192
XRMI,2025-02-24,0.193
XRMI,2025-03-24,0.183
XRMI,2025-04-21,0.178
XRMI,2025-05-19,0.179
XRMI,2025-06-23,0.181
XRMI,2025-07-21,0.189
XRMI,2025-08-18,0.183
XRMI,2025-09-22,0.184
XRMI,2025-10-20,0.179
XRMI,2025-11-24,0.179
XRMI,2025-12-22,0.187
XRMI,2026-01-20,0.184
XRMI,2026-02-23,0.177
XRMI,2026-03-23,0.169
XRMI,2026-04-20,0.187
XRMI,2026-05-18,0.18
XRMI,2026-06-22,0.176
XRMI,2026-07-20,0.173
XRMI,2026-08-24,0.179
XRMI,2026-09-21,0.174
XRPI,2025-06-26,0.013
XRPI,2025-07-29,0.014
XRPI,2025-08-27,0.033
XRPI,2025-09-26,0.034
XRPI,2025-10-29,0.032
XRPI,2025-11-25,0.024
XRPI,2025-12-15,0.015
XRPI,2026-01-21,0.026
XRPI,2026-02-18,0.016
XRPI,2026-03-18,0.014
XRPI,2026-04-22,0.015
XRPI,2026-05-20,0.014
XRPI,2026-06-17,0.012
XRPI,2026-07-22,0.012
XRPI,2026-08-19,0.01
XRPI,2026-09-23,0.014
XRPT,2025-07-29,0.02
XRPT,2025-08-27,0.26
XRPT,2025-09-26,0.34
XRPT,2025-10-29,0.28
XRPT,2025-11-25,0.2
XRPT,2025-12-15,0.14
XRPT,2026-01-21,0.1
XRPT,2026-02-18,0.08
XRPT,2026-03-18,0.047
XRPT,2026-04-22,0.045
XRPT,2026-05-20,0.042
XRPT,2026-06-17,0.033
XRPT,2026-07-22,0.027
XRPT,2026-08-19,0.025
XRPT,2026-09-23,0.022
XRT,2023-09-18,0.171
XRT,2023-12-18,0.326
XRT,2024-03-18,0.15
XRT,2024-06-24,0.374
XRT,2024-09-23,0.124
XRT,2024-12-23,0.564
XRT,2025-03-24,0.181
XRT,2025-06-23,0.205
XRT,2025-09-22,0.102
XRT,2025-12-22,0.173
XRT,2026-03-23,0.212
XRT,2026-06-22,0.186
XRT,2026-09-21,0.173
XSD,2023-09-18,0.141
XSD,2023-12-18,0.192
XSD,2024-03-18,0.079
XSD,2024-06-24,0.135
XSD,2024-09-23,0.169
XSD,2024-12-23,0.109
XSD,2025-03-24,0.2
XSD,2025-06-23,0.264
XSD,2025-09-22,0.159
XSD,2025-12-22,0.206
XSD,2026-03-23,0.18
XSD,2026-06-22,0.233
XSD,2026-09-21,0.184
XSMO,2023-09-18,0.1
XSMO,2023-12-18,0.086
XSMO,2024-03-18,0.061
XSMO,2024-06-24,0.055
XSMO,2024-09-23,0.132
XSMO,2024-12-23,0.167
XSMO,2025-03-24,0.196
XSMO,2025-06-23,0.116
XSMO,2025-09-22,0.122
XSMO,2025-12-22,0.109
XSMO,2026-03-23,0.119
XSMO,2026-06-22,0.126
XSMO,2026-09-21,0.158
XSOE,2023-09-25,0.16
XSOE,2023-12-22,0.175
XSOE,2024-06-25,0.15
XSOE,2024-09-25,0.16
XSOE,2024-12-26,0.096
XSOE,2024-12-31,0.034
XSOE,2025-06-25,0.16
XSOE,2025-09-25,0.195
XSOE,2025-12-26,0.232
XSOE,2026-03-26,0.05
XSOE,2026-06-25,0.28
XSOE,2026-09-25,0.215
XSPI,2026-02-04,0.7
XSPI,2026-03-04,0.682
XSPI,2026-04-08,0.638
XSPI,2026-05-06,0.683
XSPI,2026-06-03,0.713
XSPI,2026-07-08,0.7
XSPI,2026-08-05,0.699
XSPI,2026-09-02,0.703
XSVM,2023-09-18,0.193
XSVM,2023-12-18,0.205
XSVM,2024-03-18,0.219
XSVM,2024-06-24,0.248
XSVM,2024-09-23,0.238
XSVM,2024-12-23,0.215
XSVM,2025-03-24,0.397
XSVM,2025-06-23,0.269
XSVM,2025-09-22,0.391
XSVM,2025-12-22,0.252
XSVM,2026-03-23,0.294
XSVM,2026-06-22,0.307
XSVM,2026-09-21,0.413
XSVN,2023-09-01,0.148
XSVN,2023-10-02,0.146
XSVN,2023-11-01,0.082
XSVN,2023-12-01,0.158
XSVN,2023-12-28,0.166
XSVN,2024-02-01,0.161
XSVN,2024-03-01,0.132
XSVN,2024-04-01,0.147
XSVN,2024-05-01,0.163
XSVN,2024-06-03,0.174
XSVN,2024-07-01,0.16
XSVN,2024-08-01,0.169
XSVN,2024-09-03,0.17
XSVN,2024-10-01,0.157
XSVN,2024-11-01,0.182
XSVN,2024-12-02,0.152
XSVN,2024-12-30,0.163
XSVN,2025-02-03,0.156
XSVN,2025-03-03,0.154
XSVN,2025-04-01,0.177
XSVN,2025-05-01,0.162
XSVN,2025-06-02,0.164
XSVN,2025-07-01,0.162
XSVN,2025-08-01,0.209
XSVN,2025-09-02,0.163
XSVN,2025-10-01,0.154
XSVN,2025-11-03,0.158
XSVN,2025-12-01,0.153
XSVN,2025-12-30,0.137
XSVN,2026-02-02,0.159
XSVN,2026-03-02,0.146
XSVN,2026-04-01,0.174
XSVN,2026-05-01,0.157
XSVN,2026-06-01,0.156
XSVN,2026-07-01,0.157
XSVN,2026-08-03,0.162
XSVN,2026-09-01,0.168
XSW,2023-09-18,0.1
XSW,2023-12-18,0.036
XSW,2024-06-24,0.135
XSW,2025-03-24,0.051
XSW,2025-06-23,0.066
XT,2023-12-20,0.107
XT,2024-06-11,0.158
XT,2024-12-17,0.224
XT,2024-12-30,0.009
XT,2025-06-16,0.209
XT,2025-12-16,5.332
XT,2026-06-15,0.358
XTEN,2023-09-01,0.137
XTEN,2023-10-02,0.152
XTEN,2023-11-01,0.157
XTEN,2023-12-01,0.16
XTEN,2023-12-28,0.148
XTEN,2024-02-01,0.108
XTEN,2024-03-01,0.136
XTEN,2024-04-01,0.172
XTEN,2024-05-01,0.157
XTEN,2024-06-03,0.163
XTEN,2024-07-01,0.163
XTEN,2024-08-01,0.163
XTEN,2024-09-03,0.168
XTEN,2024-10-01,0.16
XTEN,2024-11-01,0.165
XTEN,2024-12-02,0.147
XTEN,2024-12-30,0.183
XTEN,2025-02-03,0.159
XTEN,2025-03-03,0.092
XTEN,2025-04-01,0.162
XTEN,2025-05-01,0.158
XTEN,2025-06-02,0.145
XTEN,2025-07-01,0.172
XTEN,2025-08-01,0.165
XTEN,2025-09-02,0.167
XTEN,2025-10-01,0.162
XTEN,2025-11-03,0.164
XTEN,2025-12-01,0.167
XTEN,2025-12-30,0.159
XTEN,2026-02-02,0.166
XTEN,2026-03-02,0.15
XTEN,2026-04-01,0.164
XTEN,2026-05-01,0.167
XTEN,2026-06-01,0.182
XTEN,2026-07-01,0.151
XTEN,2026-08-03,0.17
XTEN,2026-09-01,0.17
XTL,2023-09-18,0.207
XTL,2023-12-18,0.075
XTL,2024-03-18,0.19
XTL,2024-06-24,0.169
XTL,2024-09-23,0.179
XTL,2024-12-23,0.131
XTL,2025-03-24,0.271
XTL,2025-06-23,0.208
XTL,2025-09-22,1.026
XTL,2025-12-22,0.104
XTL,2026-03-23,0.644
XTL,2026-06-22,0.879
XTL,2026-09-21,0.304
XTN,2023-09-18,0.187
XTN,2023-12-18,0.135
XTN,2024-03-18,0.204
XTN,2024-06-24,0.164
XTN,2024-09-23,0.189
XTN,2024-12-23,0.247
XTN,2025-03-24,0.181
XTN,2025-06-23,0.144
XTN,2025-09-22,0.175
XTN,2025-12-22,0.215
XTN,2026-03-23,0.2
XTN,2026-06-22,0.145
XTN,2026-09-21,0.187
XTRE,2023-09-01,0.182
XTRE,2023-10-02,0.179
XTRE,2023-11-01,0.165
XTRE,2023-12-01,0.161
XTRE,2023-12-28,0.199
XTRE,2024-02-01,0.171
XTRE,2024-03-01,0.131
XTRE,2024-04-01,0.182
XTRE,2024-05-01,0.169
XTRE,2024-06-03,0.193
XTRE,2024-07-01,0.187
XTRE,2024-08-01,0.168
XTRE,2024-09-03,0.171
XTRE,2024-10-01,0.162
XTRE,2024-11-01,0.158
XTRE,2024-12-02,0.192
XTRE,2024-12-30,0.161
XTRE,2025-02-03,0.135
XTRE,2025-03-03,0.16
XTRE,2025-04-01,0.154
XTRE,2025-05-01,0.164
XTRE,2025-06-02,0.169
XTRE,2025-07-01,0.154
XTRE,2025-08-01,0.171
XTRE,2025-09-02,0.169
XTRE,2025-10-01,0.155
XTRE,2025-11-03,0.164
XTRE,2025-12-01,0.16
XTRE,2025-12-30,0.16
XTRE,2026-02-02,0.17
XTRE,2026-03-02,0.136
XTRE,2026-04-01,0.168
XTRE,2026-05-01,0.161
XTRE,2026-06-01,0.192
XTRE,2026-07-01,0.149
XTRE,2026-08-03,0.176
XTRE,2026-09-01,0.163
XTWO,2023-09-01,0.166
XTWO,2023-10-02,0.181
XTWO,2023-11-01,0.186
XTWO,2023-12-01,0.192
XTWO,2023-12-28,0.205
XTWO,2024-02-01,0.259
XTWO,2024-03-01,0.165
XTWO,2024-04-01,0.176
XTWO,2024-05-01,0.171
XTWO,2024-06-03,0.185
XTWO,2024-07-01,0.187
XTWO,2024-08-01,0.181
XTWO,2024-09-03,0.189
XTWO,2024-10-01,0.172
XTWO,2024-11-01,0.184
XTWO,2024-12-02,0.184
XTWO,2024-12-30,0.174
XTWO,2025-02-03,0.219
XTWO,2025-03-03,0.172
XTWO,2025-04-01,0.182
XTWO,2025-05-01,0.174
XTWO,2025-06-02,0.179
XTWO,2025-07-01,0.162
XTWO,2025-08-01,0.182
XTWO,2025-09-02,0.176
XTWO,2025-10-01,0.155
XTWO,2025-11-03,0.174
XTWO,2025-12-01,0.168
XTWO,2025-12-30,0.156
XTWO,2026-02-02,0.171
XTWO,2026-03-02,0.139
XTWO,2026-04-01,0.172
XTWO,2026-05-01,0.16
XTWO,2026-06-01,0.162
XTWO,2026-07-01,0.146
XTWO,2026-08-03,0.154
XTWO,2026-09-01,0.153
XTWY,2023-09-01,0.157
XTWY,2023-10-02,0.144
XTWY,2023-11-01,0.15
XTWY,2023-12-01,0.137
XTWY,2023-12-28,0.171
XTWY,2024-02-01,0.15
XTWY,2024-03-01,0.143
XTWY,2024-04-01,0.154
XTWY,2024-05-01,0.155
XTWY,2024-06-03,0.154
XTWY,2024-07-01,0.153
XTWY,2024-08-01,0.153
XTWY,2024-09-03,0.139
XTWY,2024-10-01,0.134
XTWY,2024-11-01,0.168
XTWY,2024-12-02,0.147
XTWY,2024-12-30,0.145
XTWY,2025-02-03,0.148
XTWY,2025-03-03,0.133
XTWY,2025-04-01,0.153
XTWY,2025-05-01,0.15
XTWY,2025-06-02,0.152
XTWY,2025-07-01,0.149
XTWY,2025-08-01,0.155
XTWY,2025-09-02,0.136
XTWY,2025-10-01,0.146
XTWY,2025-11-03,0.149
XTWY,2025-12-01,0.148
XTWY,2025-12-30,0.106
XTWY,2026-02-02,0.161
XTWY,2026-03-02,0.138
XTWY,2026-04-01,0.152
XTWY,2026-05-01,0.161
XTWY,2026-06-01,0.136
XTWY,2026-07-01,0.15
XTWY,2026-08-03,0.154
XTWY,2026-09-01,0.153
XV,2025-05-27,0.32
XV,2025-06-25,0.33
XV,2025-07-28,0.33
XV,2025-08-26,0.33
XV,2025-09-25,0.33
XV,2025-10-28,0.33
XV,2025-11-21,0.33
XV,2025-12-23,1.508
XV,2026-01-27,0.32
XV,2026-02-24,0.31
XV,2026-03-26,0.3
XV,2026-04-27,0.3
XV,2026-05-26,0.3
XV,2026-06-25,0.3
XV,2026-07-28,0.3
XV,2026-08-26,0.3
XV,2026-09-25,0.3
XXRP,2025-12-24,6.1
XXRP,2026-02-25,0.11
XYLD,2023-09-18,0.333
XYLD,2023-10-23,0.384
XYLD,2023-11-20,0.267
XYLD,2023-12-28,0.29
XYLD,2024-01-22,0.314
XYLD,2024-02-20,0.302
XYLD,2024-03-18,0.322
XYLD,2024-04-22,0.34
XYLD,2024-05-20,0.282
XYLD,2024-06-24,0.276
XYLD,2024-07-22,0.313
XYLD,2024-08-19,0.4
XYLD,2024-09-23,0.342
XYLD,2024-10-21,0.386
XYLD,2024-11-18,0.371
XYLD,2024-12-30,1.19
XYLD,2025-01-21,0.373
XYLD,2025-02-24,0.291
XYLD,2025-03-24,0.401
XYLD,2025-04-21,0.377
XYLD,2025-05-19,0.389
XYLD,2025-06-23,0.387
XYLD,2025-07-21,0.313
XYLD,2025-08-18,0.316
XYLD,2025-09-22,0.302
XYLD,2025-10-20,0.397
XYLD,2025-11-24,0.4
XYLD,2025-12-22,0.325
XYLD,2026-01-20,0.36
XYLD,2026-02-23,0.341
XYLD,2026-03-23,0.391
XYLD,2026-04-20,0.352
XYLD,2026-05-18,0.401
XYLD,2026-06-22,0.34
XYLD,2026-07-20,0.409
XYLD,2026-08-24,0.311
XYLD,2026-09-21,0.296
YANG,2023-09-19,1.8
YANG,2023-12-21,2.8
YANG,2024-03-19,1.92
YANG,2024-06-25,2.32
YANG,2024-09-24,1.62
YANG,2024-12-23,0.735
YANG,2025-03-25,0.255
YANG,2025-06-24,0.266
YANG,2025-09-23,0.206
YANG,2025-12-23,0.286
YANG,2026-03-24,0.262
YANG,2026-06-23,0.163
YANG,2026-09-22,0.272
YBIT,2024-06-06,6.855
YBIT,2024-07-05,6.08
YBIT,2024-08-07,3.355
YBIT,2024-09-06,3.61
YBIT,2024-10-03,3.99
YBIT,2024-10-31,3.36
YBIT,2024-11-29,6.32
YBIT,2024-12-27,3.545
YBIT,2025-01-23,3.945
YBIT,2025-02-20,2.755
YBIT,2025-03-20,2.18
YBIT,2025-04-17,2.055
YBIT,2025-05-15,4.35
YBIT,2025-06-12,1.655
YBIT,2025-07-10,1.905
YBIT,2025-08-07,2.71
YBIT,2025-09-04,1.385
YBIT,2025-10-02,1.54
YBIT,2025-10-16,1.225
YBIT,2025-10-23,0.405
YBIT,2025-10-30,0.675
YBIT,2025-11-06,0.365
YBIT,2025-11-13,0.38
YBIT,2025-11-20,0.375
YBIT,2025-11-28,0.35
YBIT,2025-12-04,0.694
YBIT,2025-12-11,0.279
YBIT,2025-12-18,0.281
YBIT,2025-12-26,0.301
YBIT,2026-01-02,0.285
YBIT,2026-01-08,0.305
YBIT,2026-01-15,0.236
YBIT,2026-01-22,0.336
YBIT,2026-01-29,0.251
YBIT,2026-02-05,0.238
YBIT,2026-02-12,0.219
YBIT,2026-02-19,0.24
YBIT,2026-02-26,0.246
YBIT,2026-03-05,0.296
YBIT,2026-03-12,0.323
YBIT,2026-03-19,0.375
YBIT,2026-03-26,0.273
YBIT,2026-04-02,0.262
YBIT,2026-04-09,0.273
YBIT,2026-04-16,0.278
YBIT,2026-04-23,0.269
YBIT,2026-04-30,0.332
YBIT,2026-05-07,0.32
YBIT,2026-05-14,0.236
YBIT,2026-05-21,0.183
YBIT,2026-05-28,0.191
YBIT,2026-06-04,0.165
YBIT,2026-06-11,0.15
YBIT,2026-06-18,0.151
YBIT,2026-06-25,0.144
YBIT,2026-07-02,0.149
YBIT,2026-07-09,0.172
YBIT,2026-07-16,0.178
YBIT,2026-07-23,0.189
YBIT,2026-07-30,0.185
YBIT,2026-08-06,0.165
YBIT,2026-08-13,0.135
YBIT,2026-08-20,0.124
YBIT,2026-08-27,0.271
YBIT,2026-09-03,0.263
YBIT,2026-09-10,0.31
YBIT,2026-09-17,0.272
YBIT,2026-09-24,0.192
YBIT,2026-10-01,0.163
YBTC,2024-01-29,1.334
YBTC,2024-02-27,1.812
YBTC,2024-03-26,4.125
YBTC,2024-04-26,2.048
YBTC,2024-05-30,1.843
YBTC,2024-06-27,0.912
YBTC,2024-07-30,2.062
YBTC,2024-08-29,1.612
YBTC,2024-09-27,2.11
YBTC,2024-10-30,0.884
YBTC,2024-11-27,1.773
YBTC,2024-12-30,1.632
YBTC,2025-01-02,1.036
YBTC,2025-01-08,0.535
YBTC,2025-01-16,0.35
YBTC,2025-01-23,0.383
YBTC,2025-01-30,0.88
YBTC,2025-02-06,0.565
YBTC,2025-02-13,0.293
YBTC,2025-02-20,0.281
YBTC,2025-02-27,0.23
YBTC,2025-03-06,0.244
YBTC,2025-03-13,0.324
YBTC,2025-03-20,0.564
YBTC,2025-03-27,0.328
YBTC,2025-04-03,0.282
YBTC,2025-04-10,0.309
YBTC,2025-04-16,0.443
YBTC,2025-04-24,0.445
YBTC,2025-05-01,0.237
YBTC,2025-05-08,0.26
YBTC,2025-05-15,0.493
YBTC,2025-05-22,0.515
YBTC,2025-05-29,0.243
YBTC,2025-06-05,0.424
YBTC,2025-06-12,0.203
YBTC,2025-06-18,0.201
YBTC,2025-06-26,0.275
YBTC,2025-07-02,0.275
YBTC,2025-07-09,0.311
YBTC,2025-07-16,0.453
YBTC,2025-07-23,0.525
YBTC,2025-07-30,0.44
YBTC,2025-08-06,0.506
YBTC,2025-08-13,0.342
YBTC,2025-08-20,0.484
YBTC,2025-08-27,0.498
YBTC,2025-09-03,0.462
YBTC,2025-09-10,0.382
YBTC,2025-09-17,0.395
YBTC,2025-09-24,0.41
YBTC,2025-10-01,0.4
YBTC,2025-10-08,0.378
YBTC,2025-10-15,0.389
YBTC,2025-10-22,0.367
YBTC,2025-10-29,0.297
YBTC,2025-11-05,0.302
YBTC,2025-11-12,0.302
YBTC,2025-11-19,0.281
YBTC,2025-11-26,0.225
YBTC,2025-12-03,0.198
YBTC,2025-12-10,0.215
YBTC,2025-12-17,0.21
YBTC,2025-12-24,0.859
YBTC,2025-12-31,1.385
YBTC,2026-01-07,0.197
YBTC,2026-01-14,0.282
YBTC,2026-01-21,0.195
YBTC,2026-01-28,0.237
YBTC,2026-02-04,0.218
YBTC,2026-02-11,0.207
YBTC,2026-02-18,0.21
YBTC,2026-02-25,0.167
YBTC,2026-03-04,0.165
YBTC,2026-03-11,0.159
YBTC,2026-03-18,0.165
YBTC,2026-03-25,0.17
YBTC,2026-04-01,0.148
YBTC,2026-04-08,0.159
YBTC,2026-04-15,0.195
YBTC,2026-04-22,0.145
YBTC,2026-04-29,0.127
YBTC,2026-05-06,0.172
YBTC,2026-05-13,0.152
YBTC,2026-05-20,0.131
YBTC,2026-05-27,0.131
YBTC,2026-06-03,0.125
YBTC,2026-06-10,0.12
YBTC,2026-06-17,0.129
YBTC,2026-06-24,0.104
YBTC,2026-07-01,0.134
YBTC,2026-07-08,0.129
YBTC,2026-07-15,0.099
YBTC,2026-07-22,0.103
YBTC,2026-07-29,0.103
YBTC,2026-08-05,0.103
YBTC,2026-08-12,0.103
YBTC,2026-08-19,0.102
YBTC,2026-08-26,0.068
YBTC,2026-09-02,0.102
YBTC,2026-09-09,0.07
YBTC,2026-09-16,0.106
YBTC,2026-09-23,0.102
YBTC,2026-09-30,0.11
YEAR,2023-09-01,0.211
YEAR,2023-10-02,0.22
YEAR,2023-11-01,0.234
YEAR,2023-12-01,0.216
YEAR,2023-12-28,0.247
YEAR,2024-02-01,0.19
YEAR,2024-03-01,0.218
YEAR,2024-04-01,0.227
YEAR,2024-05-01,0.22
YEAR,2024-06-03,0.218
YEAR,2024-07-01,0.213
YEAR,2024-08-01,0.215
YEAR,2024-09-03,0.216
YEAR,2024-10-01,0.206
YEAR,2024-11-01,0.202
YEAR,2024-12-02,0.202
YEAR,2024-12-30,0.272
YEAR,2025-02-03,0.178
YEAR,2025-03-03,0.191
YEAR,2025-04-01,0.192
YEAR,2025-05-01,0.181
YEAR,2025-06-02,0.191
YEAR,2025-07-01,0.183
YEAR,2025-08-01,0.181
YEAR,2025-09-02,0.175
YEAR,2025-10-01,0.175
YEAR,2025-11-03,0.169
YEAR,2025-12-01,0.171
YEAR,2025-12-31,0.202
YEAR,2026-02-02,0.171
YEAR,2026-03-02,0.165
YEAR,2026-04-01,0.162
YEAR,2026-05-01,0.165
YEAR,2026-06-01,0.162
YEAR,2026-07-01,0.158
YEAR,2026-08-03,0.156
YEAR,2026-09-01,0.159
YINN,2023-09-19,0.065
YINN,2023-12-21,0.393
YINN,2024-03-19,0.049
YINN,2024-06-25,0.119
YINN,2024-09-24,0.03
YINN,2024-12-23,0.307
YINN,2025-03-25,0.115
YINN,2025-06-24,0.256
YINN,2025-12-23,0.107
YINN,2026-03-24,0.063
YINN,2026-06-23,0.209
YINN,2026-09-22,0.556
YLD,2023-09-01,0.103
YLD,2023-10-02,0.102
YLD,2023-11-01,0.107
YLD,2023-12-01,0.102
YLD,2023-12-27,0.115
YLD,2024-02-01,0.109
YLD,2024-03-01,0.11
YLD,2024-04-01,0.111
YLD,2024-05-01,0.111
YLD,2024-06-03,0.111
YLD,2024-07-01,0.114
YLD,2024-08-01,0.108
YLD,2024-09-03,0.111
YLD,2024-10-01,0.115
YLD,2024-11-01,0.119
YLD,2024-12-02,0.121
YLD,2024-12-27,0.126
YLD,2025-02-03,0.12
YLD,2025-03-03,0.117
YLD,2025-04-01,0.11
YLD,2025-05-01,0.116
YLD,2025-06-02,0.117
YLD,2025-07-01,0.116
YLD,2025-08-01,0.109
YLD,2025-09-02,0.103
YLD,2025-10-01,0.109
YLD,2025-11-03,0.118
YLD,2025-12-01,0.118
YLD,2025-12-29,0.139
YLD,2026-02-02,0.116
YLD,2026-03-02,0.112
YLD,2026-04-01,0.116
YLD,2026-05-01,0.114
YLD,2026-06-01,0.11
YLD,2026-07-01,0.115
YLD,2026-08-03,0.116
YLD,2026-09-01,0.113
YLD,2026-10-01,0.115
YMAG,2024-02-15,0.431
YMAG,2024-03-14,0.592
YMAG,2024-04-17,0.623
YMAG,2024-05-15,0.637
YMAG,2024-06-14,0.677
YMAG,2024-07-17,0.637
YMAG,2024-08-15,0.576
YMAG,2024-09-19,0.198
YMAG,2024-09-26,0.17
YMAG,2024-10-03,0.164
YMAG,2024-10-10,0.282
YMAG,2024-10-17,0.226
YMAG,2024-10-24,0.055
YMAG,2024-10-31,0.153
YMAG,2024-11-07,0.207
YMAG,2024-11-14,0.21
YMAG,2024-11-21,0.061
YMAG,2024-11-29,0.203
YMAG,2024-12-05,0.277
YMAG,2024-12-12,0.168
YMAG,2024-12-19,0.059
YMAG,2024-12-27,0.174
YMAG,2025-01-03,0.31
YMAG,2025-01-08,0.158
YMAG,2025-01-16,0.05
YMAG,2025-01-23,0.1
YMAG,2025-01-30,0.19
YMAG,2025-02-06,0.186
YMAG,2025-02-13,0.051
YMAG,2025-02-20,0.137
YMAG,2025-02-27,0.176
YMAG,2025-03-06,0.151
YMAG,2025-03-13,0.145
YMAG,2025-03-20,0.085
YMAG,2025-03-27,0.084
YMAG,2025-04-03,0.097
YMAG,2025-04-10,0.097
YMAG,2025-04-17,0.094
YMAG,2025-04-24,0.092
YMAG,2025-05-01,0.101
YMAG,2025-05-08,0.106
YMAG,2025-05-15,0.2
YMAG,2025-05-22,0.26
YMAG,2025-05-29,0.293
YMAG,2025-06-05,0.209
YMAG,2025-06-12,0.171
YMAG,2025-06-20,0.169
YMAG,2025-06-26,0.157
YMAG,2025-07-03,0.055
YMAG,2025-07-10,0.126
YMAG,2025-07-17,0.152
YMAG,2025-07-24,0.203
YMAG,2025-07-31,0.075
YMAG,2025-08-07,0.08
YMAG,2025-08-14,0.162
YMAG,2025-08-21,0.149
YMAG,2025-08-28,0.118
YMAG,2025-09-04,0.083
YMAG,2025-09-11,0.143
YMAG,2025-09-18,0.14
YMAG,2025-09-25,0.152
YMAG,2025-10-02,0.099
YMAG,2025-10-09,0.209
YMAG,2025-10-15,0.201
YMAG,2025-10-22,0.217
YMAG,2025-10-29,0.135
YMAG,2025-11-05,0.132
YMAG,2025-11-12,0.174
YMAG,2025-11-19,0.094
YMAG,2025-11-26,0.123
YMAG,2025-12-03,0.097
YMAG,2025-12-10,0.128
YMAG,2025-12-17,0.132
YMAG,2025-12-24,0.093
YMAG,2025-12-31,0.099
YMAG,2026-01-07,0.05
YMAG,2026-01-14,0.063
YMAG,2026-01-21,0.086
YMAG,2026-01-28,0.075
YMAG,2026-02-04,0.083
YMAG,2026-02-11,0.115
YMAG,2026-02-18,0.108
YMAG,2026-02-25,0.09
YMAG,2026-03-04,0.099
YMAG,2026-03-11,0.094
YMAG,2026-03-18,0.087
YMAG,2026-03-25,0.086
YMAG,2026-04-01,0.087
YMAG,2026-04-08,0.081
YMAG,2026-04-15,0.083
YMAG,2026-04-22,0.099
YMAG,2026-04-29,0.12
YMAG,2026-05-06,0.18
YMAG,2026-05-13,0.15
YMAG,2026-05-20,0.153
YMAG,2026-05-27,0.113
YMAG,2026-06-03,0.112
YMAG,2026-06-10,0.101
YMAG,2026-06-17,0.082
YMAG,2026-06-24,0.081
YMAG,2026-07-01,0.073
YMAG,2026-07-08,0.076
YMAG,2026-07-15,0.077
YMAG,2026-07-22,0.092
YMAG,2026-07-29,0.09
YMAG,2026-08-05,0.096
YMAG,2026-08-12,0.112
YMAG,2026-08-19,0.106
YMAG,2026-08-26,0.083
YMAG,2026-09-02,0.085
YMAG,2026-09-09,0.074
YMAG,2026-09-16,0.067
YMAG,2026-09-23,0.072
YMAG,2026-09-30,0.079
YMAX,2024-02-15,0.534
YMAX,2024-03-14,0.568
YMAX,2024-04-17,0.632
YMAX,2024-05-15,0.732
YMAX,2024-06-14,0.73
YMAX,2024-07-17,0.652
YMAX,2024-08-15,0.591
YMAX,2024-09-19,0.227
YMAX,2024-09-26,0.222
YMAX,2024-10-03,0.208
YMAX,2024-10-10,0.204
YMAX,2024-10-17,0.175
YMAX,2024-10-24,0.227
YMAX,2024-10-31,0.225
YMAX,2024-11-07,0.12
YMAX,2024-11-14,0.152
YMAX,2024-11-21,0.244
YMAX,2024-11-29,0.306
YMAX,2024-12-05,0.238
YMAX,2024-12-12,0.123
YMAX,2024-12-19,0.139
YMAX,2024-12-27,0.245
YMAX,2025-01-03,0.181
YMAX,2025-01-08,0.14
YMAX,2025-01-16,0.112
YMAX,2025-01-23,0.172
YMAX,2025-01-30,0.147
YMAX,2025-02-06,0.194
YMAX,2025-02-13,0.15
YMAX,2025-02-20,0.185
YMAX,2025-02-27,0.133
YMAX,2025-03-06,0.241
YMAX,2025-03-13,0.1
YMAX,2025-03-20,0.153
YMAX,2025-03-27,0.132
YMAX,2025-04-03,0.178
YMAX,2025-04-10,0.129
YMAX,2025-04-17,0.133
YMAX,2025-04-24,0.137
YMAX,2025-05-01,0.174
YMAX,2025-05-08,0.168
YMAX,2025-05-15,0.191
YMAX,2025-05-22,0.186
YMAX,2025-05-29,0.215
YMAX,2025-06-05,0.172
YMAX,2025-06-12,0.18
YMAX,2025-06-20,0.142
YMAX,2025-06-26,0.155
YMAX,2025-07-03,0.157
YMAX,2025-07-10,0.135
YMAX,2025-07-17,0.104
YMAX,2025-07-24,0.184
YMAX,2025-07-31,0.165
YMAX,2025-08-07,0.145
YMAX,2025-08-14,0.11
YMAX,2025-08-21,0.162
YMAX,2025-08-28,0.137
YMAX,2025-09-04,0.109
YMAX,2025-09-11,0.132
YMAX,2025-09-18,0.129
YMAX,2025-09-25,0.082
YMAX,2025-10-02,0.14
YMAX,2025-10-09,0.147
YMAX,2025-10-15,0.174
YMAX,2025-10-22,0.157
YMAX,2025-10-29,0.194
YMAX,2025-11-05,0.174
YMAX,2025-11-12,0.151
YMAX,2025-11-19,0.13
YMAX,2025-11-26,0.101
YMAX,2025-12-03,0.096
YMAX,2025-12-10,0.114
YMAX,2025-12-17,0.124
YMAX,2025-12-24,0.094
YMAX,2025-12-31,0.106
YMAX,2026-01-07,0.088
YMAX,2026-01-14,0.082
YMAX,2026-01-21,0.082
YMAX,2026-01-28,0.083
YMAX,2026-02-04,0.082
YMAX,2026-02-11,0.074
YMAX,2026-02-18,0.078
YMAX,2026-02-25,0.072
YMAX,2026-03-04,0.081
YMAX,2026-03-11,0.083
YMAX,2026-03-18,0.082
YMAX,2026-03-25,0.034
YMAX,2026-04-01,0.088
YMAX,2026-04-08,0.09
YMAX,2026-04-15,0.092
YMAX,2026-04-22,0.1
YMAX,2026-04-29,0.1
YMAX,2026-05-06,0.082
YMAX,2026-05-13,0.093
YMAX,2026-05-20,0.091
YMAX,2026-05-27,0.09
YMAX,2026-06-03,0.093
YMAX,2026-06-10,0.08
YMAX,2026-06-17,0.077
YMAX,2026-06-24,0.076
YMAX,2026-07-01,0.073
YMAX,2026-07-08,0.071
YMAX,2026-07-15,0.073
YMAX,2026-07-22,0.069
YMAX,2026-07-29,0.057
YMAX,2026-08-05,0.059
YMAX,2026-08-12,0.061
YMAX,2026-08-19,0.06
YMAX,2026-08-26,0.059
YMAX,2026-09-02,0.06
YMAX,2026-09-09,0.06
YMAX,2026-09-16,0.058
YMAX,2026-09-23,0.06
YMAX,2026-09-30,0.06
YSPC,2026-07-30,0.426
YSPC,2026-08-06,0.59
YSPC,2026-08-13,0.779
YSPC,2026-08-20,0.861
YSPC,2026-08-27,0.818
YSPC,2026-09-03,0.781
YSPC,2026-09-10,0.638
YSPC,2026-09-17,0.573
YSPC,2026-09-24,0.607
YSPC,2026-10-01,0.492
YYY,2023-09-27,0.12
YYY,2023-10-27,0.12
YYY,2023-11-28,0.12
YYY,2023-12-27,0.12
YYY,2024-01-29,0.12
YYY,2024-02-27,0.12
YYY,2024-03-26,0.12
YYY,2024-04-26,0.12
YYY,2024-05-30,0.12
YYY,2024-06-27,0.12
YYY,2024-07-30,0.12
YYY,2024-08-29,0.12
YYY,2024-09-27,0.12
YYY,2024-10-30,0.12
YYY,2024-11-27,0.12
YYY,2024-12-30,0.12
YYY,2025-01-30,0.12
YYY,2025-02-27,0.12
YYY,2025-03-28,0.12
YYY,2025-04-29,0.12
YYY,2025-05-29,0.12
YYY,2025-06-27,0.12
YYY,2025-07-30,0.12
YYY,2025-08-28,0.12
YYY,2025-09-29,0.12
YYY,2025-10-30,0.12
YYY,2025-11-26,0.12
YYY,2025-12-30,0.12
YYY,2026-01-29,0.12
YYY,2026-02-26,0.12
YYY,2026-03-30,0.12
YYY,2026-04-29,0.12
YYY,2026-05-28,0.12
YYY,2026-06-29,0.12
YYY,2026-07-30,0.12
YYY,2026-08-28,0.12
YYY,2026-09-29,0.12
ZAP,2024-12-30,0.001
ZAP,2025-04-03,0.136
ZAP,2025-07-03,0.145
ZAP,2025-10-03,0.098
ZAP,2025-12-30,0.148
ZAP,2026-04-06,0.127
ZAP,2026-07-06,0.168
ZECP,2023-12-22,0.191
ZECP,2024-12-27,0.192
ZECP,2025-12-29,0.274
ZROZ,2023-10-02,0.71
ZROZ,2023-12-28,0.78
ZROZ,2024-04-01,0.77
ZROZ,2024-07-01,0.77
ZROZ,2024-10-01,0.76
ZROZ,2024-12-31,0.84
ZROZ,2025-04-01,0.78
ZROZ,2025-07-01,0.79
ZROZ,2025-10-01,0.74
ZROZ,2025-12-31,0.88
ZROZ,2026-04-01,0.82
ZROZ,2026-07-01,0.81
ZROZ,2026-10-01,0.55
