ticker,date,div
SPY,2016-03-18,1.05
SPY,2016-06-17,1.078
SPY,2016-09-16,1.082
SPY,2016-12-16,1.329
SPY,2017-03-17,1.033
SPY,2017-06-16,1.183
SPY,2017-09-15,1.235
SPY,2017-12-15,1.351
SPY,2018-03-16,1.097
SPY,2018-06-15,1.246
SPY,2018-09-21,1.323
SPY,2018-12-21,1.435
SPY,2019-03-15,1.233
SPY,2019-06-21,1.432
SPY,2019-09-20,1.384
SPY,2019-12-20,1.57
SPY,2020-03-20,1.406
SPY,2020-06-19,1.366
SPY,2020-09-18,1.339
SPY,2020-12-18,1.58
SPY,2021-03-19,1.278
SPY,2021-06-18,1.376
SPY,2021-09-17,1.428
SPY,2021-12-17,1.633
SPY,2022-03-18,1.366
SPY,2022-06-17,1.577
SPY,2022-09-16,1.596
SPY,2022-12-16,1.781
SPY,2023-03-17,1.506
SPY,2023-06-16,1.638
SPY,2023-09-15,1.583
SPY,2023-12-15,1.906
SPY,2024-03-15,1.595
SPY,2024-06-21,1.759
SPY,2024-09-20,1.746
SPY,2024-12-20,1.966
SPY,2025-03-21,1.696
SPY,2025-06-20,1.761
SPY,2025-09-19,1.831
SPY,2025-12-19,1.993
SPY,2026-03-20,1.797
SPY,2026-06-18,1.904
SPY,2026-09-18,1.889
VOO,2016-03-21,1.006
VOO,2016-06-21,0.953
VOO,2016-09-13,0.883
VOO,2016-12-22,1.296
VOO,2017-03-22,0.998
VOO,2017-06-23,1.01
VOO,2017-09-20,1.176
VOO,2017-12-26,1.184
VOO,2018-03-26,1.084
VOO,2018-06-28,1.157
VOO,2018-09-26,1.207
VOO,2018-12-17,1.289
VOO,2019-03-21,1.455
VOO,2019-06-27,1.386
VOO,2019-09-26,1.301
VOO,2019-12-23,1.429
VOO,2020-03-10,1.178
VOO,2020-06-29,1.433
VOO,2020-09-29,1.309
VOO,2020-12-22,1.383
VOO,2021-03-26,1.263
VOO,2021-06-29,1.333
VOO,2021-09-29,1.308
VOO,2021-12-21,1.533
VOO,2022-03-24,1.374
VOO,2022-06-29,1.432
VOO,2022-09-28,1.469
VOO,2022-12-20,1.672
VOO,2023-03-24,1.487
VOO,2023-06-29,1.576
VOO,2023-09-28,1.493
VOO,2023-12-20,1.801
VOO,2024-03-22,1.543
VOO,2024-06-28,1.784
VOO,2024-09-27,1.639
VOO,2024-12-23,1.739
VOO,2025-03-27,1.812
VOO,2025-06-30,1.745
VOO,2025-09-29,1.74
VOO,2025-12-22,1.771
VOO,2026-03-27,1.872
VOO,2026-06-26,1.962
VOO,2026-09-28,1.823
IVV,2016-06-21,0.998
IVV,2016-09-26,1.103
IVV,2016-12-21,1.304
IVV,2017-03-24,1.032
IVV,2017-06-27,1.117
IVV,2017-09-26,1.284
IVV,2017-12-19,1.273
IVV,2018-03-22,1.229
IVV,2018-06-26,1.281
IVV,2018-09-26,1.277
IVV,2018-12-17,1.442
IVV,2018-12-28,0.322
IVV,2019-03-20,1.13
IVV,2019-06-17,1.778
IVV,2019-09-24,1.483
IVV,2019-12-16,2.039
IVV,2020-03-25,1.531
IVV,2020-06-15,1.261
IVV,2020-09-23,1.506
IVV,2020-12-14,1.61
IVV,2021-03-25,1.311
IVV,2021-06-10,1.225
IVV,2021-09-24,1.693
IVV,2021-12-13,1.498
IVV,2022-03-24,1.481
IVV,2022-06-09,1.283
IVV,2022-09-26,1.906
IVV,2022-12-13,1.724
IVV,2023-03-23,1.648
IVV,2023-06-07,1.339
IVV,2023-09-26,1.987
IVV,2023-12-20,1.925
IVV,2024-03-21,1.665
IVV,2024-06-11,1.611
IVV,2024-09-25,2.235
IVV,2024-12-17,2.134
IVV,2025-03-18,1.765
IVV,2025-06-16,1.867
IVV,2025-09-16,1.995
IVV,2025-12-16,2.414
IVV,2026-03-17,1.784
IVV,2026-06-15,1.996
IVV,2026-09-15,2.203
VTI,2016-03-15,0.48
VTI,2016-06-14,0.469
VTI,2016-09-13,0.539
VTI,2016-12-20,0.727
VTI,2017-03-24,0.542
VTI,2017-06-21,0.575
VTI,2017-09-22,0.553
VTI,2017-12-21,0.673
VTI,2018-03-22,0.566
VTI,2018-06-22,0.603
VTI,2018-09-28,0.714
VTI,2018-12-24,0.721
VTI,2019-03-25,0.772
VTI,2019-06-17,0.547
VTI,2019-09-16,0.7
VTI,2019-12-24,0.886
VTI,2020-03-26,0.614
VTI,2020-06-25,0.7
VTI,2020-09-25,0.674
VTI,2020-12-24,0.782
VTI,2021-03-25,0.672
VTI,2021-06-24,0.675
VTI,2021-09-24,0.724
VTI,2021-12-27,0.859
VTI,2022-03-23,0.708
VTI,2022-06-23,0.749
VTI,2022-09-23,0.796
VTI,2022-12-22,0.931
VTI,2023-03-23,0.786
VTI,2023-06-23,0.827
VTI,2023-09-21,0.798
VTI,2023-12-21,1.002
VTI,2024-03-22,0.911
VTI,2024-06-28,0.952
VTI,2024-09-27,0.871
VTI,2024-12-23,0.941
VTI,2025-03-27,0.985
VTI,2025-06-30,0.913
VTI,2025-09-29,0.907
VTI,2025-12-22,0.951
VTI,2026-03-27,0.998
VTI,2026-06-26,1.044
VTI,2026-09-28,0.956
ITOT,2016-03-23,0.204
ITOT,2016-06-21,0.2385
ITOT,2016-09-26,0.223
ITOT,2016-12-21,0.273
ITOT,2017-03-24,0.222
ITOT,2017-06-27,0.241
ITOT,2017-09-26,0.267
ITOT,2017-12-19,0.302
ITOT,2018-03-22,0.249
ITOT,2018-06-26,0.259
ITOT,2018-09-26,0.298
ITOT,2018-12-17,0.349
ITOT,2018-12-28,0.061
ITOT,2019-03-20,0.239
ITOT,2019-06-17,0.357
ITOT,2019-09-24,0.322
ITOT,2019-12-16,0.446
ITOT,2020-03-25,0.269
ITOT,2020-06-15,0.276
ITOT,2020-09-23,0.332
ITOT,2020-12-14,0.342
ITOT,2021-03-25,0.296
ITOT,2021-06-10,0.236
ITOT,2021-09-24,0.367
ITOT,2021-12-13,0.367
ITOT,2022-03-24,0.325
ITOT,2022-06-09,0.273
ITOT,2022-09-26,0.405
ITOT,2022-12-13,0.406
ITOT,2023-03-23,0.352
ITOT,2023-06-07,0.283
ITOT,2023-09-26,0.443
ITOT,2023-12-20,0.473
ITOT,2024-03-21,0.308
ITOT,2024-06-11,0.336
ITOT,2024-09-25,0.466
ITOT,2024-12-17,0.468
ITOT,2025-03-18,0.358
ITOT,2025-06-16,0.386
ITOT,2025-09-16,0.414
ITOT,2025-12-16,0.487
ITOT,2026-03-17,0.327
ITOT,2026-06-15,0.419
ITOT,2026-09-15,0.453
SCHB,2016-06-20,0.0405
SCHB,2016-09-19,0.0285
SCHB,2016-12-19,0.0585
SCHB,2017-03-20,0.039167
SCHB,2017-06-19,0.044167
SCHB,2017-09-18,0.042667
SCHB,2017-12-18,0.051667
SCHB,2018-03-16,0.0445
SCHB,2018-06-26,0.047833
SCHB,2018-09-25,0.051667
SCHB,2018-12-12,0.055333
SCHB,2018-12-28,0.013333
SCHB,2019-03-20,0.046333
SCHB,2019-06-26,0.050667
SCHB,2019-09-25,0.056833
SCHB,2019-12-12,0.077
SCHB,2020-03-25,0.056167
SCHB,2020-06-24,0.049333
SCHB,2020-09-23,0.081167
SCHB,2020-12-10,0.060833
SCHB,2021-03-24,0.046833
SCHB,2021-06-23,0.052667
SCHB,2021-09-22,0.055833
SCHB,2021-12-08,0.0695
SCHB,2021-12-30,0.003167
SCHB,2022-03-23,0.048333
SCHB,2022-06-22,0.059667
SCHB,2022-09-21,0.062333
SCHB,2022-12-07,0.070667
SCHB,2023-03-22,0.059333
SCHB,2023-06-21,0.062
SCHB,2023-09-20,0.063333
SCHB,2023-12-06,0.074667
SCHB,2024-03-20,0.062333
SCHB,2024-06-26,0.067667
SCHB,2024-09-25,0.069
SCHB,2024-12-11,0.083
SCHB,2025-03-26,0.065
SCHB,2025-06-25,0.07
SCHB,2025-09-24,0.074
SCHB,2025-12-10,0.082
SCHB,2026-03-25,0.069
SCHB,2026-06-24,0.075
SCHB,2026-09-23,0.081
SCHX,2016-06-20,0.040167
SCHX,2016-09-19,0.030333
SCHX,2016-12-19,0.059333
SCHX,2017-03-20,0.040167
SCHX,2017-06-19,0.044167
SCHX,2017-09-18,0.046333
SCHX,2017-12-18,0.050167
SCHX,2018-03-16,0.044667
SCHX,2018-06-26,0.049833
SCHX,2018-09-25,0.051667
SCHX,2018-12-12,0.055
SCHX,2018-12-28,0.014333
SCHX,2019-03-20,0.048
SCHX,2019-06-26,0.0525
SCHX,2019-09-25,0.055167
SCHX,2019-12-12,0.077833
SCHX,2020-03-25,0.056333
SCHX,2020-06-24,0.05
SCHX,2020-09-23,0.080833
SCHX,2020-12-10,0.0615
SCHX,2021-03-24,0.047833
SCHX,2021-06-23,0.053833
SCHX,2021-09-22,0.056833
SCHX,2021-12-08,0.068667
SCHX,2021-12-30,0.003333
SCHX,2022-03-23,0.050333
SCHX,2022-06-22,0.062333
SCHX,2022-09-21,0.063
SCHX,2022-12-07,0.070667
SCHX,2023-03-22,0.06
SCHX,2023-06-21,0.063333
SCHX,2023-09-20,0.064
SCHX,2023-12-06,0.074667
SCHX,2024-03-20,0.065333
SCHX,2024-06-26,0.068667
SCHX,2024-09-25,0.069
SCHX,2024-12-11,0.079
SCHX,2025-03-26,0.067
SCHX,2025-06-25,0.072
SCHX,2025-09-24,0.073
SCHX,2025-12-10,0.081
SCHX,2026-03-25,0.073
SCHX,2026-06-24,0.076
SCHX,2026-09-23,0.082
QQQ,2016-03-18,0.318
QQQ,2016-06-17,0.287
QQQ,2016-09-16,0.294
QQQ,2016-12-16,0.355
QQQ,2017-03-17,0.274
QQQ,2017-06-16,0.378
QQQ,2017-09-18,0.319
QQQ,2017-12-18,0.329
QQQ,2018-03-19,0.277
QQQ,2018-06-18,0.378
QQQ,2018-09-24,0.33
QQQ,2018-12-24,0.421
QQQ,2019-03-18,0.324
QQQ,2019-06-24,0.416
QQQ,2019-09-23,0.384
QQQ,2019-12-23,0.458
QQQ,2020-03-23,0.363
QQQ,2020-06-22,0.424
QQQ,2020-12-21,0.561
QQQ,2021-03-22,0.395
QQQ,2021-06-21,0.397
QQQ,2021-09-20,0.414
QQQ,2021-12-20,0.491
QQQ,2022-03-21,0.434
QQQ,2022-06-21,0.527
QQQ,2022-09-19,0.519
QQQ,2022-12-19,0.655
QQQ,2023-03-20,0.472
QQQ,2023-06-20,0.504
QQQ,2023-09-18,0.536
QQQ,2023-12-18,0.808
QQQ,2023-12-27,0.216
QQQ,2024-03-18,0.573
QQQ,2024-06-24,0.762
QQQ,2024-09-23,0.677
QQQ,2024-12-23,0.835
QQQ,2025-03-24,0.716
QQQ,2025-06-23,0.591
QQQ,2025-09-22,0.694
QQQ,2025-12-22,0.794
QQQ,2026-03-23,0.733
QQQ,2026-06-22,0.813
QQQ,2026-09-21,0.751
QQQM,2020-12-21,0.206
QQQM,2021-03-22,0.157
QQQM,2021-06-21,0.182
QQQM,2021-09-20,0.166
QQQM,2021-12-20,0.149
QQQM,2022-03-21,0.194
QQQM,2022-06-21,0.205
QQQM,2022-09-19,0.245
QQQM,2022-12-19,0.27
QQQM,2023-03-20,0.254
QQQM,2023-06-20,0.217
QQQM,2023-09-18,0.245
QQQM,2023-12-18,0.381
QQQM,2024-03-18,0.345
QQQM,2024-06-24,0.32
QQQM,2024-09-23,0.3
QQQM,2024-12-23,0.31
QQQM,2025-03-24,0.318
QQQM,2025-06-23,0.316
QQQM,2025-09-22,0.302
QQQM,2025-12-22,0.323
QQQM,2026-03-23,0.328
QQQM,2026-06-22,0.352
QQQM,2026-09-21,0.313
DIA,2016-01-15,0.086
DIA,2016-02-19,0.613
DIA,2016-03-18,0.375
DIA,2016-04-15,0.13
DIA,2016-05-20,0.612
DIA,2016-06-17,0.355
DIA,2016-07-15,0.135
DIA,2016-08-19,0.656
DIA,2016-09-16,0.354
DIA,2016-10-21,0.18
DIA,2016-11-18,0.533
DIA,2016-12-16,0.432
DIA,2017-01-20,0.193
DIA,2017-02-17,0.561
DIA,2017-03-17,0.408
DIA,2017-04-21,0.182
DIA,2017-05-19,0.608
DIA,2017-06-16,0.394
DIA,2017-07-21,0.236
DIA,2017-08-18,0.529
DIA,2017-09-15,0.458
DIA,2017-10-20,0.183
DIA,2017-11-17,0.562
DIA,2017-12-15,0.561
DIA,2018-01-19,0.144
DIA,2018-02-16,0.645
DIA,2018-03-16,0.454
DIA,2018-04-20,0.132
DIA,2018-05-18,0.697
DIA,2018-06-15,0.376
DIA,2018-07-20,0.318
DIA,2018-08-17,0.538
DIA,2018-09-21,0.546
DIA,2018-10-19,0.155
DIA,2018-11-16,0.601
DIA,2018-12-21,0.616
DIA,2019-01-18,0.174
DIA,2019-02-15,0.698
DIA,2019-03-15,0.545
DIA,2019-04-18,0.158
DIA,2019-05-17,0.644
DIA,2019-06-21,0.637
DIA,2019-07-19,0.223
DIA,2019-08-16,0.674
DIA,2019-09-20,0.647
DIA,2019-10-18,0.173
DIA,2019-11-15,0.514
DIA,2019-12-20,0.866
DIA,2020-01-17,0.138
DIA,2020-02-21,0.804
DIA,2020-03-20,0.602
DIA,2020-04-17,0.13
DIA,2020-05-15,0.462
DIA,2020-06-19,0.753
DIA,2020-07-17,0.211
DIA,2020-08-21,0.604
DIA,2020-09-18,0.667
DIA,2020-10-16,0.117
DIA,2020-11-20,0.652
DIA,2020-12-18,0.588
DIA,2021-01-15,0.128
DIA,2021-02-19,0.601
DIA,2021-03-19,0.671
DIA,2021-04-16,0.112
DIA,2021-05-21,0.703
DIA,2021-06-18,0.493
DIA,2021-07-16,0.207
DIA,2021-08-20,0.611
DIA,2021-09-17,0.736
DIA,2021-10-15,0.117
DIA,2021-11-19,0.701
DIA,2021-12-17,0.662
DIA,2022-01-21,0.258
DIA,2022-02-18,0.519
DIA,2022-03-18,0.772
DIA,2022-04-14,0.126
DIA,2022-05-20,0.745
DIA,2022-06-17,0.692
DIA,2022-07-15,0.128
DIA,2022-08-19,0.656
DIA,2022-09-16,0.823
DIA,2022-10-21,0.182
DIA,2022-11-18,0.681
DIA,2022-12-16,0.75
DIA,2023-01-20,0.28
DIA,2023-02-17,0.552
DIA,2023-03-17,0.858
DIA,2023-04-21,0.184
DIA,2023-05-19,0.726
DIA,2023-06-16,0.776
DIA,2023-07-21,0.268
DIA,2023-08-18,0.51
DIA,2023-09-15,0.923
DIA,2023-10-20,0.187
DIA,2023-11-17,0.707
DIA,2023-12-15,0.833
DIA,2024-01-19,0.213
DIA,2024-02-16,0.612
DIA,2024-03-15,0.933
DIA,2024-04-19,0.198
DIA,2024-05-17,0.594
DIA,2024-06-21,0.874
DIA,2024-07-19,0.194
DIA,2024-08-16,0.327
DIA,2024-09-20,1.248
DIA,2024-10-18,0.149
DIA,2024-11-15,0.266
DIA,2024-12-20,1.223
DIA,2025-01-17,0.162
DIA,2025-02-21,0.659
DIA,2025-03-21,0.801
DIA,2025-04-17,0.197
DIA,2025-05-16,0.322
DIA,2025-06-20,1.199
DIA,2025-07-18,0.181
DIA,2025-08-15,0.266
DIA,2025-09-19,1.318
DIA,2025-10-17,0.155
DIA,2025-11-21,0.576
DIA,2025-12-19,1.044
DIA,2026-01-16,0.179
DIA,2026-02-20,0.613
DIA,2026-03-20,0.994
DIA,2026-04-17,0.206
DIA,2026-05-15,0.276
DIA,2026-06-18,1.405
DIA,2026-07-17,0.149
DIA,2026-08-21,0.437
DIA,2026-09-18,1.192
IWM,2016-03-23,0.327
IWM,2016-07-06,0.621
IWM,2016-09-26,0.344
IWM,2016-12-22,0.563
IWM,2017-03-24,0.387
IWM,2017-07-06,0.609
IWM,2017-09-26,0.349
IWM,2017-12-21,0.579
IWM,2018-03-22,0.362
IWM,2018-07-03,0.595
IWM,2018-09-26,0.45
IWM,2018-12-17,0.469
IWM,2019-03-20,0.412
IWM,2019-06-17,0.533
IWM,2019-09-24,0.544
IWM,2019-12-16,0.597
IWM,2020-03-25,0.42
IWM,2020-06-15,0.466
IWM,2020-09-23,0.566
IWM,2020-12-14,0.592
IWM,2021-03-25,0.398
IWM,2021-06-10,0.347
IWM,2021-09-24,0.679
IWM,2021-12-13,0.666
IWM,2022-03-24,0.4
IWM,2022-06-09,0.494
IWM,2022-09-26,0.861
IWM,2022-12-13,0.83
IWM,2023-03-23,0.631
IWM,2023-06-07,0.509
IWM,2023-09-26,0.829
IWM,2023-12-20,0.734
IWM,2024-03-21,0.522
IWM,2024-06-11,0.562
IWM,2024-09-25,0.752
IWM,2024-12-17,0.694
IWM,2025-03-18,0.46
IWM,2025-06-16,0.576
IWM,2025-09-16,0.677
IWM,2025-12-16,0.842
IWM,2026-03-17,0.442
IWM,2026-06-15,0.695
IWM,2026-09-15,0.75
RSP,2016-03-18,0.402
RSP,2016-06-17,0.187
RSP,2016-09-16,0.3
RSP,2016-12-16,0.147
RSP,2017-03-17,0.35
RSP,2017-06-16,0.321
RSP,2017-09-15,0.41
RSP,2017-12-15,0.458
RSP,2018-03-16,0.429
RSP,2018-06-15,0.402
RSP,2018-09-24,0.486
RSP,2018-12-24,0.532
RSP,2019-03-18,0.479
RSP,2019-06-24,0.49
RSP,2019-09-23,0.52
RSP,2019-12-23,0.469
RSP,2020-03-23,0.73
RSP,2020-06-22,0.425
RSP,2020-09-21,0.497
RSP,2020-12-21,0.442
RSP,2021-03-22,0.646
RSP,2021-06-21,0.42
RSP,2021-09-20,0.557
RSP,2021-12-20,0.454
RSP,2022-03-21,0.654
RSP,2022-06-21,0.703
RSP,2022-09-19,0.63
RSP,2022-12-19,0.578
RSP,2023-03-20,0.691
RSP,2023-06-20,0.642
RSP,2023-09-18,0.638
RSP,2023-12-18,0.609
RSP,2024-03-18,0.68
RSP,2024-06-24,0.663
RSP,2024-09-23,0.695
RSP,2024-12-23,0.62
RSP,2025-03-24,0.831
RSP,2025-06-23,0.722
RSP,2025-09-22,0.82
RSP,2025-12-22,0.764
RSP,2026-03-23,0.812
RSP,2026-06-22,0.81
RSP,2026-09-21,0.795
MDY,2016-03-18,0.816
MDY,2016-06-17,0.848
MDY,2016-09-16,1.113
MDY,2016-12-16,1.165
MDY,2017-03-17,0.823
MDY,2017-06-16,0.524
MDY,2017-09-15,1.445
MDY,2017-12-15,1.299
MDY,2018-03-16,0.861
MDY,2018-06-15,1.01
MDY,2018-09-21,1.056
MDY,2018-12-21,1.268
MDY,2019-03-15,0.884
MDY,2019-06-21,1.337
MDY,2019-09-20,1.373
MDY,2019-12-20,1.449
MDY,2020-03-20,1.11
MDY,2020-06-19,1.122
MDY,2020-09-18,1.033
MDY,2020-12-18,1.448
MDY,2021-03-19,0.864
MDY,2021-09-17,1.31
MDY,2021-12-17,1.488
MDY,2022-03-18,1.152
MDY,2022-06-17,1.402
MDY,2022-09-16,1.828
MDY,2022-12-16,1.666
MDY,2023-03-17,1.193
MDY,2023-06-16,1.513
MDY,2023-09-15,1.555
MDY,2023-12-15,1.891
MDY,2024-03-15,1.014
MDY,2024-06-21,1.997
MDY,2024-09-20,1.65
MDY,2024-12-20,2.081
MDY,2025-03-21,1.308
MDY,2025-06-20,1.803
MDY,2025-09-19,1.619
MDY,2025-12-19,2.184
MDY,2026-03-20,1.516
MDY,2026-06-18,1.702
MDY,2026-09-18,1.604
IJH,2016-03-23,0.1056
IJH,2016-06-21,0.1212
IJH,2016-09-26,0.1418
IJH,2016-12-21,0.1592
IJH,2017-03-24,0.1068
IJH,2017-06-27,0.1204
IJH,2017-09-26,0.1268
IJH,2017-12-19,0.0986
IJH,2018-03-22,0.14
IJH,2018-06-26,0.1696
IJH,2018-09-26,0.1684
IJH,2018-12-17,0.093
IJH,2019-03-20,0.1402
IJH,2019-06-17,0.1754
IJH,2019-09-24,0.1716
IJH,2019-12-16,0.182
IJH,2020-03-25,0.1602
IJH,2020-06-15,0.1298
IJH,2020-09-23,0.1666
IJH,2020-12-14,0.132
IJH,2021-03-25,0.1334
IJH,2021-06-10,0.1476
IJH,2021-09-24,0.1958
IJH,2021-12-13,0.1932
IJH,2022-03-24,0.1694
IJH,2022-06-09,0.158
IJH,2022-09-26,0.27
IJH,2022-12-13,0.2168
IJH,2023-03-23,0.1894
IJH,2023-06-07,0.1512
IJH,2023-09-26,0.2276
IJH,2023-12-20,0.2412
IJH,2024-03-21,0.16
IJH,2024-06-11,0.161
IJH,2024-09-25,0.239
IJH,2024-12-17,0.267
IJH,2025-03-18,0.163
IJH,2025-06-16,0.19
IJH,2025-09-16,0.212
IJH,2025-12-16,0.33
IJH,2026-03-17,0.157
IJH,2026-06-15,0.189
IJH,2026-09-15,0.226
IJR,2016-03-23,0.2095
IJR,2016-06-21,0.1785
IJR,2016-09-26,0.1765
IJR,2016-12-21,0.2705
IJR,2017-03-24,0.224
IJR,2017-06-27,0.206
IJR,2017-09-26,0.226
IJR,2017-12-19,0.265
IJR,2018-03-22,0.239
IJR,2018-06-26,0.247
IJR,2018-09-26,0.287
IJR,2018-12-17,0.321
IJR,2019-03-20,0.26
IJR,2019-06-17,0.251
IJR,2019-09-24,0.285
IJR,2019-12-16,0.411
IJR,2020-03-25,0.252
IJR,2020-06-15,0.235
IJR,2020-09-23,0.289
IJR,2020-12-14,0.248
IJR,2021-03-25,0.266
IJR,2021-06-10,0.253
IJR,2021-09-24,0.501
IJR,2021-12-13,0.734
IJR,2022-03-24,0.169
IJR,2022-06-09,0.302
IJR,2022-09-26,0.455
IJR,2022-12-13,0.412
IJR,2023-03-23,0.329
IJR,2023-06-07,0.351
IJR,2023-09-26,0.459
IJR,2023-12-20,0.283
IJR,2024-03-21,0.326
IJR,2024-06-11,0.386
IJR,2024-09-25,0.515
IJR,2024-12-17,1.138
IJR,2025-03-18,0.323
IJR,2025-06-16,0.388
IJR,2025-09-16,0.444
IJR,2025-12-16,0.572
IJR,2026-03-17,0.194
IJR,2026-06-15,0.433
IJR,2026-09-15,0.509
VB,2016-03-15,0.305
VB,2016-06-14,0.304
VB,2016-09-20,0.572
VB,2016-12-22,0.749
VB,2017-03-24,0.424
VB,2017-06-21,0.263
VB,2017-09-20,0.533
VB,2017-12-21,0.775
VB,2018-03-22,0.455
VB,2018-06-22,0.382
VB,2018-09-28,0.646
VB,2018-12-24,0.717
VB,2019-03-28,0.477
VB,2019-06-27,0.485
VB,2019-09-16,0.451
VB,2019-12-24,0.893
VB,2020-03-10,0.467
VB,2020-06-25,0.32
VB,2020-09-25,0.545
VB,2020-12-24,0.893
VB,2021-03-25,0.563
VB,2021-06-24,0.555
VB,2021-09-24,0.586
VB,2021-12-27,1.091
VB,2022-03-23,0.557
VB,2022-06-23,0.589
VB,2022-09-23,0.665
VB,2022-12-15,0.091
VB,2022-12-22,1.009
VB,2023-03-23,0.746
VB,2023-06-23,0.759
VB,2023-09-21,0.735
VB,2023-12-21,1.077
VB,2024-03-22,0.677
VB,2024-06-28,0.847
VB,2024-09-27,0.705
VB,2024-12-23,0.904
VB,2025-03-27,0.919
VB,2025-06-30,0.788
VB,2025-09-29,0.805
VB,2025-12-22,0.927
VB,2026-03-27,0.981
VB,2026-06-26,0.892
VB,2026-09-28,0.849
VO,2016-03-15,0.0705
VO,2016-06-14,0.11725
VO,2016-09-20,0.127
VO,2016-12-22,0.162
VO,2017-03-29,0.11525
VO,2017-06-23,0.11775
VO,2017-09-27,0.127
VO,2017-12-21,0.162
VO,2018-03-22,0.12875
VO,2018-06-22,0.14025
VO,2018-09-28,0.18875
VO,2018-12-24,0.1725
VO,2019-03-28,0.1365
VO,2019-06-27,0.14275
VO,2019-09-16,0.13425
VO,2019-12-24,0.24775
VO,2020-03-10,0.184
VO,2020-06-25,0.165
VO,2020-09-25,0.16575
VO,2020-12-24,0.23425
VO,2021-03-25,0.15775
VO,2021-06-24,0.173
VO,2021-09-24,0.15475
VO,2021-12-27,0.23
VO,2022-03-23,0.1875
VO,2022-06-23,0.1475
VO,2022-09-23,0.20125
VO,2022-12-22,0.28025
VO,2023-03-23,0.19
VO,2023-06-23,0.2035
VO,2023-09-21,0.1945
VO,2023-12-21,0.29575
VO,2024-03-21,0.2435
VO,2024-06-27,0.23225
VO,2024-09-26,0.23675
VO,2024-12-23,0.27325
VO,2025-03-27,0.29175
VO,2025-06-30,0.26775
VO,2025-09-29,0.2585
VO,2025-12-22,0.287
VO,2026-03-27,0.26925
VO,2026-06-26,0.255
VT,2016-03-15,0.222
VT,2016-06-14,0.466
VT,2016-09-13,0.311
VT,2016-12-20,0.457
VT,2017-03-29,0.253
VT,2017-06-28,0.466
VT,2017-09-27,0.354
VT,2017-12-19,0.492
VT,2018-03-26,0.257
VT,2018-06-22,0.551
VT,2018-09-26,0.362
VT,2018-12-24,0.489
VT,2019-03-25,0.281
VT,2019-06-17,0.551
VT,2019-09-24,0.435
VT,2019-12-23,0.611
VT,2020-03-23,0.221
VT,2020-06-22,0.36
VT,2020-09-21,0.403
VT,2020-12-21,0.552
VT,2021-03-22,0.253
VT,2021-06-21,0.505
VT,2021-09-20,0.412
VT,2021-12-20,0.785
VT,2022-03-21,0.257
VT,2022-06-21,0.598
VT,2022-09-19,0.403
VT,2022-12-19,0.638
VT,2023-03-20,0.285
VT,2023-06-20,0.65
VT,2023-09-18,0.406
VT,2023-12-18,0.801
VT,2024-03-15,0.421
VT,2024-06-21,0.578
VT,2024-09-20,0.417
VT,2024-12-20,0.877
VT,2025-03-21,0.385
VT,2025-06-20,0.595
VT,2025-09-19,0.478
VT,2025-12-19,1.115
VT,2026-03-20,0.327
VT,2026-06-18,0.563
VT,2026-09-18,0.408
VXUS,2016-03-15,0.143
VXUS,2016-06-14,0.537
VXUS,2016-09-13,0.274
VXUS,2016-12-20,0.39
VXUS,2017-03-24,0.16
VXUS,2017-06-21,0.556
VXUS,2017-09-20,0.298
VXUS,2017-12-21,0.539
VXUS,2018-03-26,0.142
VXUS,2018-06-22,0.593
VXUS,2018-09-26,0.268
VXUS,2018-12-24,0.496
VXUS,2019-03-25,0.166
VXUS,2019-06-21,0.611
VXUS,2019-09-24,0.3
VXUS,2019-12-23,0.628
VXUS,2020-03-23,0.106
VXUS,2020-06-22,0.252
VXUS,2020-09-21,0.339
VXUS,2020-12-21,0.59
VXUS,2021-03-22,0.155
VXUS,2021-06-21,0.515
VXUS,2021-09-20,0.357
VXUS,2021-12-20,0.941
VXUS,2022-03-21,0.1
VXUS,2022-06-21,0.589
VXUS,2022-09-19,0.28
VXUS,2022-12-19,0.629
VXUS,2023-03-20,0.121
VXUS,2023-06-20,0.618
VXUS,2023-09-18,0.295
VXUS,2023-12-18,0.847
VXUS,2024-03-15,0.224
VXUS,2024-06-21,0.484
VXUS,2024-09-20,0.272
VXUS,2024-12-20,1.005
VXUS,2025-03-21,0.191
VXUS,2025-06-20,0.485
VXUS,2025-09-19,0.36
VXUS,2025-12-19,1.363
VXUS,2026-03-20,0.08
VXUS,2026-06-18,0.386
VXUS,2026-09-18,0.156
VEA,2016-03-15,0.157
VEA,2016-06-14,0.482
VEA,2016-09-13,0.175
VEA,2016-12-22,0.3
VEA,2017-03-24,0.15
VEA,2017-06-21,0.482
VEA,2017-09-20,0.179
VEA,2017-12-21,0.432
VEA,2018-03-26,0.162
VEA,2018-06-22,0.54
VEA,2018-09-26,0.158
VEA,2018-12-24,0.384
VEA,2019-03-28,0.175
VEA,2019-06-17,0.45
VEA,2019-09-24,0.275
VEA,2019-12-23,0.44
VEA,2020-03-23,0.131
VEA,2020-06-22,0.198
VEA,2020-09-21,0.221
VEA,2020-12-21,0.415
VEA,2021-03-22,0.231
VEA,2021-06-21,0.414
VEA,2021-09-20,0.2
VEA,2021-12-20,0.769
VEA,2022-03-21,0.083
VEA,2022-06-21,0.53
VEA,2022-09-19,0.12
VEA,2022-12-19,0.49
VEA,2023-03-20,0.16
VEA,2023-06-20,0.432
VEA,2023-09-18,0.31
VEA,2023-12-18,0.61
VEA,2024-03-15,0.287
VEA,2024-06-21,0.461
VEA,2024-09-20,0.144
VEA,2024-12-20,0.713
VEA,2025-03-21,0.242
VEA,2025-06-20,0.441
VEA,2025-09-19,0.287
VEA,2025-12-19,1.04
VEA,2026-03-20,0.109
VEA,2026-06-18,0.377
VEA,2026-09-18,0.178
VWO,2016-03-15,0.057
VWO,2016-06-14,0.223
VWO,2016-09-13,0.45
VWO,2016-12-20,0.17
VWO,2017-03-22,0.071
VWO,2017-06-21,0.253
VWO,2017-09-20,0.522
VWO,2017-12-21,0.212
VWO,2018-03-26,0.089
VWO,2018-06-22,0.275
VWO,2018-09-26,0.475
VWO,2018-12-24,0.259
VWO,2019-03-25,0.082
VWO,2019-06-17,0.279
VWO,2019-09-24,0.519
VWO,2019-12-23,0.559
VWO,2020-03-23,0.058
VWO,2020-06-22,0.17
VWO,2020-09-21,0.426
VWO,2020-12-21,0.301
VWO,2021-03-22,0.068
VWO,2021-06-21,0.28
VWO,2021-09-20,0.473
VWO,2021-12-20,0.478
VWO,2022-03-21,0.134
VWO,2022-06-21,0.306
VWO,2022-09-19,0.529
VWO,2022-12-19,0.635
VWO,2023-03-20,0.028
VWO,2023-06-20,0.227
VWO,2023-09-18,0.328
VWO,2023-12-18,0.865
VWO,2024-03-15,0.039
VWO,2024-06-21,0.17
VWO,2024-09-20,0.134
VWO,2024-12-20,1.066
VWO,2025-03-21,0.047
VWO,2025-06-20,0.139
VWO,2025-09-19,0.28
VWO,2025-12-19,1.033
VWO,2026-06-18,0.071
VWO,2026-09-18,0.114
EFA,2016-06-22,1.175
EFA,2016-12-21,0.596
EFA,2017-06-20,1.062
EFA,2017-12-19,0.743
EFA,2018-06-19,1.354
EFA,2018-12-18,0.638
EFA,2019-06-17,1.376
EFA,2019-12-16,0.776
EFA,2020-06-15,0.858
EFA,2020-12-14,0.694
EFA,2021-06-10,1.102
EFA,2021-12-13,1.352
EFA,2021-12-30,0.163
EFA,2022-06-09,1.498
EFA,2022-12-13,0.268
EFA,2023-06-07,1.311
EFA,2023-12-20,0.931
EFA,2024-06-11,1.393
EFA,2024-12-17,1.057
EFA,2025-06-16,1.519
EFA,2025-12-16,1.728
EFA,2026-06-15,1.636
EEM,2016-06-22,0.266
EEM,2016-12-21,0.396
EEM,2017-06-20,0.192
EEM,2017-12-19,0.697
EEM,2018-06-19,0.29
EEM,2018-12-18,0.584
EEM,2019-06-17,0.311
EEM,2019-12-16,0.929
EEM,2020-06-15,0.23
EEM,2020-12-14,0.519
EEM,2021-06-10,0.241
EEM,2021-12-13,0.707
EEM,2021-12-30,0.026
EEM,2022-06-09,0.362
EEM,2022-12-13,0.584
EEM,2023-06-07,0.31
EEM,2023-12-20,0.748
EEM,2024-06-11,0.29
EEM,2024-12-17,0.727
EEM,2025-06-16,0.452
EEM,2025-12-16,0.763
EEM,2026-06-15,0.351
VGK,2016-03-15,0.272
VGK,2016-06-14,0.924
VGK,2016-09-13,0.265
VGK,2016-12-20,0.226
VGK,2017-03-22,0.277
VGK,2017-06-21,0.777
VGK,2017-09-20,0.231
VGK,2017-12-19,0.314
VGK,2018-03-26,0.278
VGK,2018-06-22,1.11
VGK,2018-09-26,0.222
VGK,2018-12-24,0.311
VGK,2019-03-25,0.306
VGK,2019-06-17,0.96
VGK,2019-09-24,0.322
VGK,2019-12-23,0.331
VGK,2020-03-23,0.246
VGK,2020-06-22,0.347
VGK,2020-09-21,0.303
VGK,2020-12-18,0.378
VGK,2020-12-21,0.378
VGK,2021-03-22,0.271
VGK,2021-06-21,0.74
VGK,2021-09-20,0.392
VGK,2021-12-20,0.678
VGK,2022-03-21,0.139
VGK,2022-06-21,1.048
VGK,2022-09-19,0.218
VGK,2022-12-19,0.398
VGK,2023-03-20,0.213
VGK,2023-06-20,1.099
VGK,2023-09-18,0.261
VGK,2023-12-18,0.457
VGK,2024-03-15,0.37
VGK,2024-06-21,1.032
VGK,2024-09-20,0.171
VGK,2024-12-20,0.719
VGK,2025-03-21,0.294
VGK,2025-06-20,1.107
VGK,2025-09-19,0.209
VGK,2025-12-19,0.779
VGK,2026-03-20,0.382
VGK,2026-06-18,1.199
VGK,2026-09-18,0.222
EWJ,2016-06-22,0.368
EWJ,2016-12-21,0.583
EWJ,2017-06-20,0.348
EWJ,2017-12-19,0.399
EWJ,2018-06-19,0.46
EWJ,2018-12-18,0.405
EWJ,2019-06-17,0.487
EWJ,2019-12-16,0.716
EWJ,2020-06-15,0.442
EWJ,2020-12-14,0.258
EWJ,2021-06-10,0.505
EWJ,2021-12-13,0.888
EWJ,2022-06-09,0.546
EWJ,2022-12-13,0.124
EWJ,2023-06-07,0.431
EWJ,2023-12-20,0.875
EWJ,2024-06-11,0.509
EWJ,2024-12-17,1.064
EWJ,2025-06-16,0.591
EWJ,2025-12-16,3.061
EWJ,2026-06-15,0.501
EWY,2016-12-21,0.645
EWY,2017-12-19,2.176
EWY,2018-12-18,0.79
EWY,2019-12-16,1.308
EWY,2020-12-14,0.63
EWY,2021-12-13,1.679
EWY,2022-12-13,0.697
EWY,2023-12-20,1.651
EWY,2024-12-17,1.298
EWY,2025-12-16,2.037
EWT,2016-12-21,0.701
EWT,2017-12-19,1.019
EWT,2018-12-18,0.998
EWT,2019-12-16,1.023
EWT,2020-12-14,0.973
EWT,2021-12-13,1.76
EWT,2022-12-13,7.558
EWT,2023-12-20,5.527
EWT,2024-12-17,1.718
EWT,2025-12-16,2.816
INDA,2016-06-22,0.169
INDA,2016-12-21,0.074
INDA,2017-06-20,0.125
INDA,2017-12-19,0.268
INDA,2018-06-19,0.046
INDA,2018-12-18,0.253
INDA,2018-12-28,0.016
INDA,2019-06-17,0.317
INDA,2019-12-16,0.033
INDA,2020-06-15,0.076
INDA,2020-12-14,0.032
INDA,2021-06-10,0.042
INDA,2021-12-13,2.879
INDA,2021-12-30,0.03
INDA,2023-06-07,0.08
INDA,2024-12-17,0.399
MCHI,2016-06-22,0.303
MCHI,2016-12-21,0.421
MCHI,2017-06-20,0.192
MCHI,2017-12-19,0.846
MCHI,2018-06-19,0.315
MCHI,2018-12-18,0.525
MCHI,2019-06-17,0.356
MCHI,2019-12-16,0.574
MCHI,2020-06-15,0.237
MCHI,2020-12-14,0.604
MCHI,2021-06-10,0.177
MCHI,2021-12-13,0.477
MCHI,2022-06-09,0.312
MCHI,2022-12-13,0.712
MCHI,2023-06-07,0.429
MCHI,2023-12-20,0.994
MCHI,2024-06-11,0.191
MCHI,2024-12-17,0.891
MCHI,2025-06-16,0.536
MCHI,2025-12-16,0.735
MCHI,2026-06-15,0.361
FXI,2016-06-21,0.244
FXI,2016-12-22,0.689
FXI,2017-06-20,0.176
FXI,2017-12-21,0.892
FXI,2018-06-19,0.605
FXI,2018-12-18,0.446
FXI,2019-06-17,0.407
FXI,2019-12-16,0.788
FXI,2020-06-15,0.333
FXI,2020-12-14,0.684
FXI,2021-06-10,0.151
FXI,2021-12-13,0.434
FXI,2022-06-09,0.146
FXI,2022-12-13,0.593
FXI,2023-06-07,0.154
FXI,2023-12-20,0.607
FXI,2024-06-11,0.085
FXI,2024-12-17,0.451
FXI,2025-06-16,0.509
FXI,2025-12-16,0.416
FXI,2026-06-15,0.263
KWEB,2016-12-20,0.414
KWEB,2017-12-19,0.338
KWEB,2018-12-26,1.275
KWEB,2019-12-27,0.041
KWEB,2020-12-29,0.221
KWEB,2021-12-29,2.58
KWEB,2023-12-18,0.419
KWEB,2023-12-27,0.042
KWEB,2024-12-17,1.025
KWEB,2025-12-22,2.096
EWZ,2016-06-22,0.208
EWZ,2016-12-21,0.395
EWZ,2017-06-20,0.277
EWZ,2017-12-19,0.365
EWZ,2017-12-28,0.05
EWZ,2018-06-19,0.531
EWZ,2018-12-18,0.574
EWZ,2019-06-17,0.531
EWZ,2019-12-16,0.577
EWZ,2019-12-30,0.097
EWZ,2020-06-15,0.357
EWZ,2020-12-14,0.276
EWZ,2021-06-10,0.626
EWZ,2021-12-13,1.984
EWZ,2021-12-30,0.161
EWZ,2022-06-09,1.499
EWZ,2022-12-13,2.022
EWZ,2023-06-07,0.756
EWZ,2023-12-20,1.221
EWZ,2024-06-11,0.914
EWZ,2024-12-17,1.092
EWZ,2025-06-16,0.515
EWZ,2025-12-16,1.027
EWZ,2025-12-30,0.106
EWZ,2026-06-15,0.331
VUG,2016-03-21,0.053333
VUG,2016-06-14,0.053833
VUG,2016-09-13,0.062667
VUG,2016-12-22,0.088
VUG,2017-03-24,0.063167
VUG,2017-06-23,0.056833
VUG,2017-09-22,0.0685
VUG,2017-12-21,0.079167
VUG,2018-03-22,0.059833
VUG,2018-06-22,0.069833
VUG,2018-09-28,0.077833
VUG,2018-12-24,0.087833
VUG,2019-03-28,0.072
VUG,2019-06-27,0.068833
VUG,2019-09-16,0.064167
VUG,2019-12-24,0.084667
VUG,2020-03-26,0.066333
VUG,2020-06-25,0.069833
VUG,2020-09-25,0.067667
VUG,2020-12-24,0.076833
VUG,2021-03-25,0.0635
VUG,2021-06-24,0.062333
VUG,2021-09-24,0.052833
VUG,2021-12-27,0.078167
VUG,2022-03-23,0.050167
VUG,2022-06-23,0.0535
VUG,2022-09-23,0.071667
VUG,2022-12-22,0.074667
VUG,2023-03-23,0.0715
VUG,2023-06-23,0.068667
VUG,2023-09-21,0.062667
VUG,2023-12-21,0.0975
VUG,2024-03-21,0.078
VUG,2024-06-27,0.076
VUG,2024-09-26,0.075833
VUG,2024-12-23,0.089
VUG,2025-03-27,0.083333
VUG,2025-06-30,0.084
VUG,2025-09-29,0.0845
VUG,2025-12-22,0.083167
VUG,2026-03-27,0.079667
VUG,2026-06-26,0.092
VUG,2026-09-28,0.091
SCHG,2016-06-20,0.018875
SCHG,2016-09-19,0.011625
SCHG,2016-12-19,0.025875
SCHG,2017-03-20,0.017
SCHG,2017-06-19,0.022875
SCHG,2017-09-18,0.026875
SCHG,2017-12-18,0.022625
SCHG,2018-03-16,0.01875
SCHG,2018-06-26,0.021125
SCHG,2018-09-25,0.020125
SCHG,2018-12-12,0.02725
SCHG,2018-12-28,0.022625
SCHG,2019-03-20,0.019625
SCHG,2019-06-26,0.02525
SCHG,2019-09-25,0.026125
SCHG,2019-12-12,0.0245
SCHG,2020-03-25,0.020875
SCHG,2020-06-24,0.02025
SCHG,2020-09-23,0.02175
SCHG,2020-12-10,0.021125
SCHG,2021-03-24,0.01675
SCHG,2021-06-23,0.018
SCHG,2021-09-22,0.01825
SCHG,2021-12-08,0.028625
SCHG,2021-12-30,0.005125
SCHG,2022-03-23,0.016
SCHG,2022-06-22,0.01925
SCHG,2022-09-21,0.01975
SCHG,2022-12-07,0.0215
SCHG,2023-03-22,0.02125
SCHG,2023-06-21,0.02225
SCHG,2023-09-20,0.021
SCHG,2023-12-06,0.026
SCHG,2023-12-28,0.00625
SCHG,2024-03-20,0.02425
SCHG,2024-06-26,0.02675
SCHG,2024-09-25,0.0275
SCHG,2024-12-11,0.032
SCHG,2025-03-26,0.027
SCHG,2025-06-25,0.028
SCHG,2025-09-24,0.03
SCHG,2025-12-10,0.032
SCHG,2026-03-25,0.036
SCHG,2026-06-24,0.034
SCHG,2026-09-23,0.037
MGK,2016-03-21,0.0566
MGK,2016-06-21,0.0608
MGK,2016-09-20,0.068
MGK,2016-12-20,0.0804
MGK,2017-03-29,0.0484
MGK,2017-06-23,0.0694
MGK,2017-09-27,0.0706
MGK,2017-12-26,0.0844
MGK,2018-03-22,0.0516
MGK,2018-06-28,0.0856
MGK,2018-09-28,0.08
MGK,2018-12-24,0.0226
MGK,2019-03-25,0.0178
MGK,2019-06-27,0.0834
MGK,2019-10-01,0.0746
MGK,2019-12-24,0.072
MGK,2020-03-26,0.061
MGK,2020-06-25,0.0594
MGK,2020-09-11,0.0534
MGK,2020-12-24,0.09
MGK,2021-03-26,0.054
MGK,2021-06-24,0.0524
MGK,2021-09-29,0.0544
MGK,2021-12-27,0.0552
MGK,2022-03-24,0.0476
MGK,2022-06-23,0.0552
MGK,2022-09-28,0.0694
MGK,2022-12-22,0.0678
MGK,2023-03-23,0.0566
MGK,2023-06-23,0.0548
MGK,2023-09-21,0.0632
MGK,2023-12-21,0.0858
MGK,2024-03-21,0.0604
MGK,2024-06-27,0.0618
MGK,2024-09-26,0.0748
MGK,2024-12-23,0.0982
MGK,2025-03-27,0.068
MGK,2025-06-30,0.0766
MGK,2025-09-29,0.067
MGK,2025-12-22,0.0786
MGK,2026-03-27,0.0642
MGK,2026-06-26,0.084
IWF,2016-03-23,0.09125
IWF,2016-07-06,0.09875
IWF,2016-09-26,0.08
IWF,2016-12-22,0.10575
IWF,2017-03-24,0.08275
IWF,2017-07-06,0.10625
IWF,2017-09-26,0.09125
IWF,2017-12-21,0.08925
IWF,2018-03-22,0.10025
IWF,2018-07-03,0.107
IWF,2018-09-26,0.109
IWF,2018-12-17,0.09275
IWF,2018-12-28,0.00625
IWF,2019-03-20,0.10725
IWF,2019-06-17,0.10925
IWF,2019-09-24,0.1075
IWF,2019-12-16,0.1125
IWF,2020-03-25,0.10625
IWF,2020-06-15,0.0905
IWF,2020-09-23,0.10825
IWF,2020-12-14,0.0935
IWF,2021-03-25,0.088
IWF,2021-06-10,0.0755
IWF,2021-09-24,0.1145
IWF,2021-12-13,0.10025
IWF,2022-03-24,0.10075
IWF,2022-06-09,0.09775
IWF,2022-09-26,0.14575
IWF,2022-12-13,0.143
IWF,2023-03-23,0.1295
IWF,2023-06-07,0.09775
IWF,2023-09-26,0.1285
IWF,2023-12-20,0.151
IWF,2024-03-21,0.111
IWF,2024-06-11,0.10275
IWF,2024-09-25,0.1395
IWF,2024-12-17,0.1065
IWF,2025-03-18,0.099
IWF,2025-06-16,0.0985
IWF,2025-09-16,0.10775
IWF,2025-12-16,0.1185
IWF,2026-03-17,0.0975
IWF,2026-06-15,0.107
IWF,2026-09-15,0.109
VGT,2016-03-21,0.050875
VGT,2016-06-21,0.04375
VGT,2016-09-20,0.050375
VGT,2016-12-14,0.054125
VGT,2017-03-24,0.045375
VGT,2017-06-28,0.05075
VGT,2017-09-27,0.052375
VGT,2017-12-14,0.054625
VGT,2018-03-16,0.04725
VGT,2018-06-28,0.061
VGT,2018-09-24,0.081125
VGT,2018-12-13,0.080125
VGT,2019-03-21,0.074625
VGT,2019-06-21,0.07975
VGT,2019-09-26,0.10425
VGT,2019-12-16,0.081375
VGT,2020-03-10,0.105125
VGT,2020-06-22,0.084375
VGT,2020-09-11,0.088375
VGT,2020-12-17,0.08625
VGT,2021-03-26,0.078625
VGT,2021-06-24,0.07325
VGT,2021-09-29,0.110875
VGT,2021-12-16,0.102625
VGT,2022-03-24,0.084625
VGT,2022-06-23,0.0745
VGT,2022-09-28,0.0955
VGT,2022-12-15,0.109
VGT,2023-03-24,0.0965
VGT,2023-06-29,0.0845
VGT,2023-09-28,0.110125
VGT,2023-12-19,0.099375
VGT,2024-03-22,0.157375
VGT,2024-06-28,0.09525
VGT,2024-09-27,0.114625
VGT,2024-12-18,0.097125
VGT,2025-03-25,0.091125
VGT,2025-06-26,0.087875
VGT,2025-09-24,0.107375
VGT,2025-12-17,0.094625
VGT,2026-03-24,0.093
VGT,2026-06-24,0.138
VGT,2026-09-23,0.147
XLK,2016-03-18,0.11
XLK,2016-06-17,0.1055
XLK,2016-09-16,0.098
XLK,2016-12-16,0.108
XLK,2017-03-17,0.1025
XLK,2017-06-16,0.1115
XLK,2017-09-15,0.1045
XLK,2017-12-15,0.119
XLK,2018-03-16,0.109
XLK,2018-06-15,0.1275
XLK,2018-09-21,0.127
XLK,2018-12-21,0.1325
XLK,2019-03-15,0.1165
XLK,2019-06-21,0.139
XLK,2019-09-20,0.1265
XLK,2019-12-20,0.1475
XLK,2020-03-23,0.1855
XLK,2020-06-22,0.1405
XLK,2020-09-21,0.1235
XLK,2020-12-21,0.149
XLK,2021-03-22,0.1365
XLK,2021-06-21,0.13
XLK,2021-09-20,0.1365
XLK,2021-12-20,0.1585
XLK,2022-03-21,0.143
XLK,2022-06-21,0.1615
XLK,2022-09-19,0.1585
XLK,2022-12-19,0.1825
XLK,2023-03-20,0.158
XLK,2023-06-20,0.181
XLK,2023-09-18,0.18
XLK,2023-12-18,0.211
XLK,2024-03-18,0.1695
XLK,2024-06-24,0.2
XLK,2024-09-23,0.1995
XLK,2024-12-23,0.193
XLK,2025-03-24,0.1875
XLK,2025-06-23,0.199
XLK,2025-09-22,0.179
XLK,2025-12-22,0.219
XLK,2026-03-23,0.168
XLK,2026-06-22,0.228
XLK,2026-09-21,0.221
SMH,2016-12-19,0.288
SMH,2017-12-18,0.698
SMH,2018-12-20,0.819
SMH,2019-12-23,1.061
SMH,2020-12-21,0.751
SMH,2021-12-20,0.7865
SMH,2022-12-19,1.2005
SMH,2023-12-18,1.043
SMH,2024-12-23,1.071
SMH,2025-12-22,1.105
SOXX,2016-03-23,0.092
SOXX,2016-06-21,0.099667
SOXX,2016-09-26,0.152333
SOXX,2016-12-21,0.096667
SOXX,2017-03-24,0.117667
SOXX,2017-06-27,0.12
SOXX,2017-09-26,0.166333
SOXX,2017-12-19,0.105667
SOXX,2018-03-22,0.125
SOXX,2018-06-26,0.206667
SOXX,2018-09-26,0.272333
SOXX,2018-12-17,0.113
SOXX,2019-03-20,0.173333
SOXX,2019-06-17,0.252333
SOXX,2019-09-24,0.32
SOXX,2019-12-16,0.287333
SOXX,2020-03-25,0.232
SOXX,2020-06-15,0.187667
SOXX,2020-09-23,0.356333
SOXX,2020-12-14,0.249
SOXX,2021-03-25,0.252
SOXX,2021-06-10,0.170667
SOXX,2021-09-24,0.385667
SOXX,2021-12-13,0.291
SOXX,2021-12-30,0.051667
SOXX,2022-03-24,0.291667
SOXX,2022-06-09,0.209333
SOXX,2022-09-26,0.600667
SOXX,2022-12-13,0.354
SOXX,2023-03-23,0.357333
SOXX,2023-06-07,0.217
SOXX,2023-09-26,0.555333
SOXX,2023-12-20,0.374333
SOXX,2024-03-21,0.225
SOXX,2024-06-11,0.31
SOXX,2024-09-25,0.552
SOXX,2024-12-17,0.358
SOXX,2025-03-18,0.261
SOXX,2025-06-16,0.483
SOXX,2025-09-16,0.541
SOXX,2025-12-16,0.436
SOXX,2026-03-17,0.208
SOXX,2026-06-15,0.283
SOXX,2026-09-15,0.325
IGV,2016-03-23,0.1524
IGV,2016-06-21,0.0124
IGV,2016-09-26,0.008
IGV,2016-12-21,0.0054
IGV,2017-03-24,0.0112
IGV,2017-06-27,0.013
IGV,2017-09-26,0.0044
IGV,2017-12-19,0.0004
IGV,2018-03-22,0.0034
IGV,2018-06-26,0.0076
IGV,2018-12-17,0.0442
IGV,2019-06-17,0.0092
IGV,2020-03-25,0.234
IGV,2020-06-15,0.0138
IGV,2022-06-09,0.0046
IGV,2023-06-07,0.005
IGV,2026-06-15,0.017
ARKK,2017-12-27,0.488
ARKK,2018-12-27,1.168
ARKK,2019-12-27,0.191
ARKK,2020-12-29,2.044
ARKK,2021-12-29,0.783
ARKK,2023-09-08,0.364
VTV,2016-03-21,0.536
VTV,2016-06-14,0.484
VTV,2016-09-13,0.558
VTV,2016-12-22,0.695
VTV,2017-03-24,0.558
VTV,2017-06-23,0.557
VTV,2017-09-22,0.675
VTV,2017-12-21,0.647
VTV,2018-03-22,0.603
VTV,2018-06-22,0.628
VTV,2018-09-28,0.731
VTV,2018-12-24,0.708
VTV,2019-03-28,0.735
VTV,2019-06-27,0.699
VTV,2019-09-16,0.658
VTV,2019-12-24,0.909
VTV,2020-03-26,0.761
VTV,2020-06-25,0.774
VTV,2020-09-25,0.716
VTV,2020-12-24,0.789
VTV,2021-03-25,0.706
VTV,2021-06-24,0.742
VTV,2021-09-24,0.806
VTV,2021-12-27,0.903
VTV,2022-03-23,0.792
VTV,2022-06-23,0.835
VTV,2022-09-23,0.864
VTV,2022-12-22,1.041
VTV,2023-03-23,0.822
VTV,2023-06-23,0.921
VTV,2023-09-21,0.897
VTV,2023-12-21,1.031
VTV,2024-03-21,1.006
VTV,2024-06-27,1.015
VTV,2024-09-26,0.914
VTV,2024-12-23,0.98
VTV,2025-03-27,1.013
VTV,2025-06-30,0.964
VTV,2025-09-29,0.943
VTV,2025-12-22,0.986
VTV,2026-03-27,1.079
VTV,2026-06-26,1.082
VTV,2026-09-28,1.017
SCHV,2016-06-20,0.095667
SCHV,2016-09-19,0.08
SCHV,2016-12-19,0.144333
SCHV,2017-03-20,0.100333
SCHV,2017-06-19,0.102667
SCHV,2017-09-18,0.107
SCHV,2017-12-18,0.122333
SCHV,2018-03-16,0.110667
SCHV,2018-06-26,0.121333
SCHV,2018-09-25,0.133
SCHV,2018-12-12,0.135667
SCHV,2019-03-20,0.127667
SCHV,2019-06-26,0.133667
SCHV,2019-09-25,0.137333
SCHV,2019-12-12,0.205667
SCHV,2020-03-25,0.139333
SCHV,2020-06-24,0.118667
SCHV,2020-09-23,0.217
SCHV,2020-12-10,0.126667
SCHV,2021-03-24,0.096667
SCHV,2021-06-23,0.116333
SCHV,2021-09-22,0.119
SCHV,2021-12-08,0.137
SCHV,2021-12-30,0.002333
SCHV,2022-03-23,0.105333
SCHV,2022-06-22,0.128667
SCHV,2022-09-21,0.133667
SCHV,2022-12-07,0.155
SCHV,2023-03-22,0.129667
SCHV,2023-06-21,0.135
SCHV,2023-09-20,0.139667
SCHV,2023-12-06,0.160667
SCHV,2024-03-20,0.131333
SCHV,2024-06-26,0.146
SCHV,2024-09-25,0.144667
SCHV,2024-12-11,0.165
SCHV,2025-03-26,0.141
SCHV,2025-06-25,0.145
SCHV,2025-09-24,0.148
SCHV,2025-12-10,0.165
SCHV,2026-03-25,0.141
SCHV,2026-06-24,0.157
SCHV,2026-09-23,0.163
IWD,2016-03-23,0.61
IWD,2016-07-06,0.616
IWD,2016-09-26,0.521
IWD,2016-12-22,0.773
IWD,2017-03-24,0.579
IWD,2017-07-06,0.717
IWD,2017-09-26,0.663
IWD,2017-12-21,0.635
IWD,2018-03-22,0.681
IWD,2018-07-03,0.716
IWD,2018-09-26,0.79
IWD,2018-12-17,0.826
IWD,2019-03-20,0.666
IWD,2019-06-17,0.704
IWD,2019-09-24,0.823
IWD,2019-12-16,1.153
IWD,2020-03-25,0.793
IWD,2020-06-15,0.696
IWD,2020-09-23,0.72
IWD,2020-12-14,0.596
IWD,2021-03-25,0.614
IWD,2021-06-10,0.585
IWD,2021-09-24,0.813
IWD,2021-12-13,0.716
IWD,2022-03-24,0.702
IWD,2022-06-09,0.644
IWD,2022-09-26,0.933
IWD,2022-12-13,0.975
IWD,2023-03-23,0.763
IWD,2023-06-07,0.627
IWD,2023-09-26,0.986
IWD,2023-12-20,0.963
IWD,2024-03-21,0.77
IWD,2024-06-11,0.699
IWD,2024-09-25,1.023
IWD,2024-12-17,0.98
IWD,2025-03-18,0.802
IWD,2025-06-16,0.837
IWD,2025-09-16,0.902
IWD,2025-12-16,1.019
IWD,2026-03-17,0.821
IWD,2026-06-15,0.761
IWD,2026-09-15,0.93
SCHD,2016-03-21,0.099333
SCHD,2016-06-20,0.105667
SCHD,2016-09-19,0.081333
SCHD,2016-12-19,0.133
SCHD,2017-03-20,0.108667
SCHD,2017-06-19,0.110333
SCHD,2017-09-18,0.114667
SCHD,2017-12-18,0.115
SCHD,2018-03-16,0.087333
SCHD,2018-06-26,0.135333
SCHD,2018-09-25,0.122333
SCHD,2018-12-12,0.135
SCHD,2019-03-20,0.117333
SCHD,2019-06-26,0.140333
SCHD,2019-09-25,0.162
SCHD,2019-12-12,0.155333
SCHD,2020-03-25,0.147333
SCHD,2020-06-24,0.147333
SCHD,2020-09-23,0.181
SCHD,2020-12-10,0.200667
SCHD,2021-03-24,0.167667
SCHD,2021-06-23,0.18
SCHD,2021-09-22,0.195667
SCHD,2021-12-08,0.206667
SCHD,2022-03-23,0.172667
SCHD,2022-06-22,0.234667
SCHD,2022-09-21,0.212333
SCHD,2022-12-07,0.234333
SCHD,2023-03-22,0.199
SCHD,2023-06-21,0.221667
SCHD,2023-09-20,0.218333
SCHD,2023-12-06,0.247333
SCHD,2024-03-20,0.203667
SCHD,2024-06-26,0.274667
SCHD,2024-09-25,0.251667
SCHD,2024-12-11,0.265
SCHD,2025-03-26,0.249
SCHD,2025-06-25,0.26
SCHD,2025-09-24,0.26
SCHD,2025-12-10,0.278
SCHD,2026-03-25,0.257
SCHD,2026-06-24,0.253
SCHD,2026-09-23,0.267
VYM,2016-03-15,0.478
VYM,2016-06-21,0.578
VYM,2016-09-13,0.483
VYM,2016-12-22,0.667
VYM,2017-03-22,0.56
VYM,2017-06-23,0.596
VYM,2017-09-20,0.602
VYM,2017-12-21,0.643
VYM,2018-03-26,0.608
VYM,2018-06-22,0.63
VYM,2018-09-26,0.672
VYM,2018-12-24,0.739
VYM,2019-03-25,0.652
VYM,2019-06-17,0.625
VYM,2019-09-24,0.786
VYM,2019-12-23,0.779
VYM,2020-03-10,0.554
VYM,2020-06-22,0.837
VYM,2020-09-21,0.705
VYM,2020-12-21,0.81
VYM,2021-03-22,0.656
VYM,2021-06-21,0.752
VYM,2021-09-20,0.749
VYM,2021-12-20,0.939
VYM,2022-03-21,0.662
VYM,2022-06-21,0.848
VYM,2022-09-19,0.767
VYM,2022-12-19,0.975
VYM,2023-03-20,0.717
VYM,2023-06-20,0.877
VYM,2023-09-18,0.785
VYM,2023-12-18,1.1
VYM,2024-03-15,0.656
VYM,2024-06-21,1.024
VYM,2024-09-20,0.851
VYM,2024-12-20,0.964
VYM,2025-03-21,0.85
VYM,2025-06-20,0.862
VYM,2025-09-19,0.842
VYM,2025-12-19,0.947
VYM,2026-03-20,0.862
VYM,2026-06-18,0.98
VYM,2026-09-18,0.887
DGRO,2016-06-21,0.171
DGRO,2016-09-26,0.175
DGRO,2016-12-21,0.152
DGRO,2017-03-24,0.161
DGRO,2017-06-27,0.186
DGRO,2017-09-26,0.165
DGRO,2017-12-19,0.194
DGRO,2018-03-22,0.192
DGRO,2018-06-26,0.191
DGRO,2018-09-26,0.228
DGRO,2018-12-17,0.2
DGRO,2019-03-20,0.218
DGRO,2019-06-17,0.228
DGRO,2019-09-24,0.25
DGRO,2019-12-16,0.235
DGRO,2020-03-25,0.247
DGRO,2020-06-15,0.249
DGRO,2020-09-23,0.261
DGRO,2020-12-14,0.273
DGRO,2021-03-25,0.262
DGRO,2021-06-10,0.261
DGRO,2021-09-24,0.25
DGRO,2021-12-13,0.299
DGRO,2022-03-24,0.262
DGRO,2022-06-09,0.235
DGRO,2022-09-26,0.342
DGRO,2022-12-13,0.329
DGRO,2023-03-23,0.298
DGRO,2023-06-07,0.26
DGRO,2023-09-26,0.388
DGRO,2023-12-20,0.37
DGRO,2024-03-21,0.311
DGRO,2024-06-11,0.293
DGRO,2024-09-25,0.403
DGRO,2024-12-17,0.378
DGRO,2025-03-18,0.311
DGRO,2025-06-16,0.324
DGRO,2025-09-16,0.369
DGRO,2025-12-16,0.447
DGRO,2026-03-17,0.331
DGRO,2026-06-15,0.331
DGRO,2026-09-15,0.385
VIG,2016-03-21,0.41
VIG,2016-06-21,0.446
VIG,2016-09-13,0.393
VIG,2016-12-22,0.577
VIG,2017-03-29,0.425
VIG,2017-06-21,0.518
VIG,2017-09-20,0.43
VIG,2017-12-21,0.546
VIG,2018-03-26,0.397
VIG,2018-06-28,0.566
VIG,2018-09-26,0.498
VIG,2018-12-17,0.577
VIG,2019-03-28,0.51
VIG,2019-06-17,0.473
VIG,2019-09-24,0.552
VIG,2019-12-18,0.599
VIG,2020-03-26,0.474
VIG,2020-06-29,0.601
VIG,2020-09-29,0.558
VIG,2020-12-21,0.664
VIG,2021-03-22,0.513
VIG,2021-06-21,0.675
VIG,2021-09-20,0.7
VIG,2021-12-20,0.773
VIG,2022-03-21,0.694
VIG,2022-06-21,0.695
VIG,2022-09-19,0.715
VIG,2022-12-20,0.869
VIG,2023-03-24,0.749
VIG,2023-06-29,0.773
VIG,2023-09-28,0.771
VIG,2023-12-21,0.916
VIG,2024-03-22,0.769
VIG,2024-06-28,0.899
VIG,2024-09-27,0.835
VIG,2024-12-23,0.876
VIG,2025-03-27,0.938
VIG,2025-06-30,0.871
VIG,2025-09-29,0.865
VIG,2025-12-22,0.884
VIG,2026-03-27,0.833
VIG,2026-06-26,0.999
VIG,2026-09-28,0.93
HDV,2016-03-23,0.1354
HDV,2016-06-21,0.1358
HDV,2016-09-26,0.1376
HDV,2016-12-21,0.1312
HDV,2017-03-24,0.1446
HDV,2017-06-27,0.1436
HDV,2017-09-26,0.1464
HDV,2017-12-19,0.1552
HDV,2018-03-22,0.1598
HDV,2018-06-26,0.1592
HDV,2018-09-26,0.1582
HDV,2018-12-17,0.1418
HDV,2019-03-20,0.1644
HDV,2019-06-17,0.15
HDV,2019-09-24,0.1714
HDV,2019-12-16,0.1558
HDV,2020-03-25,0.1828
HDV,2020-06-15,0.1758
HDV,2020-09-23,0.1702
HDV,2020-12-14,0.1846
HDV,2021-03-25,0.1764
HDV,2021-06-10,0.162
HDV,2021-09-24,0.1528
HDV,2021-12-13,0.2102
HDV,2022-03-24,0.154
HDV,2022-06-09,0.114
HDV,2022-09-26,0.2462
HDV,2022-12-13,0.229
HDV,2023-03-23,0.2084
HDV,2023-06-07,0.1592
HDV,2023-09-26,0.2156
HDV,2023-12-20,0.1954
HDV,2024-03-21,0.167
HDV,2024-06-11,0.1856
HDV,2024-09-25,0.2458
HDV,2024-12-17,0.2244
HDV,2025-03-18,0.159
HDV,2025-06-16,0.1826
HDV,2025-09-16,0.19
HDV,2025-12-16,0.2506
HDV,2026-03-17,0.1686
HDV,2026-06-15,0.185
HDV,2026-07-15,0.087
HDV,2026-08-19,0.105
HDV,2026-09-16,0.056
SPYD,2016-03-18,0.277
SPYD,2016-06-17,0.326
SPYD,2016-09-16,0.326
SPYD,2016-12-16,0.585
SPYD,2017-03-17,0.318
SPYD,2017-06-16,0.343
SPYD,2017-09-15,0.363
SPYD,2017-12-15,0.712
SPYD,2018-03-16,0.349
SPYD,2018-06-15,0.376
SPYD,2018-09-21,0.451
SPYD,2018-12-21,0.443
SPYD,2019-03-15,0.339
SPYD,2019-06-21,0.462
SPYD,2019-09-20,0.448
SPYD,2019-12-20,0.497
SPYD,2020-03-20,0.396
SPYD,2020-06-19,0.366
SPYD,2020-09-18,0.264
SPYD,2020-12-18,0.607
SPYD,2021-03-19,0.636
SPYD,2021-09-17,0.387
SPYD,2021-12-17,0.128
SPYD,2022-03-18,0.653
SPYD,2022-06-17,0.405
SPYD,2022-09-16,0.418
SPYD,2022-12-16,0.507
SPYD,2023-03-17,0.387
SPYD,2023-06-16,0.465
SPYD,2023-09-15,0.441
SPYD,2023-12-15,0.534
SPYD,2024-03-15,0.373
SPYD,2024-06-21,0.487
SPYD,2024-09-20,0.457
SPYD,2024-12-20,0.547
SPYD,2025-03-24,0.419
SPYD,2025-06-23,0.5
SPYD,2025-09-22,0.489
SPYD,2025-12-22,0.549
SPYD,2026-03-23,0.45
SPYD,2026-06-22,0.543
SPYD,2026-09-21,0.518
NOBL,2016-03-23,0.103
NOBL,2016-06-22,0.1235
NOBL,2016-09-21,0.1365
NOBL,2016-12-21,0.212
NOBL,2017-03-22,0.097
NOBL,2017-06-21,0.1075
NOBL,2017-09-27,0.1665
NOBL,2017-12-26,0.186
NOBL,2018-03-21,0.121
NOBL,2018-06-20,0.213
NOBL,2018-09-26,0.1735
NOBL,2018-12-26,0.21
NOBL,2019-03-20,0.12
NOBL,2019-06-25,0.193
NOBL,2019-09-25,0.182
NOBL,2019-12-24,0.22
NOBL,2020-03-25,0.172
NOBL,2020-06-24,0.2065
NOBL,2020-09-23,0.2075
NOBL,2020-12-23,0.2675
NOBL,2021-03-23,0.188
NOBL,2021-06-22,0.2185
NOBL,2021-09-22,0.2065
NOBL,2021-12-23,0.317
NOBL,2022-03-23,0.176
NOBL,2022-06-22,0.194
NOBL,2022-09-21,0.2015
NOBL,2022-12-22,0.3
NOBL,2023-03-22,0.177
NOBL,2023-06-21,0.2315
NOBL,2023-09-20,0.2605
NOBL,2023-12-20,0.328
NOBL,2024-03-20,0.193
NOBL,2024-06-26,0.275
NOBL,2024-09-25,0.261
NOBL,2024-12-23,0.293
NOBL,2025-03-26,0.2325
NOBL,2025-06-25,0.275
NOBL,2025-09-24,0.2745
NOBL,2025-12-24,0.3305
NOBL,2026-03-25,0.256
NOBL,2026-06-24,0.304
NOBL,2026-09-23,0.283
DVY,2016-03-23,0.63
DVY,2016-06-21,0.675
DVY,2016-09-26,0.693
DVY,2016-12-21,0.697
DVY,2017-03-24,0.701
DVY,2017-06-27,0.729
DVY,2017-09-26,0.728
DVY,2017-12-19,0.798
DVY,2018-03-22,0.781
DVY,2018-06-26,0.802
DVY,2018-09-26,0.859
DVY,2018-12-17,0.755
DVY,2019-03-20,0.871
DVY,2019-06-17,0.882
DVY,2019-09-24,0.956
DVY,2019-12-16,0.891
DVY,2020-03-25,0.947
DVY,2020-06-15,0.8
DVY,2020-09-23,0.946
DVY,2020-12-14,0.83
DVY,2021-03-25,0.961
DVY,2021-06-10,0.993
DVY,2021-09-24,1.032
DVY,2021-12-13,0.837
DVY,2022-03-24,0.888
DVY,2022-06-09,0.867
DVY,2022-09-26,1.346
DVY,2022-12-13,1.04
DVY,2023-03-23,1.005
DVY,2023-06-07,0.816
DVY,2023-09-26,1.465
DVY,2023-12-20,1.189
DVY,2024-03-21,0.998
DVY,2024-06-11,0.93
DVY,2024-09-25,1.55
DVY,2024-12-17,1.316
DVY,2025-03-18,1.049
DVY,2025-06-16,1.233
DVY,2025-09-16,1.246
DVY,2025-12-16,1.616
DVY,2026-03-17,1.149
DVY,2026-06-15,1.247
DVY,2026-09-15,1.329
SDY,2016-03-18,0.459
SDY,2016-06-17,0.506
SDY,2016-09-16,0.493
SDY,2016-12-16,1.369
SDY,2017-03-17,0.437
SDY,2017-06-16,0.513
SDY,2017-09-15,0.52
SDY,2017-12-15,2.958
SDY,2018-03-16,0.548
SDY,2018-06-15,0.631
SDY,2018-09-21,0.595
SDY,2018-12-21,0.668
SDY,2019-03-15,0.531
SDY,2019-06-21,0.627
SDY,2019-09-20,0.69
SDY,2019-12-20,0.792
SDY,2020-03-20,0.669
SDY,2020-06-19,0.68
SDY,2020-09-18,0.686
SDY,2020-12-18,0.987
SDY,2021-03-19,0.809
SDY,2021-09-17,0.85
SDY,2021-12-17,0.97
SDY,2022-03-18,0.774
SDY,2022-06-17,0.761
SDY,2022-09-16,0.771
SDY,2022-12-16,0.89
SDY,2023-03-17,0.713
SDY,2023-06-16,0.814
SDY,2023-09-15,0.793
SDY,2023-12-15,0.978
SDY,2024-03-15,0.708
SDY,2024-06-21,0.859
SDY,2024-09-20,0.785
SDY,2024-12-20,1.03
SDY,2025-03-24,0.818
SDY,2025-06-23,0.927
SDY,2025-09-22,0.871
SDY,2025-12-22,1.017
SDY,2026-03-23,0.874
SDY,2026-06-22,0.968
SDY,2026-09-21,0.917
FDVV,2016-12-16,0.267
FDVV,2016-12-28,0.006
FDVV,2017-03-17,0.244
FDVV,2017-06-16,0.24
FDVV,2017-09-15,0.256
FDVV,2017-12-15,0.301
FDVV,2018-03-16,0.253
FDVV,2018-06-15,0.316
FDVV,2018-09-21,0.289
FDVV,2018-12-21,0.247
FDVV,2019-03-15,0.368
FDVV,2019-06-21,0.326
FDVV,2019-09-20,0.331
FDVV,2019-12-20,0.251
FDVV,2020-03-20,0.313
FDVV,2020-06-19,0.244
FDVV,2020-09-18,0.241
FDVV,2020-12-18,0.227
FDVV,2021-03-19,0.278
FDVV,2021-06-18,0.267
FDVV,2021-09-17,0.336
FDVV,2021-12-17,0.207
FDVV,2022-03-18,0.339
FDVV,2022-06-17,0.376
FDVV,2022-09-16,0.383
FDVV,2022-12-16,0.185
FDVV,2023-03-17,0.504
FDVV,2023-06-16,0.361
FDVV,2023-09-15,0.307
FDVV,2023-12-15,0.42
FDVV,2024-03-15,0.372
FDVV,2024-06-21,0.319
FDVV,2024-09-20,0.3
FDVV,2024-12-20,0.479
FDVV,2025-03-21,0.419
FDVV,2025-06-20,0.447
FDVV,2025-09-19,0.377
FDVV,2025-12-19,0.393
FDVV,2026-03-20,0.44
FDVV,2026-06-18,0.519
FDVV,2026-09-18,0.362
DGRW,2016-01-25,0.025
DGRW,2016-02-22,0.05
DGRW,2016-03-21,0.065
DGRW,2016-04-25,0.06
DGRW,2016-05-23,0.05
DGRW,2016-06-20,0.06
DGRW,2016-07-25,0.07
DGRW,2016-08-22,0.045
DGRW,2016-09-26,0.095
DGRW,2016-10-24,0.035
DGRW,2016-11-21,0.05
DGRW,2016-12-23,0.105
DGRW,2017-01-23,0.02
DGRW,2017-02-17,0.035
DGRW,2017-03-27,0.105
DGRW,2017-04-24,0.035
DGRW,2017-05-22,0.04
DGRW,2017-06-26,0.085
DGRW,2017-07-24,0.05
DGRW,2017-08-21,0.05
DGRW,2017-09-26,0.1
DGRW,2017-10-24,0.045
DGRW,2017-11-21,0.02
DGRW,2017-12-26,0.132
DGRW,2018-01-23,0.015
DGRW,2018-02-20,0.04
DGRW,2018-03-20,0.141
DGRW,2018-04-24,0.02
DGRW,2018-05-22,0.04
DGRW,2018-06-25,0.115
DGRW,2018-07-24,0.085
DGRW,2018-08-21,0.065
DGRW,2018-09-25,0.144
DGRW,2018-10-23,0.015
DGRW,2018-11-20,0.065
DGRW,2018-12-04,0.027
DGRW,2018-12-24,0.156
DGRW,2019-01-22,0.055
DGRW,2019-02-19,0.08
DGRW,2019-03-26,0.085
DGRW,2019-04-23,0.08
DGRW,2019-05-28,0.125
DGRW,2019-06-24,0.08
DGRW,2019-07-23,0.06
DGRW,2019-08-27,0.14
DGRW,2019-09-24,0.06
DGRW,2019-10-22,0.07
DGRW,2019-11-25,0.11
DGRW,2019-12-23,0.104
DGRW,2019-12-30,0.016
DGRW,2020-01-21,0.04
DGRW,2020-02-25,0.085
DGRW,2020-03-24,0.1
DGRW,2020-04-21,0.09
DGRW,2020-05-26,0.07
DGRW,2020-06-23,0.12
DGRW,2020-07-28,0.041
DGRW,2020-08-25,0.07
DGRW,2020-09-22,0.07
DGRW,2020-10-27,0.105
DGRW,2020-11-23,0.065
DGRW,2020-12-21,0.155
DGRW,2020-12-30,0.018
DGRW,2021-01-25,0.045
DGRW,2021-02-22,0.065
DGRW,2021-03-25,0.125
DGRW,2021-04-26,0.09
DGRW,2021-05-24,0.06
DGRW,2021-06-24,0.155
DGRW,2021-07-26,0.065
DGRW,2021-08-25,0.075
DGRW,2021-09-24,0.15
DGRW,2021-10-25,0.065
DGRW,2021-11-23,0.075
DGRW,2021-12-27,0.203
DGRW,2022-01-25,0.015
DGRW,2022-02-22,0.075
DGRW,2022-03-25,0.145
DGRW,2022-04-25,0.095
DGRW,2022-05-24,0.07
DGRW,2022-06-24,0.19
DGRW,2022-07-25,0.065
DGRW,2022-08-25,0.1
DGRW,2022-09-26,0.185
DGRW,2022-10-25,0.055
DGRW,2022-11-23,0.075
DGRW,2022-12-23,0.23
DGRW,2023-01-25,0.005
DGRW,2023-02-22,0.06
DGRW,2023-03-27,0.19
DGRW,2023-04-24,0.04
DGRW,2023-05-24,0.125
DGRW,2023-06-26,0.12
DGRW,2023-07-25,0.08
DGRW,2023-08-25,0.085
DGRW,2023-09-25,0.155
DGRW,2023-10-25,0.05
DGRW,2023-11-24,0.1
DGRW,2023-12-22,0.215
DGRW,2024-01-25,0.005
DGRW,2024-02-23,0.08
DGRW,2024-03-22,0.17
DGRW,2024-04-24,0.065
DGRW,2024-05-24,0.07
DGRW,2024-06-25,0.18
DGRW,2024-07-26,0.06
DGRW,2024-08-27,0.105
DGRW,2024-09-25,0.145
DGRW,2024-10-28,0.075
DGRW,2024-11-25,0.1
DGRW,2024-12-26,0.155
DGRW,2024-12-31,0.041
DGRW,2025-01-28,0.003
DGRW,2025-02-25,0.11
DGRW,2025-03-26,0.155
DGRW,2025-04-25,0.09
DGRW,2025-05-27,0.065
DGRW,2025-06-25,0.175
DGRW,2025-07-28,0.05
DGRW,2025-08-26,0.085
DGRW,2025-09-25,0.185
DGRW,2025-10-28,0.035
DGRW,2025-11-24,0.09
DGRW,2025-12-26,0.233
DGRW,2026-01-27,0.025
DGRW,2026-02-24,0.055
DGRW,2026-03-26,0.17
DGRW,2026-04-27,0.075
DGRW,2026-05-26,0.055
DGRW,2026-06-25,0.16
DGRW,2026-07-28,0.065
DGRW,2026-08-26,0.055
DGRW,2026-09-25,0.17
SPHD,2016-01-15,0.108
SPHD,2016-02-12,0.108
SPHD,2016-05-13,0.112
SPHD,2016-06-15,0.109
SPHD,2016-07-15,0.114
SPHD,2016-08-15,0.112
SPHD,2016-09-15,0.117
SPHD,2016-10-14,0.117
SPHD,2016-11-15,0.12
SPHD,2016-12-15,0.251
SPHD,2017-01-13,0.123
SPHD,2017-02-15,0.125
SPHD,2017-03-15,0.121
SPHD,2017-04-13,0.124
SPHD,2017-05-15,0.099
SPHD,2017-06-15,0.098
SPHD,2017-07-14,0.097
SPHD,2017-08-15,0.1
SPHD,2017-09-18,0.1
SPHD,2017-10-23,0.101
SPHD,2017-11-20,0.128
SPHD,2017-12-18,0.116
SPHD,2018-01-22,0.138
SPHD,2018-02-20,0.152
SPHD,2018-03-19,0.14
SPHD,2018-04-23,0.141
SPHD,2018-05-21,0.136
SPHD,2018-06-18,0.136
SPHD,2018-07-23,0.136
SPHD,2018-08-20,0.137
SPHD,2018-09-24,0.139
SPHD,2018-10-22,0.139
SPHD,2018-11-19,0.138
SPHD,2018-12-24,0.147
SPHD,2019-01-22,0.135
SPHD,2019-02-19,0.143
SPHD,2019-03-18,0.144
SPHD,2019-04-22,0.148
SPHD,2019-05-20,0.151
SPHD,2019-06-24,0.153
SPHD,2019-07-22,0.15
SPHD,2019-08-19,0.153
SPHD,2019-09-23,0.152
SPHD,2019-10-21,0.152
SPHD,2019-11-18,0.155
SPHD,2019-12-23,0.155
SPHD,2020-01-21,0.156
SPHD,2020-02-24,0.158
SPHD,2020-03-23,0.157
SPHD,2020-04-20,0.156
SPHD,2020-05-18,0.155
SPHD,2020-06-22,0.153
SPHD,2020-07-20,0.15
SPHD,2020-08-24,0.15
SPHD,2020-10-19,0.147
SPHD,2020-11-23,0.153
SPHD,2020-12-21,0.154
SPHD,2021-01-19,0.149
SPHD,2021-02-22,0.145
SPHD,2021-03-22,0.141
SPHD,2021-04-19,0.126
SPHD,2021-05-24,0.114
SPHD,2021-06-21,0.121
SPHD,2021-07-19,0.114
SPHD,2021-08-23,0.127
SPHD,2021-10-18,0.13
SPHD,2021-11-22,0.133
SPHD,2021-12-20,0.137
SPHD,2022-01-24,0.139
SPHD,2022-02-22,0.143
SPHD,2022-03-21,0.145
SPHD,2022-04-18,0.143
SPHD,2022-05-23,0.142
SPHD,2022-06-21,0.142
SPHD,2022-07-18,0.141
SPHD,2022-08-22,0.141
SPHD,2022-09-19,0.141
SPHD,2022-10-24,0.141
SPHD,2022-11-21,0.143
SPHD,2022-12-19,0.144
SPHD,2023-01-23,0.145
SPHD,2023-02-21,0.146
SPHD,2023-03-20,0.147
SPHD,2023-04-24,0.148
SPHD,2023-05-22,0.151
SPHD,2023-06-20,0.155
SPHD,2023-07-24,0.158
SPHD,2023-08-21,0.162
SPHD,2023-09-18,0.179
SPHD,2023-10-23,0.177
SPHD,2023-11-20,0.164
SPHD,2023-12-18,0.169
SPHD,2024-01-22,0.153
SPHD,2024-02-20,0.145
SPHD,2024-03-18,0.134
SPHD,2024-04-22,0.141
SPHD,2024-05-20,0.136
SPHD,2024-06-24,0.13
SPHD,2024-07-22,0.135
SPHD,2024-08-19,0.131
SPHD,2024-09-23,0.132
SPHD,2024-10-21,0.133
SPHD,2024-11-18,0.138
SPHD,2024-12-23,0.138
SPHD,2025-01-21,0.138
SPHD,2025-02-24,0.138
SPHD,2025-03-24,0.139
SPHD,2025-04-21,0.14
SPHD,2025-05-19,0.146
SPHD,2025-06-23,0.151
SPHD,2025-07-21,0.157
SPHD,2025-08-18,0.162
SPHD,2025-09-22,0.178
SPHD,2025-10-20,0.183
SPHD,2025-11-24,0.195
SPHD,2025-12-22,0.206
SPHD,2026-01-20,0.203
SPHD,2026-02-23,0.209
SPHD,2026-03-23,0.207
SPHD,2026-04-20,0.208
SPHD,2026-05-18,0.209
SPHD,2026-06-22,0.211
SPHD,2026-07-20,0.215
SPHD,2026-08-24,0.22
SPHD,2026-09-21,0.202
CGDV,2022-03-30,0.029
CGDV,2022-06-29,0.055
CGDV,2022-09-29,0.097
CGDV,2022-12-23,0.139
CGDV,2023-03-30,0.091
CGDV,2023-06-29,0.119
CGDV,2023-09-28,0.117
CGDV,2023-12-27,0.167
CGDV,2024-03-28,0.1
CGDV,2024-06-28,0.129
CGDV,2024-09-30,0.15
CGDV,2024-12-26,0.185
CGDV,2025-03-31,0.107
CGDV,2025-06-30,0.13
CGDV,2025-09-30,0.136
CGDV,2025-12-26,0.193
CGDV,2026-03-31,0.11
CGDV,2026-06-30,0.147
COWZ,2016-12-28,0.033
COWZ,2017-03-28,0.052
COWZ,2017-06-27,0.093
COWZ,2017-09-26,0.291
COWZ,2017-12-27,0.128
COWZ,2018-03-27,0.085
COWZ,2018-06-26,0.078
COWZ,2018-09-25,0.121
COWZ,2018-12-24,0.145
COWZ,2019-03-26,0.119
COWZ,2019-06-25,0.131
COWZ,2019-12-24,0.203
COWZ,2020-03-23,0.283
COWZ,2020-06-22,0.109
COWZ,2020-09-21,0.213
COWZ,2020-12-21,0.247
COWZ,2021-03-22,0.126
COWZ,2021-06-21,0.106
COWZ,2021-09-23,0.187
COWZ,2021-12-23,0.278
COWZ,2022-03-24,0.147
COWZ,2022-06-23,0.213
COWZ,2022-09-22,0.224
COWZ,2022-12-22,0.321
COWZ,2023-03-23,0.211
COWZ,2023-06-22,0.191
COWZ,2023-09-21,0.3
COWZ,2023-12-27,0.298
COWZ,2024-03-21,0.244
COWZ,2024-06-27,0.3
COWZ,2024-09-26,0.248
COWZ,2024-12-27,0.238
COWZ,2025-03-06,0.229
COWZ,2025-06-05,0.164
COWZ,2025-09-04,0.309
COWZ,2025-12-30,0.617
COWZ,2026-03-05,0.2
COWZ,2026-06-04,0.112
COWZ,2026-09-03,0.431
RDVY,2016-06-22,0.14
RDVY,2016-09-21,0.079
RDVY,2016-12-21,0.086
RDVY,2017-03-23,0.07
RDVY,2017-06-22,0.106
RDVY,2017-09-21,0.088
RDVY,2017-12-21,0.11
RDVY,2018-03-22,0.102
RDVY,2018-06-21,0.099
RDVY,2018-09-14,0.082
RDVY,2018-12-18,0.162
RDVY,2019-03-21,0.109
RDVY,2019-06-14,0.133
RDVY,2019-09-25,0.127
RDVY,2019-12-13,0.188
RDVY,2020-03-26,0.108
RDVY,2020-06-25,0.165
RDVY,2020-09-24,0.128
RDVY,2020-12-24,0.211
RDVY,2021-03-25,0.117
RDVY,2021-06-24,0.12
RDVY,2021-09-23,0.131
RDVY,2021-12-23,0.171
RDVY,2022-03-25,0.154
RDVY,2022-06-24,0.222
RDVY,2022-09-23,0.218
RDVY,2022-12-23,0.376
RDVY,2023-03-24,0.211
RDVY,2023-06-27,0.302
RDVY,2023-09-22,0.224
RDVY,2023-12-22,0.342
RDVY,2024-03-21,0.224
RDVY,2024-06-27,0.262
RDVY,2024-09-26,0.191
RDVY,2024-12-13,0.296
RDVY,2025-03-27,0.254
RDVY,2025-06-26,0.171
RDVY,2025-09-25,0.149
RDVY,2025-12-12,0.2
RDVY,2026-03-26,0.181
RDVY,2026-06-25,0.147
RDVY,2026-09-24,0.152
FVD,2016-06-22,0.146
FVD,2016-09-21,0.126
FVD,2016-12-21,0.173
FVD,2017-03-23,0.147
FVD,2017-06-22,0.164
FVD,2017-09-21,0.132
FVD,2017-12-21,0.205
FVD,2018-03-22,0.134
FVD,2018-06-21,0.194
FVD,2018-09-14,0.164
FVD,2018-12-18,0.235
FVD,2019-03-21,0.146
FVD,2019-06-14,0.163
FVD,2019-09-25,0.222
FVD,2019-12-13,0.201
FVD,2020-03-26,0.192
FVD,2020-06-25,0.221
FVD,2020-09-24,0.187
FVD,2020-12-24,0.211
FVD,2021-03-25,0.176
FVD,2021-06-24,0.189
FVD,2021-09-23,0.158
FVD,2021-12-23,0.232
FVD,2022-02-25,0.045
FVD,2022-03-25,0.186
FVD,2022-06-24,0.17
FVD,2022-09-23,0.202
FVD,2022-12-23,0.275
FVD,2023-03-24,0.208
FVD,2023-06-27,0.265
FVD,2023-09-22,0.183
FVD,2023-12-22,0.293
FVD,2024-03-21,0.189
FVD,2024-06-27,0.28
FVD,2024-09-26,0.228
FVD,2024-12-13,0.275
FVD,2025-03-27,0.261
FVD,2025-06-26,0.256
FVD,2025-09-25,0.252
FVD,2025-12-12,0.319
FVD,2026-03-26,0.257
FVD,2026-06-25,0.291
FVD,2026-09-24,0.256
PEY,2016-01-15,0.043
PEY,2016-02-12,0.042
PEY,2016-03-15,0.043
PEY,2016-04-15,0.035
PEY,2016-05-13,0.043
PEY,2016-06-15,0.041
PEY,2016-07-15,0.045
PEY,2016-08-15,0.042
PEY,2016-09-15,0.042
PEY,2016-10-14,0.042
PEY,2016-11-15,0.044
PEY,2016-12-15,0.067
PEY,2017-01-13,0.04
PEY,2017-02-15,0.038
PEY,2017-03-15,0.04
PEY,2017-04-13,0.044
PEY,2017-05-15,0.047
PEY,2017-06-15,0.048
PEY,2017-07-14,0.05
PEY,2017-08-15,0.049
PEY,2017-09-18,0.05
PEY,2017-10-23,0.049
PEY,2017-11-20,0.051
PEY,2017-12-18,0.067
PEY,2018-01-22,0.045
PEY,2018-02-20,0.06
PEY,2018-03-19,0.065
PEY,2018-04-23,0.065
PEY,2018-05-21,0.054
PEY,2018-06-18,0.052
PEY,2018-07-23,0.055
PEY,2018-08-20,0.056
PEY,2018-09-24,0.057
PEY,2018-10-22,0.057
PEY,2018-11-19,0.054
PEY,2018-12-24,0.067
PEY,2019-01-22,0.053
PEY,2019-02-19,0.055
PEY,2019-03-18,0.055
PEY,2019-04-22,0.057
PEY,2019-05-20,0.059
PEY,2019-06-24,0.054
PEY,2019-07-22,0.06
PEY,2019-08-19,0.062
PEY,2019-09-23,0.063
PEY,2019-10-21,0.065
PEY,2019-11-18,0.068
PEY,2019-12-23,0.068
PEY,2020-01-21,0.066
PEY,2020-02-24,0.067
PEY,2020-03-23,0.065
PEY,2020-04-20,0.063
PEY,2020-05-18,0.062
PEY,2020-06-22,0.06
PEY,2020-07-20,0.062
PEY,2020-08-24,0.06
PEY,2020-09-21,0.059
PEY,2020-10-19,0.061
PEY,2020-11-23,0.061
PEY,2020-12-21,0.062
PEY,2021-01-19,0.063
PEY,2021-02-22,0.066
PEY,2021-03-22,0.067
PEY,2021-04-19,0.066
PEY,2021-05-24,0.065
PEY,2021-06-21,0.065
PEY,2021-07-19,0.065
PEY,2021-08-23,0.067
PEY,2021-09-20,0.068
PEY,2021-10-18,0.069
PEY,2021-11-22,0.071
PEY,2021-12-20,0.073
PEY,2022-01-24,0.073
PEY,2022-02-22,0.072
PEY,2022-03-21,0.071
PEY,2022-04-18,0.071
PEY,2022-05-23,0.068
PEY,2022-06-21,0.067
PEY,2022-07-18,0.066
PEY,2022-08-22,0.066
PEY,2022-09-19,0.067
PEY,2022-10-24,0.068
PEY,2022-11-21,0.069
PEY,2022-12-19,0.114
PEY,2023-01-23,0.068
PEY,2023-02-21,0.069
PEY,2023-03-20,0.07
PEY,2023-04-24,0.07
PEY,2023-05-22,0.071
PEY,2023-06-20,0.071
PEY,2023-07-24,0.073
PEY,2023-08-21,0.075
PEY,2023-09-18,0.077
PEY,2023-10-23,0.093
PEY,2023-11-20,0.111
PEY,2023-12-18,0.121
PEY,2024-01-22,0.084
PEY,2024-02-20,0.081
PEY,2024-03-18,0.077
PEY,2024-04-22,0.07
PEY,2024-05-20,0.076
PEY,2024-06-24,0.071
PEY,2024-07-22,0.086
PEY,2024-08-19,0.076
PEY,2024-09-23,0.074
PEY,2024-10-21,0.09
PEY,2024-11-18,0.077
PEY,2024-12-23,0.083
PEY,2025-01-21,0.084
PEY,2025-02-24,0.07
PEY,2025-03-24,0.07
PEY,2025-04-21,0.075
PEY,2025-05-19,0.085
PEY,2025-06-23,0.086
PEY,2025-07-21,0.088
PEY,2025-08-18,0.081
PEY,2025-09-22,0.088
PEY,2025-10-20,0.095
PEY,2025-11-24,0.084
PEY,2025-12-22,0.082
PEY,2026-01-20,0.082
PEY,2026-02-23,0.081
PEY,2026-03-23,0.071
PEY,2026-04-20,0.082
PEY,2026-05-18,0.091
PEY,2026-06-22,0.095
PEY,2026-07-20,0.097
PEY,2026-08-24,0.093
PEY,2026-09-21,0.093
DHS,2016-01-25,0.14
DHS,2016-02-22,0.135
DHS,2016-03-21,0.122
DHS,2016-04-25,0.236
DHS,2016-05-23,0.16
DHS,2016-06-20,0.14
DHS,2016-07-25,0.23
DHS,2016-08-22,0.185
DHS,2016-09-26,0.215
DHS,2016-10-24,0.185
DHS,2016-11-21,0.185
DHS,2016-12-23,0.253
DHS,2017-01-23,0.115
DHS,2017-02-17,0.15
DHS,2017-03-27,0.245
DHS,2017-04-24,0.09
DHS,2017-05-22,0.145
DHS,2017-06-26,0.245
DHS,2017-07-24,0.18
DHS,2017-08-21,0.175
DHS,2017-09-26,0.24
DHS,2017-10-24,0.18
DHS,2017-11-21,0.115
DHS,2017-12-26,0.304
DHS,2018-01-23,0.115
DHS,2018-02-20,0.09
DHS,2018-03-20,0.357
DHS,2018-04-24,0.11
DHS,2018-05-22,0.125
DHS,2018-06-25,0.27
DHS,2018-07-24,0.28
DHS,2018-08-21,0.14
DHS,2018-09-25,0.33
DHS,2018-10-23,0.185
DHS,2018-11-20,0.145
DHS,2018-12-24,0.298
DHS,2019-01-22,0.12
DHS,2019-02-19,0.135
DHS,2019-03-26,0.25
DHS,2019-04-23,0.23
DHS,2019-05-28,0.27
DHS,2019-06-24,0.21
DHS,2019-07-23,0.195
DHS,2019-08-27,0.28
DHS,2019-09-24,0.205
DHS,2019-10-22,0.19
DHS,2019-11-25,0.265
DHS,2019-12-23,0.482
DHS,2020-01-21,0.12
DHS,2020-02-25,0.3
DHS,2020-04-21,0.145
DHS,2020-05-26,0.295
DHS,2020-06-23,0.21
DHS,2020-07-28,0.25
DHS,2020-08-25,0.205
DHS,2020-09-22,0.115
DHS,2020-10-27,0.34
DHS,2020-11-23,0.185
DHS,2020-12-21,0.63
DHS,2020-12-30,0.076
DHS,2021-01-25,0.085
DHS,2021-02-22,0.045
DHS,2021-03-25,0.392
DHS,2021-04-26,0.175
DHS,2021-05-24,0.16
DHS,2021-06-24,0.275
DHS,2021-07-26,0.285
DHS,2021-08-25,0.185
DHS,2021-09-24,0.26
DHS,2021-10-25,0.295
DHS,2021-11-23,0.19
DHS,2021-12-27,0.365
DHS,2022-01-25,0.1
DHS,2022-02-22,0.045
DHS,2022-03-25,0.13
DHS,2022-04-25,0.255
DHS,2022-05-24,0.275
DHS,2022-06-24,0.395
DHS,2022-07-25,0.235
DHS,2022-08-25,0.295
DHS,2022-09-26,0.34
DHS,2022-10-25,0.195
DHS,2022-11-23,0.21
DHS,2022-12-23,0.465
DHS,2023-01-25,0.11
DHS,2023-02-22,0.195
DHS,2023-03-27,0.54
DHS,2023-04-24,0.135
DHS,2023-05-24,0.385
DHS,2023-06-26,0.31
DHS,2023-07-25,0.205
DHS,2023-08-25,0.315
DHS,2023-09-25,0.315
DHS,2023-10-25,0.21
DHS,2023-11-24,0.29
DHS,2023-12-22,0.5
DHS,2023-12-28,0.031
DHS,2024-01-25,0.09
DHS,2024-02-23,0.205
DHS,2024-03-22,0.285
DHS,2024-04-24,0.3
DHS,2024-05-24,0.305
DHS,2024-06-25,0.375
DHS,2024-07-26,0.185
DHS,2024-08-27,0.345
DHS,2024-09-25,0.33
DHS,2024-10-28,0.21
DHS,2024-11-25,0.36
DHS,2024-12-26,0.38
DHS,2024-12-31,0.045
DHS,2025-01-28,0.12
DHS,2025-02-25,0.165
DHS,2025-03-26,0.305
DHS,2025-04-25,0.305
DHS,2025-05-27,0.195
DHS,2025-06-25,0.445
DHS,2025-07-28,0.205
DHS,2025-08-26,0.215
DHS,2025-09-25,0.43
DHS,2025-10-28,0.22
DHS,2025-11-24,0.19
DHS,2025-12-26,0.585
DHS,2026-01-27,0.195
DHS,2026-02-24,0.155
DHS,2026-03-26,0.385
DHS,2026-04-27,0.405
DHS,2026-05-26,0.275
DHS,2026-06-25,0.36
DHS,2026-07-28,0.305
DHS,2026-08-26,0.315
KBWD,2016-01-15,0.14
KBWD,2016-02-12,0.16
KBWD,2016-03-15,0.18
KBWD,2016-04-15,0.21
KBWD,2016-05-13,0.18
KBWD,2016-06-15,0.174
KBWD,2016-07-15,0.174
KBWD,2016-08-15,0.171
KBWD,2016-09-15,0.151
KBWD,2016-10-14,0.135
KBWD,2016-11-15,0.16
KBWD,2016-12-15,0.16
KBWD,2017-01-13,0.165
KBWD,2017-02-15,0.168
KBWD,2017-03-15,0.17
KBWD,2017-04-13,0.178
KBWD,2017-05-15,0.178
KBWD,2017-06-15,0.179
KBWD,2017-07-14,0.176
KBWD,2017-08-15,0.175
KBWD,2017-09-18,0.171
KBWD,2017-10-23,0.187
KBWD,2017-11-20,0.17
KBWD,2017-12-18,0.157
KBWD,2018-01-22,0.199
KBWD,2018-02-20,0.193
KBWD,2018-03-19,0.187
KBWD,2018-04-23,0.193
KBWD,2018-05-21,0.148
KBWD,2018-06-18,0.144
KBWD,2018-07-23,0.144
KBWD,2018-08-20,0.131
KBWD,2018-09-24,0.123
KBWD,2018-10-22,0.14
KBWD,2018-11-19,0.138
KBWD,2018-12-24,0.139
KBWD,2019-01-22,0.147
KBWD,2019-02-19,0.156
KBWD,2019-03-18,0.157
KBWD,2019-04-22,0.158
KBWD,2019-05-20,0.158
KBWD,2019-06-24,0.16
KBWD,2019-07-22,0.159
KBWD,2019-08-19,0.158
KBWD,2019-09-23,0.158
KBWD,2019-10-21,0.16
KBWD,2019-11-18,0.162
KBWD,2019-12-23,0.162
KBWD,2020-01-21,0.163
KBWD,2020-02-24,0.164
KBWD,2020-03-23,0.165
KBWD,2020-04-20,0.162
KBWD,2020-05-18,0.127
KBWD,2020-06-22,0.122
KBWD,2020-07-20,0.122
KBWD,2020-08-24,0.122
KBWD,2020-09-21,0.114
KBWD,2020-10-19,0.115
KBWD,2020-11-23,0.113
KBWD,2020-12-21,0.111
KBWD,2021-01-19,0.121
KBWD,2021-02-22,0.113
KBWD,2021-03-22,0.108
KBWD,2021-04-19,0.116
KBWD,2021-05-24,0.119
KBWD,2021-06-21,0.122
KBWD,2021-07-19,0.123
KBWD,2021-08-23,0.125
KBWD,2021-09-20,0.128
KBWD,2021-10-18,0.132
KBWD,2021-11-22,0.133
KBWD,2021-12-20,0.135
KBWD,2022-01-24,0.136
KBWD,2022-02-22,0.137
KBWD,2022-03-21,0.137
KBWD,2022-04-18,0.137
KBWD,2022-05-23,0.137
KBWD,2022-06-21,0.14
KBWD,2022-07-18,0.145
KBWD,2022-08-22,0.148
KBWD,2022-09-19,0.14
KBWD,2022-10-24,0.141
KBWD,2022-11-21,0.141
KBWD,2022-12-19,0.142
KBWD,2023-01-23,0.142
KBWD,2023-02-21,0.144
KBWD,2023-03-20,0.146
KBWD,2023-04-24,0.154
KBWD,2023-05-22,0.162
KBWD,2023-06-20,0.162
KBWD,2023-07-24,0.17
KBWD,2023-08-21,0.171
KBWD,2023-09-18,0.136
KBWD,2023-10-23,0.143
KBWD,2023-11-20,0.147
KBWD,2023-12-18,0.14
KBWD,2024-01-22,0.143
KBWD,2024-02-20,0.143
KBWD,2024-03-18,0.146
KBWD,2024-04-22,0.15
KBWD,2024-05-20,0.155
KBWD,2024-06-24,0.166
KBWD,2024-07-22,0.167
KBWD,2024-08-19,0.17
KBWD,2024-09-23,0.148
KBWD,2024-10-21,0.147
KBWD,2024-11-18,0.147
KBWD,2024-12-23,0.145
KBWD,2025-01-21,0.145
KBWD,2025-02-24,0.146
KBWD,2025-03-24,0.142
KBWD,2025-04-21,0.14
KBWD,2025-05-19,0.148
KBWD,2025-06-23,0.148
KBWD,2025-07-21,0.147
KBWD,2025-08-18,0.147
KBWD,2025-09-22,0.148
KBWD,2025-10-20,0.147
KBWD,2025-11-24,0.148
KBWD,2025-12-22,0.148
KBWD,2026-01-20,0.148
KBWD,2026-02-23,0.148
KBWD,2026-03-23,0.148
KBWD,2026-04-20,0.143
KBWD,2026-05-18,0.141
KBWD,2026-06-22,0.139
KBWD,2026-07-20,0.135
KBWD,2026-08-24,0.135
KBWD,2026-09-21,0.135
SDIV,2016-02-01,0.363
SDIV,2016-03-01,0.363
SDIV,2016-04-01,0.363
SDIV,2016-05-02,0.363
SDIV,2016-06-01,0.363
SDIV,2016-07-01,0.363
SDIV,2016-08-01,0.363
SDIV,2016-09-01,0.363
SDIV,2016-10-03,0.363
SDIV,2016-11-01,0.363
SDIV,2016-12-01,0.363
SDIV,2016-12-28,0.363
SDIV,2017-02-01,0.363
SDIV,2017-03-01,0.363
SDIV,2017-04-03,0.363
SDIV,2017-05-01,0.363
SDIV,2017-06-01,0.363
SDIV,2017-07-03,0.363
SDIV,2017-08-01,0.363
SDIV,2017-09-01,0.363
SDIV,2017-10-02,0.363
SDIV,2017-11-01,0.363
SDIV,2017-12-01,0.369
SDIV,2017-12-28,0.369
SDIV,2018-02-05,0.369
SDIV,2018-03-05,0.369
SDIV,2018-04-04,0.369
SDIV,2018-05-03,0.384
SDIV,2018-06-05,0.402
SDIV,2018-07-05,0.405
SDIV,2018-08-03,0.405
SDIV,2018-09-06,0.405
SDIV,2018-10-03,0.405
SDIV,2018-11-05,0.405
SDIV,2018-12-06,0.405
SDIV,2018-12-28,0.405
SDIV,2019-02-05,0.405
SDIV,2019-03-05,0.405
SDIV,2019-04-03,0.405
SDIV,2019-05-03,0.405
SDIV,2019-06-05,0.405
SDIV,2019-07-03,0.39
SDIV,2019-08-05,0.375
SDIV,2019-09-05,0.375
SDIV,2019-10-03,0.366
SDIV,2019-11-05,0.366
SDIV,2019-12-04,0.366
SDIV,2019-12-30,0.366
SDIV,2020-02-05,0.366
SDIV,2020-03-04,0.366
SDIV,2020-04-03,0.249
SDIV,2020-05-05,0.225
SDIV,2020-06-03,0.225
SDIV,2020-07-06,0.24
SDIV,2020-08-05,0.24
SDIV,2020-09-03,0.24
SDIV,2020-10-05,0.24
SDIV,2020-11-04,0.225
SDIV,2020-12-03,0.225
SDIV,2020-12-30,0.225
SDIV,2021-02-03,0.225
SDIV,2021-03-03,0.24
SDIV,2021-04-05,0.264
SDIV,2021-05-05,0.264
SDIV,2021-06-03,0.264
SDIV,2021-07-06,0.264
SDIV,2021-08-04,0.27
SDIV,2021-09-03,0.27
SDIV,2021-10-05,0.27
SDIV,2021-11-03,0.27
SDIV,2021-12-03,0.3
SDIV,2021-12-30,0.396
SDIV,2022-02-03,0.3
SDIV,2022-03-03,0.3
SDIV,2022-04-05,0.3
SDIV,2022-05-04,0.3
SDIV,2022-06-03,0.3
SDIV,2022-07-06,0.3
SDIV,2022-08-03,0.3
SDIV,2022-09-06,0.285
SDIV,2022-10-05,0.255
SDIV,2022-11-03,0.255
SDIV,2022-12-05,0.255
SDIV,2022-12-29,0.255
SDIV,2023-02-03,0.255
SDIV,2023-03-03,0.255
SDIV,2023-04-05,0.23
SDIV,2023-05-03,0.215
SDIV,2023-06-05,0.215
SDIV,2023-07-06,0.215
SDIV,2023-08-03,0.21
SDIV,2023-09-06,0.21
SDIV,2023-10-04,0.21
SDIV,2023-11-03,0.21
SDIV,2023-12-05,0.21
SDIV,2023-12-28,0.21
SDIV,2024-02-05,0.21
SDIV,2024-03-05,0.21
SDIV,2024-04-03,0.19
SDIV,2024-05-03,0.19
SDIV,2024-06-05,0.19
SDIV,2024-07-03,0.19
SDIV,2024-08-05,0.19
SDIV,2024-09-05,0.19
SDIV,2024-10-03,0.192
SDIV,2024-11-05,0.192
SDIV,2024-12-04,0.196
SDIV,2024-12-30,0.196
SDIV,2025-02-05,0.193
SDIV,2025-03-05,0.2
SDIV,2025-04-03,0.195
SDIV,2025-05-05,0.195
SDIV,2025-06-04,0.192
SDIV,2025-07-03,0.19
SDIV,2025-08-05,0.19
SDIV,2025-09-04,0.19
SDIV,2025-10-03,0.19
SDIV,2025-11-05,0.19
SDIV,2025-12-03,0.19
SDIV,2025-12-30,0.19
SDIV,2026-02-04,0.19
SDIV,2026-03-04,0.197
SDIV,2026-04-06,0.19
SDIV,2026-05-05,0.18
SDIV,2026-06-03,0.18
SDIV,2026-07-06,0.18
SDIV,2026-08-05,0.18
SDIV,2026-09-03,0.18
SCHY,2021-06-23,0.05
SCHY,2021-12-08,0.385
SCHY,2021-12-30,0.01
SCHY,2022-06-22,0.238
SCHY,2022-12-07,0.586
SCHY,2023-06-21,0.29
SCHY,2023-12-06,0.687
SCHY,2024-03-20,0.16
SCHY,2024-06-26,0.347
SCHY,2024-09-25,0.275
SCHY,2024-12-13,0.291
SCHY,2025-03-26,0.14
SCHY,2025-06-25,0.349
SCHY,2025-09-24,0.25
SCHY,2025-12-11,0.32
SCHY,2026-03-25,0.182
SCHY,2026-06-24,0.357
SCHY,2026-09-23,0.316
VYMI,2016-03-21,0.085
VYMI,2016-06-14,0.559
VYMI,2016-09-13,0.374
VYMI,2016-12-22,0.338
VYMI,2017-03-22,0.365
VYMI,2017-06-28,0.83
VYMI,2017-09-22,0.479
VYMI,2017-12-19,0.474
VYMI,2018-03-26,0.382
VYMI,2018-06-22,0.948
VYMI,2018-09-26,0.578
VYMI,2018-12-24,0.508
VYMI,2019-03-25,0.441
VYMI,2019-06-17,1.02
VYMI,2019-09-24,0.659
VYMI,2019-12-23,0.561
VYMI,2020-03-23,0.277
VYMI,2020-06-22,0.517
VYMI,2020-09-21,0.577
VYMI,2020-12-21,0.588
VYMI,2021-03-22,0.361
VYMI,2021-06-21,0.831
VYMI,2021-09-20,0.73
VYMI,2021-12-20,0.964
VYMI,2022-03-21,0.312
VYMI,2022-06-21,1.117
VYMI,2022-09-19,0.706
VYMI,2022-12-19,0.668
VYMI,2023-03-20,0.314
VYMI,2023-06-20,1.187
VYMI,2023-09-18,0.683
VYMI,2023-12-18,0.864
VYMI,2024-03-15,0.616
VYMI,2024-06-21,1.009
VYMI,2024-09-20,0.697
VYMI,2024-12-20,0.965
VYMI,2025-03-21,0.6
VYMI,2025-06-20,1.076
VYMI,2025-09-19,0.7
VYMI,2025-12-19,0.939
VYMI,2026-03-20,0.708
VYMI,2026-06-18,1.257
VYMI,2026-09-18,0.817
IDV,2016-03-23,0.34
IDV,2016-06-21,0.543
IDV,2016-09-26,0.339
IDV,2016-12-22,0.166
IDV,2017-03-24,0.323
IDV,2017-06-20,0.568
IDV,2017-09-26,0.261
IDV,2017-12-21,0.378
IDV,2018-03-22,0.3
IDV,2018-06-19,0.611
IDV,2018-09-26,0.324
IDV,2018-12-18,0.468
IDV,2019-03-20,0.344
IDV,2019-06-17,0.723
IDV,2019-09-24,0.279
IDV,2019-12-16,0.383
IDV,2020-03-25,0.799
IDV,2020-06-15,0.297
IDV,2020-09-23,0.302
IDV,2020-12-14,0.214
IDV,2021-03-25,0.461
IDV,2021-06-10,0.428
IDV,2021-09-24,0.612
IDV,2021-12-13,0.302
IDV,2022-03-24,0.365
IDV,2022-06-09,0.649
IDV,2022-09-26,0.61
IDV,2022-12-13,0.368
IDV,2023-03-23,0.214
IDV,2023-06-07,0.727
IDV,2023-09-26,0.508
IDV,2023-12-20,0.373
IDV,2024-03-21,0.236
IDV,2024-06-11,0.728
IDV,2024-09-25,0.424
IDV,2024-12-17,0.38
IDV,2025-03-18,0.188
IDV,2025-06-16,0.787
IDV,2025-09-16,0.382
IDV,2025-12-15,0.592
IDV,2026-03-17,0.201
IDV,2026-06-15,1.102
IDV,2026-09-15,0.53
VIGI,2016-06-14,0.199
VIGI,2016-09-13,0.142
VIGI,2016-12-20,0.17
VIGI,2017-03-22,0.25
VIGI,2017-06-28,0.511
VIGI,2017-09-22,0.143
VIGI,2017-12-19,0.259
VIGI,2018-03-26,0.197
VIGI,2018-06-28,0.554
VIGI,2018-09-26,0.163
VIGI,2018-12-24,0.235
VIGI,2019-03-25,0.053
VIGI,2019-06-17,0.48
VIGI,2019-09-24,0.192
VIGI,2019-12-18,0.595
VIGI,2020-03-23,0.138
VIGI,2020-06-22,0.299
VIGI,2020-09-25,0.228
VIGI,2020-12-21,0.384
VIGI,2021-03-22,0.032
VIGI,2021-06-21,0.427
VIGI,2021-09-20,0.138
VIGI,2021-12-20,5.397
VIGI,2022-03-21,0.234
VIGI,2022-06-21,0.585
VIGI,2022-09-19,0.172
VIGI,2022-12-19,0.443
VIGI,2023-03-20,0.319
VIGI,2023-06-20,0.651
VIGI,2023-09-18,0.182
VIGI,2023-12-18,0.374
VIGI,2024-03-15,0.434
VIGI,2024-06-21,0.536
VIGI,2024-09-20,0.312
VIGI,2024-12-20,0.262
VIGI,2025-03-21,0.523
VIGI,2025-06-20,0.542
VIGI,2025-09-19,0.363
VIGI,2025-12-19,0.532
VIGI,2026-03-20,0.565
VIGI,2026-06-18,0.534
VIGI,2026-09-18,0.458
DIVO,2017-03-29,0.139
DIVO,2017-06-28,0.311
DIVO,2017-09-28,0.316
DIVO,2017-12-28,0.344
DIVO,2018-03-28,0.332
DIVO,2018-06-28,0.335
DIVO,2018-07-30,0.115
DIVO,2018-08-30,0.124
DIVO,2018-09-27,0.125
DIVO,2018-10-30,0.129
DIVO,2018-11-29,0.131
DIVO,2018-12-28,0.116
DIVO,2019-01-30,0.127
DIVO,2019-02-27,0.133
DIVO,2019-03-28,0.133
DIVO,2019-04-29,0.136
DIVO,2019-05-30,0.133
DIVO,2019-06-27,0.139
DIVO,2019-07-30,0.141
DIVO,2019-08-29,0.137
DIVO,2019-09-27,0.14
DIVO,2019-10-30,0.14
DIVO,2019-11-27,0.143
DIVO,2019-12-30,1.004
DIVO,2020-01-29,0.139
DIVO,2020-02-26,0.137
DIVO,2020-03-27,0.109
DIVO,2020-04-28,0.125
DIVO,2020-05-27,0.126
DIVO,2020-06-26,0.129
DIVO,2020-07-29,0.134
DIVO,2020-08-27,0.141
DIVO,2020-09-28,0.132
DIVO,2020-10-28,0.14
DIVO,2020-11-25,0.147
DIVO,2020-12-29,0.149
DIVO,2021-01-27,0.153
DIVO,2021-02-24,0.153
DIVO,2021-03-29,0.157
DIVO,2021-04-28,0.154
DIVO,2021-05-26,0.157
DIVO,2021-06-28,0.148
DIVO,2021-07-28,0.153
DIVO,2021-08-27,0.153
DIVO,2021-09-28,0.149
DIVO,2021-10-27,0.148
DIVO,2021-11-26,0.15
DIVO,2021-12-29,0.153
DIVO,2022-01-27,0.145
DIVO,2022-02-24,0.145
DIVO,2022-03-29,0.151
DIVO,2022-04-27,0.147
DIVO,2022-05-26,0.141
DIVO,2022-06-28,0.137
DIVO,2022-07-27,0.138
DIVO,2022-08-29,0.144
DIVO,2022-09-28,0.13
DIVO,2022-10-27,0.139
DIVO,2022-11-28,0.147
DIVO,2022-12-28,0.144
DIVO,2023-01-27,0.144
DIVO,2023-02-24,0.141
DIVO,2023-03-29,0.139
DIVO,2023-04-26,0.145
DIVO,2023-05-26,0.139
DIVO,2023-06-28,0.142
DIVO,2023-07-27,0.148
DIVO,2023-08-29,0.143
DIVO,2023-09-27,0.141
DIVO,2023-10-27,0.138
DIVO,2023-11-28,0.142
DIVO,2023-12-27,0.146
DIVO,2024-01-29,0.149
DIVO,2024-02-27,0.152
DIVO,2024-03-26,0.155
DIVO,2024-04-26,0.153
DIVO,2024-05-30,0.154
DIVO,2024-06-27,0.156
DIVO,2024-07-30,0.158
DIVO,2024-08-29,0.161
DIVO,2024-09-27,0.163
DIVO,2024-10-30,0.164
DIVO,2024-11-27,0.171
DIVO,2024-12-30,0.165
DIVO,2025-01-30,0.169
DIVO,2025-02-27,0.167
DIVO,2025-03-28,0.165
DIVO,2025-04-29,0.158
DIVO,2025-05-29,0.165
DIVO,2025-06-27,0.168
DIVO,2025-07-30,0.172
DIVO,2025-08-28,0.175
DIVO,2025-09-29,0.177
DIVO,2025-10-30,0.182
DIVO,2025-11-26,0.214
DIVO,2025-12-30,0.953
DIVO,2026-01-29,0.183
DIVO,2026-02-26,0.186
DIVO,2026-03-30,0.179
DIVO,2026-04-29,0.181
DIVO,2026-05-28,0.184
DIVO,2026-06-29,0.183
DIVO,2026-07-30,0.188
DIVO,2026-08-28,0.195
DIVO,2026-09-29,0.189
JEPI,2020-07-01,0.494
JEPI,2020-08-03,0.29
JEPI,2020-09-01,0.453
JEPI,2020-10-01,0.435
JEPI,2020-11-02,0.515
JEPI,2020-12-01,0.5
JEPI,2020-12-30,0.543
JEPI,2021-02-01,0.263
JEPI,2021-03-01,0.321
JEPI,2021-04-01,0.348
JEPI,2021-05-03,0.374
JEPI,2021-06-01,0.314
JEPI,2021-07-01,0.395
JEPI,2021-08-02,0.257
JEPI,2021-09-01,0.339
JEPI,2021-10-01,0.343
JEPI,2021-11-01,0.366
JEPI,2021-12-01,0.383
JEPI,2021-12-30,0.459
JEPI,2022-02-01,0.382
JEPI,2022-03-01,0.462
JEPI,2022-04-01,0.588
JEPI,2022-05-02,0.468
JEPI,2022-06-01,0.516
JEPI,2022-07-01,0.621
JEPI,2022-08-01,0.495
JEPI,2022-09-01,0.559
JEPI,2022-10-03,0.481
JEPI,2022-11-01,0.606
JEPI,2022-12-01,0.61
JEPI,2022-12-29,0.573
JEPI,2023-02-01,0.444
JEPI,2023-03-01,0.411
JEPI,2023-04-03,0.445
JEPI,2023-05-01,0.425
JEPI,2023-06-01,0.365
JEPI,2023-07-03,0.359
JEPI,2023-08-01,0.29
JEPI,2023-09-01,0.338
JEPI,2023-10-02,0.363
JEPI,2023-11-01,0.359
JEPI,2023-12-01,0.39
JEPI,2023-12-28,0.428
JEPI,2024-02-01,0.301
JEPI,2024-03-01,0.301
JEPI,2024-04-01,0.345
JEPI,2024-05-01,0.326
JEPI,2024-06-03,0.36
JEPI,2024-07-01,0.33
JEPI,2024-08-01,0.289
JEPI,2024-09-03,0.4
JEPI,2024-10-01,0.392
JEPI,2024-11-01,0.375
JEPI,2024-12-02,0.402
JEPI,2024-12-31,0.395
JEPI,2025-02-03,0.326
JEPI,2025-03-03,0.328
JEPI,2025-04-01,0.408
JEPI,2025-05-01,0.488
JEPI,2025-06-02,0.54
JEPI,2025-07-01,0.4
JEPI,2025-08-01,0.358
JEPI,2025-09-02,0.368
JEPI,2025-10-01,0.361
JEPI,2025-11-03,0.346
JEPI,2025-12-01,0.371
JEPI,2025-12-31,0.427
JEPI,2026-02-02,0.344
JEPI,2026-03-02,0.351
JEPI,2026-04-01,0.421
JEPI,2026-05-01,0.448
JEPI,2026-06-01,0.389
JEPI,2026-07-01,0.387
JEPI,2026-08-03,0.367
JEPI,2026-09-01,0.371
JEPI,2026-10-01,0.341
JEPQ,2022-06-01,0.376
JEPQ,2022-07-01,0.34
JEPQ,2022-08-01,0.407
JEPQ,2022-09-01,0.546
JEPQ,2022-10-03,0.38
JEPQ,2022-11-01,0.681
JEPQ,2022-12-01,0.546
JEPQ,2022-12-29,0.576
JEPQ,2023-02-01,0.441
JEPQ,2023-03-01,0.433
JEPQ,2023-04-03,0.454
JEPQ,2023-05-01,0.484
JEPQ,2023-06-01,0.357
JEPQ,2023-07-03,0.367
JEPQ,2023-08-01,0.366
JEPQ,2023-09-01,0.451
JEPQ,2023-10-02,0.417
JEPQ,2023-11-01,0.418
JEPQ,2023-12-01,0.422
JEPQ,2023-12-28,0.392
JEPQ,2024-02-01,0.342
JEPQ,2024-03-01,0.38
JEPQ,2024-04-01,0.427
JEPQ,2024-05-01,0.431
JEPQ,2024-06-03,0.45
JEPQ,2024-07-01,0.421
JEPQ,2024-08-01,0.427
JEPQ,2024-09-03,0.557
JEPQ,2024-10-01,0.551
JEPQ,2024-11-01,0.494
JEPQ,2024-12-02,0.508
JEPQ,2024-12-31,0.456
JEPQ,2025-02-03,0.45
JEPQ,2025-03-03,0.482
JEPQ,2025-04-01,0.541
JEPQ,2025-05-01,0.598
JEPQ,2025-06-02,0.621
JEPQ,2025-07-01,0.494
JEPQ,2025-08-01,0.444
JEPQ,2025-09-02,0.442
JEPQ,2025-10-01,0.446
JEPQ,2025-11-03,0.476
JEPQ,2025-12-01,0.553
JEPQ,2025-12-31,0.576
JEPQ,2026-02-02,0.466
JEPQ,2026-03-02,0.509
JEPQ,2026-04-01,0.559
JEPQ,2026-05-01,0.591
JEPQ,2026-06-01,0.564
JEPQ,2026-07-01,0.637
JEPQ,2026-08-03,0.705
JEPQ,2026-09-01,0.683
JEPQ,2026-10-01,0.567
QYLD,2016-02-24,0.22
QYLD,2016-04-20,0.156
QYLD,2016-05-25,0.171
QYLD,2016-06-22,0.202
QYLD,2016-07-20,0.141
QYLD,2016-08-24,0.13
QYLD,2016-09-21,0.194
QYLD,2016-10-26,0.149
QYLD,2016-11-23,0.162
QYLD,2016-12-21,0.146
QYLD,2017-01-25,0.128
QYLD,2017-02-22,0.1
QYLD,2017-03-22,0.123
QYLD,2017-04-26,0.145
QYLD,2017-05-24,0.126
QYLD,2017-06-21,0.221
QYLD,2017-07-26,0.159
QYLD,2017-08-23,0.203
QYLD,2017-09-20,0.154
QYLD,2017-11-22,0.132
QYLD,2017-12-20,0.247
QYLD,2018-01-24,0.25
QYLD,2018-02-21,0.249
QYLD,2018-03-21,0.249
QYLD,2018-04-25,0.234
QYLD,2018-05-23,0.216
QYLD,2018-06-20,0.2
QYLD,2018-07-25,0.181
QYLD,2018-08-22,0.226
QYLD,2018-09-26,0.201
QYLD,2018-10-24,0.247
QYLD,2018-11-21,0.225
QYLD,2018-12-28,0.172
QYLD,2019-01-23,0.217
QYLD,2019-02-20,0.185
QYLD,2019-03-20,0.204
QYLD,2019-04-24,0.179
QYLD,2019-05-22,0.211
QYLD,2019-06-26,0.215
QYLD,2019-07-24,0.171
QYLD,2019-08-21,0.227
QYLD,2019-09-25,0.175
QYLD,2019-10-23,0.177
QYLD,2019-11-20,0.195
QYLD,2019-12-30,0.165
QYLD,2020-01-21,0.199
QYLD,2020-02-24,0.238
QYLD,2020-03-23,0.181
QYLD,2020-04-20,0.199
QYLD,2020-05-18,0.204
QYLD,2020-06-22,0.209
QYLD,2020-07-20,0.214
QYLD,2020-08-24,0.22
QYLD,2020-09-21,0.212
QYLD,2020-10-19,0.217
QYLD,2020-11-23,0.223
QYLD,2020-12-30,0.23
QYLD,2021-01-19,0.229
QYLD,2021-02-22,0.233
QYLD,2021-03-22,0.224
QYLD,2021-04-19,0.228
QYLD,2021-05-24,0.221
QYLD,2021-06-21,0.194
QYLD,2021-07-19,0.223
QYLD,2021-08-23,0.188
QYLD,2021-09-20,0.19
QYLD,2021-10-18,0.197
QYLD,2021-11-22,0.225
QYLD,2021-12-30,0.499
QYLD,2022-01-24,0.203
QYLD,2022-02-22,0.202
QYLD,2022-03-21,0.21
QYLD,2022-04-18,0.205
QYLD,2022-05-23,0.179
QYLD,2022-06-21,0.174
QYLD,2022-07-18,0.181
QYLD,2022-08-22,0.181
QYLD,2022-09-19,0.165
QYLD,2022-10-24,0.163
QYLD,2022-11-21,0.165
QYLD,2022-12-29,0.161
QYLD,2023-01-23,0.17
QYLD,2023-02-21,0.167
QYLD,2023-03-20,0.169
QYLD,2023-04-24,0.173
QYLD,2023-05-22,0.168
QYLD,2023-06-20,0.177
QYLD,2023-07-24,0.18
QYLD,2023-08-21,0.173
QYLD,2023-09-18,0.172
QYLD,2023-10-23,0.167
QYLD,2023-11-20,0.161
QYLD,2023-12-28,0.166
QYLD,2024-01-22,0.179
QYLD,2024-02-20,0.177
QYLD,2024-03-18,0.178
QYLD,2024-04-22,0.172
QYLD,2024-05-20,0.163
QYLD,2024-06-24,0.169
QYLD,2024-07-22,0.177
QYLD,2024-08-19,0.179
QYLD,2024-09-23,0.181
QYLD,2024-10-21,0.183
QYLD,2024-11-18,0.18
QYLD,2024-12-30,0.339
QYLD,2025-01-21,0.188
QYLD,2025-02-24,0.165
QYLD,2025-03-24,0.17
QYLD,2025-04-21,0.16
QYLD,2025-05-19,0.165
QYLD,2025-06-23,0.166
QYLD,2025-07-21,0.165
QYLD,2025-08-18,0.168
QYLD,2025-09-22,0.17
QYLD,2025-10-20,0.173
QYLD,2025-11-24,0.173
QYLD,2025-12-22,0.178
QYLD,2026-01-20,0.179
QYLD,2026-02-23,0.177
QYLD,2026-03-23,0.172
QYLD,2026-04-20,0.179
QYLD,2026-05-18,0.179
QYLD,2026-06-22,0.185
QYLD,2026-07-20,0.178
QYLD,2026-08-24,0.183
QYLD,2026-09-21,0.177
XYLD,2016-01-21,0.335
XYLD,2016-02-24,0.08
XYLD,2016-03-23,0.074
XYLD,2016-04-20,0.017
XYLD,2016-05-25,0.267
XYLD,2016-06-22,0.091
XYLD,2016-07-20,0.032
XYLD,2016-08-24,0.076
XYLD,2016-09-21,0.198
XYLD,2016-10-26,0.176
XYLD,2016-11-23,0.077
XYLD,2016-12-21,0.05
XYLD,2017-01-25,0.227
XYLD,2017-02-23,0.06
XYLD,2017-03-22,0.061
XYLD,2017-04-26,0.223
XYLD,2017-05-24,0.077
XYLD,2017-06-21,0.054
XYLD,2017-07-26,0.054
XYLD,2017-08-23,0.247
XYLD,2017-09-20,0.06
XYLD,2017-10-25,0.037
XYLD,2017-11-22,0.067
XYLD,2017-12-20,1.435
XYLD,2018-01-24,0.259
XYLD,2018-02-21,0.25
XYLD,2018-03-21,0.249
XYLD,2018-04-25,0.245
XYLD,2018-05-23,0.251
XYLD,2018-06-20,0.254
XYLD,2018-07-25,0.256
XYLD,2018-08-22,0.26
XYLD,2018-09-26,0.262
XYLD,2018-10-24,0.247
XYLD,2018-11-21,0.233
XYLD,2018-12-28,0.388
XYLD,2019-01-23,0.227
XYLD,2019-02-20,0.235
XYLD,2019-03-20,0.239
XYLD,2019-04-24,0.245
XYLD,2019-05-22,0.24
XYLD,2019-06-26,0.244
XYLD,2019-07-24,0.251
XYLD,2019-08-21,0.242
XYLD,2019-09-25,0.243
XYLD,2019-10-23,0.245
XYLD,2019-11-20,0.251
XYLD,2019-12-30,0.256
XYLD,2020-01-21,0.259
XYLD,2020-02-24,0.26
XYLD,2020-03-23,0.183
XYLD,2020-04-20,0.203
XYLD,2020-05-18,0.207
XYLD,2020-06-22,0.209
XYLD,2020-07-20,0.218
XYLD,2020-08-24,0.392
XYLD,2020-09-21,0.445
XYLD,2020-10-19,0.452
XYLD,2020-11-23,0.449
XYLD,2020-12-30,0.404
XYLD,2021-01-19,0.476
XYLD,2021-02-22,0.36
XYLD,2021-03-22,0.42
XYLD,2021-04-19,0.361
XYLD,2021-05-24,0.333
XYLD,2021-06-21,0.387
XYLD,2021-07-19,0.337
XYLD,2021-08-23,0.373
XYLD,2021-09-20,0.37
XYLD,2021-10-18,0.345
XYLD,2021-11-22,0.365
XYLD,2021-12-30,0.458
XYLD,2022-01-24,0.481
XYLD,2022-02-22,0.484
XYLD,2022-03-21,0.501
XYLD,2022-04-18,0.495
XYLD,2022-05-23,0.441
XYLD,2022-06-21,0.422
XYLD,2022-07-18,0.439
XYLD,2022-08-22,0.434
XYLD,2022-09-19,0.405
XYLD,2022-10-24,0.401
XYLD,2022-11-21,0.405
XYLD,2022-12-29,0.382
XYLD,2023-01-23,0.41
XYLD,2023-02-21,0.408
XYLD,2023-03-20,0.399
XYLD,2023-04-24,0.376
XYLD,2023-05-22,0.284
XYLD,2023-06-20,0.327
XYLD,2023-07-24,0.287
XYLD,2023-08-21,0.38
XYLD,2023-09-18,0.333
XYLD,2023-10-23,0.384
XYLD,2023-11-20,0.267
XYLD,2023-12-28,0.29
XYLD,2024-01-22,0.314
XYLD,2024-02-20,0.302
XYLD,2024-03-18,0.322
XYLD,2024-04-22,0.34
XYLD,2024-05-20,0.282
XYLD,2024-06-24,0.276
XYLD,2024-07-22,0.313
XYLD,2024-08-19,0.4
XYLD,2024-09-23,0.342
XYLD,2024-10-21,0.386
XYLD,2024-11-18,0.371
XYLD,2024-12-30,1.19
XYLD,2025-01-21,0.373
XYLD,2025-02-24,0.291
XYLD,2025-03-24,0.401
XYLD,2025-04-21,0.377
XYLD,2025-05-19,0.389
XYLD,2025-06-23,0.387
XYLD,2025-07-21,0.313
XYLD,2025-08-18,0.316
XYLD,2025-09-22,0.302
XYLD,2025-10-20,0.397
XYLD,2025-11-24,0.4
XYLD,2025-12-22,0.325
XYLD,2026-01-20,0.36
XYLD,2026-02-23,0.341
XYLD,2026-03-23,0.391
XYLD,2026-04-20,0.352
XYLD,2026-05-18,0.401
XYLD,2026-06-22,0.34
XYLD,2026-07-20,0.409
XYLD,2026-08-24,0.311
XYLD,2026-09-21,0.296
RYLD,2019-05-22,0.235
RYLD,2019-06-26,0.223
RYLD,2019-07-24,0.137
RYLD,2019-08-21,0.251
RYLD,2019-09-25,0.212
RYLD,2019-10-23,0.168
RYLD,2019-11-20,0.251
RYLD,2019-12-30,0.166
RYLD,2020-01-21,0.196
RYLD,2020-02-24,0.239
RYLD,2020-03-23,0.159
RYLD,2020-04-20,0.176
RYLD,2020-05-18,0.187
RYLD,2020-06-22,0.192
RYLD,2020-07-20,0.202
RYLD,2020-08-24,0.208
RYLD,2020-09-21,0.209
RYLD,2020-10-19,0.214
RYLD,2020-11-23,0.222
RYLD,2020-12-30,0.228
RYLD,2021-01-19,0.227
RYLD,2021-02-22,0.24
RYLD,2021-03-22,0.245
RYLD,2021-04-19,0.249
RYLD,2021-05-24,0.248
RYLD,2021-06-21,0.248
RYLD,2021-07-19,0.246
RYLD,2021-08-23,0.251
RYLD,2021-09-20,0.252
RYLD,2021-10-18,0.247
RYLD,2021-11-22,0.255
RYLD,2021-12-30,0.307
RYLD,2022-01-24,0.223
RYLD,2022-02-22,0.232
RYLD,2022-03-21,0.24
RYLD,2022-04-18,0.235
RYLD,2022-05-23,0.211
RYLD,2022-06-21,0.202
RYLD,2022-07-18,0.212
RYLD,2022-08-22,0.207
RYLD,2022-09-19,0.196
RYLD,2022-10-24,0.195
RYLD,2022-11-21,0.199
RYLD,2022-12-29,0.187
RYLD,2023-01-23,0.196
RYLD,2023-02-21,0.196
RYLD,2023-04-24,0.182
RYLD,2023-05-22,0.161
RYLD,2023-06-20,0.183
RYLD,2023-07-24,0.18
RYLD,2023-08-21,0.174
RYLD,2023-09-18,0.173
RYLD,2023-10-23,0.162
RYLD,2023-11-20,0.168
RYLD,2023-12-28,0.167
RYLD,2024-01-22,0.165
RYLD,2024-02-20,0.163
RYLD,2024-03-18,0.167
RYLD,2024-04-22,0.163
RYLD,2024-05-20,0.165
RYLD,2024-06-24,0.161
RYLD,2024-07-22,0.161
RYLD,2024-08-19,0.161
RYLD,2024-09-23,0.162
RYLD,2024-10-21,0.166
RYLD,2024-11-18,0.166
RYLD,2024-12-30,0.166
RYLD,2025-01-21,0.168
RYLD,2025-02-24,0.163
RYLD,2025-03-24,0.154
RYLD,2025-04-21,0.143
RYLD,2025-05-19,0.148
RYLD,2025-06-23,0.149
RYLD,2025-07-21,0.15
RYLD,2025-08-18,0.151
RYLD,2025-09-22,0.152
RYLD,2025-10-20,0.153
RYLD,2025-11-24,0.152
RYLD,2025-12-22,0.155
RYLD,2026-01-20,0.157
RYLD,2026-02-23,0.158
RYLD,2026-03-23,0.148
RYLD,2026-04-20,0.157
RYLD,2026-05-18,0.157
RYLD,2026-06-22,0.162
RYLD,2026-07-20,0.161
RYLD,2026-08-24,0.165
RYLD,2026-09-21,0.148
SPYI,2022-09-21,0.485
SPYI,2022-10-26,0.465
SPYI,2022-11-23,0.478
SPYI,2022-12-23,0.461
SPYI,2023-02-23,0.472
SPYI,2023-03-22,0.466
SPYI,2023-04-26,0.482
SPYI,2023-05-24,0.487
SPYI,2023-06-22,0.497
SPYI,2023-07-26,0.505
SPYI,2023-08-23,0.486
SPYI,2023-09-20,0.49
SPYI,2023-10-25,0.465
SPYI,2023-11-22,0.478
SPYI,2023-12-20,0.485
SPYI,2024-01-24,0.49
SPYI,2024-02-21,0.497
SPYI,2024-03-20,0.501
SPYI,2024-04-24,0.489
SPYI,2024-05-22,0.5
SPYI,2024-06-26,0.505
SPYI,2024-07-24,0.509
SPYI,2024-08-21,0.556
SPYI,2024-09-25,0.515
SPYI,2024-10-23,0.52
SPYI,2024-11-20,0.521
SPYI,2024-12-24,0.516
SPYI,2025-01-22,0.517
SPYI,2025-02-26,0.514
SPYI,2025-03-26,0.506
SPYI,2025-04-23,0.462
SPYI,2025-05-21,0.506
SPYI,2025-06-25,0.505
SPYI,2025-07-23,0.511
SPYI,2025-08-20,0.518
SPYI,2025-09-24,0.527
SPYI,2025-10-22,0.527
SPYI,2025-11-26,0.522
SPYI,2025-12-24,0.532
SPYI,2026-01-21,0.531
SPYI,2026-02-18,0.522
SPYI,2026-03-18,0.51
SPYI,2026-04-22,0.525
SPYI,2026-05-20,0.535
SPYI,2026-06-16,0.531
SPYI,2026-07-22,0.53
SPYI,2026-08-19,0.542
SPYI,2026-09-16,0.534
QQQI,2024-02-21,0.594
QQQI,2024-03-20,0.605
QQQI,2024-04-24,0.587
QQQI,2024-05-22,0.613
QQQI,2024-06-26,0.623
QQQI,2024-07-24,0.619
QQQI,2024-08-21,0.644
QQQI,2024-09-25,0.602
QQQI,2024-10-23,0.61
QQQI,2024-11-20,0.612
QQQI,2024-12-24,0.622
QQQI,2025-01-22,0.624
QQQI,2025-02-26,0.614
QQQI,2025-03-26,0.587
QQQI,2025-04-23,0.531
QQQI,2025-05-21,0.637
QQQI,2025-06-25,0.628
QQQI,2025-07-23,0.637
QQQI,2025-08-20,0.629
QQQI,2025-09-24,0.641
QQQI,2025-10-22,0.645
QQQI,2025-11-26,0.63
QQQI,2025-12-24,0.641
QQQI,2026-01-21,0.636
QQQI,2026-02-18,0.614
QQQI,2026-03-18,0.609
QQQI,2026-04-22,0.63
QQQI,2026-05-20,0.659
QQQI,2026-06-16,0.657
QQQI,2026-07-22,0.635
QQQI,2026-08-19,0.652
QQQI,2026-09-16,0.634
GPIX,2023-12-04,0.303
GPIX,2023-12-28,0.313
GPIX,2024-02-02,0.316
GPIX,2024-03-04,0.327
GPIX,2024-04-02,0.333
GPIX,2024-05-02,0.318
GPIX,2024-06-04,0.329
GPIX,2024-07-02,0.336
GPIX,2024-08-02,0.338
GPIX,2024-09-04,0.342
GPIX,2024-10-02,0.347
GPIX,2024-11-04,0.343
GPIX,2024-12-03,0.358
GPIX,2025-01-03,0.35
GPIX,2025-02-03,0.358
GPIX,2025-03-03,0.344
GPIX,2025-04-01,0.327
GPIX,2025-05-01,0.323
GPIX,2025-06-02,0.339
GPIX,2025-07-01,0.352
GPIX,2025-08-01,0.358
GPIX,2025-09-02,0.362
GPIX,2025-10-01,0.369
GPIX,2025-11-03,0.376
GPIX,2025-12-01,0.374
GPIX,2026-01-02,0.375
GPIX,2026-02-02,0.376
GPIX,2026-03-02,0.372
GPIX,2026-04-01,0.353
GPIX,2026-05-01,0.383
GPIX,2026-06-01,0.397
GPIX,2026-07-01,0.394
GPIX,2026-08-03,0.392
GPIX,2026-09-01,0.397
GPIX,2026-10-01,0.397
GPIQ,2023-12-04,0.375
GPIQ,2023-12-28,0.387
GPIQ,2024-02-02,0.391
GPIQ,2024-03-04,0.404
GPIQ,2024-04-02,0.407
GPIQ,2024-05-02,0.388
GPIQ,2024-06-04,0.406
GPIQ,2024-07-02,0.42
GPIQ,2024-08-02,0.41
GPIQ,2024-09-04,0.411
GPIQ,2024-10-02,0.418
GPIQ,2024-11-04,0.414
GPIQ,2024-12-03,0.431
GPIQ,2025-01-03,0.429
GPIQ,2025-02-03,0.438
GPIQ,2025-03-03,0.415
GPIQ,2025-04-01,0.386
GPIQ,2025-05-01,0.388
GPIQ,2025-06-02,0.415
GPIQ,2025-07-01,0.435
GPIQ,2025-08-01,0.442
GPIQ,2025-09-02,0.443
GPIQ,2025-10-01,0.458
GPIQ,2025-11-03,0.474
GPIQ,2025-12-01,0.465
GPIQ,2026-01-02,0.463
GPIQ,2026-02-02,0.466
GPIQ,2026-03-02,0.453
GPIQ,2026-04-01,0.432
GPIQ,2026-05-01,0.483
GPIQ,2026-06-01,0.519
GPIQ,2026-07-01,0.519
GPIQ,2026-08-03,0.486
GPIQ,2026-09-01,0.497
GPIQ,2026-10-01,0.509
QDTE,2024-03-26,0.364
QDTE,2024-04-03,0.332
QDTE,2024-04-10,0.091
QDTE,2024-04-17,0.267
QDTE,2024-04-24,0.334
QDTE,2024-05-01,0.252
QDTE,2024-05-08,0.311
QDTE,2024-05-15,0.375
QDTE,2024-05-22,0.212
QDTE,2024-05-30,0.212
QDTE,2024-06-06,0.143
QDTE,2024-06-13,0.234
QDTE,2024-06-20,0.298
QDTE,2024-06-27,0.355
QDTE,2024-07-03,0.197
QDTE,2024-07-11,0.346
QDTE,2024-07-18,0.31
QDTE,2024-07-25,0.354
QDTE,2024-08-01,0.569
QDTE,2024-08-08,0.514
QDTE,2024-08-15,0.476
QDTE,2024-08-22,0.476
QDTE,2024-08-29,0.313
QDTE,2024-09-05,0.329
QDTE,2024-09-12,0.446
QDTE,2024-09-19,0.195
QDTE,2024-09-26,0.257
QDTE,2024-10-03,0.218
QDTE,2024-10-10,0.27
QDTE,2024-10-17,0.318
QDTE,2024-10-24,0.208
QDTE,2024-10-31,0.205
QDTE,2024-11-07,0.265
QDTE,2024-11-14,0.253
QDTE,2024-11-21,0.252
QDTE,2024-11-27,0.221
QDTE,2024-12-05,0.236
QDTE,2024-12-12,0.165
QDTE,2024-12-19,0.87
QDTE,2024-12-26,0.804
QDTE,2025-01-02,0.298
QDTE,2025-01-08,0.183
QDTE,2025-01-16,0.337
QDTE,2025-01-23,0.246
QDTE,2025-01-30,0.188
QDTE,2025-02-06,0.231
QDTE,2025-02-13,0.251
QDTE,2025-02-20,0.246
QDTE,2025-02-27,0.26
QDTE,2025-03-06,0.151
QDTE,2025-03-13,0.233
QDTE,2025-03-20,0.277
QDTE,2025-03-27,0.236
QDTE,2025-04-03,0.25
QDTE,2025-04-10,0.18
QDTE,2025-04-16,0.209
QDTE,2025-04-24,0.24
QDTE,2025-05-01,0.218
QDTE,2025-05-08,0.308
QDTE,2025-05-15,0.18
QDTE,2025-05-22,0.172
QDTE,2025-05-29,0.215
QDTE,2025-06-05,0.208
QDTE,2025-06-12,0.146
QDTE,2025-06-18,0.205
QDTE,2025-06-26,0.247
QDTE,2025-07-02,0.229
QDTE,2025-07-10,0.237
QDTE,2025-07-17,0.239
QDTE,2025-07-24,0.237
QDTE,2025-07-31,0.238
QDTE,2025-08-07,0.239
QDTE,2025-08-14,0.233
QDTE,2025-08-21,0.239
QDTE,2025-08-28,0.204
QDTE,2025-09-04,0.286
QDTE,2025-09-11,0.2
QDTE,2025-09-18,0.201
QDTE,2025-09-25,0.204
QDTE,2025-10-02,0.207
QDTE,2025-10-09,0.204
QDTE,2025-10-16,0.204
QDTE,2025-10-23,0.198
QDTE,2025-10-30,0.236
QDTE,2025-11-06,0.205
QDTE,2025-11-13,0.223
QDTE,2025-11-20,0.225
QDTE,2025-11-26,0.234
QDTE,2025-12-04,0.385
QDTE,2025-12-11,0.202
QDTE,2025-12-18,0.202
QDTE,2025-12-24,1.915
QDTE,2025-12-31,1.721
QDTE,2026-01-08,0.158
QDTE,2026-01-15,0.118
QDTE,2026-01-22,0.177
QDTE,2026-01-29,0.099
QDTE,2026-02-05,0.073
QDTE,2026-02-12,0.14
QDTE,2026-02-19,0.27
QDTE,2026-02-26,0.221
QDTE,2026-03-05,0.195
QDTE,2026-03-12,0.187
QDTE,2026-03-19,0.125
QDTE,2026-03-26,0.113
QDTE,2026-04-01,0.159
QDTE,2026-04-09,0.104
QDTE,2026-04-16,0.099
QDTE,2026-04-23,0.163
QDTE,2026-04-30,0.157
QDTE,2026-05-07,0.166
QDTE,2026-05-14,0.21
QDTE,2026-05-21,0.172
QDTE,2026-05-28,0.283
QDTE,2026-06-04,0.238
QDTE,2026-06-11,0.151
QDTE,2026-06-17,0.125
QDTE,2026-06-25,0.236
QDTE,2026-07-01,0.243
QDTE,2026-07-09,0.203
QDTE,2026-07-16,0.209
QDTE,2026-07-23,0.23
QDTE,2026-07-30,0.137
QDTE,2026-08-06,0.137
QDTE,2026-08-13,0.208
QDTE,2026-08-20,0.279
QDTE,2026-08-27,0.121
QDTE,2026-09-03,0.139
QDTE,2026-09-10,0.134
QDTE,2026-09-17,0.115
QDTE,2026-09-24,0.11
QDTE,2026-10-01,0.111
XDTE,2024-03-26,0.209
XDTE,2024-04-03,0.129
XDTE,2024-04-10,0.022
XDTE,2024-04-17,0.195
XDTE,2024-04-24,0.374
XDTE,2024-05-01,0.258
XDTE,2024-05-08,0.239
XDTE,2024-05-15,0.344
XDTE,2024-05-22,0.133
XDTE,2024-05-30,0.163
XDTE,2024-06-06,0.111
XDTE,2024-06-13,0.203
XDTE,2024-06-20,0.225
XDTE,2024-06-27,0.264
XDTE,2024-07-03,0.215
XDTE,2024-07-11,0.237
XDTE,2024-07-18,0.201
XDTE,2024-07-25,0.241
XDTE,2024-08-01,0.351
XDTE,2024-08-08,0.412
XDTE,2024-08-15,0.387
XDTE,2024-08-22,0.388
XDTE,2024-08-29,0.261
XDTE,2024-09-05,0.312
XDTE,2024-09-12,0.335
XDTE,2024-09-19,0.199
XDTE,2024-09-26,0.188
XDTE,2024-10-03,0.229
XDTE,2024-10-10,0.202
XDTE,2024-10-17,0.217
XDTE,2024-10-24,0.239
XDTE,2024-10-31,0.155
XDTE,2024-11-07,0.214
XDTE,2024-11-14,0.274
XDTE,2024-11-21,0.258
XDTE,2024-11-27,0.186
XDTE,2024-12-05,0.235
XDTE,2024-12-12,0.154
XDTE,2024-12-19,0.642
XDTE,2024-12-26,0.606
XDTE,2025-01-02,0.336
XDTE,2025-01-08,0.19
XDTE,2025-01-16,0.368
XDTE,2025-01-23,0.214
XDTE,2025-01-30,0.255
XDTE,2025-02-06,0.178
XDTE,2025-02-13,0.234
XDTE,2025-02-20,0.22
XDTE,2025-02-27,0.203
XDTE,2025-03-06,0.142
XDTE,2025-03-13,0.244
XDTE,2025-03-20,0.325
XDTE,2025-03-27,0.211
XDTE,2025-04-03,0.275
XDTE,2025-04-10,0.217
XDTE,2025-04-16,0.236
XDTE,2025-04-24,0.343
XDTE,2025-05-01,0.255
XDTE,2025-05-08,0.336
XDTE,2025-05-15,0.24
XDTE,2025-05-22,0.212
XDTE,2025-05-29,0.207
XDTE,2025-06-05,0.249
XDTE,2025-06-12,0.193
XDTE,2025-06-18,0.223
XDTE,2025-06-26,0.269
XDTE,2025-07-02,0.247
XDTE,2025-07-10,0.254
XDTE,2025-07-17,0.256
XDTE,2025-07-24,0.254
XDTE,2025-07-31,0.254
XDTE,2025-08-07,0.257
XDTE,2025-08-14,0.25
XDTE,2025-08-21,0.254
XDTE,2025-08-28,0.212
XDTE,2025-09-04,0.213
XDTE,2025-09-11,0.21
XDTE,2025-09-18,0.21
XDTE,2025-09-25,0.169
XDTE,2025-10-02,0.171
XDTE,2025-10-09,0.212
XDTE,2025-10-16,0.212
XDTE,2025-10-23,0.206
XDTE,2025-10-30,0.251
XDTE,2025-11-06,0.211
XDTE,2025-11-13,0.217
XDTE,2025-11-20,0.269
XDTE,2025-11-26,0.208
XDTE,2025-12-04,0.311
XDTE,2025-12-11,0.21
XDTE,2025-12-18,0.21
XDTE,2025-12-24,1.38
XDTE,2025-12-31,2.053
XDTE,2026-01-08,0.162
XDTE,2026-01-15,0.115
XDTE,2026-01-22,0.161
XDTE,2026-01-29,0.102
XDTE,2026-02-05,0.059
XDTE,2026-02-12,0.123
XDTE,2026-02-19,0.183
XDTE,2026-02-26,0.203
XDTE,2026-03-05,0.161
XDTE,2026-03-12,0.141
XDTE,2026-03-19,0.128
XDTE,2026-03-26,0.125
XDTE,2026-04-01,0.206
XDTE,2026-04-09,0.142
XDTE,2026-04-16,0.127
XDTE,2026-04-23,0.173
XDTE,2026-04-30,0.157
XDTE,2026-05-07,0.143
XDTE,2026-05-14,0.161
XDTE,2026-05-21,0.143
XDTE,2026-05-28,0.156
XDTE,2026-06-04,0.192
XDTE,2026-06-11,0.097
XDTE,2026-06-17,0.088
XDTE,2026-06-25,0.265
XDTE,2026-07-01,0.185
XDTE,2026-07-09,0.185
XDTE,2026-07-16,0.166
XDTE,2026-07-23,0.132
XDTE,2026-07-30,0.09
XDTE,2026-08-06,0.11
XDTE,2026-08-13,0.204
XDTE,2026-08-20,0.184
XDTE,2026-08-27,0.098
XDTE,2026-09-03,0.149
XDTE,2026-09-10,0.13
XDTE,2026-09-17,0.112
XDTE,2026-09-24,0.111
XDTE,2026-10-01,0.111
SVOL,2021-09-27,0.256
SVOL,2021-10-26,0.349
SVOL,2021-11-24,0.294
SVOL,2021-12-27,0.356
SVOL,2022-01-26,0.391
SVOL,2022-02-23,0.341
SVOL,2022-03-28,0.366
SVOL,2022-04-26,0.326
SVOL,2022-05-25,0.32
SVOL,2022-07-26,0.32
SVOL,2022-08-26,0.32
SVOL,2022-09-27,0.32
SVOL,2022-10-26,0.32
SVOL,2022-11-25,0.32
SVOL,2022-12-27,0.349
SVOL,2023-01-26,0.32
SVOL,2023-02-23,0.32
SVOL,2023-03-27,0.32
SVOL,2023-04-25,0.32
SVOL,2023-05-25,0.32
SVOL,2023-06-27,0.32
SVOL,2023-07-26,0.3
SVOL,2023-08-28,0.3
SVOL,2023-09-27,0.3
SVOL,2023-10-26,0.3
SVOL,2023-11-27,0.3
SVOL,2023-12-26,0.308
SVOL,2024-01-26,0.3
SVOL,2024-02-26,0.3
SVOL,2024-03-25,0.3
SVOL,2024-04-25,0.3
SVOL,2024-05-24,0.3
SVOL,2024-06-25,0.3
SVOL,2024-07-26,0.3
SVOL,2024-08-27,0.3
SVOL,2024-09-25,0.28
SVOL,2024-10-28,0.28
SVOL,2024-11-25,0.27
SVOL,2024-12-23,0.26
SVOL,2025-01-28,0.27
SVOL,2025-02-25,0.27
SVOL,2025-03-26,0.27
SVOL,2025-04-25,0.27
SVOL,2025-05-27,0.3
SVOL,2025-06-25,0.3
SVOL,2025-07-28,0.3
SVOL,2025-08-26,0.3
SVOL,2025-09-25,0.3
SVOL,2025-10-28,0.3
SVOL,2025-11-21,0.3
SVOL,2025-12-23,0.3
SVOL,2026-01-27,0.3
SVOL,2026-02-24,0.3
SVOL,2026-03-26,0.28
SVOL,2026-04-27,0.28
SVOL,2026-05-26,0.28
SVOL,2026-06-25,0.28
SVOL,2026-07-28,0.28
SVOL,2026-08-26,0.28
SVOL,2026-09-25,0.28
TSLY,2023-01-10,9.99
TSLY,2023-02-08,9.03
TSLY,2023-03-08,9.02
TSLY,2023-04-06,8.29
TSLY,2023-05-05,4.4
TSLY,2023-06-07,8.03
TSLY,2023-07-07,10.66
TSLY,2023-08-04,8.3
TSLY,2023-09-08,5.85
TSLY,2023-10-06,5.77
TSLY,2023-11-08,5.85
TSLY,2023-12-07,6.04
TSLY,2024-01-05,5.57
TSLY,2024-02-07,4.05
TSLY,2024-03-06,4.055
TSLY,2024-04-04,3.42
TSLY,2024-05-06,3.47
TSLY,2024-06-06,3.225
TSLY,2024-07-05,5.02
TSLY,2024-08-07,4.83
TSLY,2024-09-06,4.095
TSLY,2024-10-03,5.475
TSLY,2024-10-31,2.995
TSLY,2024-11-29,6.105
TSLY,2024-12-27,6.43
TSLY,2025-01-23,3.585
TSLY,2025-02-20,2.895
TSLY,2025-03-20,2.32
TSLY,2025-04-17,3.3
TSLY,2025-05-15,3.8
TSLY,2025-06-12,2.015
TSLY,2025-07-10,1.935
TSLY,2025-08-07,1.505
TSLY,2025-09-04,1.965
TSLY,2025-10-02,4.01
TSLY,2025-10-16,0.97
TSLY,2025-10-23,0.825
TSLY,2025-10-30,0.565
TSLY,2025-11-06,0.735
TSLY,2025-11-13,0.48
TSLY,2025-11-20,0.445
TSLY,2025-11-28,0.48
TSLY,2025-12-04,0.935
TSLY,2025-12-11,0.424
TSLY,2025-12-18,0.42
TSLY,2025-12-26,0.629
TSLY,2026-01-02,0.366
TSLY,2026-01-08,0.318
TSLY,2026-01-15,0.35
TSLY,2026-01-22,0.287
TSLY,2026-01-29,0.324
TSLY,2026-02-05,0.33
TSLY,2026-02-12,0.331
TSLY,2026-02-19,0.321
TSLY,2026-02-26,0.315
TSLY,2026-03-05,0.296
TSLY,2026-03-12,0.285
TSLY,2026-03-19,0.274
TSLY,2026-03-26,0.263
TSLY,2026-04-02,0.259
TSLY,2026-04-09,0.258
TSLY,2026-04-16,0.267
TSLY,2026-04-23,0.296
TSLY,2026-04-30,0.3
TSLY,2026-05-07,0.338
TSLY,2026-05-14,0.517
TSLY,2026-05-21,0.286
TSLY,2026-05-28,0.388
TSLY,2026-06-04,0.351
TSLY,2026-06-11,0.268
TSLY,2026-06-18,0.279
TSLY,2026-06-25,0.267
TSLY,2026-07-02,0.281
TSLY,2026-07-09,0.278
TSLY,2026-07-16,0.259
TSLY,2026-07-23,0.239
TSLY,2026-07-30,0.215
TSLY,2026-08-06,0.23
TSLY,2026-08-13,0.179
TSLY,2026-08-20,0.203
TSLY,2026-08-27,0.214
TSLY,2026-09-03,0.206
TSLY,2026-09-10,0.215
TSLY,2026-09-17,0.213
TSLY,2026-09-24,0.215
TSLY,2026-10-01,0.23
NVDY,2023-06-07,0.746
NVDY,2023-07-07,0.957
NVDY,2023-08-04,0.814
NVDY,2023-09-08,0.93
NVDY,2023-10-06,0.677
NVDY,2023-11-08,0.415
NVDY,2023-12-07,0.507
NVDY,2024-01-05,0.626
NVDY,2024-02-07,1.53
NVDY,2024-03-06,2.622
NVDY,2024-04-04,2.608
NVDY,2024-05-06,1.199
NVDY,2024-06-06,2.563
NVDY,2024-07-05,2.471
NVDY,2024-08-07,1.251
NVDY,2024-09-06,1.355
NVDY,2024-10-10,1.1
NVDY,2024-11-07,1.023
NVDY,2024-12-05,1.185
NVDY,2025-01-03,0.898
NVDY,2025-01-30,0.829
NVDY,2025-02-27,1.612
NVDY,2025-03-27,0.787
NVDY,2025-04-24,0.673
NVDY,2025-05-22,1.628
NVDY,2025-06-20,0.672
NVDY,2025-07-17,1.029
NVDY,2025-08-14,0.84
NVDY,2025-09-11,0.643
NVDY,2025-10-09,0.795
NVDY,2025-10-16,0.109
NVDY,2025-10-23,0.121
NVDY,2025-10-30,0.182
NVDY,2025-11-06,0.319
NVDY,2025-11-13,0.144
NVDY,2025-11-20,0.15
NVDY,2025-11-28,0.163
NVDY,2025-12-04,0.165
NVDY,2025-12-11,0.149
NVDY,2025-12-18,0.117
NVDY,2025-12-26,0.116
NVDY,2026-01-02,0.144
NVDY,2026-01-08,0.105
NVDY,2026-01-15,0.095
NVDY,2026-01-22,0.085
NVDY,2026-01-29,0.108
NVDY,2026-02-05,0.094
NVDY,2026-02-12,0.106
NVDY,2026-02-19,0.094
NVDY,2026-02-26,0.115
NVDY,2026-03-05,0.116
NVDY,2026-03-12,0.12
NVDY,2026-03-19,0.133
NVDY,2026-03-26,0.12
NVDY,2026-04-02,0.115
NVDY,2026-04-09,0.111
NVDY,2026-04-16,0.116
NVDY,2026-04-23,0.14
NVDY,2026-04-30,0.207
NVDY,2026-05-07,0.128
NVDY,2026-05-14,0.151
NVDY,2026-05-21,0.135
NVDY,2026-05-28,0.125
NVDY,2026-06-04,0.131
NVDY,2026-06-11,0.119
NVDY,2026-06-18,0.122
NVDY,2026-06-25,0.101
NVDY,2026-07-02,0.098
NVDY,2026-07-09,0.097
NVDY,2026-07-16,0.096
NVDY,2026-07-23,0.094
NVDY,2026-07-30,0.119
NVDY,2026-08-06,0.097
NVDY,2026-08-13,0.099
NVDY,2026-08-20,0.12
NVDY,2026-08-27,0.093
NVDY,2026-09-03,0.096
NVDY,2026-09-10,0.101
NVDY,2026-09-17,0.089
NVDY,2026-09-24,0.1
NVDY,2026-10-01,0.087
MSTY,2024-04-04,20.645
MSTY,2024-05-06,12.62
MSTY,2024-06-06,15.15
MSTY,2024-07-05,11.66
MSTY,2024-08-07,9.705
MSTY,2024-09-06,9.27
MSTY,2024-10-24,20.99
MSTY,2024-11-21,22.105
MSTY,2024-12-19,15.41
MSTY,2025-01-16,11.395
MSTY,2025-02-13,10.11
MSTY,2025-03-13,6.89
MSTY,2025-04-10,6.68
MSTY,2025-05-08,11.865
MSTY,2025-06-05,7.355
MSTY,2025-07-03,6.19
MSTY,2025-07-31,5.92
MSTY,2025-08-28,5.45
MSTY,2025-09-25,5.055
MSTY,2025-10-16,3.035
MSTY,2025-10-23,1.06
MSTY,2025-10-30,0.96
MSTY,2025-11-06,0.845
MSTY,2025-11-13,0.81
MSTY,2025-11-20,0.74
MSTY,2025-11-28,0.675
MSTY,2025-12-04,0.695
MSTY,2025-12-11,0.586
MSTY,2025-12-18,0.387
MSTY,2025-12-26,0.511
MSTY,2026-01-02,0.409
MSTY,2026-01-08,0.374
MSTY,2026-01-15,0.414
MSTY,2026-01-22,0.43
MSTY,2026-01-29,0.373
MSTY,2026-02-05,0.308
MSTY,2026-02-12,0.298
MSTY,2026-02-19,0.361
MSTY,2026-02-26,0.302
MSTY,2026-03-05,0.35
MSTY,2026-03-12,0.385
MSTY,2026-03-19,0.438
MSTY,2026-03-26,0.345
MSTY,2026-04-02,0.314
MSTY,2026-04-09,0.305
MSTY,2026-04-16,0.304
MSTY,2026-04-23,0.521
MSTY,2026-04-30,0.489
MSTY,2026-05-07,0.555
MSTY,2026-05-14,0.536
MSTY,2026-05-21,0.314
MSTY,2026-05-28,0.298
MSTY,2026-06-04,0.246
MSTY,2026-06-11,0.212
MSTY,2026-06-18,0.229
MSTY,2026-06-25,0.188
MSTY,2026-07-02,0.155
MSTY,2026-07-09,0.206
MSTY,2026-07-16,0.207
MSTY,2026-07-23,0.223
MSTY,2026-07-30,0.222
MSTY,2026-08-06,0.208
MSTY,2026-08-13,0.181
MSTY,2026-08-20,0.162
MSTY,2026-08-27,0.284
MSTY,2026-09-03,0.211
MSTY,2026-09-10,0.312
MSTY,2026-09-17,0.24
MSTY,2026-09-24,0.342
MSTY,2026-10-01,0.311
ULTY,2024-03-14,10.65
ULTY,2024-04-17,14.17
ULTY,2024-05-15,12.78
ULTY,2024-06-14,11.34
ULTY,2024-07-17,9.95
ULTY,2024-08-15,7.8
ULTY,2024-09-19,9.83
ULTY,2024-10-17,8.27
ULTY,2024-11-14,8.31
ULTY,2024-12-12,7.09
ULTY,2025-01-08,5.72
ULTY,2025-02-06,5.37
ULTY,2025-03-06,4.65
ULTY,2025-03-13,1.03
ULTY,2025-03-20,0.98
ULTY,2025-03-27,0.99
ULTY,2025-04-03,0.92
ULTY,2025-04-10,0.82
ULTY,2025-04-17,0.85
ULTY,2025-04-24,0.84
ULTY,2025-05-01,0.94
ULTY,2025-05-08,1.18
ULTY,2025-05-15,1.06
ULTY,2025-05-22,0.98
ULTY,2025-05-29,0.95
ULTY,2025-06-05,0.95
ULTY,2025-06-12,0.95
ULTY,2025-06-20,0.88
ULTY,2025-06-26,0.92
ULTY,2025-07-03,0.95
ULTY,2025-07-10,0.96
ULTY,2025-07-17,1.04
ULTY,2025-07-24,1.03
ULTY,2025-07-31,1.01
ULTY,2025-08-07,1.0
ULTY,2025-08-14,1.01
ULTY,2025-08-21,1.0
ULTY,2025-08-28,0.95
ULTY,2025-09-04,0.9
ULTY,2025-09-11,0.93
ULTY,2025-09-18,0.93
ULTY,2025-09-25,0.92
ULTY,2025-10-02,0.91
ULTY,2025-10-09,0.9
ULTY,2025-10-15,0.91
ULTY,2025-10-22,0.9
ULTY,2025-10-29,0.85
ULTY,2025-11-05,0.79
ULTY,2025-11-12,0.63
ULTY,2025-11-19,0.64
ULTY,2025-11-26,0.59
ULTY,2025-12-03,0.588
ULTY,2025-12-10,0.546
ULTY,2025-12-17,0.492
ULTY,2025-12-24,0.571
ULTY,2025-12-31,0.487
ULTY,2026-01-07,0.471
ULTY,2026-01-14,0.519
ULTY,2026-01-21,0.505
ULTY,2026-01-28,0.502
ULTY,2026-02-04,0.454
ULTY,2026-02-11,0.451
ULTY,2026-02-18,0.436
ULTY,2026-02-25,0.475
ULTY,2026-03-04,0.48
ULTY,2026-03-11,0.416
ULTY,2026-03-18,0.407
ULTY,2026-03-25,0.432
ULTY,2026-04-01,0.372
ULTY,2026-04-08,0.42
ULTY,2026-04-15,0.397
ULTY,2026-04-22,0.437
ULTY,2026-04-29,0.403
ULTY,2026-05-06,0.4
ULTY,2026-05-13,0.405
ULTY,2026-05-20,0.395
ULTY,2026-05-27,0.395
ULTY,2026-06-03,0.396
ULTY,2026-06-10,0.349
ULTY,2026-06-17,0.39
ULTY,2026-06-24,0.382
ULTY,2026-07-01,0.341
ULTY,2026-07-08,0.338
ULTY,2026-07-15,0.33
ULTY,2026-07-22,0.318
ULTY,2026-07-29,0.31
ULTY,2026-08-05,0.308
ULTY,2026-08-12,0.318
ULTY,2026-08-19,0.32
ULTY,2026-08-26,0.308
ULTY,2026-09-02,0.305
ULTY,2026-09-09,0.304
ULTY,2026-09-16,0.297
ULTY,2026-09-23,0.306
ULTY,2026-09-30,0.294
YMAX,2024-02-15,0.534
YMAX,2024-03-14,0.568
YMAX,2024-04-17,0.632
YMAX,2024-05-15,0.732
YMAX,2024-06-14,0.73
YMAX,2024-07-17,0.652
YMAX,2024-08-15,0.591
YMAX,2024-09-19,0.227
YMAX,2024-09-26,0.222
YMAX,2024-10-03,0.208
YMAX,2024-10-10,0.204
YMAX,2024-10-17,0.175
YMAX,2024-10-24,0.227
YMAX,2024-10-31,0.225
YMAX,2024-11-07,0.12
YMAX,2024-11-14,0.152
YMAX,2024-11-21,0.244
YMAX,2024-11-29,0.306
YMAX,2024-12-05,0.238
YMAX,2024-12-12,0.123
YMAX,2024-12-19,0.139
YMAX,2024-12-27,0.245
YMAX,2025-01-03,0.181
YMAX,2025-01-08,0.14
YMAX,2025-01-16,0.112
YMAX,2025-01-23,0.172
YMAX,2025-01-30,0.147
YMAX,2025-02-06,0.194
YMAX,2025-02-13,0.15
YMAX,2025-02-20,0.185
YMAX,2025-02-27,0.133
YMAX,2025-03-06,0.241
YMAX,2025-03-13,0.1
YMAX,2025-03-20,0.153
YMAX,2025-03-27,0.132
YMAX,2025-04-03,0.178
YMAX,2025-04-10,0.129
YMAX,2025-04-17,0.133
YMAX,2025-04-24,0.137
YMAX,2025-05-01,0.174
YMAX,2025-05-08,0.168
YMAX,2025-05-15,0.191
YMAX,2025-05-22,0.186
YMAX,2025-05-29,0.215
YMAX,2025-06-05,0.172
YMAX,2025-06-12,0.18
YMAX,2025-06-20,0.142
YMAX,2025-06-26,0.155
YMAX,2025-07-03,0.157
YMAX,2025-07-10,0.135
YMAX,2025-07-17,0.104
YMAX,2025-07-24,0.184
YMAX,2025-07-31,0.165
YMAX,2025-08-07,0.145
YMAX,2025-08-14,0.11
YMAX,2025-08-21,0.162
YMAX,2025-08-28,0.137
YMAX,2025-09-04,0.109
YMAX,2025-09-11,0.132
YMAX,2025-09-18,0.129
YMAX,2025-09-25,0.082
YMAX,2025-10-02,0.14
YMAX,2025-10-09,0.147
YMAX,2025-10-15,0.174
YMAX,2025-10-22,0.157
YMAX,2025-10-29,0.194
YMAX,2025-11-05,0.174
YMAX,2025-11-12,0.151
YMAX,2025-11-19,0.13
YMAX,2025-11-26,0.101
YMAX,2025-12-03,0.096
YMAX,2025-12-10,0.114
YMAX,2025-12-17,0.124
YMAX,2025-12-24,0.094
YMAX,2025-12-31,0.106
YMAX,2026-01-07,0.088
YMAX,2026-01-14,0.082
YMAX,2026-01-21,0.082
YMAX,2026-01-28,0.083
YMAX,2026-02-04,0.082
YMAX,2026-02-11,0.074
YMAX,2026-02-18,0.078
YMAX,2026-02-25,0.072
YMAX,2026-03-04,0.081
YMAX,2026-03-11,0.083
YMAX,2026-03-18,0.082
YMAX,2026-03-25,0.034
YMAX,2026-04-01,0.088
YMAX,2026-04-08,0.09
YMAX,2026-04-15,0.092
YMAX,2026-04-22,0.1
YMAX,2026-04-29,0.1
YMAX,2026-05-06,0.082
YMAX,2026-05-13,0.093
YMAX,2026-05-20,0.091
YMAX,2026-05-27,0.09
YMAX,2026-06-03,0.093
YMAX,2026-06-10,0.08
YMAX,2026-06-17,0.077
YMAX,2026-06-24,0.076
YMAX,2026-07-01,0.073
YMAX,2026-07-08,0.071
YMAX,2026-07-15,0.073
YMAX,2026-07-22,0.069
YMAX,2026-07-29,0.057
YMAX,2026-08-05,0.059
YMAX,2026-08-12,0.061
YMAX,2026-08-19,0.06
YMAX,2026-08-26,0.059
YMAX,2026-09-02,0.06
YMAX,2026-09-09,0.06
YMAX,2026-09-16,0.058
YMAX,2026-09-23,0.06
YMAX,2026-09-30,0.06
TLT,2016-02-01,0.241
TLT,2016-03-01,0.248
TLT,2016-04-01,0.27
TLT,2016-05-02,0.26
TLT,2016-06-01,0.267
TLT,2016-07-01,0.255
TLT,2016-08-01,0.258
TLT,2016-09-01,0.254
TLT,2016-10-03,0.247
TLT,2016-11-01,0.25
TLT,2016-12-01,0.243
TLT,2016-12-22,0.309
TLT,2017-02-01,0.259
TLT,2017-03-01,0.234
TLT,2017-04-03,0.255
TLT,2017-05-01,0.255
TLT,2017-06-01,0.263
TLT,2017-07-03,0.258
TLT,2017-08-01,0.269
TLT,2017-09-01,0.263
TLT,2017-10-02,0.252
TLT,2017-11-01,0.263
TLT,2017-12-01,0.255
TLT,2017-12-21,0.262
TLT,2018-02-01,0.255
TLT,2018-03-01,0.239
TLT,2018-04-02,0.26
TLT,2018-05-01,0.262
TLT,2018-06-01,0.281
TLT,2018-07-02,0.275
TLT,2018-08-01,0.267
TLT,2018-09-04,0.272
TLT,2018-10-01,0.261
TLT,2018-11-01,0.275
TLT,2018-12-03,0.267
TLT,2018-12-18,0.282
TLT,2019-02-01,0.275
TLT,2019-03-01,0.253
TLT,2019-04-01,0.278
TLT,2019-05-01,0.259
TLT,2019-06-03,0.27
TLT,2019-07-01,0.26
TLT,2019-08-01,0.264
TLT,2019-09-03,0.26
TLT,2019-10-01,0.25
TLT,2019-11-01,0.246
TLT,2019-12-02,0.241
TLT,2019-12-19,0.218
TLT,2020-02-03,0.242
TLT,2020-03-02,0.229
TLT,2020-04-01,0.238
TLT,2020-05-01,0.216
TLT,2020-06-01,0.21
TLT,2020-07-01,0.192
TLT,2020-08-03,0.19
TLT,2020-09-01,0.183
TLT,2020-10-01,0.169
TLT,2020-11-02,0.169
TLT,2020-12-01,0.163
TLT,2020-12-17,0.164
TLT,2021-02-01,0.176
TLT,2021-03-01,0.172
TLT,2021-04-01,0.185
TLT,2021-05-03,0.203
TLT,2021-06-01,0.199
TLT,2021-07-01,0.188
TLT,2021-08-02,0.182
TLT,2021-09-01,0.189
TLT,2021-10-01,0.183
TLT,2021-11-01,0.188
TLT,2021-12-01,0.184
TLT,2021-12-16,0.168
TLT,2022-02-01,0.198
TLT,2022-03-01,0.185
TLT,2022-04-01,0.202
TLT,2022-05-02,0.203
TLT,2022-06-01,0.207
TLT,2022-07-01,0.227
TLT,2022-08-01,0.213
TLT,2022-09-01,0.236
TLT,2022-10-03,0.244
TLT,2022-11-01,0.236
TLT,2022-12-01,0.244
TLT,2022-12-15,0.261
TLT,2023-02-01,0.275
TLT,2023-03-01,0.25
TLT,2023-04-03,0.269
TLT,2023-05-01,0.268
TLT,2023-06-01,0.273
TLT,2023-07-03,0.278
TLT,2023-08-01,0.275
TLT,2023-09-01,0.289
TLT,2023-10-02,0.28
TLT,2023-11-01,0.286
TLT,2023-12-01,0.289
TLT,2023-12-14,0.311
TLT,2024-02-01,0.31
TLT,2024-03-01,0.295
TLT,2024-04-01,0.312
TLT,2024-05-01,0.308
TLT,2024-06-03,0.308
TLT,2024-07-01,0.291
TLT,2024-08-01,0.315
TLT,2024-09-03,0.313
TLT,2024-10-01,0.316
TLT,2024-11-01,0.311
TLT,2024-12-02,0.325
TLT,2024-12-18,0.351
TLT,2025-02-03,0.312
TLT,2025-03-03,0.29
TLT,2025-04-01,0.326
TLT,2025-05-01,0.328
TLT,2025-06-02,0.32
TLT,2025-07-01,0.328
TLT,2025-08-01,0.331
TLT,2025-09-02,0.328
TLT,2025-10-01,0.31
TLT,2025-11-03,0.325
TLT,2025-12-01,0.321
TLT,2025-12-19,0.342
TLT,2026-02-02,0.332
TLT,2026-03-02,0.301
TLT,2026-04-01,0.345
TLT,2026-05-01,0.315
TLT,2026-06-01,0.336
TLT,2026-07-01,0.318
TLT,2026-08-03,0.33
TLT,2026-09-01,0.315
TLT,2026-10-01,0.312
IEF,2016-02-01,0.159
IEF,2016-03-01,0.157
IEF,2016-04-01,0.168
IEF,2016-05-02,0.161
IEF,2016-06-01,0.163
IEF,2016-07-01,0.158
IEF,2016-08-01,0.158
IEF,2016-09-01,0.155
IEF,2016-10-03,0.15
IEF,2016-11-01,0.154
IEF,2016-12-01,0.149
IEF,2016-12-22,0.165
IEF,2017-02-01,0.159
IEF,2017-03-01,0.145
IEF,2017-04-03,0.159
IEF,2017-05-01,0.16
IEF,2017-06-01,0.164
IEF,2017-07-03,0.159
IEF,2017-08-01,0.165
IEF,2017-09-01,0.162
IEF,2017-10-02,0.159
IEF,2017-11-01,0.164
IEF,2017-12-01,0.16
IEF,2017-12-21,0.164
IEF,2018-02-01,0.168
IEF,2018-03-01,0.159
IEF,2018-04-02,0.175
IEF,2018-05-01,0.191
IEF,2018-06-01,0.202
IEF,2018-07-02,0.19
IEF,2018-08-01,0.2
IEF,2018-09-04,0.206
IEF,2018-10-01,0.204
IEF,2018-11-01,0.216
IEF,2018-12-03,0.212
IEF,2018-12-18,0.213
IEF,2019-02-01,0.22
IEF,2019-03-01,0.199
IEF,2019-04-01,0.218
IEF,2019-05-01,0.212
IEF,2019-06-03,0.213
IEF,2019-07-01,0.192
IEF,2019-08-01,0.194
IEF,2019-09-03,0.19
IEF,2019-10-01,0.171
IEF,2019-11-01,0.168
IEF,2019-12-02,0.16
IEF,2019-12-19,0.156
IEF,2020-02-03,0.153
IEF,2020-03-02,0.14
IEF,2020-04-01,0.144
IEF,2020-05-01,0.128
IEF,2020-06-01,0.122
IEF,2020-07-01,0.11
IEF,2020-08-03,0.1
IEF,2020-09-01,0.088
IEF,2020-10-01,0.079
IEF,2020-11-02,0.076
IEF,2020-12-01,0.08
IEF,2020-12-17,0.073
IEF,2021-02-01,0.078
IEF,2021-03-01,0.07
IEF,2021-04-01,0.07
IEF,2021-05-03,0.074
IEF,2021-06-01,0.079
IEF,2021-07-01,0.077
IEF,2021-08-02,0.076
IEF,2021-09-01,0.08
IEF,2021-10-01,0.08
IEF,2021-11-01,0.081
IEF,2021-12-01,0.088
IEF,2021-12-16,0.106
IEF,2022-02-01,0.108
IEF,2022-03-01,0.101
IEF,2022-04-01,0.121
IEF,2022-05-02,0.125
IEF,2022-06-01,0.129
IEF,2022-07-01,0.155
IEF,2022-08-01,0.184
IEF,2022-09-01,0.179
IEF,2022-10-03,0.187
IEF,2022-11-01,0.203
IEF,2022-12-01,0.194
IEF,2022-12-15,0.192
IEF,2023-02-01,0.212
IEF,2023-03-01,0.196
IEF,2023-04-03,0.196
IEF,2023-05-01,0.239
IEF,2023-06-01,0.232
IEF,2023-07-03,0.232
IEF,2023-08-01,0.242
IEF,2023-09-01,0.242
IEF,2023-10-02,0.239
IEF,2023-11-01,0.249
IEF,2023-12-01,0.249
IEF,2023-12-14,0.282
IEF,2024-02-01,0.236
IEF,2024-03-01,0.249
IEF,2024-04-01,0.276
IEF,2024-05-01,0.271
IEF,2024-06-03,0.276
IEF,2024-07-01,0.285
IEF,2024-08-01,0.289
IEF,2024-09-03,0.288
IEF,2024-10-01,0.286
IEF,2024-11-01,0.292
IEF,2024-12-02,0.292
IEF,2024-12-18,0.308
IEF,2025-02-03,0.296
IEF,2025-03-03,0.275
IEF,2025-04-01,0.304
IEF,2025-05-01,0.313
IEF,2025-06-02,0.31
IEF,2025-07-01,0.303
IEF,2025-08-01,0.309
IEF,2025-09-02,0.314
IEF,2025-10-01,0.294
IEF,2025-11-03,0.304
IEF,2025-12-01,0.288
IEF,2025-12-19,0.313
IEF,2026-02-02,0.312
IEF,2026-03-02,0.283
IEF,2026-04-01,0.317
IEF,2026-05-01,0.312
IEF,2026-06-01,0.317
IEF,2026-07-01,0.311
IEF,2026-08-03,0.318
IEF,2026-09-01,0.332
IEF,2026-10-01,0.307
SHY,2016-02-01,0.045
SHY,2016-03-01,0.047
SHY,2016-04-01,0.051
SHY,2016-05-02,0.049
SHY,2016-06-01,0.051
SHY,2016-07-01,0.05
SHY,2016-08-01,0.051
SHY,2016-09-01,0.05
SHY,2016-10-03,0.049
SHY,2016-11-01,0.051
SHY,2016-12-01,0.05
SHY,2016-12-22,0.061
SHY,2017-02-01,0.051
SHY,2017-03-01,0.054
SHY,2017-04-03,0.058
SHY,2017-05-01,0.062
SHY,2017-06-01,0.064
SHY,2017-07-03,0.067
SHY,2017-08-01,0.071
SHY,2017-09-01,0.072
SHY,2017-10-02,0.073
SHY,2017-11-01,0.078
SHY,2017-12-01,0.079
SHY,2017-12-21,0.094
SHY,2018-02-01,0.086
SHY,2018-03-01,0.086
SHY,2018-04-02,0.094
SHY,2018-05-01,0.103
SHY,2018-06-01,0.126
SHY,2018-07-02,0.13
SHY,2018-08-01,0.138
SHY,2018-09-04,0.131
SHY,2018-10-01,0.137
SHY,2018-11-01,0.146
SHY,2018-12-03,0.142
SHY,2018-12-18,0.119
SHY,2019-02-01,0.152
SHY,2019-03-01,0.154
SHY,2019-04-01,0.164
SHY,2019-05-01,0.156
SHY,2019-06-03,0.169
SHY,2019-07-01,0.156
SHY,2019-08-01,0.15
SHY,2019-09-03,0.146
SHY,2019-10-01,0.135
SHY,2019-11-01,0.14
SHY,2019-12-02,0.134
SHY,2019-12-19,0.137
SHY,2020-02-03,0.135
SHY,2020-03-02,0.125
SHY,2020-04-01,0.106
SHY,2020-05-01,0.072
SHY,2020-06-01,0.07
SHY,2020-07-01,0.061
SHY,2020-08-03,0.05
SHY,2020-09-01,0.049
SHY,2020-10-01,0.04
SHY,2020-11-02,0.039
SHY,2020-12-01,0.033
SHY,2020-12-17,0.032
SHY,2021-02-01,0.03
SHY,2021-03-01,0.022
SHY,2021-04-01,0.019
SHY,2021-05-03,0.012
SHY,2021-06-01,0.012
SHY,2021-07-01,0.013
SHY,2021-08-02,0.012
SHY,2021-09-01,0.013
SHY,2021-10-01,0.011
SHY,2021-11-01,0.011
SHY,2021-12-01,0.05
SHY,2021-12-16,0.018
SHY,2022-02-01,0.023
SHY,2022-03-01,0.025
SHY,2022-04-01,0.036
SHY,2022-05-02,0.044
SHY,2022-06-01,0.065
SHY,2022-07-01,0.079
SHY,2022-08-01,0.088
SHY,2022-09-01,0.1
SHY,2022-10-03,0.108
SHY,2022-11-01,0.141
SHY,2022-12-01,0.165
SHY,2022-12-15,0.181
SHY,2023-02-01,0.152
SHY,2023-03-01,0.162
SHY,2023-04-03,0.18
SHY,2023-05-01,0.191
SHY,2023-06-01,0.197
SHY,2023-07-03,0.206
SHY,2023-08-01,0.212
SHY,2023-09-01,0.206
SHY,2023-10-02,0.209
SHY,2023-11-01,0.23
SHY,2023-12-01,0.247
SHY,2023-12-14,0.26
SHY,2024-02-01,0.242
SHY,2024-03-01,0.24
SHY,2024-04-01,0.27
SHY,2024-05-01,0.262
SHY,2024-06-03,0.262
SHY,2024-07-01,0.27
SHY,2024-08-01,0.272
SHY,2024-09-03,0.288
SHY,2024-10-01,0.273
SHY,2024-11-01,0.283
SHY,2024-12-02,0.265
SHY,2024-12-18,0.28
SHY,2025-02-03,0.273
SHY,2025-03-03,0.253
SHY,2025-04-01,0.28
SHY,2025-05-01,0.259
SHY,2025-06-02,0.272
SHY,2025-07-01,0.264
SHY,2025-08-01,0.27
SHY,2025-09-02,0.258
SHY,2025-10-01,0.256
SHY,2025-11-03,0.263
SHY,2025-12-01,0.249
SHY,2025-12-19,0.255
SHY,2026-02-02,0.25
SHY,2026-03-02,0.223
SHY,2026-04-01,0.247
SHY,2026-05-01,0.243
SHY,2026-06-01,0.243
SHY,2026-07-01,0.238
SHY,2026-08-03,0.251
SHY,2026-09-01,0.244
SHY,2026-10-01,0.241
EDV,2016-03-21,0.696
EDV,2016-06-21,0.822
EDV,2016-09-20,0.869
EDV,2016-12-14,3.435
EDV,2017-03-22,0.702
EDV,2017-06-28,0.85
EDV,2017-09-27,0.822
EDV,2017-12-26,1.159
EDV,2018-03-16,0.792
EDV,2018-06-18,0.838
EDV,2018-09-24,0.84
EDV,2018-12-13,0.825
EDV,2019-03-21,0.82
EDV,2019-06-21,0.793
EDV,2019-09-26,0.833
EDV,2019-12-23,2.11
EDV,2020-04-01,0.838
EDV,2020-07-01,0.798
EDV,2020-10-01,0.704
EDV,2020-12-23,6.105
EDV,2021-04-01,0.646
EDV,2021-07-01,0.7
EDV,2021-10-01,0.706
EDV,2021-12-23,0.684
EDV,2022-04-01,0.635
EDV,2022-07-01,0.706
EDV,2022-10-03,0.682
EDV,2022-12-23,0.691
EDV,2023-04-03,0.674
EDV,2023-07-03,0.726
EDV,2023-10-02,0.737
EDV,2023-12-22,0.737
EDV,2024-04-01,0.769
EDV,2024-07-01,0.776
EDV,2024-10-01,0.77
EDV,2024-12-24,0.838
EDV,2025-04-01,0.794
EDV,2025-07-01,0.808
EDV,2025-10-01,0.798
EDV,2025-12-18,0.811
EDV,2026-04-01,0.764
EDV,2026-07-01,0.867
EDV,2026-10-01,0.751
TLTW,2022-09-02,0.556
TLTW,2022-10-04,0.644
TLTW,2022-11-02,0.621
TLTW,2022-12-02,0.487
TLTW,2022-12-23,0.517
TLTW,2023-02-02,0.464
TLTW,2023-03-02,0.309
TLTW,2023-04-04,0.648
TLTW,2023-05-02,0.531
TLTW,2023-06-02,0.351
TLTW,2023-07-05,0.538
TLTW,2023-08-02,0.197
TLTW,2023-09-05,0.332
TLTW,2023-10-03,0.288
TLTW,2023-11-02,0.4
TLTW,2023-12-04,0.577
TLTW,2023-12-22,0.746
TLTW,2024-02-02,0.212
TLTW,2024-03-04,0.302
TLTW,2024-04-02,0.235
TLTW,2024-05-02,0.247
TLTW,2024-06-04,0.247
TLTW,2024-07-02,0.277
TLTW,2024-08-02,0.22
TLTW,2024-09-04,0.28
TLTW,2024-10-02,0.208
TLTW,2024-11-04,0.252
TLTW,2024-12-03,0.331
TLTW,2024-12-20,0.593
TLTW,2025-02-04,0.388
TLTW,2025-03-04,0.259
TLTW,2025-04-02,0.258
TLTW,2025-05-02,0.375
TLTW,2025-06-03,0.419
TLTW,2025-07-02,0.314
TLTW,2025-08-04,0.231
TLTW,2025-09-03,0.218
TLTW,2025-10-02,0.145
TLTW,2025-11-04,0.378
TLTW,2025-12-02,0.188
TLTW,2025-12-23,0.187
TLTW,2026-02-03,0.174
TLTW,2026-03-03,0.204
TLTW,2026-04-02,0.211
TLTW,2026-05-04,0.121
TLTW,2026-06-02,0.217
TLTW,2026-07-02,0.135
TLTW,2026-08-04,0.152
TLTW,2026-09-02,0.131
TLTW,2026-10-02,0.289
TMF,2017-06-20,0.18
TMF,2017-12-19,0.72
TMF,2018-03-20,0.3
TMF,2018-06-19,1.04
TMF,2018-09-25,0.57
TMF,2018-12-27,0.97
TMF,2019-03-19,0.68
TMF,2019-06-25,0.67
TMF,2019-09-24,0.59
TMF,2019-12-23,0.5
TMF,2020-03-24,0.99
TMF,2020-12-10,13.72
TMF,2021-03-23,0.15
TMF,2021-06-22,0.14
TMF,2021-09-21,0.05
TMF,2021-12-21,0.02
TMF,2022-03-22,0.15
TMF,2022-06-22,0.26
TMF,2022-09-20,0.36
TMF,2022-12-20,0.47
TMF,2023-03-21,0.35
TMF,2023-06-21,0.48
TMF,2023-09-19,0.5
TMF,2023-12-21,0.497
TMF,2024-03-19,0.32
TMF,2024-06-25,0.435
TMF,2024-09-24,0.435
TMF,2024-12-23,0.524
TMF,2025-03-25,0.288
TMF,2025-06-24,0.362
TMF,2025-09-23,0.405
TMF,2025-12-23,0.459
TMF,2026-03-24,0.223
TMF,2026-06-23,0.365
TMF,2026-09-22,0.351
BND,2016-02-01,0.174
BND,2016-03-01,0.165
BND,2016-04-01,0.173
BND,2016-05-02,0.164
BND,2016-06-01,0.169
BND,2016-07-01,0.164
BND,2016-08-01,0.165
BND,2016-09-01,0.166
BND,2016-10-03,0.161
BND,2016-11-01,0.163
BND,2016-12-01,0.16
BND,2016-12-22,0.205
BND,2017-02-01,0.168
BND,2017-03-01,0.158
BND,2017-04-03,0.174
BND,2017-05-01,0.168
BND,2017-06-01,0.172
BND,2017-07-03,0.339
BND,2017-08-01,0.342
BND,2017-09-01,0.174
BND,2017-10-02,0.168
BND,2017-11-01,0.173
BND,2017-12-01,0.168
BND,2017-12-26,0.211
BND,2018-02-01,0.177
BND,2018-03-01,0.165
BND,2018-04-02,0.2
BND,2018-05-01,0.178
BND,2018-06-01,0.369
BND,2018-07-02,0.181
BND,2018-08-01,0.187
BND,2018-09-04,0.188
BND,2018-10-01,0.183
BND,2018-11-01,0.194
BND,2018-12-03,0.192
BND,2018-12-24,0.198
BND,2019-02-01,0.198
BND,2019-03-01,0.184
BND,2019-04-01,0.2
BND,2019-05-01,0.195
BND,2019-06-03,0.193
BND,2019-07-01,0.194
BND,2019-08-01,0.193
BND,2019-09-03,0.188
BND,2019-10-01,0.182
BND,2019-11-01,0.185
BND,2019-12-02,0.18
BND,2019-12-23,0.187
BND,2020-02-03,0.183
BND,2020-03-02,0.173
BND,2020-04-01,0.19
BND,2020-05-01,0.174
BND,2020-06-01,0.169
BND,2020-07-01,0.162
BND,2020-08-03,0.159
BND,2020-09-01,0.153
BND,2020-10-01,0.15
BND,2020-11-02,0.151
BND,2020-12-01,0.143
BND,2020-12-23,0.291
BND,2021-02-01,0.139
BND,2021-03-01,0.129
BND,2021-04-01,0.192
BND,2021-05-03,0.131
BND,2021-06-01,0.134
BND,2021-07-01,0.132
BND,2021-08-02,0.136
BND,2021-09-01,0.135
BND,2021-10-01,0.13
BND,2021-11-01,0.134
BND,2021-12-01,0.135
BND,2021-12-23,0.271
BND,2022-02-01,0.137
BND,2022-03-01,0.129
BND,2022-04-01,0.198
BND,2022-05-02,0.141
BND,2022-06-01,0.148
BND,2022-07-01,0.149
BND,2022-08-01,0.153
BND,2022-09-01,0.156
BND,2022-10-03,0.156
BND,2022-11-01,0.163
BND,2022-12-01,0.165
BND,2022-12-23,0.172
BND,2023-02-01,0.176
BND,2023-03-01,0.164
BND,2023-04-03,0.183
BND,2023-05-01,0.18
BND,2023-06-01,0.187
BND,2023-07-03,0.184
BND,2023-08-01,0.193
BND,2023-09-01,0.196
BND,2023-10-02,0.192
BND,2023-11-01,0.203
BND,2023-12-01,0.201
BND,2023-12-22,0.211
BND,2024-02-01,0.212
BND,2024-03-01,0.202
BND,2024-04-01,0.216
BND,2024-05-01,0.214
BND,2024-06-03,0.219
BND,2024-07-01,0.221
BND,2024-08-01,0.224
BND,2024-09-03,0.226
BND,2024-10-01,0.221
BND,2024-11-01,0.228
BND,2024-12-02,0.223
BND,2024-12-24,0.233
BND,2025-02-03,0.235
BND,2025-03-03,0.219
BND,2025-04-01,0.24
BND,2025-05-01,0.236
BND,2025-06-02,0.24
BND,2025-07-01,0.235
BND,2025-08-01,0.242
BND,2025-09-02,0.243
BND,2025-10-01,0.237
BND,2025-11-03,0.244
BND,2025-12-01,0.239
BND,2025-12-18,0.247
BND,2026-02-02,0.245
BND,2026-03-02,0.228
BND,2026-04-01,0.25
BND,2026-05-01,0.242
BND,2026-06-01,0.247
BND,2026-07-01,0.244
BND,2026-08-03,0.252
BND,2026-09-01,0.253
BND,2026-10-01,0.249
AGG,2016-02-01,0.228
AGG,2016-03-01,0.221
AGG,2016-04-01,0.222
AGG,2016-05-02,0.205
AGG,2016-06-01,0.218
AGG,2016-07-01,0.212
AGG,2016-08-01,0.207
AGG,2016-09-01,0.208
AGG,2016-10-03,0.203
AGG,2016-11-01,0.21
AGG,2016-12-01,0.204
AGG,2016-12-22,0.249
AGG,2017-02-01,0.218
AGG,2017-03-01,0.22
AGG,2017-04-03,0.222
AGG,2017-05-01,0.239
AGG,2017-06-01,0.23
AGG,2017-07-03,0.225
AGG,2017-08-01,0.23
AGG,2017-09-01,0.23
AGG,2017-10-02,0.227
AGG,2017-11-01,0.228
AGG,2017-12-01,0.231
AGG,2017-12-21,0.036
AGG,2018-02-01,0.242
AGG,2018-03-01,0.235
AGG,2018-04-02,0.243
AGG,2018-05-01,0.24
AGG,2018-06-01,0.249
AGG,2018-07-02,0.229
AGG,2018-08-01,0.251
AGG,2018-09-04,0.232
AGG,2018-10-01,0.252
AGG,2018-11-01,0.513
AGG,2018-12-03,0.251
AGG,2018-12-18,0.21
AGG,2019-02-01,0.268
AGG,2019-03-01,0.267
AGG,2019-04-01,0.262
AGG,2019-05-01,0.26
AGG,2019-06-03,0.26
AGG,2019-07-01,0.252
AGG,2019-08-01,0.26
AGG,2019-09-03,0.263
AGG,2019-10-01,0.255
AGG,2019-11-01,0.251
AGG,2019-12-02,0.246
AGG,2019-12-19,0.191
AGG,2020-02-03,0.243
AGG,2020-03-02,0.239
AGG,2020-04-01,0.249
AGG,2020-05-01,0.236
AGG,2020-06-01,0.214
AGG,2020-07-01,0.223
AGG,2020-08-03,0.207
AGG,2020-09-01,0.195
AGG,2020-10-01,0.202
AGG,2020-11-02,0.192
AGG,2020-12-01,0.206
AGG,2020-12-17,0.125
AGG,2021-02-01,0.192
AGG,2021-03-01,0.19
AGG,2021-04-01,0.172
AGG,2021-05-03,0.173
AGG,2021-06-01,0.167
AGG,2021-07-01,0.156
AGG,2021-08-02,0.167
AGG,2021-09-01,0.167
AGG,2021-10-01,0.18
AGG,2021-11-01,0.18
AGG,2021-12-01,0.162
AGG,2021-12-16,0.117
AGG,2022-02-01,0.161
AGG,2022-03-01,0.161
AGG,2022-04-01,0.16
AGG,2022-05-02,0.181
AGG,2022-06-01,0.186
AGG,2022-07-01,0.186
AGG,2022-08-01,0.2
AGG,2022-09-01,0.204
AGG,2022-10-03,0.211
AGG,2022-11-01,0.216
AGG,2022-12-01,0.226
AGG,2022-12-15,0.226
AGG,2023-02-01,0.245
AGG,2023-03-01,0.234
AGG,2023-04-03,0.252
AGG,2023-05-01,0.249
AGG,2023-06-01,0.258
AGG,2023-07-03,0.255
AGG,2023-08-01,0.265
AGG,2023-09-01,0.26
AGG,2023-10-02,0.257
AGG,2023-11-01,0.277
AGG,2023-12-01,0.274
AGG,2023-12-14,0.282
AGG,2024-02-01,0.293
AGG,2024-03-01,0.286
AGG,2024-04-01,0.29
AGG,2024-05-01,0.295
AGG,2024-06-03,0.302
AGG,2024-07-01,0.301
AGG,2024-08-01,0.304
AGG,2024-09-03,0.312
AGG,2024-10-01,0.307
AGG,2024-11-01,0.31
AGG,2024-12-02,0.312
AGG,2024-12-18,0.316
AGG,2025-02-03,0.322
AGG,2025-03-03,0.304
AGG,2025-04-01,0.325
AGG,2025-05-01,0.321
AGG,2025-06-02,0.323
AGG,2025-07-01,0.319
AGG,2025-08-01,0.33
AGG,2025-09-02,0.327
AGG,2025-10-01,0.325
AGG,2025-11-03,0.327
AGG,2025-12-01,0.326
AGG,2025-12-19,0.334
AGG,2026-02-02,0.325
AGG,2026-03-02,0.316
AGG,2026-04-01,0.337
AGG,2026-05-01,0.33
AGG,2026-06-01,0.331
AGG,2026-07-01,0.331
AGG,2026-08-03,0.338
AGG,2026-09-01,0.337
AGG,2026-10-01,0.334
BNDX,2016-02-01,0.056
BNDX,2016-03-01,0.055
BNDX,2016-04-01,0.056
BNDX,2016-05-02,0.056
BNDX,2016-06-01,0.055
BNDX,2016-07-01,0.056
BNDX,2016-08-01,0.05
BNDX,2016-09-01,0.056
BNDX,2016-10-03,0.056
BNDX,2016-11-01,0.061
BNDX,2016-12-01,0.066
BNDX,2016-12-22,0.404
BNDX,2017-02-01,0.045
BNDX,2017-03-01,0.046
BNDX,2017-04-03,0.046
BNDX,2017-05-01,0.046
BNDX,2017-06-01,0.047
BNDX,2017-07-03,0.049
BNDX,2017-08-01,0.048
BNDX,2017-09-01,0.049
BNDX,2017-10-02,0.049
BNDX,2017-11-01,0.048
BNDX,2017-12-01,0.048
BNDX,2017-12-26,0.691
BNDX,2018-02-01,0.049
BNDX,2018-03-01,0.043
BNDX,2018-04-02,0.052
BNDX,2018-05-01,0.043
BNDX,2018-06-01,0.047
BNDX,2018-07-02,0.048
BNDX,2018-08-01,0.05
BNDX,2018-09-04,0.051
BNDX,2018-10-01,0.05
BNDX,2018-11-01,0.054
BNDX,2018-12-03,0.052
BNDX,2018-12-24,1.094
BNDX,2019-02-01,0.054
BNDX,2019-03-01,0.046
BNDX,2019-04-01,0.053
BNDX,2019-05-01,0.051
BNDX,2019-06-03,0.054
BNDX,2019-07-01,0.055
BNDX,2019-08-01,0.054
BNDX,2019-09-03,0.053
BNDX,2019-10-01,0.052
BNDX,2019-11-01,0.052
BNDX,2019-12-02,0.05
BNDX,2019-12-23,1.352
BNDX,2020-02-03,0.045
BNDX,2020-03-02,0.044
BNDX,2020-04-01,0.051
BNDX,2020-05-01,0.047
BNDX,2020-06-01,0.048
BNDX,2020-07-01,0.047
BNDX,2020-08-03,0.048
BNDX,2020-09-01,0.047
BNDX,2020-10-01,0.046
BNDX,2020-11-02,0.047
BNDX,2020-12-01,0.045
BNDX,2020-12-23,0.136
BNDX,2021-02-01,0.045
BNDX,2021-03-01,0.045
BNDX,2021-04-01,0.041
BNDX,2021-05-03,0.039
BNDX,2021-06-01,0.041
BNDX,2021-07-01,0.042
BNDX,2021-08-02,0.041
BNDX,2021-09-01,0.04
BNDX,2021-10-01,0.038
BNDX,2021-11-01,0.039
BNDX,2021-12-01,0.034
BNDX,2021-12-23,1.618
BNDX,2022-02-01,0.047
BNDX,2022-03-01,0.035
BNDX,2022-04-01,0.038
BNDX,2022-05-02,0.038
BNDX,2022-06-01,0.042
BNDX,2022-07-01,0.043
BNDX,2022-08-01,0.049
BNDX,2022-09-01,0.048
BNDX,2022-10-03,0.05
BNDX,2022-11-01,0.054
BNDX,2022-12-01,0.06
BNDX,2022-12-23,0.215
BNDX,2023-02-01,0.063
BNDX,2023-03-01,0.059
BNDX,2023-04-03,0.072
BNDX,2023-05-01,0.07
BNDX,2023-06-01,0.073
BNDX,2023-07-03,0.078
BNDX,2023-08-01,0.082
BNDX,2023-09-01,0.079
BNDX,2023-10-02,0.079
BNDX,2023-11-01,0.084
BNDX,2023-12-01,0.087
BNDX,2023-12-22,1.357
BNDX,2024-02-01,0.086
BNDX,2024-03-01,0.085
BNDX,2024-04-01,0.091
BNDX,2024-05-01,0.089
BNDX,2024-06-03,0.096
BNDX,2024-07-01,0.093
BNDX,2024-08-01,0.101
BNDX,2024-09-03,0.101
BNDX,2024-10-01,0.097
BNDX,2024-11-01,0.098
BNDX,2024-12-02,0.098
BNDX,2024-12-24,1.014
BNDX,2025-02-03,0.103
BNDX,2025-03-03,0.095
BNDX,2025-04-01,0.108
BNDX,2025-05-01,0.104
BNDX,2025-06-02,0.107
BNDX,2025-07-01,0.104
BNDX,2025-08-01,0.107
BNDX,2025-09-02,0.109
BNDX,2025-10-01,0.105
BNDX,2025-11-03,0.109
BNDX,2025-12-01,0.104
BNDX,2025-12-18,0.969
BNDX,2026-02-02,0.112
BNDX,2026-03-02,0.1
BNDX,2026-04-01,0.112
BNDX,2026-05-01,0.113
BNDX,2026-06-01,0.114
BNDX,2026-07-01,0.111
BNDX,2026-08-03,0.119
BNDX,2026-09-01,0.121
BNDX,2026-10-01,0.114
LQD,2016-02-01,0.337
LQD,2016-03-01,0.335
LQD,2016-04-01,0.332
LQD,2016-05-02,0.325
LQD,2016-06-01,0.334
LQD,2016-07-01,0.331
LQD,2016-08-01,0.323
LQD,2016-09-01,0.32
LQD,2016-10-03,0.322
LQD,2016-11-01,0.318
LQD,2016-12-01,0.317
LQD,2016-12-22,0.318
LQD,2017-02-01,0.316
LQD,2017-03-01,0.321
LQD,2017-04-03,0.318
LQD,2017-05-01,0.322
LQD,2017-06-01,0.316
LQD,2017-07-03,0.32
LQD,2017-08-01,0.318
LQD,2017-09-01,0.32
LQD,2017-10-02,0.323
LQD,2017-11-01,0.321
LQD,2017-12-01,0.322
LQD,2017-12-21,0.254
LQD,2018-02-01,0.321
LQD,2018-03-01,0.33
LQD,2018-04-02,0.337
LQD,2018-05-01,0.329
LQD,2018-06-01,0.359
LQD,2018-07-02,0.345
LQD,2018-08-01,0.343
LQD,2018-09-04,0.348
LQD,2018-10-01,0.352
LQD,2018-11-01,0.369
LQD,2018-12-03,0.353
LQD,2018-12-18,0.352
LQD,2019-02-01,0.353
LQD,2019-03-01,0.358
LQD,2019-04-01,0.358
LQD,2019-05-01,0.352
LQD,2019-06-03,0.371
LQD,2019-07-01,0.355
LQD,2019-08-01,0.348
LQD,2019-09-03,0.349
LQD,2019-10-01,0.336
LQD,2019-11-01,0.345
LQD,2019-12-02,0.346
LQD,2019-12-19,0.336
LQD,2020-02-03,0.337
LQD,2020-03-02,0.349
LQD,2020-04-01,0.31
LQD,2020-05-01,0.32
LQD,2020-06-01,0.322
LQD,2020-07-01,0.31
LQD,2020-08-03,0.295
LQD,2020-09-01,0.295
LQD,2020-10-01,0.294
LQD,2020-11-02,0.283
LQD,2020-12-01,0.276
LQD,2020-12-17,0.28
LQD,2021-02-01,0.267
LQD,2021-03-01,0.269
LQD,2021-04-01,0.254
LQD,2021-05-03,0.255
LQD,2021-06-01,0.257
LQD,2021-07-01,0.253
LQD,2021-08-02,0.243
LQD,2021-09-01,0.234
LQD,2021-10-01,0.255
LQD,2021-11-01,0.262
LQD,2021-12-01,0.239
LQD,2021-12-16,0.256
LQD,2022-02-01,0.242
LQD,2022-03-01,0.256
LQD,2022-04-01,0.255
LQD,2022-05-02,0.254
LQD,2022-06-01,0.274
LQD,2022-07-01,0.297
LQD,2022-08-01,0.276
LQD,2022-09-01,0.304
LQD,2022-10-03,0.339
LQD,2022-11-01,0.307
LQD,2022-12-01,0.344
LQD,2022-12-15,0.332
LQD,2023-02-01,0.342
LQD,2023-03-01,0.372
LQD,2023-04-03,0.34
LQD,2023-05-01,0.372
LQD,2023-06-01,0.349
LQD,2023-07-03,0.348
LQD,2023-08-01,0.369
LQD,2023-09-01,0.377
LQD,2023-10-02,0.399
LQD,2023-11-01,0.364
LQD,2023-12-01,0.395
LQD,2023-12-14,0.393
LQD,2024-02-01,0.389
LQD,2024-03-01,0.393
LQD,2024-04-01,0.411
LQD,2024-05-01,0.415
LQD,2024-06-03,0.405
LQD,2024-07-01,0.376
LQD,2024-08-01,0.392
LQD,2024-09-03,0.405
LQD,2024-10-01,0.411
LQD,2024-11-01,0.385
LQD,2024-12-02,0.383
LQD,2024-12-18,0.385
LQD,2025-02-03,0.389
LQD,2025-03-03,0.415
LQD,2025-04-01,0.417
LQD,2025-05-01,0.432
LQD,2025-06-02,0.396
LQD,2025-07-01,0.402
LQD,2025-08-01,0.444
LQD,2025-09-02,0.384
LQD,2025-10-01,0.406
LQD,2025-11-03,0.402
LQD,2025-12-01,0.413
LQD,2025-12-19,0.436
LQD,2026-02-02,0.408
LQD,2026-03-02,0.383
LQD,2026-04-01,0.446
LQD,2026-05-01,0.425
LQD,2026-06-01,0.413
LQD,2026-07-01,0.382
LQD,2026-08-03,0.458
LQD,2026-09-01,0.444
LQD,2026-10-01,0.439
VCIT,2016-02-01,0.209
VCIT,2016-03-01,0.242
VCIT,2016-04-01,0.223
VCIT,2016-05-02,0.234
VCIT,2016-06-01,0.237
VCIT,2016-07-01,0.239
VCIT,2016-08-01,0.236
VCIT,2016-09-01,0.237
VCIT,2016-10-03,0.233
VCIT,2016-11-01,0.234
VCIT,2016-12-01,0.233
VCIT,2016-12-22,0.26
VCIT,2017-02-01,0.199
VCIT,2017-03-01,0.234
VCIT,2017-04-03,0.23
VCIT,2017-05-01,0.241
VCIT,2017-06-01,0.236
VCIT,2017-07-03,0.234
VCIT,2017-08-01,0.234
VCIT,2017-09-01,0.235
VCIT,2017-10-02,0.237
VCIT,2017-11-01,0.237
VCIT,2017-12-01,0.238
VCIT,2017-12-26,0.254
VCIT,2018-02-01,0.226
VCIT,2018-03-01,0.217
VCIT,2018-04-02,0.27
VCIT,2018-05-01,0.237
VCIT,2018-06-01,0.255
VCIT,2018-07-02,0.24
VCIT,2018-08-01,0.257
VCIT,2018-09-04,0.248
VCIT,2018-10-01,0.248
VCIT,2018-11-01,0.265
VCIT,2018-12-03,0.251
VCIT,2018-12-24,0.275
VCIT,2019-02-01,0.239
VCIT,2019-03-01,0.232
VCIT,2019-04-01,0.284
VCIT,2019-05-01,0.252
VCIT,2019-06-03,0.271
VCIT,2019-07-01,0.261
VCIT,2019-08-01,0.274
VCIT,2019-09-03,0.261
VCIT,2019-10-01,0.246
VCIT,2019-11-01,0.258
VCIT,2019-12-02,0.242
VCIT,2019-12-23,0.255
VCIT,2020-02-03,0.233
VCIT,2020-03-02,0.21
VCIT,2020-04-01,0.255
VCIT,2020-05-01,0.218
VCIT,2020-06-01,0.227
VCIT,2020-07-01,0.193
VCIT,2020-08-03,0.208
VCIT,2020-09-01,0.197
VCIT,2020-10-01,0.195
VCIT,2020-11-02,0.201
VCIT,2020-12-01,0.179
VCIT,2020-12-23,0.388
VCIT,2021-02-01,0.18
VCIT,2021-03-01,0.163
VCIT,2021-04-01,0.177
VCIT,2021-05-03,0.166
VCIT,2021-06-01,0.175
VCIT,2021-07-01,0.17
VCIT,2021-08-02,0.179
VCIT,2021-09-01,0.175
VCIT,2021-10-01,0.173
VCIT,2021-11-01,0.173
VCIT,2021-12-01,0.167
VCIT,2021-12-23,0.769
VCIT,2022-02-01,0.176
VCIT,2022-03-01,0.159
VCIT,2022-04-01,0.181
VCIT,2022-05-02,0.186
VCIT,2022-06-01,0.192
VCIT,2022-07-01,0.188
VCIT,2022-08-01,0.197
VCIT,2022-09-01,0.207
VCIT,2022-10-03,0.211
VCIT,2022-11-01,0.209
VCIT,2022-12-01,0.217
VCIT,2022-12-23,0.23
VCIT,2023-02-01,0.236
VCIT,2023-03-01,0.213
VCIT,2023-04-03,0.25
VCIT,2023-05-01,0.233
VCIT,2023-06-01,0.251
VCIT,2023-07-03,0.248
VCIT,2023-08-01,0.259
VCIT,2023-09-01,0.258
VCIT,2023-10-02,0.264
VCIT,2023-11-01,0.275
VCIT,2023-12-01,0.261
VCIT,2023-12-22,0.275
VCIT,2024-02-01,0.281
VCIT,2024-03-01,0.273
VCIT,2024-04-01,0.294
VCIT,2024-05-01,0.292
VCIT,2024-06-03,0.299
VCIT,2024-07-01,0.289
VCIT,2024-08-01,0.301
VCIT,2024-09-03,0.301
VCIT,2024-10-01,0.297
VCIT,2024-11-01,0.317
VCIT,2024-12-02,0.299
VCIT,2024-12-24,0.312
VCIT,2025-02-03,0.313
VCIT,2025-03-03,0.287
VCIT,2025-04-01,0.319
VCIT,2025-05-01,0.315
VCIT,2025-06-02,0.328
VCIT,2025-07-01,0.321
VCIT,2025-08-01,0.341
VCIT,2025-09-02,0.328
VCIT,2025-10-01,0.326
VCIT,2025-11-03,0.334
VCIT,2025-12-01,0.322
VCIT,2025-12-18,0.336
VCIT,2026-02-02,0.33
VCIT,2026-03-02,0.303
VCIT,2026-04-01,0.344
VCIT,2026-05-01,0.326
VCIT,2026-06-01,0.341
VCIT,2026-07-01,0.332
VCIT,2026-08-03,0.342
VCIT,2026-09-01,0.34
VCIT,2026-10-01,0.34
VCSH,2016-02-01,0.111
VCSH,2016-03-01,0.135
VCSH,2016-04-01,0.14
VCSH,2016-05-02,0.137
VCSH,2016-06-01,0.144
VCSH,2016-07-01,0.144
VCSH,2016-08-01,0.143
VCSH,2016-09-01,0.14
VCSH,2016-10-03,0.14
VCSH,2016-11-01,0.137
VCSH,2016-12-01,0.136
VCSH,2016-12-22,0.162
VCSH,2017-02-01,0.119
VCSH,2017-03-01,0.14
VCSH,2017-04-03,0.15
VCSH,2017-05-01,0.147
VCSH,2017-06-01,0.15
VCSH,2017-07-03,0.149
VCSH,2017-08-01,0.151
VCSH,2017-09-01,0.151
VCSH,2017-10-02,0.152
VCSH,2017-11-01,0.153
VCSH,2017-12-01,0.153
VCSH,2017-12-26,0.173
VCSH,2018-02-01,0.143
VCSH,2018-03-01,0.142
VCSH,2018-04-02,0.183
VCSH,2018-05-01,0.158
VCSH,2018-06-01,0.174
VCSH,2018-07-02,0.165
VCSH,2018-08-01,0.18
VCSH,2018-09-04,0.174
VCSH,2018-10-01,0.174
VCSH,2018-11-01,0.19
VCSH,2018-12-03,0.178
VCSH,2018-12-24,0.205
VCSH,2019-02-01,0.169
VCSH,2019-03-01,0.174
VCSH,2019-04-01,0.215
VCSH,2019-05-01,0.191
VCSH,2019-06-03,0.207
VCSH,2019-07-01,0.192
VCSH,2019-08-01,0.207
VCSH,2019-09-03,0.196
VCSH,2019-10-01,0.189
VCSH,2019-11-01,0.2
VCSH,2019-12-02,0.183
VCSH,2019-12-23,0.203
VCSH,2020-02-03,0.186
VCSH,2020-03-02,0.162
VCSH,2020-04-01,0.202
VCSH,2020-05-01,0.169
VCSH,2020-06-01,0.174
VCSH,2020-07-01,0.152
VCSH,2020-08-03,0.158
VCSH,2020-09-01,0.144
VCSH,2020-10-01,0.141
VCSH,2020-11-02,0.14
VCSH,2020-12-01,0.129
VCSH,2020-12-23,0.131
VCSH,2021-02-01,0.125
VCSH,2021-03-01,0.109
VCSH,2021-04-01,0.116
VCSH,2021-05-03,0.107
VCSH,2021-06-01,0.11
VCSH,2021-07-01,0.103
VCSH,2021-08-02,0.108
VCSH,2021-09-01,0.106
VCSH,2021-10-01,0.108
VCSH,2021-11-01,0.101
VCSH,2021-12-01,0.099
VCSH,2021-12-23,0.282
VCSH,2022-02-01,0.099
VCSH,2022-03-01,0.092
VCSH,2022-04-01,0.106
VCSH,2022-05-02,0.108
VCSH,2022-06-01,0.116
VCSH,2022-07-01,0.118
VCSH,2022-08-01,0.127
VCSH,2022-09-01,0.136
VCSH,2022-10-03,0.144
VCSH,2022-11-01,0.148
VCSH,2022-12-01,0.15
VCSH,2022-12-23,0.169
VCSH,2023-02-01,0.172
VCSH,2023-03-01,0.164
VCSH,2023-04-03,0.191
VCSH,2023-05-01,0.183
VCSH,2023-06-01,0.195
VCSH,2023-07-03,0.192
VCSH,2023-08-01,0.198
VCSH,2023-09-01,0.21
VCSH,2023-10-02,0.215
VCSH,2023-11-01,0.227
VCSH,2023-12-01,0.216
VCSH,2023-12-22,0.231
VCSH,2024-02-01,0.234
VCSH,2024-03-01,0.229
VCSH,2024-04-01,0.248
VCSH,2024-05-01,0.249
VCSH,2024-06-03,0.258
VCSH,2024-07-01,0.256
VCSH,2024-08-01,0.267
VCSH,2024-09-03,0.263
VCSH,2024-10-01,0.261
VCSH,2024-11-01,0.274
VCSH,2024-12-02,0.273
VCSH,2024-12-24,0.28
VCSH,2025-02-03,0.281
VCSH,2025-03-03,0.259
VCSH,2025-04-01,0.289
VCSH,2025-05-01,0.282
VCSH,2025-06-02,0.297
VCSH,2025-07-01,0.29
VCSH,2025-08-01,0.297
VCSH,2025-09-02,0.29
VCSH,2025-10-01,0.29
VCSH,2025-11-03,0.297
VCSH,2025-12-01,0.291
VCSH,2025-12-18,0.301
VCSH,2026-02-02,0.297
VCSH,2026-03-02,0.27
VCSH,2026-04-01,0.297
VCSH,2026-05-01,0.291
VCSH,2026-06-01,0.297
VCSH,2026-07-01,0.288
VCSH,2026-08-03,0.299
VCSH,2026-09-01,0.303
VCSH,2026-10-01,0.295
HYG,2016-02-01,0.391
HYG,2016-03-01,0.419
HYG,2016-04-01,0.379
HYG,2016-05-02,0.382
HYG,2016-06-01,0.402
HYG,2016-07-01,0.397
HYG,2016-08-01,0.383
HYG,2016-09-01,0.371
HYG,2016-10-03,0.386
HYG,2016-11-01,0.386
HYG,2016-12-01,0.381
HYG,2016-12-22,0.286
HYG,2017-02-01,0.382
HYG,2017-03-01,0.384
HYG,2017-04-03,0.373
HYG,2017-05-01,0.375
HYG,2017-06-01,0.377
HYG,2017-07-03,0.377
HYG,2017-08-01,0.368
HYG,2017-09-01,0.37
HYG,2017-10-02,0.365
HYG,2017-11-01,0.366
HYG,2017-12-01,0.372
HYG,2017-12-21,0.361
HYG,2018-02-01,0.366
HYG,2018-03-01,0.341
HYG,2018-04-02,0.349
HYG,2018-05-01,0.363
HYG,2018-06-01,0.384
HYG,2018-07-02,0.381
HYG,2018-08-01,0.367
HYG,2018-09-04,0.371
HYG,2018-10-01,0.389
HYG,2018-11-01,0.415
HYG,2018-12-03,0.376
HYG,2018-12-18,0.391
HYG,2019-02-01,0.389
HYG,2019-03-01,0.382
HYG,2019-04-01,0.379
HYG,2019-05-01,0.366
HYG,2019-06-03,0.386
HYG,2019-07-01,0.386
HYG,2019-08-01,0.367
HYG,2019-09-03,0.371
HYG,2019-10-01,0.35
HYG,2019-11-01,0.361
HYG,2019-12-02,0.341
HYG,2019-12-19,0.314
HYG,2020-02-03,0.366
HYG,2020-03-02,0.38
HYG,2020-04-01,0.385
HYG,2020-05-01,0.369
HYG,2020-06-01,0.321
HYG,2020-07-01,0.343
HYG,2020-08-03,0.341
HYG,2020-09-01,0.341
HYG,2020-10-01,0.357
HYG,2020-11-02,0.359
HYG,2020-12-01,0.341
HYG,2020-12-17,0.359
HYG,2021-02-01,0.318
HYG,2021-03-01,0.307
HYG,2021-04-01,0.294
HYG,2021-05-03,0.294
HYG,2021-06-01,0.291
HYG,2021-07-01,0.292
HYG,2021-08-02,0.283
HYG,2021-09-01,0.275
HYG,2021-10-01,0.289
HYG,2021-11-01,0.277
HYG,2021-12-01,0.282
HYG,2021-12-16,0.296
HYG,2022-02-01,0.305
HYG,2022-03-01,0.307
HYG,2022-04-01,0.334
HYG,2022-05-02,0.305
HYG,2022-06-01,0.307
HYG,2022-07-01,0.329
HYG,2022-08-01,0.304
HYG,2022-09-01,0.366
HYG,2022-10-03,0.351
HYG,2022-11-01,0.28
HYG,2022-12-01,0.319
HYG,2022-12-15,0.396
HYG,2023-02-01,0.368
HYG,2023-03-01,0.45
HYG,2023-04-03,0.342
HYG,2023-05-01,0.326
HYG,2023-06-01,0.353
HYG,2023-07-03,0.403
HYG,2023-08-01,0.358
HYG,2023-09-01,0.351
HYG,2023-10-02,0.385
HYG,2023-11-01,0.388
HYG,2023-12-01,0.344
HYG,2023-12-14,0.379
HYG,2024-02-01,0.384
HYG,2024-03-01,0.438
HYG,2024-04-01,0.395
HYG,2024-05-01,0.4
HYG,2024-06-03,0.358
HYG,2024-07-01,0.405
HYG,2024-08-01,0.409
HYG,2024-09-03,0.38
HYG,2024-10-01,0.39
HYG,2024-11-01,0.395
HYG,2024-12-02,0.361
HYG,2024-12-18,0.409
HYG,2025-02-03,0.36
HYG,2025-03-03,0.374
HYG,2025-04-01,0.382
HYG,2025-05-01,0.401
HYG,2025-06-02,0.376
HYG,2025-07-01,0.379
HYG,2025-08-01,0.404
HYG,2025-09-02,0.383
HYG,2025-10-01,0.381
HYG,2025-11-03,0.41
HYG,2025-12-01,0.375
HYG,2025-12-19,0.381
HYG,2026-02-02,0.399
HYG,2026-03-02,0.394
HYG,2026-04-01,0.384
HYG,2026-05-01,0.419
HYG,2026-06-01,0.409
HYG,2026-07-01,0.369
HYG,2026-08-03,0.384
HYG,2026-09-01,0.435
HYG,2026-10-01,0.342
JNK,2016-02-01,0.525
JNK,2016-03-01,0.567
JNK,2016-04-01,0.552
JNK,2016-05-02,0.543
JNK,2016-05-03,0.543
JNK,2016-06-01,0.561
JNK,2016-07-01,0.561
JNK,2016-08-01,0.564
JNK,2016-09-01,0.558
JNK,2016-10-03,0.558
JNK,2016-11-01,0.558
JNK,2016-12-01,0.534
JNK,2016-12-28,0.543
JNK,2017-02-01,0.525
JNK,2017-03-01,0.528
JNK,2017-04-03,0.516
JNK,2017-05-01,0.51
JNK,2017-06-01,0.633
JNK,2017-07-03,0.504
JNK,2017-08-01,0.489
JNK,2017-09-01,0.492
JNK,2017-10-02,0.471
JNK,2017-11-01,0.51
JNK,2017-12-01,0.501
JNK,2017-12-19,0.486
JNK,2018-02-01,0.48
JNK,2018-03-01,0.489
JNK,2018-04-02,0.45
JNK,2018-05-01,0.489
JNK,2018-06-01,0.501
JNK,2018-07-02,0.498
JNK,2018-08-01,0.483
JNK,2018-09-04,0.51
JNK,2018-10-01,0.525
JNK,2018-11-01,0.507
JNK,2018-12-03,0.495
JNK,2018-12-19,0.519
JNK,2019-02-01,0.495
JNK,2019-03-01,0.519
JNK,2019-04-01,0.507
JNK,2019-05-01,0.513
JNK,2019-06-03,0.508
JNK,2019-07-01,0.499
JNK,2019-08-01,0.498
JNK,2019-09-03,0.486
JNK,2019-10-01,0.487
JNK,2019-11-01,0.481
JNK,2019-12-02,0.49
JNK,2019-12-20,0.474
JNK,2020-02-03,0.468
JNK,2020-03-02,0.494
JNK,2020-04-01,0.457
JNK,2020-05-01,0.517
JNK,2020-06-01,0.479
JNK,2020-07-01,0.498
JNK,2020-08-03,0.465
JNK,2020-09-01,0.428
JNK,2020-10-01,0.455
JNK,2020-11-02,0.445
JNK,2020-12-01,0.434
JNK,2020-12-18,0.432
JNK,2021-02-01,0.404
JNK,2021-03-01,0.402
JNK,2021-04-01,0.386
JNK,2021-05-03,0.381
JNK,2021-06-01,0.385
JNK,2021-07-01,0.391
JNK,2021-08-02,0.37
JNK,2021-09-01,0.375
JNK,2021-10-01,0.388
JNK,2021-11-01,0.379
JNK,2021-12-01,0.383
JNK,2021-12-17,0.386
JNK,2022-02-01,0.39
JNK,2022-03-01,0.4
JNK,2022-04-01,0.398
JNK,2022-05-02,0.414
JNK,2022-06-01,0.426
JNK,2022-07-01,0.453
JNK,2022-08-01,0.438
JNK,2022-09-01,0.5
JNK,2022-10-03,0.475
JNK,2022-11-01,0.461
JNK,2022-12-01,0.526
JNK,2022-12-19,0.575
JNK,2023-02-01,0.478
JNK,2023-03-01,0.51
JNK,2023-04-03,0.454
JNK,2023-05-01,0.5
JNK,2023-06-01,0.524
JNK,2023-07-03,0.494
JNK,2023-08-01,0.52
JNK,2023-09-01,0.512
JNK,2023-10-02,0.511
JNK,2023-11-01,0.501
JNK,2023-12-01,0.515
JNK,2023-12-18,0.527
JNK,2024-02-01,0.532
JNK,2024-03-01,0.529
JNK,2024-04-01,0.509
JNK,2024-05-01,0.539
JNK,2024-06-03,0.531
JNK,2024-07-01,0.534
JNK,2024-08-01,0.525
JNK,2024-09-03,0.527
JNK,2024-10-01,0.528
JNK,2024-11-01,0.531
JNK,2024-12-02,0.524
JNK,2024-12-19,0.52
JNK,2025-02-03,0.536
JNK,2025-03-03,0.528
JNK,2025-04-01,0.532
JNK,2025-05-01,0.529
JNK,2025-06-02,0.536
JNK,2025-07-01,0.54
JNK,2025-08-01,0.539
JNK,2025-09-02,0.529
JNK,2025-10-01,0.538
JNK,2025-11-03,0.533
JNK,2025-12-01,0.528
JNK,2025-12-18,0.491
JNK,2026-02-02,0.56
JNK,2026-03-02,0.525
JNK,2026-04-01,0.525
JNK,2026-05-01,0.527
JNK,2026-06-01,0.523
JNK,2026-07-01,0.531
JNK,2026-08-03,0.527
JNK,2026-09-01,0.532
JNK,2026-10-01,0.531
EMB,2016-02-01,0.419
EMB,2016-03-01,0.439
EMB,2016-04-01,0.429
EMB,2016-05-02,0.41
EMB,2016-06-01,0.444
EMB,2016-07-01,0.529
EMB,2016-08-01,0.501
EMB,2016-09-01,0.492
EMB,2016-10-03,0.502
EMB,2016-11-01,0.453
EMB,2016-12-01,0.445
EMB,2016-12-22,0.263
EMB,2017-02-01,0.442
EMB,2017-03-01,0.441
EMB,2017-04-03,0.437
EMB,2017-05-01,0.444
EMB,2017-06-01,0.444
EMB,2017-07-03,0.443
EMB,2017-08-01,0.454
EMB,2017-09-01,0.451
EMB,2017-10-02,0.452
EMB,2017-11-01,0.445
EMB,2017-12-01,0.449
EMB,2017-12-21,0.371
EMB,2018-02-01,0.31
EMB,2018-03-01,0.34
EMB,2018-04-02,0.374
EMB,2018-05-01,0.411
EMB,2018-06-01,0.452
EMB,2018-07-02,0.446
EMB,2018-08-01,0.441
EMB,2018-09-04,0.436
EMB,2018-10-01,0.45
EMB,2018-11-01,0.461
EMB,2018-12-03,0.454
EMB,2018-12-18,1.29
EMB,2019-02-01,0.442
EMB,2019-03-01,0.443
EMB,2019-04-01,0.454
EMB,2019-05-01,0.449
EMB,2019-06-03,0.459
EMB,2019-07-01,0.438
EMB,2019-08-01,0.418
EMB,2019-09-03,0.413
EMB,2019-10-01,0.4
EMB,2019-11-01,0.405
EMB,2019-12-02,0.408
EMB,2019-12-19,0.441
EMB,2020-02-03,0.411
EMB,2020-03-02,0.417
EMB,2020-04-01,0.409
EMB,2020-05-01,0.379
EMB,2020-06-01,0.337
EMB,2020-07-01,0.33
EMB,2020-08-03,0.328
EMB,2020-09-01,0.333
EMB,2020-10-01,0.366
EMB,2020-11-02,0.396
EMB,2020-12-01,0.396
EMB,2020-12-17,0.395
EMB,2021-02-01,0.362
EMB,2021-03-01,0.351
EMB,2021-04-01,0.348
EMB,2021-05-03,0.348
EMB,2021-06-01,0.358
EMB,2021-07-01,0.355
EMB,2021-08-02,0.35
EMB,2021-09-01,0.348
EMB,2021-10-01,0.345
EMB,2021-11-01,0.358
EMB,2021-12-01,0.357
EMB,2021-12-16,0.368
EMB,2022-02-01,0.373
EMB,2022-03-01,0.356
EMB,2022-04-01,0.383
EMB,2022-05-02,0.364
EMB,2022-06-01,0.335
EMB,2022-07-01,0.361
EMB,2022-08-01,0.346
EMB,2022-09-01,0.312
EMB,2022-10-03,0.371
EMB,2022-11-01,0.382
EMB,2022-12-01,0.339
EMB,2022-12-15,0.34
EMB,2023-02-01,0.312
EMB,2023-03-01,0.379
EMB,2023-04-03,0.362
EMB,2023-05-01,0.35
EMB,2023-06-01,0.353
EMB,2023-07-03,0.346
EMB,2023-08-01,0.348
EMB,2023-09-01,0.359
EMB,2023-10-02,0.353
EMB,2023-11-01,0.362
EMB,2023-12-01,0.332
EMB,2023-12-14,0.364
EMB,2024-02-01,0.367
EMB,2024-03-01,0.386
EMB,2024-04-01,0.366
EMB,2024-05-01,0.361
EMB,2024-06-03,0.363
EMB,2024-07-01,0.381
EMB,2024-08-01,0.391
EMB,2024-09-03,0.368
EMB,2024-10-01,0.385
EMB,2024-11-01,0.422
EMB,2024-12-02,0.388
EMB,2024-12-18,0.429
EMB,2024-12-30,0.255
EMB,2025-02-03,0.441
EMB,2025-03-03,0.386
EMB,2025-04-01,0.4
EMB,2025-05-01,0.402
EMB,2025-06-02,0.405
EMB,2025-07-01,0.38
EMB,2025-08-01,0.411
EMB,2025-09-02,0.402
EMB,2025-10-01,0.393
EMB,2025-11-03,0.418
EMB,2025-12-01,0.372
EMB,2025-12-19,0.383
EMB,2026-02-02,0.415
EMB,2026-03-02,0.403
EMB,2026-04-01,0.455
EMB,2026-05-01,0.41
EMB,2026-06-01,0.407
EMB,2026-07-01,0.4
EMB,2026-08-03,0.414
EMB,2026-09-01,0.414
EMB,2026-10-01,0.444
TIP,2016-06-01,0.036
TIP,2016-07-01,0.512
TIP,2016-08-01,0.461
TIP,2016-09-01,0.418
TIP,2016-12-01,0.244
TIP,2017-04-03,0.155
TIP,2017-05-01,0.284
TIP,2017-06-01,0.258
TIP,2017-07-03,0.292
TIP,2017-08-01,0.217
TIP,2017-09-01,0.237
TIP,2017-10-02,0.048
TIP,2017-11-01,0.218
TIP,2017-12-01,0.501
TIP,2017-12-21,0.156
TIP,2018-02-01,0.021
TIP,2018-04-02,0.292
TIP,2018-05-01,0.499
TIP,2018-06-01,0.336
TIP,2018-07-02,0.431
TIP,2018-08-01,0.468
TIP,2018-09-04,0.386
TIP,2018-10-01,0.101
TIP,2018-11-01,0.091
TIP,2018-12-03,0.155
TIP,2018-12-18,0.184
TIP,2019-05-01,0.035
TIP,2019-06-03,0.639
TIP,2019-07-01,0.612
TIP,2019-08-01,0.27
TIP,2019-09-03,0.059
TIP,2019-10-01,0.196
TIP,2019-11-01,0.02
TIP,2019-12-02,0.104
TIP,2019-12-19,0.109
TIP,2020-02-03,0.127
TIP,2020-04-01,0.176
TIP,2020-05-01,0.298
TIP,2020-10-01,0.417
TIP,2020-11-02,0.318
TIP,2020-12-01,0.133
TIP,2020-12-17,0.023
TIP,2021-04-01,0.3
TIP,2021-05-03,0.515
TIP,2021-06-01,0.681
TIP,2021-07-01,0.833
TIP,2021-08-02,0.777
TIP,2021-09-01,0.896
TIP,2021-10-01,0.432
TIP,2021-11-01,0.122
TIP,2021-12-01,0.186
TIP,2021-12-16,0.786
TIP,2022-02-01,0.439
TIP,2022-03-01,0.229
TIP,2022-04-01,0.798
TIP,2022-05-02,0.938
TIP,2022-06-01,1.367
TIP,2022-07-01,0.565
TIP,2022-08-01,1.154
TIP,2022-09-01,1.438
TIP,2022-12-01,0.131
TIP,2022-12-15,0.349
TIP,2023-04-03,0.127
TIP,2023-05-01,0.569
TIP,2023-06-01,0.313
TIP,2023-07-03,0.504
TIP,2023-08-01,0.221
TIP,2023-09-01,0.323
TIP,2023-10-02,0.171
TIP,2023-11-01,0.452
TIP,2023-12-01,0.256
TIP,2024-04-01,0.065
TIP,2024-05-01,0.693
TIP,2024-06-03,0.727
TIP,2024-07-01,0.437
TIP,2024-08-01,0.173
TIP,2024-09-03,0.03
TIP,2024-10-01,0.122
TIP,2024-11-01,0.089
TIP,2024-12-02,0.19
TIP,2024-12-18,0.16
TIP,2025-04-01,0.709
TIP,2025-05-01,0.535
TIP,2025-06-02,0.273
TIP,2025-07-01,0.38
TIP,2025-08-01,0.264
TIP,2025-09-02,0.417
TIP,2025-10-01,0.198
TIP,2025-11-03,0.361
TIP,2025-12-01,0.322
TIP,2025-12-19,0.342
TIP,2026-05-01,0.561
TIP,2026-06-01,1.278
TIP,2026-07-01,1.058
TIP,2026-08-03,0.784
MUB,2016-02-01,0.224
MUB,2016-03-01,0.201
MUB,2016-04-01,0.182
MUB,2016-05-02,0.2
MUB,2016-06-01,0.205
MUB,2016-07-01,0.212
MUB,2016-08-01,0.202
MUB,2016-09-01,0.212
MUB,2016-10-03,0.205
MUB,2016-11-01,0.198
MUB,2016-12-01,0.209
MUB,2016-12-22,0.143
MUB,2017-02-01,0.206
MUB,2017-03-01,0.223
MUB,2017-04-03,0.208
MUB,2017-05-01,0.213
MUB,2017-06-01,0.206
MUB,2017-07-03,0.212
MUB,2017-08-01,0.205
MUB,2017-09-01,0.204
MUB,2017-10-02,0.209
MUB,2017-11-01,0.203
MUB,2017-12-01,0.215
MUB,2017-12-21,0.197
MUB,2018-02-01,0.202
MUB,2018-03-01,0.215
MUB,2018-04-02,0.208
MUB,2018-05-01,0.208
MUB,2018-06-01,0.22
MUB,2018-07-02,0.233
MUB,2018-08-01,0.229
MUB,2018-09-04,0.229
MUB,2018-10-01,0.237
MUB,2018-11-01,0.247
MUB,2018-12-03,0.231
MUB,2018-12-18,0.22
MUB,2019-02-01,0.234
MUB,2019-03-01,0.247
MUB,2019-04-01,0.235
MUB,2019-05-01,0.235
MUB,2019-06-03,0.24
MUB,2019-07-01,0.229
MUB,2019-08-01,0.226
MUB,2019-09-03,0.222
MUB,2019-10-01,0.226
MUB,2019-11-01,0.223
MUB,2019-12-02,0.222
MUB,2019-12-19,0.217
MUB,2020-02-03,0.215
MUB,2020-03-02,0.228
MUB,2020-04-01,0.227
MUB,2020-05-01,0.22
MUB,2020-06-01,0.208
MUB,2020-07-01,0.206
MUB,2020-08-03,0.194
MUB,2020-09-01,0.194
MUB,2020-10-01,0.208
MUB,2020-11-02,0.197
MUB,2020-12-01,0.194
MUB,2020-12-17,0.183
MUB,2021-02-01,0.182
MUB,2021-03-01,0.195
MUB,2021-04-01,0.182
MUB,2021-05-03,0.182
MUB,2021-06-01,0.177
MUB,2021-07-01,0.178
MUB,2021-08-02,0.171
MUB,2021-09-01,0.165
MUB,2021-10-01,0.174
MUB,2021-11-01,0.161
MUB,2021-12-01,0.169
MUB,2021-12-16,0.163
MUB,2022-02-01,0.158
MUB,2022-03-01,0.174
MUB,2022-04-01,0.165
MUB,2022-05-02,0.172
MUB,2022-06-01,0.162
MUB,2022-07-01,0.186
MUB,2022-08-01,0.186
MUB,2022-09-01,0.199
MUB,2022-10-03,0.202
MUB,2022-11-01,0.198
MUB,2022-12-01,0.211
MUB,2022-12-15,0.212
MUB,2023-02-01,0.224
MUB,2023-03-01,0.243
MUB,2023-04-03,0.228
MUB,2023-05-01,0.234
MUB,2023-06-01,0.231
MUB,2023-07-03,0.24
MUB,2023-08-01,0.236
MUB,2023-09-01,0.234
MUB,2023-10-02,0.242
MUB,2023-11-01,0.252
MUB,2023-12-01,0.251
MUB,2023-12-14,0.254
MUB,2024-02-01,0.258
MUB,2024-03-01,0.268
MUB,2024-04-01,0.26
MUB,2024-05-01,0.261
MUB,2024-06-03,0.278
MUB,2024-07-01,0.26
MUB,2024-08-01,0.264
MUB,2024-09-03,0.268
MUB,2024-10-01,0.276
MUB,2024-11-01,0.268
MUB,2024-12-02,0.27
MUB,2024-12-18,0.272
MUB,2025-02-03,0.271
MUB,2025-03-03,0.282
MUB,2025-04-01,0.277
MUB,2025-05-01,0.285
MUB,2025-06-02,0.275
MUB,2025-07-01,0.281
MUB,2025-08-01,0.278
MUB,2025-09-02,0.28
MUB,2025-10-01,0.287
MUB,2025-11-03,0.275
MUB,2025-12-01,0.288
MUB,2025-12-19,0.285
MUB,2026-02-02,0.279
MUB,2026-03-02,0.292
MUB,2026-04-01,0.282
MUB,2026-05-01,0.289
MUB,2026-06-01,0.28
MUB,2026-07-01,0.289
MUB,2026-08-03,0.286
MUB,2026-09-01,0.29
MUB,2026-10-01,0.279
SGOV,2020-07-01,0.006
SGOV,2020-08-03,0.011
SGOV,2020-09-01,0.007
SGOV,2020-10-01,0.005
SGOV,2020-11-02,0.005
SGOV,2020-12-01,0.005
SGOV,2020-12-17,0.006
SGOV,2021-02-01,0.005
SGOV,2021-04-01,0.001
SGOV,2021-05-03,0.004
SGOV,2021-06-01,0.002
SGOV,2021-07-01,0.002
SGOV,2021-08-02,0.002
SGOV,2021-09-01,0.003
SGOV,2021-10-01,0.003
SGOV,2021-11-01,0.003
SGOV,2021-12-01,0.003
SGOV,2021-12-16,0.005
SGOV,2022-02-01,0.002
SGOV,2022-03-01,0.008
SGOV,2022-04-01,0.018
SGOV,2022-05-02,0.025
SGOV,2022-06-01,0.041
SGOV,2022-07-01,0.069
SGOV,2022-08-01,0.116
SGOV,2022-09-01,0.168
SGOV,2022-10-03,0.157
SGOV,2022-11-01,0.241
SGOV,2022-12-01,0.283
SGOV,2022-12-15,0.327
SGOV,2023-02-01,0.394
SGOV,2023-03-01,0.278
SGOV,2023-04-03,0.362
SGOV,2023-05-01,0.392
SGOV,2023-06-01,0.432
SGOV,2023-07-03,0.417
SGOV,2023-08-01,0.442
SGOV,2023-09-01,0.431
SGOV,2023-10-02,0.412
SGOV,2023-11-01,0.427
SGOV,2023-12-01,0.443
SGOV,2023-12-14,0.455
SGOV,2024-02-01,0.458
SGOV,2024-03-01,0.41
SGOV,2024-04-01,0.45
SGOV,2024-05-01,0.428
SGOV,2024-06-03,0.44
SGOV,2024-07-01,0.439
SGOV,2024-08-01,0.453
SGOV,2024-09-03,0.444
SGOV,2024-10-01,0.43
SGOV,2024-11-01,0.415
SGOV,2024-12-02,0.378
SGOV,2024-12-18,0.372
SGOV,2025-02-03,0.363
SGOV,2025-03-03,0.313
SGOV,2025-04-01,0.346
SGOV,2025-05-01,0.335
SGOV,2025-06-02,0.358
SGOV,2025-07-01,0.347
SGOV,2025-08-01,0.362
SGOV,2025-09-02,0.36
SGOV,2025-10-01,0.347
SGOV,2025-11-03,0.348
SGOV,2025-12-01,0.313
SGOV,2025-12-19,0.323
SGOV,2026-02-02,0.309
SGOV,2026-03-02,0.272
SGOV,2026-04-01,0.293
SGOV,2026-05-01,0.298
SGOV,2026-06-01,0.299
SGOV,2026-07-01,0.296
SGOV,2026-08-03,0.307
SGOV,2026-09-01,0.307
SGOV,2026-10-01,0.301
BIL,2016-12-01,0.042
BIL,2016-12-28,0.018
BIL,2017-02-01,0.026
BIL,2017-03-01,0.024
BIL,2017-04-03,0.028
BIL,2017-05-01,0.034
BIL,2017-06-01,0.054
BIL,2017-07-03,0.05
BIL,2017-08-01,0.064
BIL,2017-09-01,0.066
BIL,2017-10-02,0.064
BIL,2017-11-01,0.07
BIL,2017-12-01,0.066
BIL,2017-12-19,0.082
BIL,2018-02-01,0.086
BIL,2018-03-01,0.079
BIL,2018-04-02,0.105
BIL,2018-05-01,0.107
BIL,2018-06-01,0.126
BIL,2018-07-02,0.127
BIL,2018-08-01,0.135
BIL,2018-09-04,0.138
BIL,2018-10-01,0.146
BIL,2018-11-01,0.15
BIL,2018-12-03,0.157
BIL,2018-12-19,0.16
BIL,2019-02-01,0.179
BIL,2019-03-01,0.17
BIL,2019-04-01,0.176
BIL,2019-05-01,0.174
BIL,2019-06-03,0.176
BIL,2019-07-01,0.165
BIL,2019-08-01,0.155
BIL,2019-09-03,0.168
BIL,2019-10-01,0.137
BIL,2019-11-01,0.139
BIL,2019-12-02,0.117
BIL,2019-12-20,0.115
BIL,2020-02-03,0.108
BIL,2020-03-02,0.097
BIL,2020-04-01,0.052
BIL,2020-05-01,0.014
BIL,2020-12-01,0.003
BIL,2022-03-01,0.022
BIL,2022-06-01,0.031
BIL,2022-07-01,0.053
BIL,2022-08-01,0.097
BIL,2022-09-01,0.139
BIL,2022-10-03,0.155
BIL,2022-11-01,0.208
BIL,2022-12-01,0.26
BIL,2022-12-19,0.271
BIL,2023-02-01,0.336
BIL,2023-03-01,0.255
BIL,2023-04-03,0.372
BIL,2023-05-01,0.353
BIL,2023-06-01,0.371
BIL,2023-07-03,0.373
BIL,2023-08-01,0.394
BIL,2023-09-01,0.405
BIL,2023-10-02,0.394
BIL,2023-11-01,0.408
BIL,2023-12-01,0.419
BIL,2023-12-18,0.421
BIL,2024-02-01,0.406
BIL,2024-03-01,0.355
BIL,2024-04-01,0.405
BIL,2024-05-01,0.388
BIL,2024-06-03,0.405
BIL,2024-07-01,0.392
BIL,2024-08-01,0.402
BIL,2024-09-03,0.396
BIL,2024-10-01,0.371
BIL,2024-11-01,0.359
BIL,2024-12-02,0.335
BIL,2024-12-19,0.383
BIL,2025-02-03,0.326
BIL,2025-03-03,0.289
BIL,2025-04-01,0.321
BIL,2025-05-01,0.312
BIL,2025-06-02,0.316
BIL,2025-07-01,0.306
BIL,2025-08-01,0.319
BIL,2025-09-02,0.322
BIL,2025-10-01,0.311
BIL,2025-11-03,0.303
BIL,2025-12-01,0.281
BIL,2025-12-18,0.365
BIL,2026-02-02,0.274
BIL,2026-03-02,0.243
BIL,2026-04-01,0.264
BIL,2026-05-01,0.27
BIL,2026-06-01,0.269
BIL,2026-07-01,0.268
BIL,2026-08-03,0.273
BIL,2026-09-01,0.28
BIL,2026-10-01,0.263
SHV,2016-02-01,0.009
SHV,2016-03-01,0.01
SHV,2016-04-01,0.02
SHV,2016-05-02,0.022
SHV,2016-06-01,0.031
SHV,2016-07-01,0.032
SHV,2016-08-01,0.03
SHV,2016-09-01,0.033
SHV,2016-10-03,0.033
SHV,2016-11-01,0.036
SHV,2016-12-01,0.037
SHV,2016-12-22,0.08
SHV,2017-02-01,0.04
SHV,2017-03-01,0.044
SHV,2017-04-03,0.047
SHV,2017-05-01,0.051
SHV,2017-06-01,0.056
SHV,2017-07-03,0.061
SHV,2017-08-01,0.067
SHV,2017-09-01,0.074
SHV,2017-10-02,0.084
SHV,2017-11-01,0.09
SHV,2017-12-01,0.091
SHV,2017-12-21,0.092
SHV,2018-02-01,0.1
SHV,2018-03-01,0.104
SHV,2018-04-02,0.113
SHV,2018-05-01,0.123
SHV,2018-06-01,0.138
SHV,2018-07-02,0.151
SHV,2018-08-01,0.165
SHV,2018-09-04,0.173
SHV,2018-10-01,0.182
SHV,2018-11-01,0.186
SHV,2018-12-03,0.19
SHV,2018-12-18,0.201
SHV,2019-02-01,0.208
SHV,2019-03-01,0.215
SHV,2019-04-01,0.22
SHV,2019-05-01,0.218
SHV,2019-06-03,0.221
SHV,2019-07-01,0.209
SHV,2019-08-01,0.21
SHV,2019-09-03,0.198
SHV,2019-10-01,0.194
SHV,2019-11-01,0.186
SHV,2019-12-02,0.169
SHV,2019-12-19,0.17
SHV,2020-02-03,0.161
SHV,2020-03-02,0.15
SHV,2020-04-01,0.134
SHV,2020-05-01,0.091
SHV,2020-06-01,0.071
SHV,2020-08-03,0.016
SHV,2020-09-01,0.014
SHV,2020-10-01,0.013
SHV,2020-11-02,0.007
SHV,2020-12-01,0.162
SHV,2022-04-01,0.018
SHV,2022-05-02,0.033
SHV,2022-06-01,0.057
SHV,2022-07-01,0.077
SHV,2022-08-01,0.131
SHV,2022-09-01,0.161
SHV,2022-10-03,0.201
SHV,2022-11-01,0.242
SHV,2022-12-01,0.29
SHV,2022-12-15,0.313
SHV,2023-02-01,0.37
SHV,2023-03-01,0.29
SHV,2023-04-03,0.391
SHV,2023-05-01,0.398
SHV,2023-06-01,0.482
SHV,2023-07-03,0.432
SHV,2023-08-01,0.467
SHV,2023-09-01,0.461
SHV,2023-10-02,0.465
SHV,2023-11-01,0.468
SHV,2023-12-01,0.485
SHV,2023-12-14,0.504
SHV,2024-02-01,0.473
SHV,2024-03-01,0.448
SHV,2024-04-01,0.482
SHV,2024-05-01,0.464
SHV,2024-06-03,0.472
SHV,2024-07-01,0.466
SHV,2024-08-01,0.488
SHV,2024-09-03,0.475
SHV,2024-10-01,0.454
SHV,2024-11-01,0.467
SHV,2024-12-02,0.416
SHV,2024-12-18,0.427
SHV,2025-02-03,0.403
SHV,2025-03-03,0.358
SHV,2025-04-01,0.384
SHV,2025-05-01,0.372
SHV,2025-06-02,0.397
SHV,2025-07-01,0.371
SHV,2025-08-01,0.385
SHV,2025-09-02,0.388
SHV,2025-10-01,0.367
SHV,2025-11-03,0.371
SHV,2025-12-01,0.352
SHV,2025-12-19,0.357
SHV,2026-02-02,0.342
SHV,2026-03-02,0.304
SHV,2026-04-01,0.324
SHV,2026-05-01,0.328
SHV,2026-06-01,0.331
SHV,2026-07-01,0.319
SHV,2026-08-03,0.34
SHV,2026-09-01,0.338
SHV,2026-10-01,0.299
JAAA,2020-12-01,0.064
JAAA,2020-12-30,0.066
JAAA,2021-02-01,0.053
JAAA,2021-03-01,0.052
JAAA,2021-04-01,0.052
JAAA,2021-05-03,0.051
JAAA,2021-06-01,0.051
JAAA,2021-07-01,0.05
JAAA,2021-08-02,0.035
JAAA,2021-09-01,0.045
JAAA,2021-10-01,0.047
JAAA,2021-11-01,0.056
JAAA,2021-12-01,0.061
JAAA,2021-12-23,0.055
JAAA,2022-02-01,0.043
JAAA,2022-03-01,0.033
JAAA,2022-04-01,0.044
JAAA,2022-05-02,0.062
JAAA,2022-06-01,0.078
JAAA,2022-07-01,0.089
JAAA,2022-08-01,0.105
JAAA,2022-09-01,0.153
JAAA,2022-10-03,0.15
JAAA,2022-11-01,0.172
JAAA,2022-12-01,0.215
JAAA,2022-12-23,0.221
JAAA,2023-02-01,0.221
JAAA,2023-03-01,0.215
JAAA,2023-04-03,0.234
JAAA,2023-05-01,0.251
JAAA,2023-06-01,0.248
JAAA,2023-07-03,0.253
JAAA,2023-08-01,0.262
JAAA,2023-09-01,0.274
JAAA,2023-10-02,0.276
JAAA,2023-11-01,0.263
JAAA,2023-12-01,0.296
JAAA,2024-02-01,0.27
JAAA,2024-03-01,0.262
JAAA,2024-04-01,0.27
JAAA,2024-05-01,0.274
JAAA,2024-06-03,0.256
JAAA,2024-07-01,0.277
JAAA,2024-08-01,0.264
JAAA,2024-09-03,0.279
JAAA,2024-10-01,0.273
JAAA,2024-11-01,0.253
JAAA,2024-12-02,0.281
JAAA,2024-12-23,0.262
JAAA,2025-02-03,0.206
JAAA,2025-03-03,0.219
JAAA,2025-04-01,0.238
JAAA,2025-05-01,0.246
JAAA,2025-06-02,0.22
JAAA,2025-07-01,0.223
JAAA,2025-08-01,0.215
JAAA,2025-09-02,0.223
JAAA,2025-10-01,0.227
JAAA,2025-11-03,0.222
JAAA,2025-12-01,0.195
JAAA,2025-12-22,0.246
JAAA,2026-01-30,0.182
JAAA,2026-02-27,0.193
JAAA,2026-03-31,0.202
JAAA,2026-04-30,0.201
JAAA,2026-05-29,0.198
JAAA,2026-06-30,0.2
JAAA,2026-07-31,0.199
JAAA,2026-08-31,0.208
JAAA,2026-09-30,0.202
PFF,2016-02-01,0.175
PFF,2016-03-01,0.197
PFF,2016-04-01,0.192
PFF,2016-05-02,0.182
PFF,2016-06-01,0.177
PFF,2016-07-06,0.173
PFF,2016-08-02,0.179
PFF,2016-09-01,0.171
PFF,2016-10-03,0.168
PFF,2016-11-01,0.179
PFF,2016-12-01,0.182
PFF,2016-12-22,0.203
PFF,2017-02-01,0.191
PFF,2017-03-01,0.191
PFF,2017-04-03,0.191
PFF,2017-05-02,0.185
PFF,2017-06-01,0.181
PFF,2017-07-06,0.179
PFF,2017-08-01,0.177
PFF,2017-09-01,0.177
PFF,2017-10-02,0.175
PFF,2017-11-01,0.191
PFF,2017-12-01,0.192
PFF,2017-12-21,0.099
PFF,2018-02-01,0.189
PFF,2018-03-01,0.172
PFF,2018-04-02,0.166
PFF,2018-05-01,0.18
PFF,2018-06-01,0.194
PFF,2018-07-03,0.194
PFF,2018-08-01,0.176
PFF,2018-09-04,0.161
PFF,2018-10-01,0.159
PFF,2018-11-01,0.156
PFF,2018-12-03,0.156
PFF,2018-12-18,0.258
PFF,2019-02-01,0.169
PFF,2019-03-01,0.178
PFF,2019-04-01,0.18
PFF,2019-05-02,0.172
PFF,2019-06-03,0.167
PFF,2019-07-02,0.161
PFF,2019-08-01,0.165
PFF,2019-09-03,0.16
PFF,2019-10-01,0.159
PFF,2019-11-01,0.166
PFF,2019-12-02,0.164
PFF,2019-12-19,0.155
PFF,2020-02-03,0.16
PFF,2020-03-02,0.16
PFF,2020-04-01,0.173
PFF,2020-05-01,0.17
PFF,2020-06-01,0.169
PFF,2020-07-01,0.167
PFF,2020-08-03,0.163
PFF,2020-09-01,0.16
PFF,2020-10-01,0.157
PFF,2020-11-02,0.152
PFF,2020-12-01,0.148
PFF,2020-12-17,0.061
PFF,2021-02-01,0.15
PFF,2021-03-01,0.15
PFF,2021-04-01,0.151
PFF,2021-05-03,0.156
PFF,2021-06-01,0.156
PFF,2021-07-01,0.154
PFF,2021-08-02,0.151
PFF,2021-09-01,0.152
PFF,2021-10-01,0.149
PFF,2021-11-01,0.137
PFF,2021-12-01,0.123
PFF,2021-12-16,0.126
PFF,2022-02-01,0.112
PFF,2022-03-01,0.122
PFF,2022-04-01,0.136
PFF,2022-05-02,0.123
PFF,2022-06-01,0.146
PFF,2022-07-01,0.133
PFF,2022-08-01,0.164
PFF,2022-09-01,0.151
PFF,2022-10-03,0.169
PFF,2022-11-01,0.17
PFF,2022-12-01,0.172
PFF,2022-12-15,0.237
PFF,2023-02-01,0.186
PFF,2023-03-01,0.19
PFF,2023-04-03,0.185
PFF,2023-05-01,0.171
PFF,2023-06-01,0.165
PFF,2023-07-03,0.158
PFF,2023-08-01,0.157
PFF,2023-09-01,0.154
PFF,2023-10-02,0.161
PFF,2023-11-01,0.173
PFF,2023-12-01,0.175
PFF,2023-12-14,0.193
PFF,2024-02-01,0.176
PFF,2024-03-01,0.17
PFF,2024-04-01,0.156
PFF,2024-05-01,0.16
PFF,2024-06-03,0.163
PFF,2024-07-01,0.164
PFF,2024-08-01,0.161
PFF,2024-09-03,0.163
PFF,2024-10-01,0.165
PFF,2024-11-01,0.165
PFF,2024-12-02,0.165
PFF,2024-12-18,0.177
PFF,2025-02-03,0.175
PFF,2025-03-03,0.173
PFF,2025-04-01,0.172
PFF,2025-05-01,0.174
PFF,2025-06-02,0.175
PFF,2025-07-01,0.174
PFF,2025-08-01,0.162
PFF,2025-09-02,0.161
PFF,2025-10-01,0.171
PFF,2025-11-03,0.171
PFF,2025-12-01,0.176
PFF,2025-12-19,0.066
PFF,2026-02-02,0.177
PFF,2026-03-02,0.031
PFF,2026-04-01,0.142
PFF,2026-05-01,0.14
PFF,2026-06-01,0.138
PFF,2026-07-01,0.142
PFF,2026-08-03,0.142
PFF,2026-09-01,0.147
PFF,2026-10-01,0.159
PGX,2016-01-15,0.072
PGX,2016-02-12,0.071
PGX,2016-05-13,0.072
PGX,2016-06-15,0.074
PGX,2016-07-15,0.07
PGX,2016-08-15,0.07
PGX,2016-09-15,0.071
PGX,2016-10-14,0.068
PGX,2016-11-15,0.07
PGX,2016-12-15,0.073
PGX,2017-01-13,0.07
PGX,2017-02-15,0.07
PGX,2017-03-15,0.069
PGX,2017-04-13,0.07
PGX,2017-05-15,0.071
PGX,2017-06-15,0.071
PGX,2017-07-14,0.071
PGX,2017-08-15,0.07
PGX,2017-09-18,0.071
PGX,2017-10-23,0.072
PGX,2017-11-20,0.068
PGX,2017-12-18,0.068
PGX,2018-01-22,0.068
PGX,2018-02-20,0.069
PGX,2018-03-19,0.069
PGX,2018-04-23,0.069
PGX,2018-05-21,0.067
PGX,2018-06-18,0.067
PGX,2018-07-23,0.069
PGX,2018-08-20,0.067
PGX,2018-09-24,0.067
PGX,2018-10-22,0.067
PGX,2018-11-19,0.067
PGX,2018-12-24,0.073
PGX,2019-01-22,0.067
PGX,2019-02-19,0.068
PGX,2019-03-18,0.069
PGX,2019-04-22,0.067
PGX,2019-05-20,0.065
PGX,2019-06-24,0.066
PGX,2019-07-22,0.067
PGX,2019-08-19,0.068
PGX,2019-09-23,0.067
PGX,2019-10-21,0.064
PGX,2019-11-18,0.064
PGX,2019-12-23,0.064
PGX,2020-01-21,0.063
PGX,2020-02-24,0.061
PGX,2020-03-23,0.062
PGX,2020-04-20,0.062
PGX,2020-05-18,0.062
PGX,2020-06-22,0.063
PGX,2020-07-20,0.064
PGX,2020-08-24,0.064
PGX,2020-09-21,0.061
PGX,2020-10-19,0.061
PGX,2020-11-23,0.061
PGX,2020-12-21,0.062
PGX,2021-01-19,0.062
PGX,2021-02-22,0.061
PGX,2021-03-22,0.062
PGX,2021-04-19,0.061
PGX,2021-05-24,0.062
PGX,2021-06-21,0.063
PGX,2021-07-19,0.061
PGX,2021-08-23,0.061
PGX,2021-10-18,0.058
PGX,2021-11-22,0.057
PGX,2021-12-20,0.056
PGX,2022-01-24,0.056
PGX,2022-02-22,0.057
PGX,2022-03-21,0.057
PGX,2022-04-18,0.057
PGX,2022-05-23,0.058
PGX,2022-06-21,0.059
PGX,2022-07-18,0.059
PGX,2022-08-22,0.058
PGX,2022-09-19,0.059
PGX,2022-10-24,0.061
PGX,2022-11-21,0.061
PGX,2022-12-19,0.061
PGX,2023-01-23,0.061
PGX,2023-02-21,0.058
PGX,2023-03-20,0.06
PGX,2023-04-24,0.063
PGX,2023-05-22,0.06
PGX,2023-06-20,0.061
PGX,2023-07-24,0.061
PGX,2023-08-21,0.06
PGX,2023-09-18,0.057
PGX,2023-10-23,0.066
PGX,2023-11-20,0.06
PGX,2023-12-18,0.069
PGX,2024-01-22,0.058
PGX,2024-02-20,0.056
PGX,2024-03-18,0.058
PGX,2024-04-22,0.056
PGX,2024-05-20,0.055
PGX,2024-06-24,0.053
PGX,2024-07-22,0.058
PGX,2024-08-19,0.058
PGX,2024-09-23,0.058
PGX,2024-10-21,0.064
PGX,2024-11-18,0.058
PGX,2024-12-23,0.056
PGX,2025-01-21,0.059
PGX,2025-02-24,0.056
PGX,2025-03-24,0.056
PGX,2025-04-21,0.054
PGX,2025-05-19,0.054
PGX,2025-06-23,0.051
PGX,2025-07-21,0.055
PGX,2025-08-18,0.055
PGX,2025-09-22,0.056
PGX,2025-10-20,0.067
PGX,2025-11-24,0.059
PGX,2025-12-22,0.054
PGX,2026-01-20,0.064
PGX,2026-02-23,0.054
PGX,2026-03-23,0.056
PGX,2026-04-20,0.06
PGX,2026-05-18,0.05
PGX,2026-06-22,0.049
PGX,2026-07-20,0.062
PGX,2026-08-24,0.058
PGX,2026-09-21,0.057
VNQ,2016-03-21,0.919
VNQ,2016-06-21,0.764
VNQ,2016-09-13,0.598
VNQ,2016-12-22,1.695
VNQ,2017-03-22,0.595
VNQ,2017-06-23,0.801
VNQ,2017-09-22,0.854
VNQ,2017-12-21,1.264
VNQ,2018-03-26,0.706
VNQ,2018-06-18,0.732
VNQ,2018-09-24,1.144
VNQ,2018-12-13,0.949
VNQ,2019-03-28,0.616
VNQ,2019-06-27,0.827
VNQ,2019-09-24,0.744
VNQ,2019-12-18,0.957
VNQ,2020-03-10,0.648
VNQ,2020-06-25,0.759
VNQ,2020-09-25,0.59
VNQ,2020-12-24,1.338
VNQ,2021-03-25,0.526
VNQ,2021-06-24,0.729
VNQ,2021-09-24,0.657
VNQ,2021-12-27,1.053
VNQ,2022-03-23,0.577
VNQ,2022-06-23,0.57
VNQ,2022-09-23,0.916
VNQ,2022-12-22,1.164
VNQ,2023-03-24,0.77
VNQ,2023-06-29,0.928
VNQ,2023-09-28,0.727
VNQ,2023-12-21,1.068
VNQ,2024-03-22,0.732
VNQ,2024-06-28,1.033
VNQ,2024-09-27,0.813
VNQ,2024-12-23,0.856
VNQ,2025-03-25,0.932
VNQ,2025-06-26,0.868
VNQ,2025-09-24,0.872
VNQ,2025-12-22,0.801
VNQ,2026-03-24,0.946
VNQ,2026-06-24,0.855
VNQ,2026-09-23,0.805
SCHH,2016-03-21,0.097
SCHH,2016-06-20,0.1145
SCHH,2016-09-19,0.1165
SCHH,2016-12-19,0.248
SCHH,2017-03-20,0.0555
SCHH,2017-06-19,0.123
SCHH,2017-09-18,0.119
SCHH,2017-12-18,0.165
SCHH,2018-03-16,0.134
SCHH,2018-06-26,0.153
SCHH,2018-09-25,0.164
SCHH,2018-12-12,0.2495
SCHH,2018-12-28,0.005
SCHH,2019-03-20,0.0605
SCHH,2019-06-26,0.165
SCHH,2019-09-25,0.1545
SCHH,2019-12-12,0.2785
SCHH,2020-03-25,0.0585
SCHH,2020-06-24,0.116
SCHH,2020-09-23,0.123
SCHH,2020-12-10,0.1865
SCHH,2020-12-30,0.0595
SCHH,2021-03-24,0.0125
SCHH,2021-06-23,0.1015
SCHH,2021-09-22,0.1135
SCHH,2021-12-08,0.168
SCHH,2022-03-23,0.034
SCHH,2022-06-22,0.142
SCHH,2022-09-21,0.147
SCHH,2022-12-07,0.168
SCHH,2023-03-22,0.12
SCHH,2023-06-21,0.186
SCHH,2023-09-20,0.141
SCHH,2023-12-06,0.225
SCHH,2024-03-20,0.107
SCHH,2024-06-26,0.19
SCHH,2024-09-25,0.14
SCHH,2024-12-11,0.242
SCHH,2025-03-26,0.099
SCHH,2025-06-25,0.159
SCHH,2025-09-24,0.156
SCHH,2025-12-10,0.222
SCHH,2026-03-25,0.115
SCHH,2026-06-24,0.168
SCHH,2026-09-23,0.173
XLRE,2016-03-18,0.303
XLRE,2016-06-17,0.266
XLRE,2016-09-07,0.178
XLRE,2016-12-16,0.551
XLRE,2017-03-17,0.198
XLRE,2017-06-16,0.272
XLRE,2017-09-15,0.236
XLRE,2017-12-15,0.365
XLRE,2018-03-16,0.183
XLRE,2018-06-15,0.269
XLRE,2018-09-21,0.35
XLRE,2018-12-21,0.369
XLRE,2019-03-15,0.204
XLRE,2019-06-21,0.303
XLRE,2019-09-20,0.263
XLRE,2019-12-20,0.413
XLRE,2020-03-23,0.202
XLRE,2020-06-22,0.27
XLRE,2020-09-21,0.213
XLRE,2020-12-21,0.466
XLRE,2021-03-22,0.382
XLRE,2021-06-21,0.285
XLRE,2021-09-20,0.261
XLRE,2021-12-20,0.425
XLRE,2022-03-21,0.269
XLRE,2022-06-21,0.312
XLRE,2022-09-19,0.364
XLRE,2022-12-19,0.421
XLRE,2023-03-20,0.256
XLRE,2023-06-20,0.359
XLRE,2023-09-18,0.291
XLRE,2023-12-18,0.421
XLRE,2024-03-18,0.264
XLRE,2024-06-24,0.387
XLRE,2024-09-23,0.311
XLRE,2024-12-23,0.434
XLRE,2025-03-24,0.264
XLRE,2025-06-23,0.375
XLRE,2025-09-22,0.317
XLRE,2025-12-22,0.436
XLRE,2026-03-23,0.271
XLRE,2026-06-22,0.381
XLRE,2026-09-21,0.355
IYR,2016-03-23,0.905
IYR,2016-06-21,0.715
IYR,2016-09-26,0.696
IYR,2016-12-21,1.076
IYR,2017-03-24,0.745
IYR,2017-06-27,0.721
IYR,2017-09-26,0.682
IYR,2017-12-19,0.87
IYR,2018-03-22,0.618
IYR,2018-06-26,0.775
IYR,2018-09-26,0.782
IYR,2018-12-17,0.472
IYR,2019-03-20,0.603
IYR,2019-06-17,0.685
IYR,2019-09-24,0.664
IYR,2019-12-16,0.886
IYR,2020-03-25,0.597
IYR,2020-06-15,0.533
IYR,2020-09-23,0.479
IYR,2020-12-14,0.601
IYR,2021-03-25,0.444
IYR,2021-06-10,0.524
IYR,2021-09-24,0.29
IYR,2021-12-13,1.137
IYR,2022-03-24,0.433
IYR,2022-06-09,0.345
IYR,2022-09-26,0.893
IYR,2022-12-13,0.784
IYR,2023-03-23,0.451
IYR,2023-06-07,0.396
IYR,2023-09-26,0.9
IYR,2023-12-20,0.767
IYR,2024-03-21,0.337
IYR,2024-06-11,0.546
IYR,2024-09-25,0.713
IYR,2024-12-17,0.798
IYR,2025-03-18,0.359
IYR,2025-06-16,0.495
IYR,2025-09-16,0.615
IYR,2025-12-16,0.862
IYR,2026-03-17,0.275
IYR,2026-06-15,0.51
IYR,2026-09-15,0.738
REM,2016-03-23,1.096
REM,2016-06-21,1.096
REM,2016-09-26,1.172
REM,2016-12-21,0.855
REM,2017-03-24,1.058
REM,2017-06-27,0.955
REM,2017-09-26,1.058
REM,2017-12-19,1.435
REM,2018-03-22,0.893
REM,2018-06-26,1.055
REM,2018-09-26,1.02
REM,2018-12-17,1.025
REM,2019-03-20,0.708
REM,2019-06-17,1.062
REM,2019-09-24,0.928
REM,2019-12-16,0.934
REM,2020-03-25,0.827
REM,2020-06-15,0.582
REM,2020-09-23,0.518
REM,2020-12-14,0.534
REM,2021-03-25,0.586
REM,2021-06-10,0.589
REM,2021-09-24,0.2
REM,2021-12-13,1.141
REM,2022-03-24,0.15
REM,2022-06-09,0.651
REM,2022-09-26,0.682
REM,2022-12-13,1.042
REM,2023-03-23,0.148
REM,2023-06-07,0.548
REM,2023-09-26,0.561
REM,2023-12-20,0.974
REM,2024-03-21,0.118
REM,2024-06-11,0.523
REM,2024-09-25,0.54
REM,2024-12-17,0.871
REM,2025-03-18,0.112
REM,2025-06-16,0.54
REM,2025-09-16,0.463
REM,2025-12-16,0.813
REM,2026-03-17,0.163
REM,2026-06-15,0.499
REM,2026-09-15,0.506
MORT,2016-07-01,0.349
MORT,2016-10-03,0.472
MORT,2016-12-28,0.485
MORT,2017-04-03,0.42
MORT,2017-07-03,0.386
MORT,2017-10-02,0.465
MORT,2017-12-27,0.612
MORT,2018-04-02,0.424
MORT,2018-07-02,0.382
MORT,2018-10-01,0.48
MORT,2018-12-27,0.46
MORT,2019-04-01,0.377
MORT,2019-07-01,0.365
MORT,2019-10-01,0.385
MORT,2019-12-30,0.639
MORT,2020-04-01,0.368
MORT,2020-07-01,0.3
MORT,2020-10-01,0.337
MORT,2020-12-29,0.354
MORT,2021-04-01,0.327
MORT,2021-07-01,0.301
MORT,2021-10-01,0.408
MORT,2021-12-29,0.438
MORT,2022-04-01,0.39
MORT,2022-07-01,0.327
MORT,2022-10-03,0.413
MORT,2022-12-28,0.399
MORT,2023-04-03,0.472
MORT,2023-07-03,0.287
MORT,2023-10-02,0.34
MORT,2023-12-27,0.341
MORT,2024-04-01,0.3
MORT,2024-07-01,0.25
MORT,2024-10-01,0.316
MORT,2024-12-27,0.36
MORT,2025-04-01,0.379
MORT,2025-07-01,0.261
MORT,2025-10-01,0.363
MORT,2025-12-29,0.338
MORT,2026-04-01,0.359
MORT,2026-07-01,0.425
MORT,2026-10-01,0.307
VNQI,2016-03-15,0.078
VNQI,2016-06-14,0.481
VNQI,2016-09-13,0.379
VNQI,2016-12-20,1.631
VNQI,2017-06-28,0.278
VNQI,2017-09-27,0.176
VNQI,2017-12-19,1.883
VNQI,2018-03-26,0.076
VNQI,2018-06-28,0.727
VNQI,2018-09-26,0.247
VNQI,2018-12-24,1.373
VNQI,2019-06-17,0.406
VNQI,2019-09-24,0.423
VNQI,2019-12-18,3.647
VNQI,2020-12-21,0.505
VNQI,2021-09-24,0.601
VNQI,2021-12-21,2.895
VNQI,2022-12-19,0.235
VNQI,2023-12-18,1.591
VNQI,2024-12-20,2.04
VNQI,2025-12-19,2.156
XLE,2016-03-18,0.226
XLE,2016-06-17,0.218
XLE,2016-09-16,0.2055
XLE,2016-12-16,0.201
XLE,2017-03-17,0.2095
XLE,2017-06-16,0.2245
XLE,2017-09-15,0.4325
XLE,2017-12-15,0.229
XLE,2018-03-16,0.2375
XLE,2018-06-15,0.256
XLE,2018-09-21,0.2565
XLE,2018-12-21,0.265
XLE,2019-03-15,0.257
XLE,2019-06-21,0.288
XLE,2019-09-20,0.28
XLE,2019-12-20,0.2965
XLE,2019-12-30,0.8955
XLE,2020-03-23,0.283
XLE,2020-06-22,0.2505
XLE,2020-09-21,0.272
XLE,2020-12-21,0.26
XLE,2021-03-22,0.26
XLE,2021-06-21,0.265
XLE,2021-09-20,0.296
XLE,2021-12-20,0.3475
XLE,2022-03-21,0.35
XLE,2022-06-21,0.4075
XLE,2022-09-19,0.423
XLE,2022-12-19,0.43
XLE,2023-03-20,0.3975
XLE,2023-06-20,0.353
XLE,2023-09-18,0.337
XLE,2023-12-18,0.401
XLE,2024-03-18,0.367
XLE,2024-06-24,0.3575
XLE,2024-09-23,0.3635
XLE,2024-12-23,0.35
XLE,2025-03-24,0.358
XLE,2025-06-23,0.359
XLE,2025-09-22,0.3745
XLE,2025-12-22,0.373
XLE,2026-03-23,0.385
XLE,2026-06-22,0.385
XLE,2026-09-21,0.38
XLF,2016-03-18,0.081235
XLF,2016-06-17,0.098294
XLF,2016-09-16,0.092608
XLF,2016-12-16,0.107
XLF,2017-03-17,0.088
XLF,2017-06-16,0.093
XLF,2017-09-15,0.103
XLF,2017-12-15,0.128
XLF,2018-03-16,0.105
XLF,2018-06-15,0.119
XLF,2018-09-21,0.128
XLF,2018-12-21,0.145
XLF,2019-03-15,0.135
XLF,2019-06-21,0.139
XLF,2019-09-20,0.144
XLF,2019-12-20,0.156
XLF,2020-03-23,0.159
XLF,2020-06-22,0.152
XLF,2020-09-21,0.135
XLF,2020-12-21,0.152
XLF,2021-03-22,0.151
XLF,2021-06-21,0.139
XLF,2021-09-20,0.162
XLF,2021-12-20,0.184
XLF,2022-03-21,0.152
XLF,2022-06-21,0.164
XLF,2022-09-19,0.173
XLF,2022-12-19,0.21
XLF,2023-03-20,0.153
XLF,2023-06-20,0.15
XLF,2023-09-18,0.155
XLF,2023-12-18,0.184
XLF,2024-03-18,0.153
XLF,2024-06-24,0.163
XLF,2024-09-23,0.165
XLF,2024-12-23,0.206
XLF,2025-03-24,0.179
XLF,2025-06-23,0.172
XLF,2025-09-22,0.178
XLF,2025-12-22,0.191
XLF,2026-03-23,0.251
XLF,2026-06-22,0.187
XLF,2026-09-21,0.197
XLV,2016-03-18,0.237
XLV,2016-06-17,0.285
XLV,2016-09-16,0.279
XLV,2016-12-16,0.305
XLV,2017-03-17,0.274
XLV,2017-06-16,0.308
XLV,2017-09-15,0.305
XLV,2017-12-15,0.331
XLV,2018-03-16,0.3
XLV,2018-06-15,0.316
XLV,2018-09-21,0.367
XLV,2018-12-21,0.38
XLV,2019-03-15,0.341
XLV,2019-06-21,0.398
XLV,2019-09-20,0.38
XLV,2019-12-20,0.422
XLV,2019-12-30,0.666
XLV,2020-03-23,0.382
XLV,2020-06-22,0.425
XLV,2020-09-21,0.418
XLV,2020-12-21,0.464
XLV,2021-03-22,0.398
XLV,2021-06-21,0.481
XLV,2021-09-20,0.467
XLV,2021-12-20,0.528
XLV,2022-03-21,0.426
XLV,2022-06-21,0.504
XLV,2022-09-19,0.506
XLV,2022-12-19,0.556
XLV,2023-03-20,0.489
XLV,2023-06-20,0.542
XLV,2023-09-18,0.54
XLV,2023-12-18,0.598
XLV,2024-03-18,0.523
XLV,2024-06-24,0.573
XLV,2024-09-23,0.577
XLV,2024-12-23,0.622
XLV,2025-03-24,0.565
XLV,2025-06-23,0.63
XLV,2025-09-22,0.625
XLV,2025-12-22,0.657
XLV,2026-03-23,0.595
XLV,2026-06-22,0.656
XLV,2026-09-21,0.642
XLI,2016-03-18,0.283
XLI,2016-06-17,0.307
XLI,2016-09-16,0.312
XLI,2016-12-16,0.384
XLI,2017-03-17,0.297
XLI,2017-06-16,0.324
XLI,2017-09-15,0.316
XLI,2017-12-15,0.402
XLI,2018-03-16,0.307
XLI,2018-06-15,0.302
XLI,2018-09-21,0.384
XLI,2018-12-21,0.392
XLI,2019-03-15,0.428
XLI,2019-06-21,0.337
XLI,2019-09-20,0.415
XLI,2019-12-20,0.403
XLI,2020-03-23,0.396
XLI,2020-06-22,0.306
XLI,2020-09-21,0.305
XLI,2020-12-21,0.366
XLI,2021-03-22,0.296
XLI,2021-06-21,0.314
XLI,2021-09-20,0.323
XLI,2021-12-20,0.385
XLI,2022-03-21,0.341
XLI,2022-06-21,0.374
XLI,2022-09-19,0.425
XLI,2022-12-19,0.466
XLI,2023-03-20,0.395
XLI,2023-06-20,0.42
XLI,2023-09-18,0.426
XLI,2023-12-18,0.615
XLI,2024-03-18,0.376
XLI,2024-06-24,0.421
XLI,2024-09-23,0.431
XLI,2024-12-23,0.67
XLI,2025-03-24,0.405
XLI,2025-06-23,0.432
XLI,2025-09-22,0.63
XLI,2025-12-22,0.532
XLI,2026-03-23,0.453
XLI,2026-06-22,0.444
XLI,2026-09-21,0.455
XLY,2016-03-18,0.1605
XLY,2016-06-17,0.1385
XLY,2016-09-16,0.15
XLY,2016-12-16,0.246
XLY,2017-03-17,0.1305
XLY,2017-06-16,0.1375
XLY,2017-09-15,0.159
XLY,2017-12-15,0.166
XLY,2018-03-16,0.155
XLY,2018-06-15,0.147
XLY,2018-09-21,0.1755
XLY,2018-12-21,0.188
XLY,2019-03-15,0.1875
XLY,2019-06-21,0.207
XLY,2019-09-20,0.202
XLY,2019-12-20,0.205
XLY,2020-03-23,0.212
XLY,2020-06-22,0.148
XLY,2020-09-21,0.153
XLY,2020-12-21,0.148
XLY,2021-03-22,0.132
XLY,2021-06-21,0.1275
XLY,2021-09-20,0.1375
XLY,2021-12-20,0.146
XLY,2022-03-21,0.1395
XLY,2022-06-21,0.157
XLY,2022-09-19,0.165
XLY,2022-12-19,0.183
XLY,2023-03-20,0.215
XLY,2023-06-20,0.167
XLY,2023-09-18,0.1525
XLY,2023-12-18,0.16
XLY,2024-03-18,0.1935
XLY,2024-06-24,0.196
XLY,2024-09-23,0.2025
XLY,2024-12-23,0.2165
XLY,2025-03-24,0.271
XLY,2025-06-23,0.2235
XLY,2025-09-22,0.2125
XLY,2025-12-22,0.241
XLY,2026-03-23,0.216
XLY,2026-06-22,0.233
XLY,2026-09-21,0.244
XLP,2016-03-18,0.271
XLP,2016-06-17,0.323
XLP,2016-09-16,0.328
XLP,2016-12-16,0.386
XLP,2017-03-17,0.29
XLP,2017-06-16,0.436
XLP,2017-09-15,0.346
XLP,2017-12-15,0.418
XLP,2018-03-16,0.299
XLP,2018-06-15,0.394
XLP,2018-09-21,0.388
XLP,2018-12-21,0.464
XLP,2019-03-15,0.298
XLP,2019-06-21,0.449
XLP,2019-09-20,0.358
XLP,2019-12-20,0.513
XLP,2020-03-23,0.287
XLP,2020-06-22,0.461
XLP,2020-09-21,0.377
XLP,2020-12-21,0.564
XLP,2021-03-22,0.357
XLP,2021-06-21,0.444
XLP,2021-09-20,0.442
XLP,2021-12-20,0.512
XLP,2022-03-21,0.335
XLP,2022-06-21,0.513
XLP,2022-09-19,0.461
XLP,2022-12-19,0.533
XLP,2023-03-20,0.345
XLP,2023-06-20,0.526
XLP,2023-09-18,0.485
XLP,2023-12-18,0.536
XLP,2024-03-18,0.552
XLP,2024-06-24,0.582
XLP,2024-09-23,0.439
XLP,2024-12-23,0.602
XLP,2025-03-24,0.418
XLP,2025-06-23,0.552
XLP,2025-09-22,0.541
XLP,2025-12-22,0.627
XLP,2026-03-23,0.455
XLP,2026-06-22,0.574
XLP,2026-09-21,0.541
XLU,2016-03-18,0.184
XLU,2016-06-17,0.206
XLU,2016-09-16,0.208
XLU,2016-12-16,0.2315
XLU,2017-03-17,0.1935
XLU,2017-06-16,0.2185
XLU,2017-09-15,0.2085
XLU,2017-12-15,0.2555
XLU,2018-03-16,0.1935
XLU,2018-06-15,0.22
XLU,2018-09-21,0.2375
XLU,2018-12-21,0.2295
XLU,2019-03-15,0.215
XLU,2019-06-21,0.2425
XLU,2019-09-20,0.246
XLU,2019-12-20,0.2505
XLU,2020-03-23,0.237
XLU,2020-06-22,0.238
XLU,2020-09-21,0.2495
XLU,2020-12-21,0.261
XLU,2021-03-22,0.2305
XLU,2021-06-21,0.247
XLU,2021-09-20,0.2495
XLU,2021-12-20,0.273
XLU,2022-03-21,0.235
XLU,2022-06-21,0.2575
XLU,2022-09-19,0.2505
XLU,2022-12-19,0.286
XLU,2023-03-20,0.245
XLU,2023-06-20,0.2685
XLU,2023-09-18,0.261
XLU,2023-12-18,0.2985
XLU,2024-03-18,0.26
XLU,2024-06-24,0.2775
XLU,2024-09-23,0.2695
XLU,2024-12-23,0.314
XLU,2025-03-24,0.2775
XLU,2025-06-23,0.2785
XLU,2025-09-22,0.284
XLU,2025-12-22,0.317
XLU,2026-03-23,0.31
XLU,2026-06-22,0.284
XLU,2026-09-21,0.3
XLB,2016-03-18,0.0785
XLB,2016-06-17,0.1175
XLB,2016-09-16,0.121
XLB,2016-12-16,0.167
XLB,2017-03-17,0.082
XLB,2017-06-16,0.126
XLB,2017-09-15,0.151
XLB,2017-12-15,0.144
XLB,2018-03-16,0.113
XLB,2018-06-15,0.14
XLB,2018-09-21,0.1445
XLB,2018-12-21,0.1595
XLB,2019-03-15,0.1195
XLB,2019-06-21,0.173
XLB,2019-09-20,0.147
XLB,2019-12-20,0.167
XLB,2020-03-23,0.135
XLB,2020-06-22,0.1535
XLB,2020-09-21,0.154
XLB,2020-12-21,0.1795
XLB,2021-03-22,0.164
XLB,2021-06-21,0.1745
XLB,2021-09-20,0.177
XLB,2021-12-20,0.221
XLB,2022-03-21,0.1615
XLB,2022-06-21,0.2575
XLB,2022-09-19,0.205
XLB,2022-12-19,0.2545
XLB,2023-03-20,0.1635
XLB,2023-06-20,0.1995
XLB,2023-09-18,0.196
XLB,2023-12-18,0.2955
XLB,2024-03-18,0.1625
XLB,2024-06-24,0.2125
XLB,2024-09-23,0.209
XLB,2024-12-23,0.222
XLB,2025-03-24,0.2035
XLB,2025-06-23,0.219
XLB,2025-09-22,0.2145
XLB,2025-12-22,0.233
XLB,2026-03-23,0.208
XLB,2026-06-22,0.193
XLB,2026-09-21,0.229
XLC,2018-09-21,0.132
XLC,2018-12-21,0.134
XLC,2019-03-15,0.083
XLC,2019-06-21,0.118
XLC,2019-09-20,0.119
XLC,2019-12-20,0.117
XLC,2020-03-23,0.113
XLC,2020-06-22,0.112
XLC,2020-09-21,0.124
XLC,2020-12-21,0.107
XLC,2021-03-22,0.133
XLC,2021-06-21,0.141
XLC,2021-09-20,0.142
XLC,2021-12-20,0.157
XLC,2022-03-21,0.173
XLC,2022-06-21,0.13
XLC,2022-09-19,0.11
XLC,2022-12-19,0.118
XLC,2023-03-20,0.15
XLC,2023-06-20,0.105
XLC,2023-09-18,0.168
XLC,2023-12-18,0.174
XLC,2024-03-18,0.214
XLC,2024-06-24,0.224
XLC,2024-09-23,0.269
XLC,2024-12-23,0.254
XLC,2025-03-24,0.288
XLC,2025-06-23,0.249
XLC,2025-09-22,0.415
XLC,2025-12-22,0.376
XLC,2026-03-23,0.357
XLC,2026-06-22,0.284
XLC,2026-09-21,0.364
KRE,2016-03-18,0.171
KRE,2016-06-17,0.201
KRE,2016-09-16,0.193
KRE,2016-12-16,0.21
KRE,2017-03-17,0.174
KRE,2017-06-16,0.199
KRE,2017-09-15,0.206
KRE,2017-12-15,0.246
KRE,2018-03-16,0.204
KRE,2018-06-15,0.242
KRE,2018-09-21,0.287
KRE,2018-12-21,0.319
KRE,2019-03-15,0.259
KRE,2019-06-21,0.332
KRE,2019-09-20,0.33
KRE,2019-12-20,0.365
KRE,2020-03-23,0.337
KRE,2020-06-22,0.354
KRE,2020-09-21,0.357
KRE,2020-12-21,0.395
KRE,2021-03-22,0.339
KRE,2021-06-21,0.324
KRE,2021-09-20,0.34
KRE,2021-12-20,0.395
KRE,2022-03-21,0.344
KRE,2022-06-21,0.355
KRE,2022-09-19,0.368
KRE,2022-12-19,0.406
KRE,2023-03-20,0.363
KRE,2023-06-20,0.399
KRE,2023-09-18,0.375
KRE,2023-12-18,0.431
KRE,2024-03-18,0.379
KRE,2024-06-24,0.392
KRE,2024-09-23,0.382
KRE,2024-12-23,0.412
KRE,2025-03-24,0.378
KRE,2025-06-23,0.391
KRE,2025-09-22,0.4
KRE,2025-12-22,0.418
KRE,2026-03-23,0.364
KRE,2026-06-22,0.417
KRE,2026-09-21,0.412
KBE,2016-03-18,0.127
KBE,2016-06-17,0.146
KBE,2016-09-16,0.148
KBE,2016-12-16,0.184
KBE,2017-03-17,0.11
KBE,2017-06-16,0.153
KBE,2017-09-15,0.165
KBE,2017-12-15,0.213
KBE,2018-03-16,0.159
KBE,2018-06-15,0.17
KBE,2018-09-21,0.225
KBE,2018-12-21,0.262
KBE,2019-03-15,0.212
KBE,2019-06-21,0.292
KBE,2019-09-20,0.265
KBE,2019-12-20,0.333
KBE,2020-03-23,0.162
KBE,2020-06-22,0.279
KBE,2020-09-21,0.281
KBE,2020-12-21,0.299
KBE,2021-03-22,0.32
KBE,2021-06-21,0.242
KBE,2021-09-20,0.257
KBE,2021-12-20,0.36
KBE,2022-03-21,0.345
KBE,2022-06-21,0.286
KBE,2022-09-19,0.297
KBE,2022-12-19,0.42
KBE,2023-03-20,0.266
KBE,2023-06-20,0.301
KBE,2023-09-18,0.368
KBE,2023-12-18,0.343
KBE,2024-03-18,0.311
KBE,2024-06-24,0.331
KBE,2024-09-23,0.325
KBE,2024-12-23,0.338
KBE,2025-03-24,0.377
KBE,2025-06-23,0.366
KBE,2025-09-22,0.371
KBE,2025-12-22,0.409
KBE,2026-03-23,0.336
KBE,2026-06-22,0.351
KBE,2026-09-21,0.375
XBI,2016-03-18,0.058
XBI,2016-06-17,0.046
XBI,2016-09-16,0.031
XBI,2016-12-16,0.018
XBI,2017-03-17,0.02
XBI,2017-06-16,0.11
XBI,2017-09-15,0.037
XBI,2017-12-15,0.035
XBI,2018-03-16,0.059
XBI,2018-06-15,0.058
XBI,2018-09-21,0.073
XBI,2018-12-21,0.012
XBI,2019-09-20,0.003
XBI,2019-12-20,0.001
XBI,2020-06-22,0.017
XBI,2020-09-21,0.089
XBI,2020-12-21,0.176
XBI,2021-03-22,0.04
XBI,2023-06-20,0.003
XBI,2023-12-18,0.014
XBI,2024-06-24,0.115
XBI,2024-09-23,0.015
XBI,2024-12-23,0.003
XBI,2025-03-24,0.005
XBI,2025-06-23,0.007
XBI,2025-09-22,0.027
XBI,2025-12-22,0.407
XBI,2026-06-22,0.138
IBB,2016-03-23,0.051
IBB,2016-06-21,0.054
IBB,2016-09-26,0.028667
IBB,2016-12-22,0.030667
IBB,2017-03-24,0.099667
IBB,2017-06-27,0.059
IBB,2017-09-26,0.039667
IBB,2017-12-21,0.125
IBB,2018-06-26,0.156
IBB,2018-09-26,0.032
IBB,2019-03-20,0.127
IBB,2019-06-17,0.08
IBB,2019-09-24,0.071
IBB,2019-12-16,0.058
IBB,2019-12-30,0.063
IBB,2020-03-25,0.055
IBB,2020-06-15,0.127
IBB,2020-09-23,0.063
IBB,2020-12-14,0.065
IBB,2021-03-25,0.131
IBB,2021-06-10,0.023
IBB,2021-09-24,0.124
IBB,2021-12-13,0.041
IBB,2022-03-24,0.118
IBB,2022-06-09,0.031
IBB,2022-09-26,0.159
IBB,2022-12-13,0.101
IBB,2023-03-23,0.065
IBB,2023-06-07,0.006
IBB,2023-09-26,0.153
IBB,2023-12-20,0.124
IBB,2024-03-21,0.126
IBB,2024-09-25,0.2
IBB,2024-12-17,0.062
IBB,2025-03-18,0.121
IBB,2025-09-16,0.083
IBB,2025-12-16,0.183
IBB,2026-03-17,0.122
IBB,2026-06-15,0.024
IBB,2026-09-15,0.011
ITA,2016-03-23,0.1585
ITA,2016-06-21,0.157
ITA,2016-09-26,0.179
ITA,2016-12-21,0.26
ITA,2017-03-24,0.157
ITA,2017-06-27,0.1885
ITA,2017-09-26,0.354
ITA,2017-12-19,0.1605
ITA,2018-03-22,0.209
ITA,2018-06-26,0.217
ITA,2018-09-26,0.4345
ITA,2018-12-17,0.1145
ITA,2019-03-20,0.292
ITA,2019-06-17,0.307
ITA,2019-09-24,0.2925
ITA,2019-12-16,0.5285
ITA,2019-12-30,0.2875
ITA,2020-03-25,0.3935
ITA,2020-06-15,0.209
ITA,2020-09-23,0.204
ITA,2020-12-14,0.203
ITA,2021-03-25,0.315
ITA,2021-06-10,0.189
ITA,2021-09-24,0.181
ITA,2021-12-13,0.158
ITA,2022-03-24,0.16
ITA,2022-06-09,0.278
ITA,2022-09-26,0.382
ITA,2022-12-13,0.24
ITA,2023-03-23,0.28
ITA,2023-06-07,0.237
ITA,2023-09-26,0.225
ITA,2023-12-20,0.433
ITA,2024-03-21,0.266
ITA,2024-06-11,0.299
ITA,2024-09-25,0.227
ITA,2024-12-17,0.437
ITA,2025-03-18,0.253
ITA,2025-06-16,0.172
ITA,2025-09-16,0.75
ITA,2026-03-17,0.151
ITA,2026-06-15,0.164
ITA,2026-09-15,0.251
XOP,2016-03-18,0.344
XOP,2016-06-17,0.292
XOP,2016-09-16,0.324
XOP,2016-12-16,0.3
XOP,2017-03-17,0.296
XOP,2017-06-16,0.296
XOP,2017-09-15,0.284
XOP,2017-12-15,0.26
XOP,2018-03-16,0.26
XOP,2018-06-15,0.284
XOP,2018-09-21,0.244
XOP,2018-12-21,0.264
XOP,2019-03-15,0.292
XOP,2019-06-21,0.368
XOP,2019-09-20,0.332
XOP,2019-12-20,0.4
XOP,2020-03-23,0.38
XOP,2020-06-22,0.311
XOP,2020-09-21,0.378
XOP,2020-12-21,0.301
XOP,2021-03-22,0.361
XOP,2021-06-21,0.348
XOP,2021-09-20,0.345
XOP,2021-12-20,0.488
XOP,2022-03-21,0.481
XOP,2022-06-21,0.767
XOP,2022-09-19,1.155
XOP,2022-12-19,0.95
XOP,2023-03-20,0.954
XOP,2023-06-20,0.832
XOP,2023-09-18,0.772
XOP,2023-12-18,1.036
XOP,2024-03-18,0.76
XOP,2024-06-24,0.777
XOP,2024-09-23,0.896
XOP,2024-12-23,0.808
XOP,2025-03-24,0.761
XOP,2025-06-23,0.752
XOP,2025-09-22,0.881
XOP,2025-12-22,0.91
XOP,2026-03-23,0.709
XOP,2026-06-22,0.748
XOP,2026-09-21,0.757
OIH,2016-12-19,9.32
OIH,2017-12-18,13.56
OIH,2018-12-20,5.98
OIH,2019-12-23,5.82
OIH,2020-12-21,1.891
OIH,2021-12-20,1.808
OIH,2022-12-19,2.889
OIH,2023-12-18,4.224
OIH,2024-12-23,5.439
OIH,2025-12-22,4.869
XME,2016-03-18,0.089
XME,2016-06-17,0.078
XME,2016-09-16,0.074
XME,2016-12-16,0.07
XME,2017-03-17,0.04
XME,2017-06-16,0.053
XME,2017-09-15,0.06
XME,2017-12-15,0.265
XME,2018-03-16,0.049
XME,2018-06-15,0.374
XME,2018-09-21,0.073
XME,2018-12-21,0.089
XME,2019-03-15,0.152
XME,2019-06-21,0.341
XME,2019-09-20,0.095
XME,2019-12-20,0.124
XME,2020-03-23,0.081
XME,2020-06-22,0.094
XME,2020-09-21,0.074
XME,2020-12-21,0.082
XME,2021-03-22,0.077
XME,2021-06-21,0.086
XME,2021-09-20,0.067
XME,2021-12-20,0.083
XME,2022-03-21,0.055
XME,2022-06-21,0.211
XME,2022-09-19,0.2
XME,2022-12-19,0.352
XME,2023-03-20,0.169
XME,2023-06-20,0.163
XME,2023-09-18,0.168
XME,2023-12-18,0.096
XME,2024-03-18,0.103
XME,2024-06-24,0.096
XME,2024-09-23,0.106
XME,2024-12-23,0.065
XME,2025-03-24,0.069
XME,2025-06-23,0.09
XME,2025-09-22,0.101
XME,2025-12-22,0.129
XME,2026-03-23,0.063
XME,2026-06-22,0.08
XME,2026-09-21,0.073
GDX,2016-12-19,0.055
GDX,2017-12-18,0.176
GDX,2018-12-20,0.105
GDX,2019-12-23,0.191
GDX,2020-12-21,0.19
GDX,2021-12-20,0.535
GDX,2022-12-19,0.476
GDX,2023-12-18,0.5
GDX,2024-12-23,0.403
GDX,2025-12-22,0.633
GDXJ,2016-12-19,1.507
GDXJ,2017-12-18,0.011
GDXJ,2018-12-20,0.136
GDXJ,2019-12-23,0.164
GDXJ,2020-12-21,0.855
GDXJ,2021-12-20,0.745
GDXJ,2022-12-19,0.183
GDXJ,2023-12-18,0.274
GDXJ,2024-12-23,1.114
GDXJ,2025-12-22,2.649
DBC,2018-12-24,0.189
DBC,2019-12-23,0.254
DBC,2022-12-19,0.145
DBC,2023-12-18,1.089
DBC,2024-12-23,1.116
DBC,2025-12-22,0.744
PDBC,2016-12-16,1.124
PDBC,2017-12-18,0.669
PDBC,2018-12-24,0.151
PDBC,2019-12-23,0.232
PDBC,2020-12-21,0.001
PDBC,2021-12-03,5.39
PDBC,2021-12-20,1.757
PDBC,2022-12-19,1.928
PDBC,2023-12-18,0.56
PDBC,2024-12-23,0.575
PDBC,2025-12-22,0.509
URA,2016-12-28,0.937
URA,2017-12-28,0.306
URA,2018-12-28,0.052
URA,2019-06-27,0.104
URA,2019-12-30,0.08
URA,2020-06-29,0.156
URA,2020-12-30,0.103
URA,2021-06-29,0.025
URA,2021-12-30,1.309
URA,2022-06-29,0.103
URA,2022-12-29,0.049
URA,2023-12-28,1.682
URA,2024-06-27,0.025
URA,2024-12-30,0.741
URA,2025-12-30,2.084
ICLN,2016-06-21,0.161
ICLN,2016-12-22,0.145
ICLN,2017-06-20,0.143
ICLN,2017-12-21,0.089
ICLN,2018-06-19,0.124
ICLN,2018-12-18,0.105
ICLN,2019-06-17,0.078
ICLN,2019-12-16,0.082
ICLN,2020-06-15,0.053
ICLN,2020-12-14,0.03
ICLN,2020-12-30,0.014
ICLN,2021-06-10,0.124
ICLN,2021-12-13,0.114
ICLN,2021-12-30,0.012
ICLN,2022-06-09,0.14
ICLN,2022-12-13,0.036
ICLN,2023-06-07,0.125
ICLN,2023-12-20,0.123
ICLN,2024-06-11,0.096
ICLN,2024-12-17,0.114
ICLN,2025-06-16,0.14
ICLN,2025-12-16,0.128
ICLN,2026-06-15,0.056
TAN,2016-12-23,0.835
TAN,2017-12-26,0.445
TAN,2018-12-24,0.129
TAN,2019-12-23,0.091
TAN,2020-12-21,0.092
TAN,2023-12-18,0.048
TAN,2024-12-23,0.165
LIT,2016-12-28,0.524
LIT,2017-12-28,1.262
LIT,2018-12-28,0.679
LIT,2019-06-27,0.223
LIT,2019-12-30,0.282
LIT,2020-06-29,0.161
LIT,2020-12-30,0.088
LIT,2021-06-29,0.036
LIT,2021-12-30,0.148
LIT,2022-06-29,0.062
LIT,2022-12-29,0.517
LIT,2023-06-29,0.208
LIT,2023-12-28,0.358
LIT,2024-06-27,0.25
LIT,2024-12-30,0.13
LIT,2025-06-27,0.137
LIT,2025-12-30,0.178
LIT,2026-06-29,0.325
BOTZ,2016-12-28,0.009
BOTZ,2017-12-28,0.002
BOTZ,2018-12-28,0.241
BOTZ,2019-06-27,0.151
BOTZ,2019-12-30,0.031
BOTZ,2020-06-29,0.064
BOTZ,2021-06-29,0.059
BOTZ,2022-06-29,0.047
BOTZ,2023-06-29,0.053
BOTZ,2023-12-28,0.004
BOTZ,2024-06-27,0.043
BOTZ,2025-06-27,0.079
BOTZ,2025-12-30,0.158
BOTZ,2026-06-29,0.018
AIQ,2018-12-28,0.065
AIQ,2019-06-27,0.054
AIQ,2019-12-30,0.036
AIQ,2020-06-29,0.082
AIQ,2020-12-30,0.055
AIQ,2021-06-29,0.036
AIQ,2021-12-30,0.013
AIQ,2022-06-29,0.056
AIQ,2022-12-29,0.056
AIQ,2023-06-29,0.03
AIQ,2023-12-28,0.019
AIQ,2024-06-27,0.043
AIQ,2024-12-30,0.011
AIQ,2025-06-27,0.049
AIQ,2025-12-30,0.045
CIBR,2016-06-22,0.015
CIBR,2016-09-21,0.006
CIBR,2016-12-21,0.02
CIBR,2017-06-22,0.01
CIBR,2017-09-21,0.007
CIBR,2017-12-21,0.005
CIBR,2018-03-22,0.005
CIBR,2018-06-21,0.008
CIBR,2018-12-18,0.039
CIBR,2019-06-14,0.018
CIBR,2019-09-25,0.004
CIBR,2019-12-13,0.047
CIBR,2020-03-26,0.399
CIBR,2020-06-25,0.03
CIBR,2020-09-24,0.033
CIBR,2020-12-24,0.027
CIBR,2021-06-24,0.033
CIBR,2021-12-23,0.281
CIBR,2022-03-25,0.02
CIBR,2022-06-24,0.003
CIBR,2022-12-23,0.095
CIBR,2023-06-27,0.053
CIBR,2023-09-22,0.009
CIBR,2023-12-22,0.166
CIBR,2024-03-21,0.024
CIBR,2024-06-27,0.066
CIBR,2024-09-26,0.011
CIBR,2024-12-13,0.081
CIBR,2025-03-27,0.004
CIBR,2025-06-26,0.09
CIBR,2025-09-25,0.001
CIBR,2025-12-12,0.208
CIBR,2026-03-26,0.11
CIBR,2026-06-25,0.072
CIBR,2026-09-24,0.003
PAVE,2017-12-28,0.051
PAVE,2018-12-28,0.105
PAVE,2019-06-27,0.065
PAVE,2019-12-30,0.054
PAVE,2020-06-29,0.038
PAVE,2020-12-30,0.055
PAVE,2021-06-29,0.04
PAVE,2021-12-30,0.099
PAVE,2022-06-29,0.081
PAVE,2022-12-29,0.141
PAVE,2023-06-29,0.08
PAVE,2023-12-28,0.156
PAVE,2024-06-27,0.08
PAVE,2024-12-30,0.139
PAVE,2025-06-27,0.11
PAVE,2025-12-30,0.328
PAVE,2026-06-29,0.103
TQQQ,2018-12-26,0.005125
TQQQ,2019-03-20,0.0025
TQQQ,2019-12-24,0.003875
TQQQ,2022-12-22,0.049
TQQQ,2023-03-22,0.075
TQQQ,2023-06-21,0.064
TQQQ,2023-09-20,0.0695
TQQQ,2023-12-20,0.1115
TQQQ,2024-03-20,0.1075
TQQQ,2024-06-26,0.1415
TQQQ,2024-09-25,0.115
TQQQ,2024-12-23,0.1375
TQQQ,2025-03-26,0.099
TQQQ,2025-06-25,0.109
TQQQ,2025-09-24,0.049
TQQQ,2025-12-24,0.086
TQQQ,2026-03-25,0.072
TQQQ,2026-06-24,0.171
TQQQ,2026-09-23,0.156
SQQQ,2017-12-26,75.0
SQQQ,2018-03-21,87.5
SQQQ,2018-06-20,102.5
SQQQ,2018-09-26,167.5
SQQQ,2018-12-26,257.5
SQQQ,2019-03-20,72.5
SQQQ,2019-06-25,152.5
SQQQ,2019-09-25,115.625
SQQQ,2019-12-24,67.5
SQQQ,2020-03-25,40.625
SQQQ,2022-12-22,3.775
SQQQ,2023-03-22,5.1
SQQQ,2023-06-21,6.65
SQQQ,2023-09-20,8.1
SQQQ,2023-12-20,7.075
SQQQ,2024-03-20,4.1
SQQQ,2024-06-26,4.0
SQQQ,2024-09-25,3.725
SQQQ,2024-12-23,4.085
SQQQ,2025-03-26,2.41
SQQQ,2025-06-25,1.285
SQQQ,2025-09-24,1.215
SQQQ,2025-12-24,1.506
SQQQ,2026-03-25,0.638
SQQQ,2026-06-24,0.638
SQQQ,2026-09-23,0.473
QLD,2016-06-22,0.0025
QLD,2016-12-21,0.003688
QLD,2017-03-22,0.001188
QLD,2017-06-21,0.000438
QLD,2018-12-26,0.005
QLD,2019-03-20,0.007875
QLD,2019-06-25,0.005125
QLD,2019-12-24,0.00625
QLD,2020-03-25,0.001125
QLD,2022-12-22,0.0545
QLD,2023-09-20,0.088
QLD,2023-12-20,0.039
QLD,2024-03-20,0.0275
QLD,2024-06-26,0.053
QLD,2024-09-25,0.0255
QLD,2024-12-23,0.0305
QLD,2025-03-26,0.013
QLD,2025-06-25,0.062
QLD,2025-09-24,0.0205
QLD,2025-12-24,0.023
QLD,2026-03-25,0.013
QLD,2026-06-24,0.061
QLD,2026-09-23,0.027
UPRO,2016-06-22,0.013833
UPRO,2016-09-21,0.002167
UPRO,2018-03-21,0.015333
UPRO,2018-06-20,0.024
UPRO,2018-09-26,0.019
UPRO,2018-12-26,0.052
UPRO,2019-03-20,0.047
UPRO,2019-06-25,0.0445
UPRO,2019-12-24,0.0505
UPRO,2020-03-25,0.0285
UPRO,2020-12-23,0.0135
UPRO,2021-03-23,0.0145
UPRO,2021-12-23,0.0305
UPRO,2022-03-23,0.035
UPRO,2022-12-22,0.136
UPRO,2023-03-22,0.083
UPRO,2023-06-21,0.145
UPRO,2023-09-20,0.056
UPRO,2023-12-20,0.119
UPRO,2024-03-20,0.123
UPRO,2024-06-26,0.223
UPRO,2024-09-25,0.22
UPRO,2024-12-23,0.255
UPRO,2025-03-26,0.188
UPRO,2025-06-25,0.229
UPRO,2025-09-24,0.216
UPRO,2025-12-24,0.34
UPRO,2026-03-25,0.222
UPRO,2026-06-24,0.299
UPRO,2026-09-23,0.27
SPXL,2017-12-13,1.604
SPXL,2017-12-19,0.115
SPXL,2018-06-19,0.014
SPXL,2018-09-25,0.114
SPXL,2018-12-27,0.208
SPXL,2019-06-25,0.293
SPXL,2019-12-23,0.262
SPXL,2020-06-23,0.046
SPXL,2020-12-22,0.115
SPXL,2021-06-22,0.041
SPXL,2021-12-21,0.115
SPXL,2022-06-22,0.078
SPXL,2022-12-20,0.124
SPXL,2023-03-21,0.262
SPXL,2023-06-21,0.258
SPXL,2023-09-19,0.194
SPXL,2023-12-21,0.304
SPXL,2024-03-19,0.395
SPXL,2024-06-25,0.337
SPXL,2024-09-24,0.193
SPXL,2024-12-23,0.321
SPXL,2025-03-25,0.494
SPXL,2025-06-24,0.573
SPXL,2025-09-23,0.284
SPXL,2025-12-23,0.172
SPXL,2026-03-24,0.45
SPXL,2026-06-23,0.523
SPXL,2026-09-22,0.31
SSO,2016-06-22,0.010875
SSO,2016-09-21,0.007625
SSO,2016-12-21,0.01175
SSO,2017-03-22,0.011125
SSO,2017-06-21,0.01025
SSO,2017-09-27,0.01125
SSO,2017-12-26,0.020125
SSO,2018-03-21,0.02
SSO,2018-06-20,0.023625
SSO,2018-09-26,0.015
SSO,2018-12-26,0.0285
SSO,2019-03-20,0.0275
SSO,2019-06-25,0.03325
SSO,2019-12-24,0.033625
SSO,2020-03-25,0.02475
SSO,2020-12-23,0.021
SSO,2021-03-23,0.0175
SSO,2021-06-22,0.011
SSO,2021-09-22,0.0095
SSO,2021-12-23,0.026
SSO,2022-03-23,0.02
SSO,2022-12-22,0.0905
SSO,2023-12-20,0.059
SSO,2024-03-20,0.089
SSO,2024-06-26,0.0955
SSO,2024-09-25,0.0875
SSO,2024-12-23,0.1225
SSO,2025-03-26,0.083
SSO,2025-06-25,0.1025
SSO,2025-09-24,0.094
SSO,2025-12-24,0.116
SSO,2026-03-25,0.114
SSO,2026-06-24,0.128
SSO,2026-09-23,0.118
SOXL,2016-12-20,0.184267
SOXL,2017-12-19,0.008067
SOXL,2018-06-19,0.0234
SOXL,2018-09-25,0.030133
SOXL,2018-12-27,0.018867
SOXL,2019-03-19,0.0162
SOXL,2019-06-25,0.012933
SOXL,2019-09-24,0.020867
SOXL,2019-12-23,0.0192
SOXL,2020-03-24,0.005267
SOXL,2020-06-23,0.006267
SOXL,2020-12-22,0.0034
SOXL,2021-03-23,0.016
SOXL,2021-12-21,0.014
SOXL,2022-03-22,0.007
SOXL,2022-06-22,0.019
SOXL,2022-09-20,0.04
SOXL,2022-12-20,0.038
SOXL,2023-03-21,0.025
SOXL,2023-06-21,0.038
SOXL,2023-09-19,0.033
SOXL,2023-12-21,0.063
SOXL,2024-03-19,0.035
SOXL,2024-06-25,0.149
SOXL,2024-09-24,0.06
SOXL,2024-12-23,0.077
SOXL,2025-03-25,0.065
SOXL,2025-06-24,0.068
SOXL,2025-09-23,0.01
SOXL,2026-09-22,0.093
SOXS,2018-03-20,31200.0
SOXS,2018-06-19,19200.0
SOXS,2018-09-25,48000.0
SOXS,2018-12-27,141600.0
SOXS,2019-03-19,40800.0
SOXS,2019-09-24,61200.0
SOXS,2019-12-23,15360.0
SOXS,2020-03-24,12720.0
SOXS,2022-12-20,148.0
SOXS,2023-03-21,376.0
SOXS,2023-06-21,238.0
SOXS,2023-09-19,318.0
SOXS,2023-12-21,140.0
SOXS,2024-03-19,82.0
SOXS,2024-06-25,55.0
SOXS,2024-09-24,46.8
SOXS,2024-12-23,60.4
SOXS,2025-03-25,37.0
SOXS,2025-06-24,11.2
SOXS,2025-09-23,11.2
SOXS,2025-12-23,8.2
SOXS,2026-03-24,2.87
SOXS,2026-06-23,0.38
SOXS,2026-09-22,0.436
TNA,2017-12-19,0.106
TNA,2018-09-25,0.014
TNA,2018-12-27,0.136
TNA,2019-06-25,0.167
TNA,2019-12-23,0.15
TNA,2020-06-23,0.011
TNA,2020-12-22,0.01
TNA,2021-12-21,0.05
TNA,2022-12-20,0.099
TNA,2023-03-21,0.038
TNA,2023-06-21,0.228
TNA,2023-09-19,0.017
TNA,2023-12-21,0.218
TNA,2024-03-19,0.026
TNA,2024-06-25,0.153
TNA,2024-09-24,0.033
TNA,2024-12-23,0.176
TNA,2025-03-25,0.103
TNA,2025-06-24,0.15
TNA,2025-09-23,0.072
TNA,2025-12-23,0.03
TNA,2026-03-24,0.02
TNA,2026-06-23,0.088
TNA,2026-09-22,0.042
LABU,2017-12-13,2.66
LABU,2018-06-19,0.38
LABU,2018-09-25,1.9
LABU,2018-12-27,1.92
LABU,2019-03-19,2.2
LABU,2019-06-25,0.74
LABU,2019-09-24,0.22
LABU,2019-12-23,0.1
LABU,2023-06-21,0.18
LABU,2023-09-19,0.04
LABU,2023-12-21,0.21
LABU,2024-03-19,0.161
LABU,2024-06-25,0.15
LABU,2025-03-25,0.107
LABU,2025-06-24,0.219
LABU,2025-09-23,0.103
LABU,2025-12-23,0.91
TSLL,2022-09-20,0.015
TSLL,2022-12-08,0.036
TSLL,2022-12-20,0.048
TSLL,2023-03-21,0.042
TSLL,2023-06-21,0.083
TSLL,2023-09-19,0.113
TSLL,2023-12-08,0.273
TSLL,2023-12-21,0.125
TSLL,2024-03-19,0.079
TSLL,2024-06-25,0.082
TSLL,2024-09-24,0.08
TSLL,2024-12-12,0.3
TSLL,2024-12-23,0.14
TSLL,2025-03-25,0.084
TSLL,2025-06-24,0.09
TSLL,2025-09-23,0.089
TSLL,2025-12-10,0.579
TSLL,2025-12-23,0.112
TSLL,2026-03-24,0.099
TSLL,2026-06-23,0.105
TSLL,2026-09-22,0.071
NVDL,2023-12-27,0.561722
BITO,2023-02-01,0.149
BITO,2023-03-01,0.101
BITO,2023-04-03,0.465
BITO,2023-05-01,0.417
BITO,2023-06-01,0.428
BITO,2023-07-03,0.664
BITO,2023-08-01,0.385
BITO,2023-09-01,0.005
BITO,2023-10-02,0.074
BITO,2023-11-01,0.14
BITO,2023-12-01,0.127
BITO,2023-12-20,0.147
BITO,2024-02-01,0.356
BITO,2024-03-01,0.726
BITO,2024-04-01,1.145
BITO,2024-05-01,1.681
BITO,2024-06-03,1.768
BITO,2024-07-01,1.503
BITO,2024-08-01,1.447
BITO,2024-09-03,1.209
BITO,2024-10-01,1.091
BITO,2024-11-01,0.994
BITO,2024-12-02,0.996
BITO,2024-12-23,1.113
BITO,2025-02-03,0.937
BITO,2025-03-03,0.72
BITO,2025-04-01,0.361
BITO,2025-05-01,0.545
BITO,2025-06-02,0.997
BITO,2025-07-01,0.777
BITO,2025-08-01,1.209
BITO,2025-09-02,0.861
BITO,2025-10-01,0.756
BITO,2025-11-03,0.838
BITO,2025-12-01,0.776
BITO,2025-12-24,0.743
BITO,2026-02-02,0.01
BITO,2026-03-02,0.014
BITO,2026-04-01,0.006
BITO,2026-05-01,0.016
BITO,2026-06-01,0.014
BITO,2026-07-01,0.01
BITO,2026-08-03,0.014
BITO,2026-09-01,0.011
BITO,2026-10-01,0.017
