ticker,date,div
069500.KS,2023-01-30,75.0
069500.KS,2023-04-27,445.0
069500.KS,2023-07-28,75.0
069500.KS,2023-10-30,100.0
069500.KS,2024-01-30,95.0
069500.KS,2024-04-29,440.0
069500.KS,2024-07-30,150.0
069500.KS,2024-10-30,120.0
069500.KS,2025-01-24,110.0
069500.KS,2025-04-29,429.0
069500.KS,2025-07-30,176.0
069500.KS,2025-10-30,140.0
069500.KS,2026-01-29,80.0
069500.KS,2026-04-29,446.0
069500.KS,2026-07-30,183.0
360750.KS,2023-01-30,40.0
360750.KS,2023-04-27,55.0
360750.KS,2023-07-28,55.0
360750.KS,2023-10-30,50.0
360750.KS,2024-01-30,70.0
360750.KS,2024-04-29,55.0
360750.KS,2024-07-30,63.0
360750.KS,2024-10-30,65.0
360750.KS,2025-01-24,45.0
360750.KS,2025-04-29,80.0
360750.KS,2025-07-30,58.0
360750.KS,2025-10-30,60.0
360750.KS,2026-01-29,65.0
360750.KS,2026-04-29,62.0
360750.KS,2026-07-30,66.0
133690.KS,2023-01-30,65.0
133690.KS,2023-04-27,120.0
133690.KS,2023-07-28,120.0
133690.KS,2023-10-30,125.0
133690.KS,2024-01-30,210.0
133690.KS,2024-04-29,140.0
133690.KS,2024-07-30,192.0
133690.KS,2024-10-30,180.0
133690.KS,2025-01-24,70.0
133690.KS,2025-04-29,389.0
133690.KS,2025-07-30,207.0
133690.KS,2025-10-30,222.0
133690.KS,2026-01-29,225.0
133690.KS,2026-04-29,235.0
133690.KS,2026-07-30,255.0
396500.KS,2023-04-27,75.0
396500.KS,2024-04-29,53.0
396500.KS,2024-10-30,10.0
396500.KS,2025-04-29,60.0
396500.KS,2025-10-30,15.0
396500.KS,2026-04-29,60.0
102110.KS,2023-01-30,90.0
102110.KS,2023-04-27,435.0
102110.KS,2023-07-28,75.0
102110.KS,2023-10-30,110.0
102110.KS,2024-01-30,105.0
102110.KS,2024-04-29,455.0
102110.KS,2024-07-30,150.0
102110.KS,2024-10-30,120.0
102110.KS,2025-01-24,210.0
102110.KS,2025-04-29,404.0
102110.KS,2025-07-30,131.0
102110.KS,2025-10-30,145.0
102110.KS,2026-01-29,200.0
102110.KS,2026-04-29,450.0
102110.KS,2026-07-30,133.0
379800.KS,2025-04-29,56.0
379800.KS,2025-07-30,104.0
379800.KS,2025-10-30,110.0
379800.KS,2026-01-29,119.0
379800.KS,2026-04-29,118.0
379800.KS,2026-07-30,132.0
379810.KS,2025-04-29,33.0
379810.KS,2025-07-30,59.0
379810.KS,2025-10-30,63.0
379810.KS,2026-01-29,68.0
379810.KS,2026-04-29,68.0
379810.KS,2026-07-30,83.0
488770.KS,2025-12-12,1498.0
459580.KS,2025-07-30,2185.0
459580.KS,2025-08-28,2291.0
459580.KS,2025-09-29,2355.0
459580.KS,2025-10-30,2195.0
459580.KS,2025-11-27,2328.0
459580.KS,2025-12-29,2461.0
459580.KS,2026-01-29,2572.0
459580.KS,2026-02-26,2616.0
459580.KS,2026-03-30,2308.0
459580.KS,2026-04-29,2389.0
459580.KS,2026-05-28,2468.0
459580.KS,2026-06-29,2663.0
459580.KS,2026-07-30,2470.0
459580.KS,2026-08-28,2758.0
459580.KS,2026-09-29,2778.0
091160.KS,2023-04-27,210.0
091160.KS,2024-04-29,65.0
091160.KS,2025-04-29,416.0
091160.KS,2026-04-29,115.0
381180.KS,2023-01-30,50.0
381180.KS,2023-04-27,30.0
381180.KS,2023-07-28,40.0
381180.KS,2023-10-30,40.0
381180.KS,2024-01-30,100.0
381180.KS,2024-04-29,40.0
381180.KS,2024-07-30,50.0
381180.KS,2024-10-30,43.0
381180.KS,2025-01-24,37.0
381180.KS,2025-04-29,20.0
381180.KS,2025-07-30,37.0
381180.KS,2025-10-30,37.0
381180.KS,2026-01-29,37.0
381180.KS,2026-04-29,46.0
381180.KS,2026-07-30,49.0
498400.KS,2025-01-14,202.0
498400.KS,2025-02-13,142.0
498400.KS,2025-03-13,140.0
498400.KS,2025-04-14,132.0
498400.KS,2025-05-14,139.0
498400.KS,2025-06-12,150.0
498400.KS,2025-07-14,161.0
498400.KS,2025-08-13,163.0
498400.KS,2025-09-12,161.0
498400.KS,2025-10-14,172.0
498400.KS,2025-11-13,196.0
498400.KS,2025-12-12,196.0
498400.KS,2026-01-14,213.0
498400.KS,2026-02-12,244.0
498400.KS,2026-03-12,252.0
498400.KS,2026-04-14,262.0
498400.KS,2026-05-14,348.0
498400.KS,2026-06-12,350.0
498400.KS,2026-07-14,323.0
498400.KS,2026-08-13,270.0
498400.KS,2026-09-14,300.0
229200.KS,2023-04-27,50.0
229200.KS,2024-04-29,20.0
229200.KS,2025-04-29,44.0
229200.KS,2026-04-29,28.0
148020.KS,2023-01-30,75.0
148020.KS,2023-04-27,440.0
148020.KS,2023-07-28,90.0
148020.KS,2023-10-30,100.0
148020.KS,2024-01-30,40.0
148020.KS,2024-04-29,500.0
148020.KS,2024-07-30,140.0
148020.KS,2024-10-30,120.0
148020.KS,2025-01-24,100.0
148020.KS,2025-04-29,470.0
148020.KS,2025-07-30,130.0
148020.KS,2025-10-30,160.0
148020.KS,2026-01-29,150.0
148020.KS,2026-04-29,580.0
148020.KS,2026-07-30,120.0
395160.KS,2023-04-27,95.0
395160.KS,2024-04-29,30.0
395160.KS,2025-04-29,122.0
395160.KS,2026-04-29,35.0
0162Z0.KS,2026-04-29,11.0
0162Z0.KS,2026-07-30,26.0
458730.KS,2023-07-28,30.0
458730.KS,2023-08-30,34.0
458730.KS,2023-10-30,30.0
458730.KS,2023-11-29,41.0
458730.KS,2023-12-27,34.0
458730.KS,2024-01-30,30.0
458730.KS,2024-02-28,32.0
458730.KS,2024-03-28,28.0
458730.KS,2024-04-29,35.0
458730.KS,2024-05-30,42.0
458730.KS,2024-06-27,42.0
458730.KS,2024-07-30,41.0
458730.KS,2024-08-29,39.0
458730.KS,2024-09-27,34.0
458730.KS,2024-10-30,34.0
458730.KS,2024-11-28,48.0
458730.KS,2024-12-27,38.0
458730.KS,2025-01-24,45.0
458730.KS,2025-02-27,35.0
458730.KS,2025-03-28,40.0
458730.KS,2025-04-29,26.0
458730.KS,2025-05-29,39.0
458730.KS,2025-06-27,34.0
458730.KS,2025-07-30,30.0
458730.KS,2025-08-28,35.0
458730.KS,2025-09-29,38.0
458730.KS,2025-10-30,30.0
458730.KS,2025-11-27,38.0
458730.KS,2025-12-29,40.0
458730.KS,2026-01-29,32.0
458730.KS,2026-02-26,38.0
458730.KS,2026-03-30,36.0
458730.KS,2026-04-29,33.0
458730.KS,2026-05-28,36.0
458730.KS,2026-06-29,45.0
458730.KS,2026-07-30,37.0
458730.KS,2026-08-28,30.0
458730.KS,2026-09-29,39.0
360200.KS,2023-01-30,45.0
360200.KS,2023-04-27,55.0
360200.KS,2023-07-28,55.0
360200.KS,2023-10-30,55.0
360200.KS,2024-01-30,65.0
360200.KS,2024-04-29,55.0
360200.KS,2024-07-30,60.0
360200.KS,2024-10-30,65.0
360200.KS,2025-01-24,65.0
360200.KS,2025-04-29,58.0
360200.KS,2025-07-30,58.0
360200.KS,2025-10-30,60.0
360200.KS,2026-01-29,65.0
360200.KS,2026-04-29,62.0
360200.KS,2026-07-30,66.0
357870.KS,2025-11-27,65.0
381170.KS,2025-12-29,77.0
395270.KS,2023-01-30,10.0
395270.KS,2023-04-27,60.0
395270.KS,2024-04-29,60.0
395270.KS,2025-01-24,10.0
395270.KS,2025-04-29,85.0
395270.KS,2025-07-30,10.0
395270.KS,2026-04-29,75.0
411060.KS,2025-12-29,1.0
367380.KS,2023-01-30,15.0
367380.KS,2023-04-27,20.0
367380.KS,2023-07-28,20.0
367380.KS,2023-10-30,20.0
367380.KS,2024-01-30,30.0
367380.KS,2024-04-29,25.0
367380.KS,2024-07-30,30.0
367380.KS,2024-10-30,35.0
367380.KS,2025-01-24,35.0
367380.KS,2025-04-29,35.0
367380.KS,2025-07-30,35.0
367380.KS,2025-10-30,38.0
367380.KS,2026-01-29,38.0
367380.KS,2026-04-29,40.0
367380.KS,2026-07-30,45.0
273130.KS,2025-12-12,1727.0
423160.KS,2025-07-30,226.0
423160.KS,2025-08-28,235.0
423160.KS,2025-09-29,235.0
423160.KS,2025-10-30,235.0
423160.KS,2025-11-27,242.0
423160.KS,2025-12-29,229.0
423160.KS,2026-01-29,252.0
423160.KS,2026-02-26,248.0
423160.KS,2026-03-30,221.0
423160.KS,2026-04-29,240.0
423160.KS,2026-05-28,237.0
423160.KS,2026-06-29,246.0
423160.KS,2026-07-30,242.0
423160.KS,2026-08-28,263.0
423160.KS,2026-09-29,266.0
102780.KS,2023-04-27,145.0
102780.KS,2024-04-29,130.0
102780.KS,2025-04-29,182.0
102780.KS,2026-04-29,138.0
487240.KS,2025-04-29,119.0
487240.KS,2026-04-29,39.0
487240.KS,2026-07-30,5.0
0043B0.KS,2025-11-27,721.0
472150.KS,2023-12-27,62.0
472150.KS,2024-01-30,62.0
472150.KS,2024-02-28,63.0
472150.KS,2024-03-28,64.0
472150.KS,2024-04-29,64.0
472150.KS,2024-05-30,64.0
472150.KS,2024-06-27,67.0
472150.KS,2024-07-30,67.0
472150.KS,2024-08-29,67.0
472150.KS,2024-09-27,67.0
472150.KS,2024-10-30,67.0
472150.KS,2024-11-28,67.0
472150.KS,2024-12-27,200.0
472150.KS,2025-01-24,70.0
472150.KS,2025-02-27,72.0
472150.KS,2025-04-29,73.0
472150.KS,2025-05-29,73.0
472150.KS,2025-06-27,73.0
472150.KS,2025-07-30,238.0
472150.KS,2025-08-28,230.0
472150.KS,2025-09-29,249.0
472150.KS,2025-10-30,273.0
472150.KS,2025-11-27,255.0
472150.KS,2025-12-29,270.0
472150.KS,2026-01-29,320.0
472150.KS,2026-02-26,375.0
472150.KS,2026-03-30,350.0
472150.KS,2026-04-29,415.0
472150.KS,2026-05-28,510.0
472150.KS,2026-06-29,580.0
472150.KS,2026-07-30,375.0
472150.KS,2026-08-28,413.0
472150.KS,2026-09-29,425.0
139260.KS,2023-04-27,180.0
139260.KS,2023-10-30,20.0
139260.KS,2024-04-29,226.0
139260.KS,2024-07-30,45.0
139260.KS,2024-10-30,50.0
139260.KS,2025-01-24,42.0
139260.KS,2025-04-29,260.0
139260.KS,2025-07-30,50.0
139260.KS,2025-10-30,85.0
139260.KS,2026-01-29,43.0
139260.KS,2026-04-29,200.0
139260.KS,2026-07-30,142.0
481050.KS,2024-12-27,2805.0
481050.KS,2025-01-24,2505.0
481050.KS,2025-02-27,2579.0
481050.KS,2025-04-29,2331.0
481050.KS,2025-05-29,2119.0
481050.KS,2025-06-27,2371.0
481050.KS,2025-07-30,2143.0
481050.KS,2025-08-28,2159.0
481050.KS,2025-09-29,2295.0
481050.KS,2025-10-30,2334.0
481050.KS,2025-11-27,2331.0
481050.KS,2025-12-29,2477.0
481050.KS,2026-01-29,2549.0
481050.KS,2026-02-26,2541.0
481050.KS,2026-03-30,2218.0
481050.KS,2026-04-29,2363.0
481050.KS,2026-05-28,2380.0
481050.KS,2026-06-29,2595.0
481050.KS,2026-07-30,2638.0
481050.KS,2026-08-28,2748.0
481050.KS,2026-09-29,2847.0
426030.KS,2025-12-29,30.0
486290.KS,2024-07-30,120.0
486290.KS,2024-08-29,117.0
486290.KS,2024-09-27,118.0
486290.KS,2024-10-30,124.0
486290.KS,2024-11-28,126.0
486290.KS,2024-12-27,135.0
486290.KS,2025-01-24,131.0
486290.KS,2025-02-27,125.0
486290.KS,2025-04-29,111.0
486290.KS,2025-05-29,117.0
486290.KS,2025-06-27,119.0
486290.KS,2025-07-30,125.0
486290.KS,2025-08-28,125.0
486290.KS,2025-09-29,130.0
486290.KS,2025-10-30,138.0
486290.KS,2025-11-27,135.0
486290.KS,2025-12-29,136.0
486290.KS,2026-01-29,134.0
486290.KS,2026-02-26,127.0
486290.KS,2026-03-30,128.0
486290.KS,2026-04-29,138.0
486290.KS,2026-05-28,153.0
486290.KS,2026-06-29,151.0
486290.KS,2026-07-30,136.0
486290.KS,2026-08-28,132.0
486290.KS,2026-09-29,134.0
449170.KS,2025-11-27,680.0
161510.KS,2023-04-27,730.0
161510.KS,2024-04-29,750.0
161510.KS,2024-05-30,63.0
161510.KS,2024-06-27,63.0
161510.KS,2024-07-30,63.0
161510.KS,2024-08-29,63.0
161510.KS,2024-09-27,63.0
161510.KS,2024-10-30,63.0
161510.KS,2024-11-28,63.0
161510.KS,2024-12-27,63.0
161510.KS,2025-01-24,63.0
161510.KS,2025-02-27,63.0
161510.KS,2025-03-28,63.0
161510.KS,2025-04-29,63.0
161510.KS,2025-05-29,73.0
161510.KS,2025-06-27,73.0
161510.KS,2025-07-30,78.0
161510.KS,2025-08-28,78.0
161510.KS,2025-09-29,78.0
161510.KS,2025-10-30,78.0
161510.KS,2025-11-27,78.0
161510.KS,2025-12-29,78.0
161510.KS,2026-01-29,86.0
161510.KS,2026-02-26,86.0
161510.KS,2026-03-30,86.0
161510.KS,2026-04-29,86.0
161510.KS,2026-05-28,86.0
161510.KS,2026-06-29,86.0
161510.KS,2026-07-30,103.0
161510.KS,2026-08-28,103.0
161510.KS,2026-09-29,103.0
385540.KS,2025-12-12,1.147
456600.KS,2025-12-29,27.0
284430.KS,2025-08-13,32.0
284430.KS,2025-09-12,34.0
284430.KS,2025-10-14,27.0
284430.KS,2025-11-13,31.0
284430.KS,2026-01-14,23.0
284430.KS,2026-02-12,26.0
284430.KS,2026-03-12,20.0
284430.KS,2026-04-14,20.0
284430.KS,2026-05-14,32.0
284430.KS,2026-06-12,54.0
284430.KS,2026-07-14,25.0
284430.KS,2026-08-13,27.0
284430.KS,2026-09-14,26.0
305720.KS,2023-04-27,35.0
305720.KS,2024-04-29,10.0
305720.KS,2025-04-29,80.0
305720.KS,2026-04-29,18.0
214980.KS,2025-08-13,244.0
214980.KS,2025-09-12,236.0
214980.KS,2025-10-14,232.0
214980.KS,2025-11-13,238.0
214980.KS,2025-12-12,236.0
214980.KS,2026-01-14,251.0
214980.KS,2026-02-12,258.0
214980.KS,2026-03-12,239.0
214980.KS,2026-04-14,266.0
214980.KS,2026-05-14,259.0
214980.KS,2026-06-12,270.0
214980.KS,2026-07-14,267.0
214980.KS,2026-08-13,283.0
214980.KS,2026-09-14,286.0
292150.KS,2023-04-27,110.0
292150.KS,2023-07-28,25.0
292150.KS,2023-10-30,35.0
292150.KS,2024-04-29,110.0
292150.KS,2024-07-30,25.0
292150.KS,2024-10-30,35.0
292150.KS,2025-01-24,40.0
292150.KS,2025-04-29,130.0
292150.KS,2025-07-30,55.0
292150.KS,2025-10-30,55.0
292150.KS,2026-01-29,52.0
292150.KS,2026-04-29,130.0
292150.KS,2026-07-30,85.0
442580.KS,2024-04-29,200.0
442580.KS,2025-04-29,200.0
442580.KS,2026-04-29,100.0
441640.KS,2023-01-30,52.0
441640.KS,2023-02-27,52.0
441640.KS,2023-03-30,53.0
441640.KS,2023-04-27,53.0
441640.KS,2023-05-30,53.0
441640.KS,2023-06-29,53.0
441640.KS,2023-07-28,53.0
441640.KS,2023-08-30,53.0
441640.KS,2023-10-30,53.0
441640.KS,2023-11-29,53.0
441640.KS,2023-12-27,53.0
441640.KS,2024-01-30,54.0
441640.KS,2024-02-28,54.0
441640.KS,2024-03-28,65.0
441640.KS,2024-04-29,75.0
441640.KS,2024-05-30,80.0
441640.KS,2024-06-27,85.0
441640.KS,2024-07-30,85.0
441640.KS,2024-08-29,83.0
441640.KS,2024-09-27,83.0
441640.KS,2024-10-14,82.0
441640.KS,2024-11-14,88.0
441640.KS,2024-12-12,100.0
441640.KS,2025-01-14,100.0
441640.KS,2025-02-13,97.0
441640.KS,2025-03-13,97.0
441640.KS,2025-04-14,92.0
441640.KS,2025-05-14,92.0
441640.KS,2025-06-12,90.0
441640.KS,2025-07-14,91.0
441640.KS,2025-08-13,92.0
441640.KS,2025-09-12,92.0
441640.KS,2025-10-14,93.0
441640.KS,2025-11-13,96.0
441640.KS,2025-12-12,98.0
441640.KS,2026-01-14,98.0
441640.KS,2026-02-12,99.0
441640.KS,2026-03-12,99.0
441640.KS,2026-04-14,99.0
441640.KS,2026-05-14,100.0
441640.KS,2026-06-12,101.0
441640.KS,2026-07-14,103.0
441640.KS,2026-08-13,102.0
441640.KS,2026-09-14,96.0
105190.KS,2023-04-27,670.0
105190.KS,2024-04-29,670.0
105190.KS,2025-04-29,820.0
105190.KS,2025-07-30,150.0
105190.KS,2025-10-30,165.0
105190.KS,2026-01-29,105.0
105190.KS,2026-04-29,550.0
105190.KS,2026-07-30,150.0
446770.KS,2023-04-27,35.0
446770.KS,2023-07-28,35.0
446770.KS,2023-10-30,32.0
446770.KS,2024-01-30,32.0
446770.KS,2024-04-29,55.0
446770.KS,2024-07-30,65.0
446770.KS,2024-10-30,60.0
446770.KS,2025-01-24,60.0
446770.KS,2025-04-29,50.0
446770.KS,2025-07-30,72.0
446770.KS,2025-10-30,100.0
446770.KS,2026-01-29,79.0
446770.KS,2026-04-29,119.0
446770.KS,2026-07-30,128.0
368590.KS,2023-01-30,20.0
368590.KS,2023-04-27,22.0
368590.KS,2023-07-28,25.0
368590.KS,2023-10-30,25.0
368590.KS,2023-12-27,25.0
368590.KS,2024-03-28,30.0
368590.KS,2024-06-27,30.0
368590.KS,2024-09-27,30.0
368590.KS,2024-12-27,38.0
368590.KS,2025-03-28,34.0
368590.KS,2025-06-27,33.0
368590.KS,2025-09-29,38.0
368590.KS,2025-12-29,47.0
368590.KS,2026-03-30,40.0
368590.KS,2026-06-29,50.0
368590.KS,2026-09-29,44.0
329200.KS,2023-01-30,10.0
329200.KS,2023-02-27,40.0
329200.KS,2023-03-30,48.0
329200.KS,2023-04-27,45.0
329200.KS,2023-05-30,10.0
329200.KS,2023-06-29,8.0
329200.KS,2023-07-28,16.0
329200.KS,2023-08-30,29.0
329200.KS,2023-10-30,32.0
329200.KS,2023-11-29,11.0
329200.KS,2023-12-27,15.0
329200.KS,2024-01-30,10.0
329200.KS,2024-02-28,40.0
329200.KS,2024-03-28,48.0
329200.KS,2024-04-29,40.0
329200.KS,2024-05-30,13.0
329200.KS,2024-06-27,41.0
329200.KS,2024-07-30,12.0
329200.KS,2024-08-29,32.0
329200.KS,2024-09-27,45.0
329200.KS,2024-10-30,29.0
329200.KS,2024-11-28,10.0
329200.KS,2024-12-27,15.0
329200.KS,2025-01-24,8.0
329200.KS,2025-02-27,41.0
329200.KS,2025-03-28,33.0
329200.KS,2025-04-29,33.0
329200.KS,2025-05-29,33.0
329200.KS,2025-06-27,33.0
329200.KS,2025-07-30,33.0
329200.KS,2025-08-28,33.0
329200.KS,2025-09-29,33.0
329200.KS,2025-10-30,33.0
329200.KS,2025-11-27,33.0
329200.KS,2025-12-29,33.0
329200.KS,2026-01-29,33.0
329200.KS,2026-02-26,33.0
329200.KS,2026-03-30,33.0
329200.KS,2026-04-29,33.0
329200.KS,2026-05-28,33.0
329200.KS,2026-06-29,33.0
329200.KS,2026-07-30,33.0
329200.KS,2026-08-28,33.0
329200.KS,2026-09-29,33.0
0177N0.KS,2026-05-14,15.0
0177N0.KS,2026-05-28,46.0
0177N0.KS,2026-06-12,20.0
0177N0.KS,2026-07-14,22.0
0177N0.KS,2026-08-13,22.0
0177N0.KS,2026-09-14,23.0
091230.KS,2023-04-27,245.0
091230.KS,2023-10-30,20.0
091230.KS,2024-04-29,184.0
091230.KS,2024-10-30,20.0
091230.KS,2025-04-29,240.0
091230.KS,2025-07-30,55.0
091230.KS,2025-10-30,55.0
091230.KS,2026-01-29,56.0
091230.KS,2026-04-29,211.0
091230.KS,2026-07-30,177.0
152100.KS,2023-04-27,680.0
152100.KS,2023-10-30,100.0
152100.KS,2024-04-29,650.0
152100.KS,2024-07-30,150.0
152100.KS,2024-10-30,110.0
152100.KS,2025-01-24,80.0
152100.KS,2025-04-29,460.0
152100.KS,2025-07-30,120.0
152100.KS,2025-10-30,140.0
152100.KS,2026-01-29,180.0
152100.KS,2026-04-29,500.0
152100.KS,2026-07-30,150.0
232080.KS,2023-04-27,50.0
232080.KS,2024-04-29,38.0
232080.KS,2025-04-29,35.0
232080.KS,2026-04-29,40.0
379780.KS,2023-01-30,37.0
379780.KS,2023-04-27,40.0
379780.KS,2023-07-28,45.0
379780.KS,2023-10-30,45.0
379780.KS,2023-12-27,45.0
379780.KS,2024-03-28,50.0
379780.KS,2024-06-27,50.0
379780.KS,2024-09-27,50.0
379780.KS,2024-12-27,65.0
379780.KS,2025-03-28,55.0
379780.KS,2025-06-27,54.0
379780.KS,2025-09-29,55.0
379780.KS,2025-12-29,77.0
379780.KS,2026-03-30,60.0
379780.KS,2026-06-29,66.0
379780.KS,2026-09-29,56.0
487230.KS,2025-01-24,25.0
487230.KS,2025-04-29,11.0
487230.KS,2025-07-30,15.0
487230.KS,2025-10-30,14.0
487230.KS,2026-01-29,11.0
487230.KS,2026-04-29,20.0
487230.KS,2026-07-30,15.0
226490.KS,2023-04-27,500.0
226490.KS,2024-04-29,600.0
226490.KS,2025-04-29,563.0
226490.KS,2026-04-29,468.0
226490.KS,2026-07-30,151.0
453850.KS,2023-04-27,37.0
453850.KS,2023-05-30,21.0
453850.KS,2023-06-29,30.0
453850.KS,2023-07-28,25.0
453850.KS,2023-08-30,26.0
453850.KS,2023-10-30,26.0
453850.KS,2023-11-29,27.0
453850.KS,2023-12-27,30.0
453850.KS,2024-01-30,28.0
453850.KS,2024-02-28,27.0
453850.KS,2024-03-28,28.0
453850.KS,2024-04-29,25.0
453850.KS,2024-05-30,26.0
453850.KS,2024-06-27,28.0
453850.KS,2024-07-30,28.0
453850.KS,2024-08-29,27.0
453850.KS,2024-09-27,28.0
453850.KS,2024-10-30,26.0
453850.KS,2024-11-28,25.0
453850.KS,2024-12-27,26.0
453850.KS,2025-01-24,28.0
453850.KS,2025-02-27,26.0
453850.KS,2025-03-28,25.0
453850.KS,2025-04-29,25.0
453850.KS,2025-05-29,24.0
453850.KS,2025-06-27,23.0
453850.KS,2025-07-30,25.0
453850.KS,2025-08-28,25.0
453850.KS,2025-09-29,26.0
453850.KS,2025-10-30,28.0
453850.KS,2025-11-27,25.0
453850.KS,2025-12-29,24.0
453850.KS,2026-01-29,23.0
453850.KS,2026-02-26,23.0
453850.KS,2026-03-30,20.0
453850.KS,2026-04-29,25.0
453850.KS,2026-05-28,25.0
453850.KS,2026-06-29,26.0
453850.KS,2026-07-30,26.0
453850.KS,2026-08-28,26.0
453850.KS,2026-09-29,25.0
466920.KS,2025-04-29,42.0
466920.KS,2026-04-29,52.0
390390.KS,2023-04-27,30.0
390390.KS,2023-07-28,30.0
390390.KS,2023-10-30,30.0
390390.KS,2024-01-30,35.0
390390.KS,2024-04-29,35.0
390390.KS,2024-07-30,35.0
390390.KS,2024-10-30,36.0
390390.KS,2025-01-24,32.0
390390.KS,2025-04-29,46.0
390390.KS,2025-07-30,43.0
390390.KS,2025-10-30,44.0
390390.KS,2026-01-29,60.0
390390.KS,2026-04-29,67.0
390390.KS,2026-07-30,55.0
469150.KS,2024-04-29,34.0
469150.KS,2025-04-29,140.0
469150.KS,2026-04-29,120.0
475630.KS,2025-11-27,6133.0
448330.KS,2024-10-14,16.0
448330.KS,2024-11-14,16.0
448330.KS,2024-12-12,13.0
448330.KS,2025-01-14,15.0
448330.KS,2025-02-13,15.0
448330.KS,2025-03-13,18.0
448330.KS,2025-04-14,15.0
448330.KS,2025-05-14,17.0
448330.KS,2025-06-12,17.0
448330.KS,2025-07-14,18.0
448330.KS,2025-08-13,22.0
448330.KS,2025-09-12,20.0
448330.KS,2025-10-14,26.0
448330.KS,2025-11-13,22.0
448330.KS,2025-12-12,22.0
448330.KS,2026-01-14,25.0
448330.KS,2026-02-12,28.0
448330.KS,2026-03-12,28.0
448330.KS,2026-04-14,30.0
448330.KS,2026-05-14,32.0
448330.KS,2026-06-12,36.0
448330.KS,2026-07-14,38.0
448330.KS,2026-08-13,38.0
448330.KS,2026-09-14,37.0
455850.KS,2024-04-29,23.0
455850.KS,2025-04-29,24.0
455850.KS,2026-04-29,12.0
157450.KS,2025-11-27,1131.0
436140.KS,2025-12-12,2380.0
438080.KS,2025-12-29,334.0
465580.KS,2025-12-29,54.0
487340.KS,2025-11-27,1377.0
356540.KS,2025-11-27,1302.0
0072R0.KS,2025-12-29,1.0
497570.KS,2025-01-24,9.0
497570.KS,2025-04-29,17.0
497570.KS,2025-07-30,16.0
497570.KS,2025-10-30,16.0
497570.KS,2026-01-29,15.0
497570.KS,2026-04-29,22.0
497570.KS,2026-07-30,22.0
445290.KS,2023-04-27,100.0
445290.KS,2024-04-29,130.0
445290.KS,2025-04-29,152.0
445290.KS,2026-04-29,60.0
445290.KS,2026-07-30,12.0
494890.KS,2025-04-29,120.0
494890.KS,2025-07-30,48.0
494890.KS,2025-10-30,38.0
494890.KS,2026-01-29,35.0
494890.KS,2026-04-29,132.0
494890.KS,2026-07-30,53.0
451540.KS,2025-11-27,700.0
494300.KS,2024-11-28,259.0
494300.KS,2024-12-27,181.0
494300.KS,2025-01-24,165.0
494300.KS,2025-02-27,155.0
494300.KS,2025-04-29,143.0
494300.KS,2025-05-29,149.0
494300.KS,2025-06-27,153.0
494300.KS,2025-07-30,159.0
494300.KS,2025-08-28,159.0
494300.KS,2025-09-29,165.0
494300.KS,2025-10-30,170.0
494300.KS,2025-11-27,167.0
494300.KS,2025-12-29,172.0
494300.KS,2026-01-29,167.0
494300.KS,2026-02-26,161.0
494300.KS,2026-03-30,164.0
494300.KS,2026-04-29,169.0
494300.KS,2026-05-28,182.0
494300.KS,2026-06-29,185.0
494300.KS,2026-07-30,166.0
494300.KS,2026-08-28,152.0
494300.KS,2026-09-29,150.0
469830.KS,2025-12-12,850.0
449180.KS,2023-04-27,40.0
449180.KS,2023-07-28,38.0
449180.KS,2023-10-30,34.0
449180.KS,2024-01-30,44.0
449180.KS,2024-04-29,30.0
449180.KS,2024-07-30,32.0
449180.KS,2024-10-30,34.0
449180.KS,2025-01-24,35.0
449180.KS,2025-04-29,38.0
449180.KS,2025-07-30,33.0
449180.KS,2025-10-30,38.0
449180.KS,2026-01-29,40.0
449180.KS,2026-04-29,42.0
449180.KS,2026-07-30,40.0
0117V0.KS,2026-07-30,93.0
449450.KS,2024-04-29,50.0
449450.KS,2025-04-29,100.0
449450.KS,2026-04-29,75.0
446720.KS,2023-01-30,18.0
446720.KS,2023-02-27,30.0
446720.KS,2023-03-30,29.0
446720.KS,2023-04-27,20.0
446720.KS,2023-05-30,33.0
446720.KS,2023-06-29,32.0
446720.KS,2023-07-28,26.0
446720.KS,2023-08-30,32.0
446720.KS,2023-10-30,26.0
446720.KS,2023-11-29,38.0
446720.KS,2023-12-27,30.0
446720.KS,2024-01-30,27.0
446720.KS,2024-02-28,30.0
446720.KS,2024-03-28,24.0
446720.KS,2024-04-29,33.0
446720.KS,2024-05-30,39.0
446720.KS,2024-06-27,38.0
446720.KS,2024-07-30,35.0
446720.KS,2024-08-29,35.0
446720.KS,2024-09-27,30.0
446720.KS,2024-10-30,32.0
446720.KS,2024-11-28,46.0
446720.KS,2024-12-27,35.0
446720.KS,2025-01-24,42.0
446720.KS,2025-02-27,32.0
446720.KS,2025-03-28,38.0
446720.KS,2025-04-29,26.0
446720.KS,2025-05-29,30.0
446720.KS,2025-06-27,33.0
446720.KS,2025-07-30,28.0
446720.KS,2025-08-28,32.0
446720.KS,2025-09-29,35.0
446720.KS,2025-10-30,34.0
446720.KS,2025-11-27,35.0
446720.KS,2025-12-29,37.0
446720.KS,2026-01-29,30.0
446720.KS,2026-02-26,35.0
446720.KS,2026-03-30,33.0
446720.KS,2026-04-29,30.0
446720.KS,2026-05-28,33.0
446720.KS,2026-06-29,42.0
446720.KS,2026-07-30,35.0
446720.KS,2026-08-28,27.0
446720.KS,2026-09-29,37.0
153130.KS,2025-08-13,259.0
153130.KS,2025-09-12,275.0
153130.KS,2025-10-14,234.0
153130.KS,2025-11-13,252.0
153130.KS,2025-12-12,238.0
153130.KS,2026-01-14,250.0
153130.KS,2026-02-12,230.0
153130.KS,2026-03-12,208.0
153130.KS,2026-04-14,231.0
153130.KS,2026-05-14,227.0
153130.KS,2026-06-12,239.0
153130.KS,2026-07-14,236.0
153130.KS,2026-08-13,248.0
153130.KS,2026-09-14,255.0
0219E0.KS,2026-07-30,153.0
0219E0.KS,2026-08-28,167.0
0219E0.KS,2026-09-29,175.0
495050.KS,2025-01-14,12.0
495050.KS,2025-02-13,12.0
495050.KS,2025-03-13,12.0
495050.KS,2025-04-14,20.0
495050.KS,2025-05-14,20.0
495050.KS,2025-07-14,40.0
495050.KS,2025-08-13,20.0
495050.KS,2025-09-12,20.0
495050.KS,2025-10-14,20.0
495050.KS,2025-11-13,40.0
495050.KS,2025-12-12,30.0
495050.KS,2026-01-14,20.0
495050.KS,2026-02-12,20.0
495050.KS,2026-03-12,20.0
495050.KS,2026-04-14,26.0
495050.KS,2026-06-12,70.0
495050.KS,2026-07-14,37.0
495050.KS,2026-08-13,30.0
495050.KS,2026-09-14,35.0
237350.KS,2023-04-27,490.0
237350.KS,2024-04-29,550.0
237350.KS,2025-04-29,604.0
237350.KS,2026-04-29,568.0
237350.KS,2026-07-30,134.0
305540.KS,2023-04-27,70.0
305540.KS,2024-04-29,47.0
305540.KS,2025-04-29,10.0
305540.KS,2026-04-29,55.0
438100.KS,2025-12-29,288.0
402970.KS,2023-01-30,85.0
402970.KS,2023-04-27,100.0
402970.KS,2023-07-28,80.0
402970.KS,2023-08-30,35.0
402970.KS,2023-10-30,25.0
402970.KS,2023-11-29,37.0
402970.KS,2023-12-27,45.0
402970.KS,2024-01-30,30.0
402970.KS,2024-02-28,34.0
402970.KS,2024-03-28,44.0
402970.KS,2024-04-29,32.0
402970.KS,2024-05-30,39.0
402970.KS,2024-06-27,44.0
402970.KS,2024-07-30,44.0
402970.KS,2024-09-12,56.0
402970.KS,2024-10-14,45.0
402970.KS,2024-11-14,30.0
402970.KS,2025-01-14,39.0
402970.KS,2025-02-13,28.0
402970.KS,2025-03-13,46.0
402970.KS,2025-04-14,35.0
402970.KS,2025-05-14,21.0
402970.KS,2025-06-12,45.0
402970.KS,2025-07-14,38.0
402970.KS,2025-08-13,20.0
402970.KS,2025-09-12,44.0
402970.KS,2025-10-14,37.0
402970.KS,2025-11-13,21.0
402970.KS,2025-12-12,53.0
402970.KS,2026-01-14,39.0
402970.KS,2026-02-12,24.0
402970.KS,2026-03-12,46.0
402970.KS,2026-04-14,44.0
402970.KS,2026-05-14,27.0
402970.KS,2026-06-12,40.0
402970.KS,2026-07-14,50.0
402970.KS,2026-08-13,25.0
402970.KS,2026-09-14,35.0
0048J0.KS,2025-06-27,74.0
0048J0.KS,2025-07-30,62.0
0048J0.KS,2025-08-28,67.0
0048J0.KS,2025-09-29,56.0
0048J0.KS,2025-10-30,52.0
0048J0.KS,2025-11-27,60.0
0048J0.KS,2025-12-29,55.0
0048J0.KS,2026-01-29,54.0
0048J0.KS,2026-02-26,53.0
0048J0.KS,2026-03-30,31.0
0048J0.KS,2026-04-29,49.0
0048J0.KS,2026-05-28,43.0
0048J0.KS,2026-06-29,60.0
0048J0.KS,2026-07-30,60.0
0048J0.KS,2026-08-28,61.0
0048J0.KS,2026-09-29,61.0
0117L0.KS,2025-12-12,53.0
479080.KS,2025-11-13,455.0
0177R0.KS,2026-05-14,170.0
0177R0.KS,2026-06-12,215.0
0177R0.KS,2026-07-14,205.0
0177R0.KS,2026-08-13,151.0
0177R0.KS,2026-09-14,177.0
069660.KS,2023-04-27,520.0
069660.KS,2023-10-30,190.0
069660.KS,2024-04-29,530.0
069660.KS,2024-10-30,240.0
069660.KS,2025-04-29,570.0
069660.KS,2025-10-30,280.0
069660.KS,2026-01-29,180.0
069660.KS,2026-04-29,480.0
069660.KS,2026-07-30,130.0
498410.KS,2025-01-24,185.0
498410.KS,2025-02-27,123.0
498410.KS,2025-04-29,122.0
498410.KS,2025-05-29,137.0
498410.KS,2025-06-27,149.0
498410.KS,2025-07-30,163.0
498410.KS,2025-08-28,154.0
498410.KS,2025-09-29,158.0
498410.KS,2025-10-30,154.0
498410.KS,2025-11-27,154.0
498410.KS,2025-12-29,152.0
498410.KS,2026-01-29,155.0
498410.KS,2026-02-26,189.0
498410.KS,2026-03-30,162.0
498410.KS,2026-04-29,165.0
498410.KS,2026-05-28,155.0
498410.KS,2026-06-29,140.0
498410.KS,2026-07-30,154.0
498410.KS,2026-08-28,144.0
498410.KS,2026-09-29,146.0
490590.KS,2024-10-30,167.0
490590.KS,2024-11-28,196.0
490590.KS,2024-12-27,200.0
490590.KS,2025-01-24,181.0
490590.KS,2025-02-27,185.0
490590.KS,2025-04-29,274.0
490590.KS,2025-05-29,200.0
490590.KS,2025-06-27,183.0
490590.KS,2025-07-30,145.0
490590.KS,2025-08-28,155.0
490590.KS,2025-09-29,185.0
490590.KS,2025-10-30,258.0
490590.KS,2025-11-27,227.0
490590.KS,2025-12-29,186.0
490590.KS,2026-01-29,168.0
490590.KS,2026-02-26,152.0
490590.KS,2026-03-30,199.0
490590.KS,2026-04-29,374.0
490590.KS,2026-05-28,323.0
490590.KS,2026-06-29,377.0
490590.KS,2026-07-30,218.0
490590.KS,2026-08-28,235.0
490590.KS,2026-09-29,188.0
466940.KS,2024-01-30,61.0
466940.KS,2024-02-28,61.0
466940.KS,2024-03-28,61.0
466940.KS,2024-04-29,61.0
466940.KS,2024-05-30,61.0
466940.KS,2024-06-27,61.0
466940.KS,2024-07-30,61.0
466940.KS,2024-08-29,61.0
466940.KS,2024-09-27,61.0
466940.KS,2024-10-30,73.0
466940.KS,2024-11-28,73.0
466940.KS,2024-12-27,73.0
466940.KS,2025-01-24,73.0
466940.KS,2025-02-27,73.0
466940.KS,2025-04-29,68.0
466940.KS,2025-05-29,68.0
466940.KS,2025-06-27,68.0
466940.KS,2025-07-30,68.0
466940.KS,2025-08-28,70.0
466940.KS,2025-09-29,72.0
466940.KS,2025-10-30,72.0
466940.KS,2025-11-27,72.0
466940.KS,2025-12-29,72.0
466940.KS,2026-01-29,73.0
466940.KS,2026-02-26,87.0
466940.KS,2026-03-30,87.0
466940.KS,2026-04-29,87.0
466940.KS,2026-05-28,87.0
466940.KS,2026-06-29,87.0
466940.KS,2026-07-30,100.0
466940.KS,2026-08-28,100.0
466940.KS,2026-09-29,104.0
495850.KS,2024-12-27,10.0
495850.KS,2025-01-24,10.0
495850.KS,2025-02-27,10.0
495850.KS,2025-04-29,15.0
495850.KS,2025-05-29,20.0
495850.KS,2025-06-27,20.0
495850.KS,2025-07-30,20.0
495850.KS,2025-08-28,20.0
495850.KS,2025-09-29,20.0
495850.KS,2025-10-30,20.0
495850.KS,2025-11-27,20.0
495850.KS,2025-12-29,25.0
495850.KS,2026-01-29,84.0
495850.KS,2026-02-26,25.0
495850.KS,2026-03-30,20.0
495850.KS,2026-04-29,25.0
495850.KS,2026-05-28,25.0
495850.KS,2026-06-29,30.0
495850.KS,2026-07-30,30.0
495850.KS,2026-08-28,40.0
495850.KS,2026-09-29,40.0
272580.KS,2025-11-27,437.0
441800.KS,2023-01-30,53.0
441800.KS,2023-02-27,53.0
441800.KS,2023-03-30,50.0
441800.KS,2023-04-27,51.0
441800.KS,2023-05-30,51.0
441800.KS,2023-06-29,52.0
441800.KS,2023-07-28,55.0
441800.KS,2023-08-30,55.0
441800.KS,2023-10-30,53.0
441800.KS,2023-11-29,55.0
441800.KS,2023-12-27,56.0
441800.KS,2024-01-30,55.0
441800.KS,2024-02-28,61.0
441800.KS,2024-03-28,64.0
441800.KS,2024-04-29,61.0
441800.KS,2024-05-30,68.0
441800.KS,2024-06-27,212.0
441800.KS,2024-07-30,71.0
441800.KS,2024-08-29,71.0
441800.KS,2024-09-27,67.0
441800.KS,2024-10-30,280.0
441800.KS,2024-11-28,67.0
441800.KS,2024-12-27,66.0
441800.KS,2025-01-24,67.0
441800.KS,2025-02-27,66.0
441800.KS,2025-03-28,65.0
441800.KS,2025-04-29,63.0
441800.KS,2025-05-29,68.0
441800.KS,2025-06-27,83.0
441800.KS,2025-07-30,164.0
441800.KS,2025-08-28,80.0
441800.KS,2025-09-29,85.0
441800.KS,2025-10-30,94.0
441800.KS,2025-11-27,93.0
441800.KS,2025-12-29,294.0
441800.KS,2026-01-29,117.0
441800.KS,2026-02-26,148.0
441800.KS,2026-03-30,267.0
441800.KS,2026-04-29,154.0
441800.KS,2026-05-28,181.0
441800.KS,2026-06-29,368.0
441800.KS,2026-07-30,134.0
441800.KS,2026-08-28,145.0
441800.KS,2026-09-29,295.0
0025N0.KS,2025-12-29,140.0
329750.KS,2023-12-27,250.0
329750.KS,2024-12-27,250.0
329750.KS,2025-11-27,106.0
418660.KS,2025-12-29,380.0
488080.KS,2025-12-29,6.0
476550.KS,2024-03-28,112.0
476550.KS,2024-04-29,100.0
476550.KS,2024-05-30,99.0
476550.KS,2024-06-27,100.0
476550.KS,2024-07-30,100.0
476550.KS,2024-08-29,100.0
476550.KS,2024-09-27,100.0
476550.KS,2024-10-30,94.0
476550.KS,2024-11-28,92.0
476550.KS,2024-12-27,85.0
476550.KS,2025-01-24,86.0
476550.KS,2025-02-27,86.0
476550.KS,2025-04-29,82.0
476550.KS,2025-05-29,81.0
476550.KS,2025-06-27,81.0
476550.KS,2025-07-30,79.0
476550.KS,2025-08-28,79.0
476550.KS,2025-09-29,80.0
476550.KS,2025-10-30,82.0
476550.KS,2025-11-27,80.0
476550.KS,2025-12-29,77.0
476550.KS,2026-01-29,77.0
476550.KS,2026-02-26,77.0
476550.KS,2026-03-30,75.0
476550.KS,2026-04-29,74.0
476550.KS,2026-05-28,72.0
476550.KS,2026-06-29,73.0
476550.KS,2026-07-30,70.0
476550.KS,2026-08-28,69.0
476550.KS,2026-09-29,66.0
456610.KS,2025-11-27,41.0
367760.KS,2023-04-27,59.0
367760.KS,2024-04-29,50.0
367760.KS,2025-04-29,55.0
367760.KS,2026-04-29,56.0
144600.KS,2025-12-29,40.0
457480.KS,2025-12-29,365.0
481060.KS,2024-05-30,104.0
481060.KS,2024-06-27,106.0
481060.KS,2024-07-30,103.0
481060.KS,2024-08-29,107.0
481060.KS,2024-09-27,107.0
481060.KS,2024-10-14,101.0
481060.KS,2024-11-14,99.0
481060.KS,2024-12-12,99.0
481060.KS,2025-01-14,91.0
481060.KS,2025-02-13,91.0
481060.KS,2025-03-13,95.0
481060.KS,2025-04-14,95.0
481060.KS,2025-05-14,90.0
481060.KS,2025-06-12,88.0
481060.KS,2025-07-14,86.0
481060.KS,2025-08-13,87.0
481060.KS,2025-09-12,87.0
481060.KS,2025-10-14,87.0
481060.KS,2025-11-13,83.0
481060.KS,2025-12-12,83.0
481060.KS,2026-01-14,83.0
481060.KS,2026-02-12,83.0
481060.KS,2026-03-12,82.0
481060.KS,2026-04-14,80.0
481060.KS,2026-05-14,79.0
481060.KS,2026-06-12,78.0
481060.KS,2026-07-14,78.0
481060.KS,2026-08-13,74.0
481060.KS,2026-09-14,74.0
364980.KS,2023-04-27,65.0
364980.KS,2024-04-29,18.0
364980.KS,2025-04-29,40.0
0101N0.KS,2025-12-29,1.0
0127P0.KS,2025-12-29,2.0
0127P0.KS,2026-07-30,18.0
290130.KS,2023-04-27,150.0
290130.KS,2024-04-29,170.0
290130.KS,2025-04-29,70.0
290130.KS,2025-07-30,200.0
290130.KS,2026-04-29,170.0
0167B0.KS,2026-04-29,250.0
0167B0.KS,2026-05-28,217.0
0167B0.KS,2026-06-29,223.0
0167B0.KS,2026-07-30,150.0
0167B0.KS,2026-08-28,168.0
0167B0.KS,2026-09-29,170.0
482730.KS,2024-06-27,95.0
482730.KS,2024-07-30,91.0
482730.KS,2024-08-29,85.0
482730.KS,2024-09-27,85.0
482730.KS,2024-10-30,90.0
482730.KS,2024-11-28,93.0
482730.KS,2024-12-27,97.0
482730.KS,2025-01-24,95.0
482730.KS,2025-02-27,92.0
482730.KS,2025-03-28,91.0
482730.KS,2025-04-29,84.0
482730.KS,2025-05-29,88.0
482730.KS,2025-06-27,87.0
482730.KS,2025-07-30,92.0
482730.KS,2025-08-28,93.0
482730.KS,2025-09-29,95.0
482730.KS,2025-10-30,100.0
482730.KS,2025-11-27,99.0
482730.KS,2025-12-29,99.0
482730.KS,2026-01-29,100.0
482730.KS,2026-02-26,97.0
482730.KS,2026-03-30,97.0
482730.KS,2026-04-29,101.0
482730.KS,2026-05-28,108.0
482730.KS,2026-06-29,108.0
482730.KS,2026-07-30,102.0
482730.KS,2026-08-28,100.0
482730.KS,2026-09-14,114.0
434730.KS,2023-04-27,75.0
434730.KS,2024-04-29,130.0
434730.KS,2025-04-29,190.0
434730.KS,2026-04-29,265.0
314250.KS,2025-10-30,26.226
314250.KS,2026-01-29,113.0
314250.KS,2026-04-29,67.0
314250.KS,2026-07-30,74.0
458760.KS,2023-07-28,89.0
458760.KS,2023-08-30,90.0
458760.KS,2023-10-30,81.0
458760.KS,2023-11-29,90.0
458760.KS,2023-12-27,90.0
458760.KS,2024-01-30,88.0
458760.KS,2024-02-28,88.0
458760.KS,2024-03-28,88.0
458760.KS,2024-04-29,90.0
458760.KS,2024-05-30,95.0
458760.KS,2024-06-27,95.0
458760.KS,2024-07-30,98.0
458760.KS,2024-08-29,94.0
458760.KS,2024-09-27,92.0
458760.KS,2024-10-30,92.0
458760.KS,2024-11-28,100.0
458760.KS,2024-12-27,96.0
458760.KS,2025-01-24,94.0
458760.KS,2025-02-27,98.0
458760.KS,2025-03-28,96.0
458760.KS,2025-04-29,82.0
458760.KS,2025-05-29,86.0
458760.KS,2025-06-27,85.0
458760.KS,2025-07-30,86.0
458760.KS,2025-08-28,86.0
458760.KS,2025-09-29,86.0
458760.KS,2025-10-30,83.0
458760.KS,2025-11-27,87.0
458760.KS,2025-12-29,88.0
458760.KS,2026-01-29,88.0
458760.KS,2026-02-26,94.0
458760.KS,2026-03-30,94.0
458760.KS,2026-04-29,92.0
458760.KS,2026-05-28,96.0
458760.KS,2026-06-29,97.0
458760.KS,2026-07-30,93.0
458760.KS,2026-08-28,90.0
458760.KS,2026-09-29,91.0
102970.KS,2023-04-27,210.0
102970.KS,2024-04-29,245.0
102970.KS,2025-04-29,372.0
102970.KS,2026-04-29,340.0
102970.KS,2026-07-30,149.0
0007F0.KS,2025-12-12,157.0
423920.KS,2024-07-30,35.0
423920.KS,2024-10-30,49.0
423920.KS,2025-01-24,49.0
423920.KS,2025-04-29,20.0
423920.KS,2025-07-30,10.0
423920.KS,2025-10-30,36.0
423920.KS,2026-01-29,78.0
423920.KS,2026-04-29,92.0
423920.KS,2026-07-30,150.0
371460.KS,2025-12-29,140.0
491010.KS,2025-12-29,20.0
434060.KS,2023-12-27,170.0
434060.KS,2024-04-29,68.0
434060.KS,2024-07-30,70.0
434060.KS,2024-10-30,70.0
434060.KS,2025-01-24,70.0
434060.KS,2025-04-29,30.0
434060.KS,2025-07-30,35.0
434060.KS,2025-10-30,40.0
434060.KS,2026-01-29,90.0
434060.KS,2026-04-29,26.0
434060.KS,2026-07-30,117.0
0061Z0.KS,2025-12-12,612.0
471990.KS,2024-04-29,60.0
471990.KS,2025-04-29,101.0
471990.KS,2026-04-29,24.0
471990.KS,2026-07-30,5.0
466950.KS,2025-12-29,50.0
0091P0.KS,2026-04-29,35.0
138540.KS,2023-04-27,585.0
138540.KS,2023-10-30,75.0
138540.KS,2024-04-29,850.0
138540.KS,2024-10-30,80.0
138540.KS,2025-04-29,700.0
138540.KS,2025-10-30,130.0
138540.KS,2026-04-29,960.0
491620.KS,2024-10-30,166.0
491620.KS,2024-11-28,185.0
491620.KS,2024-12-27,182.0
491620.KS,2025-01-24,165.0
491620.KS,2025-02-27,185.0
491620.KS,2025-04-29,273.0
491620.KS,2025-05-29,190.0
491620.KS,2025-06-27,167.0
491620.KS,2025-07-30,122.0
491620.KS,2025-08-28,138.0
491620.KS,2025-09-29,150.0
491620.KS,2025-10-30,201.0
491620.KS,2025-11-27,193.0
491620.KS,2025-12-29,158.0
491620.KS,2026-01-29,137.0
491620.KS,2026-02-26,126.0
491620.KS,2026-03-30,160.0
491620.KS,2026-04-29,276.0
491620.KS,2026-05-28,240.0
491620.KS,2026-06-29,271.0
491620.KS,2026-07-30,161.0
491620.KS,2026-08-28,177.0
491620.KS,2026-09-29,133.0
489250.KS,2024-09-12,30.0
489250.KS,2024-10-14,33.0
489250.KS,2024-11-14,28.0
489250.KS,2024-12-12,41.0
489250.KS,2025-01-14,40.0
489250.KS,2025-02-13,32.0
489250.KS,2025-03-13,29.0
489250.KS,2025-04-14,34.0
489250.KS,2025-05-14,24.0
489250.KS,2025-06-12,30.0
489250.KS,2025-07-14,31.0
489250.KS,2025-08-13,22.0
489250.KS,2025-09-12,28.0
489250.KS,2025-10-14,31.0
489250.KS,2025-11-13,21.0
489250.KS,2025-12-12,33.0
489250.KS,2026-01-14,34.0
489250.KS,2026-02-12,28.0
489250.KS,2026-03-12,32.0
489250.KS,2026-04-14,33.0
489250.KS,2026-05-14,26.0
489250.KS,2026-06-12,29.0
489250.KS,2026-07-14,40.0
489250.KS,2026-08-13,37.0
489250.KS,2026-09-14,24.0
251600.KS,2023-04-27,300.0
251600.KS,2024-02-28,30.0
251600.KS,2024-03-28,30.0
251600.KS,2024-04-29,40.0
251600.KS,2024-05-30,40.0
251600.KS,2024-06-27,40.0
251600.KS,2024-07-30,40.0
251600.KS,2024-08-29,40.0
251600.KS,2024-09-27,40.0
251600.KS,2024-10-30,40.0
251600.KS,2024-11-28,40.0
251600.KS,2024-12-27,40.0
251600.KS,2025-01-24,45.0
251600.KS,2025-02-27,45.0
251600.KS,2025-03-28,45.0
251600.KS,2025-04-29,45.0
251600.KS,2025-05-29,45.0
251600.KS,2025-06-27,45.0
251600.KS,2025-07-30,45.0
251600.KS,2025-08-28,45.0
251600.KS,2025-09-29,45.0
251600.KS,2025-10-30,45.0
251600.KS,2025-11-27,45.0
251600.KS,2025-12-29,45.0
251600.KS,2026-01-29,48.0
251600.KS,2026-02-26,48.0
251600.KS,2026-03-30,48.0
251600.KS,2026-04-29,48.0
251600.KS,2026-05-28,48.0
251600.KS,2026-06-29,48.0
251600.KS,2026-07-30,50.0
251600.KS,2026-08-28,50.0
251600.KS,2026-09-29,50.0
0019K0.KS,2025-12-29,21.0
477050.KS,2025-12-12,689.0
277630.KS,2023-04-27,455.0
277630.KS,2023-07-28,50.0
277630.KS,2023-10-30,35.0
277630.KS,2024-04-29,371.0
277630.KS,2024-07-30,60.0
277630.KS,2024-10-30,70.0
277630.KS,2025-01-24,61.0
277630.KS,2025-04-29,330.0
277630.KS,2025-07-30,60.0
277630.KS,2025-10-30,95.0
277630.KS,2026-01-29,50.0
277630.KS,2026-04-29,330.0
277630.KS,2026-07-30,60.0
484790.KS,2024-07-30,58.0
484790.KS,2024-08-29,37.0
484790.KS,2024-09-27,37.0
484790.KS,2024-10-30,38.0
484790.KS,2024-11-28,30.0
484790.KS,2024-12-27,45.0
484790.KS,2025-01-24,38.0
484790.KS,2025-02-27,38.0
484790.KS,2025-04-29,37.0
484790.KS,2025-05-29,37.0
484790.KS,2025-06-27,36.0
484790.KS,2025-07-30,35.0
484790.KS,2025-08-28,37.0
484790.KS,2025-09-29,35.0
484790.KS,2025-10-30,36.0
484790.KS,2025-11-27,37.0
484790.KS,2025-12-29,36.0
484790.KS,2026-01-29,37.0
484790.KS,2026-02-26,36.0
484790.KS,2026-03-30,32.0
484790.KS,2026-04-29,37.0
484790.KS,2026-05-28,36.0
484790.KS,2026-06-29,37.0
484790.KS,2026-07-30,35.0
484790.KS,2026-08-28,35.0
484790.KS,2026-09-29,35.0
451000.KS,2025-12-12,1465.0
449190.KS,2023-04-27,20.0
449190.KS,2023-07-28,18.0
449190.KS,2023-10-30,20.0
449190.KS,2024-01-30,37.0
449190.KS,2024-04-29,20.0
449190.KS,2024-07-30,20.0
449190.KS,2024-10-30,22.0
449190.KS,2025-01-24,23.0
449190.KS,2025-04-29,26.0
449190.KS,2025-07-30,23.0
449190.KS,2025-10-30,25.0
449190.KS,2026-01-29,30.0
449190.KS,2026-04-29,30.0
449190.KS,2026-07-30,33.0
496020.KS,2025-12-29,736.0
462010.KS,2024-04-29,18.0
462010.KS,2025-04-29,5.0
462010.KS,2026-04-29,10.0
455030.KS,2025-07-30,40.0
455030.KS,2025-08-28,46.0
455030.KS,2025-09-29,42.0
455030.KS,2025-10-30,42.0
455030.KS,2025-11-27,49.0
455030.KS,2025-12-29,38.0
455030.KS,2026-01-29,46.0
455030.KS,2026-02-26,37.0
455030.KS,2026-03-30,34.0
455030.KS,2026-04-29,37.0
455030.KS,2026-05-28,40.0
455030.KS,2026-06-29,43.0
455030.KS,2026-07-30,43.0
455030.KS,2026-08-28,43.0
455030.KS,2026-09-29,43.0
365780.KS,2023-12-27,2800.0
365780.KS,2024-12-27,3100.0
365780.KS,2025-12-29,2670.0
494670.KS,2025-04-29,50.0
494670.KS,2025-10-30,55.0
494670.KS,2026-04-29,130.0
0105E0.KS,2025-11-13,95.0
0105E0.KS,2025-12-12,61.0
0105E0.KS,2026-01-14,60.0
0105E0.KS,2026-02-12,60.0
0105E0.KS,2026-03-12,60.0
0105E0.KS,2026-04-14,60.0
0105E0.KS,2026-05-14,60.0
0105E0.KS,2026-06-12,60.0
0105E0.KS,2026-07-14,60.0
0105E0.KS,2026-08-13,60.0
0105E0.KS,2026-09-14,60.0
435420.KS,2023-12-27,296.0
435420.KS,2024-04-29,15.0
435420.KS,2024-07-30,56.0
435420.KS,2024-10-30,17.0
435420.KS,2024-12-27,82.0
435420.KS,2025-04-29,10.0
435420.KS,2025-10-30,9.0
435420.KS,2026-01-29,59.0
435420.KS,2026-04-29,50.0
435420.KS,2026-07-30,42.0
463250.KS,2024-04-29,50.0
463250.KS,2025-04-29,15.0
463250.KS,2026-04-29,55.0
444200.KS,2023-04-27,68.0
444200.KS,2024-04-29,75.0
444200.KS,2025-04-29,115.0
444200.KS,2026-04-29,128.0
496080.KS,2025-01-24,20.0
496080.KS,2025-02-27,20.0
496080.KS,2025-04-29,20.0
496080.KS,2025-05-29,20.0
496080.KS,2025-06-27,20.0
496080.KS,2025-07-30,20.0
496080.KS,2025-08-28,20.0
496080.KS,2025-09-29,20.0
496080.KS,2025-10-30,20.0
496080.KS,2025-11-27,20.0
496080.KS,2025-12-29,20.0
496080.KS,2026-01-29,24.0
496080.KS,2026-02-26,28.0
496080.KS,2026-03-30,28.0
496080.KS,2026-04-29,28.0
496080.KS,2026-05-28,28.0
496080.KS,2026-06-29,28.0
496080.KS,2026-07-30,28.0
496080.KS,2026-08-28,28.0
496080.KS,2026-09-29,44.0
371160.KS,2025-04-29,20.0
371160.KS,2025-07-30,35.0
371160.KS,2025-10-30,15.0
371160.KS,2026-01-29,10.0
371160.KS,2026-04-29,20.0
371160.KS,2026-07-30,25.0
396520.KS,2025-12-29,25.0
476800.KS,2024-04-12,30.0
476800.KS,2024-05-13,33.0
476800.KS,2024-06-13,34.0
476800.KS,2024-07-12,35.0
476800.KS,2024-08-13,36.0
476800.KS,2024-09-12,35.0
476800.KS,2024-10-14,35.0
476800.KS,2024-11-14,36.0
476800.KS,2024-12-12,37.0
476800.KS,2025-01-14,38.0
476800.KS,2025-02-13,36.0
476800.KS,2025-03-13,39.0
476800.KS,2025-04-14,39.0
476800.KS,2025-05-14,37.0
476800.KS,2025-06-12,35.0
476800.KS,2025-07-14,37.0
476800.KS,2025-08-13,34.0
476800.KS,2025-09-12,34.0
476800.KS,2025-10-14,33.0
476800.KS,2025-11-13,31.0
476800.KS,2025-12-12,29.0
476800.KS,2026-01-14,29.0
476800.KS,2026-02-12,29.0
476800.KS,2026-03-12,29.0
476800.KS,2026-04-14,30.0
476800.KS,2026-05-14,30.0
476800.KS,2026-06-12,29.0
476800.KS,2026-07-14,29.0
476800.KS,2026-08-13,29.0
476800.KS,2026-09-14,60.0
251350.KS,2023-04-27,96.0
251350.KS,2023-07-28,110.0
251350.KS,2023-10-30,63.0
251350.KS,2024-01-30,68.0
251350.KS,2024-04-29,100.0
251350.KS,2024-07-30,140.0
251350.KS,2024-10-30,76.0
251350.KS,2025-01-24,77.0
251350.KS,2025-04-29,125.0
251350.KS,2025-07-30,153.0
251350.KS,2025-10-30,107.0
251350.KS,2026-01-29,99.0
251350.KS,2026-04-29,137.0
251350.KS,2026-07-30,179.0
448290.KS,2025-04-29,39.0
448290.KS,2025-07-30,40.0
448290.KS,2025-10-30,40.0
448290.KS,2026-01-29,41.0
448290.KS,2026-04-29,40.0
448290.KS,2026-07-30,42.0
243880.KS,2025-12-29,453.0
438330.KS,2025-04-29,236.0
438330.KS,2025-05-29,240.0
438330.KS,2025-06-27,235.0
438330.KS,2025-07-30,235.0
438330.KS,2025-08-28,235.0
438330.KS,2025-09-29,235.0
438330.KS,2025-10-30,235.0
438330.KS,2025-11-27,232.0
471230.KS,2025-12-12,1613.0
483280.KS,2024-06-27,156.0
483280.KS,2024-07-30,135.0
483280.KS,2024-08-29,124.0
483280.KS,2024-09-27,125.0
483280.KS,2024-10-30,133.0
483280.KS,2024-11-28,134.0
483280.KS,2024-12-27,145.0
483280.KS,2025-01-24,146.0
483280.KS,2025-02-27,135.0
483280.KS,2025-04-29,112.0
483280.KS,2025-05-29,122.0
483280.KS,2025-06-27,129.0
483280.KS,2025-07-30,139.0
483280.KS,2025-08-28,142.0
483280.KS,2025-09-29,153.0
483280.KS,2025-10-30,159.0
483280.KS,2025-11-27,162.0
483280.KS,2025-12-29,163.0
483280.KS,2026-01-29,159.0
483280.KS,2026-02-26,149.0
483280.KS,2026-03-30,148.0
483280.KS,2026-04-29,160.0
483280.KS,2026-05-28,169.0
483280.KS,2026-06-29,158.0
483280.KS,2026-07-30,117.0
483280.KS,2026-08-28,143.0
483280.KS,2026-09-29,150.0
499660.KS,2024-12-27,1283.0
499660.KS,2025-01-24,2405.0
499660.KS,2025-02-27,2873.0
499660.KS,2025-04-29,2160.0
499660.KS,2025-05-29,2600.0
499660.KS,2025-06-27,2100.0
499660.KS,2025-07-30,2400.0
499660.KS,2025-08-28,2080.0
499660.KS,2025-09-29,2280.0
499660.KS,2025-10-30,2140.0
499660.KS,2025-11-27,2040.0
499660.KS,2025-12-29,2580.0
499660.KS,2026-01-29,2260.0
499660.KS,2026-02-26,2140.0
499660.KS,2026-03-30,2590.0
499660.KS,2026-04-29,2270.0
499660.KS,2026-05-28,2270.0
499660.KS,2026-06-29,2720.0
499660.KS,2026-07-30,2520.0
499660.KS,2026-08-28,2400.0
499660.KS,2026-09-29,3040.0
451060.KS,2025-10-30,39.0
451060.KS,2026-01-29,212.0
451060.KS,2026-04-29,143.0
451060.KS,2026-07-30,31.0
490490.KS,2024-11-14,40.0
490490.KS,2024-12-12,30.0
490490.KS,2025-01-14,30.0
490490.KS,2025-02-13,25.0
490490.KS,2025-03-13,30.0
490490.KS,2025-04-14,27.0
490490.KS,2025-05-14,20.0
490490.KS,2025-06-12,30.0
490490.KS,2025-07-14,23.0
490490.KS,2025-08-13,24.0
490490.KS,2025-09-12,36.0
490490.KS,2025-10-14,21.0
490490.KS,2025-11-13,24.0
490490.KS,2025-12-12,30.0
490490.KS,2026-01-14,31.0
490490.KS,2026-02-12,24.0
490490.KS,2026-03-12,30.0
490490.KS,2026-04-14,30.0
490490.KS,2026-05-14,22.0
490490.KS,2026-06-12,34.0
490490.KS,2026-07-14,27.0
490490.KS,2026-08-13,21.0
490490.KS,2026-09-14,28.0
293180.KS,2023-01-30,85.0
293180.KS,2023-04-27,450.0
293180.KS,2023-07-28,85.0
293180.KS,2023-10-30,110.0
293180.KS,2024-01-30,100.0
293180.KS,2024-04-29,430.0
293180.KS,2024-07-30,135.0
293180.KS,2024-10-30,125.0
293180.KS,2025-01-24,110.0
293180.KS,2025-04-29,450.0
293180.KS,2025-07-30,125.0
293180.KS,2025-10-30,110.0
293180.KS,2026-01-29,100.0
293180.KS,2026-04-29,500.0
293180.KS,2026-07-30,180.0
0173Y0.KS,2026-07-30,5.0
447770.KS,2023-12-27,295.0
447770.KS,2024-04-29,10.0
447770.KS,2024-07-30,53.0
447770.KS,2024-10-30,7.0
447770.KS,2024-12-27,57.0
447770.KS,2025-04-29,12.0
447770.KS,2025-07-30,72.0
447770.KS,2025-10-30,10.0
447770.KS,2026-01-29,68.0
447770.KS,2026-04-29,57.0
447770.KS,2026-07-30,65.0
385560.KS,2023-03-08,1550.0
385560.KS,2023-09-07,1500.0
385560.KS,2024-03-07,1570.0
385560.KS,2024-09-06,1350.0
385560.KS,2025-03-06,1060.0
385560.KS,2025-09-08,1112.0
385560.KS,2026-03-06,1278.0
385560.KS,2026-09-08,1151.0
0016X0.KS,2025-12-12,675.0
448300.KS,2025-04-29,26.0
448300.KS,2025-07-30,27.0
448300.KS,2025-10-30,28.0
448300.KS,2026-01-29,27.0
448300.KS,2026-04-29,29.0
448300.KS,2026-07-30,30.0
474220.KS,2024-02-14,92.0
474220.KS,2024-03-14,92.0
474220.KS,2024-04-12,93.0
474220.KS,2024-05-13,94.0
474220.KS,2024-06-13,102.0
474220.KS,2024-07-12,110.0
474220.KS,2024-08-13,97.0
474220.KS,2024-09-12,95.0
474220.KS,2024-10-14,103.0
474220.KS,2024-11-14,113.0
474220.KS,2024-12-12,119.0
474220.KS,2025-01-14,121.0
474220.KS,2025-02-13,121.0
474220.KS,2025-03-13,106.0
474220.KS,2025-04-14,105.0
474220.KS,2025-05-14,106.0
474220.KS,2025-06-12,106.0
474220.KS,2025-07-14,111.0
474220.KS,2025-08-13,120.0
474220.KS,2025-09-12,122.0
474220.KS,2025-10-14,126.0
474220.KS,2025-11-13,137.0
474220.KS,2025-12-12,136.0
474220.KS,2026-01-14,134.0
474220.KS,2026-02-12,129.0
474220.KS,2026-03-12,126.0
474220.KS,2026-04-14,126.0
474220.KS,2026-05-14,138.0
474220.KS,2026-06-12,133.0
474220.KS,2026-07-14,132.0
474220.KS,2026-08-13,130.0
474220.KS,2026-09-14,121.0
0023A0.KS,2025-12-29,20.0
0023A0.KS,2026-04-29,5.0
426020.KS,2025-12-29,54.0
302450.KS,2023-04-27,340.0
302450.KS,2024-04-29,390.0
302450.KS,2024-07-30,80.0
302450.KS,2024-10-30,90.0
302450.KS,2025-04-29,120.0
302450.KS,2025-07-30,400.0
302450.KS,2025-10-30,170.0
302450.KS,2026-01-29,100.0
302450.KS,2026-04-29,700.0
302450.KS,2026-07-30,58.0
476760.KS,2024-04-29,36.0
476760.KS,2024-05-30,26.0
476760.KS,2024-06-27,30.0
476760.KS,2024-07-30,28.0
476760.KS,2024-08-29,27.0
476760.KS,2024-09-27,28.0
476760.KS,2024-10-30,27.0
476760.KS,2024-11-28,27.0
476760.KS,2024-12-27,28.0
476760.KS,2025-01-24,32.0
476760.KS,2025-02-27,31.0
476760.KS,2025-03-28,30.0
476760.KS,2025-04-29,29.0
476760.KS,2025-05-29,28.0
476760.KS,2025-06-27,27.0
476760.KS,2025-07-30,29.0
476760.KS,2025-08-28,30.0
476760.KS,2025-09-29,31.0
476760.KS,2025-10-30,38.0
476760.KS,2025-11-27,35.0
476760.KS,2025-12-29,34.0
476760.KS,2026-01-29,31.0
476760.KS,2026-02-26,31.0
476760.KS,2026-03-30,30.0
476760.KS,2026-04-29,33.0
476760.KS,2026-05-28,33.0
476760.KS,2026-06-29,34.0
476760.KS,2026-07-30,34.0
476760.KS,2026-08-28,33.0
476760.KS,2026-09-29,32.0
241180.KS,2023-12-27,250.0
241180.KS,2024-12-27,200.0
241180.KS,2025-12-29,350.0
148070.KS,2023-12-27,3500.0
148070.KS,2024-12-27,4000.0
148070.KS,2025-12-29,3742.0
0046A0.KS,2025-05-29,35.0
0046A0.KS,2025-06-27,30.0
0046A0.KS,2025-07-30,35.0
0046A0.KS,2025-08-28,32.0
0046A0.KS,2025-09-29,32.0
0046A0.KS,2025-10-30,35.0
0046A0.KS,2025-11-27,27.0
0046A0.KS,2025-12-29,27.0
0046A0.KS,2026-01-29,25.0
0046A0.KS,2026-02-26,29.0
0046A0.KS,2026-03-30,31.0
0046A0.KS,2026-04-29,27.0
0046A0.KS,2026-05-28,28.0
0046A0.KS,2026-06-29,29.0
0046A0.KS,2026-07-30,28.0
0046A0.KS,2026-08-28,26.0
0046A0.KS,2026-09-29,24.0
439860.KS,2025-12-12,1936.0
480260.KS,2025-11-27,581.0
0060H0.KS,2025-07-30,50.0
0060H0.KS,2025-10-30,50.0
0060H0.KS,2026-01-29,52.0
0060H0.KS,2026-04-29,52.0
0060H0.KS,2026-07-30,52.0
469070.KS,2025-04-29,5.0
469070.KS,2026-04-29,10.0
0080G0.KS,2026-07-30,5.0
0094M0.KS,2025-10-14,105.0
0094M0.KS,2025-11-13,210.0
0094M0.KS,2025-12-12,125.0
0094M0.KS,2026-01-14,190.0
0094M0.KS,2026-02-12,310.0
0094M0.KS,2026-03-12,400.0
0094M0.KS,2026-04-14,340.0
0094M0.KS,2026-05-14,390.0
0094M0.KS,2026-06-12,420.0
0094M0.KS,2026-07-14,590.0
0094M0.KS,2026-08-13,580.0
0094M0.KS,2026-09-14,540.0
0040Y0.KS,2025-05-29,230.0
0040Y0.KS,2025-06-27,230.0
0040Y0.KS,2025-07-30,240.0
0040Y0.KS,2025-08-28,210.0
0040Y0.KS,2025-09-29,210.0
0040Y0.KS,2025-10-30,210.0
0040Y0.KS,2025-11-27,200.0
0040Y0.KS,2025-12-29,206.0
0040Y0.KS,2026-01-29,194.0
0040Y0.KS,2026-02-26,185.0
0040Y0.KS,2026-03-30,190.0
0040Y0.KS,2026-04-29,177.0
0040Y0.KS,2026-05-28,175.0
0040Y0.KS,2026-06-29,162.0
0040Y0.KS,2026-07-30,162.0
0040Y0.KS,2026-08-28,164.0
0040Y0.KS,2026-09-29,160.0
475300.KS,2025-04-29,40.0
475300.KS,2026-04-29,40.0
091180.KS,2023-04-27,425.0
091180.KS,2024-04-29,590.0
091180.KS,2025-04-29,584.0
091180.KS,2026-01-29,66.0
091180.KS,2026-04-29,496.0
091180.KS,2026-07-30,151.0
385510.KS,2023-04-27,30.0
385510.KS,2024-04-29,60.0
385510.KS,2025-04-29,209.0
385510.KS,2026-04-29,10.0
442570.KS,2025-12-29,106.0
442570.KS,2026-07-30,55.0
245710.KS,2025-12-29,89.0
270810.KS,2023-04-27,50.0
270810.KS,2024-04-29,10.0
270810.KS,2025-04-29,10.0
270810.KS,2026-04-29,10.0
458250.KS,2025-11-27,187.0
484880.KS,2024-07-30,46.0
484880.KS,2024-08-29,50.0
484880.KS,2024-09-27,46.0
484880.KS,2024-10-30,47.0
484880.KS,2024-11-28,51.0
484880.KS,2024-12-27,55.0
484880.KS,2025-01-24,51.0
484880.KS,2025-02-27,53.0
484880.KS,2025-04-29,52.0
484880.KS,2025-05-29,59.0
484880.KS,2025-06-27,67.0
484880.KS,2025-07-30,72.0
484880.KS,2025-08-28,70.0
484880.KS,2025-09-29,72.0
484880.KS,2025-10-30,73.0
484880.KS,2025-11-27,55.0
484880.KS,2025-12-29,44.0
484880.KS,2026-01-29,45.0
484880.KS,2026-02-26,50.0
484880.KS,2026-03-30,66.0
484880.KS,2026-04-29,76.0
484880.KS,2026-05-28,78.0
484880.KS,2026-06-29,78.0
484880.KS,2026-07-30,86.0
484880.KS,2026-08-28,86.0
484880.KS,2026-09-29,91.0
0131V0.KS,2026-04-29,12.0
279530.KS,2023-01-30,11.0
279530.KS,2023-04-27,498.0
279530.KS,2023-07-28,9.0
279530.KS,2023-10-30,36.0
279530.KS,2024-01-30,14.0
279530.KS,2024-04-29,40.0
279530.KS,2024-05-30,40.0
279530.KS,2024-06-27,40.0
279530.KS,2024-07-30,77.0
279530.KS,2024-08-29,75.0
279530.KS,2024-09-27,40.0
279530.KS,2024-10-30,37.0
279530.KS,2024-11-28,22.0
279530.KS,2024-12-27,50.0
279530.KS,2025-01-24,30.0
279530.KS,2025-02-27,45.0
279530.KS,2025-03-28,55.0
279530.KS,2025-04-29,60.0
279530.KS,2025-05-29,58.0
279530.KS,2025-06-27,58.0
279530.KS,2025-07-30,59.0
279530.KS,2025-08-28,57.0
279530.KS,2025-09-29,53.0
279530.KS,2025-10-30,53.0
279530.KS,2025-11-27,50.0
279530.KS,2025-12-29,50.0
279530.KS,2026-01-29,45.0
279530.KS,2026-02-26,47.0
279530.KS,2026-03-30,65.0
279530.KS,2026-04-29,70.0
279530.KS,2026-05-28,70.0
279530.KS,2026-06-29,76.0
279530.KS,2026-07-30,76.0
279530.KS,2026-08-28,76.0
279530.KS,2026-09-29,76.0
0144L0.KS,2026-01-29,97.0
0144L0.KS,2026-02-26,94.0
0144L0.KS,2026-03-30,93.0
0144L0.KS,2026-04-29,99.0
0144L0.KS,2026-05-28,107.0
0144L0.KS,2026-06-29,106.0
0144L0.KS,2026-07-30,99.0
0144L0.KS,2026-08-28,95.0
0144L0.KS,2026-09-29,97.0
132030.KS,2025-12-29,130.0
472170.KS,2023-12-27,55.0
472170.KS,2024-12-27,240.0
472170.KS,2025-11-27,51.0
0026S0.KS,2025-04-29,28.0
0026S0.KS,2025-06-12,16.0
0026S0.KS,2025-09-12,28.0
0026S0.KS,2025-12-12,30.0
0026S0.KS,2026-03-12,29.0
0026S0.KS,2026-06-12,35.0
0026S0.KS,2026-09-14,28.0
462900.KS,2024-04-29,26.0
0167Z0.KS,2026-07-30,8.0
0052D0.KS,2025-07-14,48.0
0052D0.KS,2025-08-13,48.0
0052D0.KS,2025-09-12,48.0
0052D0.KS,2025-10-14,50.0
0052D0.KS,2025-11-13,50.0
0052D0.KS,2025-12-12,50.0
0052D0.KS,2026-01-14,51.0
0052D0.KS,2026-02-12,51.0
0052D0.KS,2026-03-12,58.0
0052D0.KS,2026-04-14,58.0
0052D0.KS,2026-05-14,58.0
0052D0.KS,2026-06-12,58.0
0052D0.KS,2026-07-14,58.0
0052D0.KS,2026-08-13,61.0
0052D0.KS,2026-09-14,66.0
448630.KS,2023-04-27,90.0
448630.KS,2024-04-29,10.0
448630.KS,2025-04-29,10.0
448630.KS,2026-04-29,11.0
456880.KS,2025-12-29,1.0
0043Y0.KS,2025-12-29,8.0
0052S0.KS,2025-10-30,54.0
0052S0.KS,2026-01-29,38.0
0052S0.KS,2026-04-29,35.0
0052S0.KS,2026-07-30,60.0
471780.KS,2024-04-29,5.0
471780.KS,2025-04-29,5.0
471780.KS,2026-04-29,5.0
485540.KS,2024-10-30,10.0
485540.KS,2025-01-24,10.0
485540.KS,2025-04-29,10.0
485540.KS,2025-07-30,12.0
485540.KS,2025-10-30,11.0
485540.KS,2026-01-29,14.0
485540.KS,2026-04-29,16.0
485540.KS,2026-07-30,19.0
0111P0.KS,2026-01-29,29.0
0111P0.KS,2026-04-29,29.0
0111P0.KS,2026-07-30,29.0
453810.KS,2023-07-28,57.0
453810.KS,2023-10-30,30.0
453810.KS,2024-01-30,23.0
453810.KS,2024-04-29,22.0
453810.KS,2024-07-30,65.0
453810.KS,2024-10-30,43.0
453810.KS,2025-01-24,29.0
453810.KS,2025-04-29,33.0
453810.KS,2025-07-30,67.0
453810.KS,2025-10-30,45.0
453810.KS,2026-01-29,25.0
453810.KS,2026-04-29,27.0
453810.KS,2026-07-30,76.0
489030.KS,2024-08-29,130.0
489030.KS,2024-09-27,130.0
489030.KS,2024-10-30,133.0
489030.KS,2024-11-28,142.0
489030.KS,2024-12-27,140.0
489030.KS,2025-01-24,130.0
489030.KS,2025-02-27,130.0
489030.KS,2025-04-29,140.0
489030.KS,2025-05-29,150.0
489030.KS,2025-06-27,157.0
489030.KS,2025-07-30,168.0
489030.KS,2025-08-28,156.0
489030.KS,2025-09-29,148.0
489030.KS,2025-10-30,136.0
489030.KS,2025-11-27,138.0
489030.KS,2025-12-29,135.0
489030.KS,2026-01-29,136.0
489030.KS,2026-02-26,156.0
489030.KS,2026-03-30,135.0
489030.KS,2026-04-29,130.0
489030.KS,2026-05-28,113.0
489030.KS,2026-06-29,90.0
489030.KS,2026-07-30,103.0
489030.KS,2026-08-28,98.0
489030.KS,2026-09-29,94.0
483320.KS,2025-12-29,57.0
454780.KS,2024-12-27,3500.0
454780.KS,2025-12-29,3028.0
497880.KS,2024-12-27,180.0
497880.KS,2025-01-24,135.0
497880.KS,2025-02-27,150.0
497880.KS,2025-04-29,150.0
497880.KS,2025-05-29,125.0
497880.KS,2025-06-27,130.0
497880.KS,2025-07-30,125.0
497880.KS,2025-08-28,115.0
497880.KS,2025-09-29,115.0
497880.KS,2025-10-30,115.0
497880.KS,2025-11-27,105.0
497880.KS,2025-12-29,130.0
497880.KS,2026-01-29,145.0
497880.KS,2026-02-26,120.0
497880.KS,2026-03-30,130.0
497880.KS,2026-04-29,145.0
497880.KS,2026-05-28,125.0
497880.KS,2026-06-29,130.0
497880.KS,2026-07-30,140.0
497880.KS,2026-08-28,160.0
497880.KS,2026-09-29,140.0
433330.KS,2023-01-30,10.0
433330.KS,2023-02-27,14.0
433330.KS,2023-03-30,14.0
433330.KS,2023-04-27,10.0
433330.KS,2023-05-30,16.0
433330.KS,2023-06-29,13.0
433330.KS,2023-07-28,10.0
433330.KS,2023-08-30,18.0
433330.KS,2023-10-30,9.0
433330.KS,2023-11-29,20.0
433330.KS,2023-12-27,14.0
433330.KS,2024-01-30,9.0
433330.KS,2024-02-28,19.0
433330.KS,2024-03-28,13.0
433330.KS,2024-04-29,11.0
433330.KS,2024-05-30,18.0
433330.KS,2024-06-27,15.0
433330.KS,2024-07-30,11.0
433330.KS,2024-08-29,17.0
433330.KS,2024-09-27,12.0
433330.KS,2024-10-30,11.0
433330.KS,2024-11-28,18.0
433330.KS,2024-12-27,17.0
433330.KS,2025-01-24,11.0
433330.KS,2025-02-27,16.0
433330.KS,2025-03-28,18.0
433330.KS,2025-04-29,11.0
433330.KS,2025-05-29,16.0
433330.KS,2025-06-27,17.0
433330.KS,2025-07-30,10.0
433330.KS,2025-08-28,16.0
433330.KS,2025-09-29,19.0
433330.KS,2025-10-30,11.0
433330.KS,2025-11-27,17.0
433330.KS,2025-12-29,19.0
433330.KS,2026-01-29,12.0
433330.KS,2026-02-26,14.0
433330.KS,2026-03-30,21.0
433330.KS,2026-04-29,10.0
433330.KS,2026-05-28,18.0
433330.KS,2026-06-29,24.0
433330.KS,2026-07-30,12.0
433330.KS,2026-08-28,19.0
433330.KS,2026-09-29,20.0
0008S0.KS,2025-02-13,99.0
0008S0.KS,2025-03-13,100.0
0008S0.KS,2025-04-14,92.0
0008S0.KS,2025-05-14,90.0
0008S0.KS,2025-06-12,87.0
0008S0.KS,2025-07-14,88.0
0008S0.KS,2025-08-13,88.0
0008S0.KS,2025-09-12,88.0
0008S0.KS,2025-10-14,87.0
0008S0.KS,2025-11-13,89.0
0008S0.KS,2025-12-12,91.0
0008S0.KS,2026-01-14,95.0
0008S0.KS,2026-02-12,102.0
0008S0.KS,2026-03-12,101.0
0008S0.KS,2026-04-14,101.0
0008S0.KS,2026-05-14,102.0
0008S0.KS,2026-06-12,106.0
0008S0.KS,2026-07-14,104.0
0008S0.KS,2026-08-13,103.0
0008S0.KS,2026-09-14,96.0
481190.KS,2025-04-29,25.0
481190.KS,2026-04-29,38.0
0038A0.KS,2025-07-30,7.0
0038A0.KS,2025-10-30,10.0
0038A0.KS,2026-01-29,15.0
0038A0.KS,2026-04-29,12.0
0038A0.KS,2026-07-30,14.0
136340.KS,2023-01-30,175.0
136340.KS,2023-02-27,115.0
136340.KS,2023-03-30,415.0
136340.KS,2023-04-27,230.0
136340.KS,2023-05-30,195.0
136340.KS,2023-06-29,465.0
136340.KS,2023-07-28,240.0
136340.KS,2023-08-30,300.0
136340.KS,2023-10-30,200.0
136340.KS,2023-11-29,360.0
136340.KS,2023-12-27,420.0
136340.KS,2024-01-30,230.0
136340.KS,2024-02-28,370.0
136340.KS,2024-03-28,450.0
136340.KS,2024-04-29,34.0
136340.KS,2024-05-30,390.0
136340.KS,2024-06-27,550.0
136340.KS,2024-07-30,219.0
136340.KS,2024-08-29,305.0
136340.KS,2024-09-27,295.0
136340.KS,2024-10-30,180.0
136340.KS,2024-11-28,255.0
136340.KS,2024-12-27,370.0
136340.KS,2025-01-24,195.0
136340.KS,2025-02-27,180.0
136340.KS,2025-03-28,330.0
136340.KS,2025-04-29,205.0
136340.KS,2025-05-29,155.0
136340.KS,2025-06-27,365.0
136340.KS,2025-07-30,200.0
136340.KS,2025-08-28,125.0
136340.KS,2025-09-29,365.0
136340.KS,2025-10-30,299.0
136340.KS,2025-11-27,210.0
136340.KS,2025-12-29,204.0
136340.KS,2026-01-29,281.0
136340.KS,2026-02-26,124.0
136340.KS,2026-03-30,368.0
136340.KS,2026-04-29,205.0
136340.KS,2026-05-28,113.0
136340.KS,2026-06-29,347.0
136340.KS,2026-07-30,188.0
136340.KS,2026-08-28,124.0
136340.KS,2026-09-29,236.0
421320.KS,2023-04-27,100.0
421320.KS,2024-04-29,150.0
421320.KS,2025-04-29,130.0
421320.KS,2026-04-29,60.0
475080.KS,2024-02-28,132.0
475080.KS,2024-03-28,122.0
475080.KS,2024-04-29,119.0
475080.KS,2024-05-30,119.0
475080.KS,2024-06-27,120.0
475080.KS,2024-07-30,120.0
475080.KS,2024-08-29,117.0
475080.KS,2024-09-27,118.0
475080.KS,2024-10-30,119.0
475080.KS,2024-11-28,122.0
475080.KS,2024-12-27,123.0
475080.KS,2025-01-24,124.0
475080.KS,2025-02-27,112.0
475080.KS,2025-04-29,109.0
475080.KS,2025-05-29,110.0
475080.KS,2025-06-27,109.0
475080.KS,2025-07-30,109.0
475080.KS,2025-08-28,108.0
475080.KS,2025-09-29,113.0
475080.KS,2025-10-30,116.0
475080.KS,2025-11-27,114.0
475080.KS,2025-12-29,116.0
475080.KS,2026-01-29,112.0
475080.KS,2026-02-26,108.0
475080.KS,2026-03-30,108.0
475080.KS,2026-04-29,107.0
475080.KS,2026-05-28,109.0
475080.KS,2026-06-29,105.0
475080.KS,2026-07-30,79.0
475080.KS,2026-08-28,99.0
475080.KS,2026-09-29,99.0
441680.KS,2023-01-30,91.0
441680.KS,2023-02-27,95.0
441680.KS,2023-03-30,97.0
441680.KS,2023-04-27,100.0
441680.KS,2023-05-30,101.0
441680.KS,2023-06-29,101.0
441680.KS,2023-07-28,101.0
441680.KS,2023-08-30,101.0
441680.KS,2023-10-30,97.0
441680.KS,2023-11-29,96.0
441680.KS,2023-12-27,98.0
441680.KS,2024-01-30,103.0
441680.KS,2024-02-28,103.0
441680.KS,2024-03-28,105.0
441680.KS,2024-04-29,104.0
441680.KS,2024-05-30,104.0
441680.KS,2024-06-27,107.0
441680.KS,2024-07-30,104.0
441680.KS,2024-08-29,103.0
441680.KS,2024-09-27,104.0
441680.KS,2024-10-30,109.0
441680.KS,2024-11-28,110.0
441680.KS,2024-12-27,118.0
441680.KS,2025-01-24,117.0
441680.KS,2025-02-27,114.0
441680.KS,2025-03-28,109.0
441680.KS,2025-04-29,102.0
441680.KS,2025-05-29,98.0
441680.KS,2025-06-27,99.0
441680.KS,2025-07-30,101.0
441680.KS,2025-08-28,101.0
441680.KS,2025-09-29,103.0
441680.KS,2025-10-30,109.0
441680.KS,2025-11-27,111.0
441680.KS,2025-12-29,112.0
441680.KS,2026-01-29,112.0
441680.KS,2026-02-26,110.0
441680.KS,2026-03-30,113.0
441680.KS,2026-04-29,114.0
441680.KS,2026-05-28,117.0
441680.KS,2026-06-29,120.0
441680.KS,2026-07-30,111.0
441680.KS,2026-08-28,108.0
441680.KS,2026-09-29,108.0
0098F0.KS,2026-04-29,58.0
091170.KS,2023-04-27,360.0
091170.KS,2024-04-29,350.0
091170.KS,2024-07-30,30.0
091170.KS,2024-08-29,30.0
091170.KS,2024-09-27,30.0
091170.KS,2024-10-30,30.0
091170.KS,2024-11-28,30.0
091170.KS,2024-12-27,30.0
091170.KS,2025-01-24,30.0
091170.KS,2025-02-27,30.0
091170.KS,2025-03-28,30.0
091170.KS,2025-04-29,30.0
091170.KS,2025-05-29,30.0
091170.KS,2025-06-27,42.0
091170.KS,2025-07-30,42.0
091170.KS,2025-08-28,42.0
091170.KS,2025-09-29,42.0
091170.KS,2025-10-30,42.0
091170.KS,2025-11-27,42.0
091170.KS,2025-12-29,45.0
091170.KS,2026-01-29,45.0
091170.KS,2026-02-26,50.0
091170.KS,2026-03-30,52.0
091170.KS,2026-04-29,59.0
091170.KS,2026-05-28,58.0
091170.KS,2026-06-29,55.0
091170.KS,2026-07-30,60.0
091170.KS,2026-08-28,59.0
091170.KS,2026-09-29,61.0
273140.KS,2025-08-13,238.0
273140.KS,2025-09-12,227.0
273140.KS,2025-10-14,228.0
273140.KS,2025-11-13,233.0
273140.KS,2025-12-12,232.0
273140.KS,2026-01-14,246.0
273140.KS,2026-02-12,238.0
273140.KS,2026-03-12,228.0
273140.KS,2026-04-14,251.0
273140.KS,2026-05-14,241.0
273140.KS,2026-06-12,248.0
273140.KS,2026-07-14,251.0
273140.KS,2026-08-13,262.0
273140.KS,2026-09-14,268.0
461490.KS,2025-12-29,100.0
461490.KS,2026-04-29,13.0
0183V0.KS,2026-05-14,152.0
0183V0.KS,2026-06-12,159.0
0183V0.KS,2026-07-14,160.0
0183V0.KS,2026-08-13,139.0
0183V0.KS,2026-09-14,151.0
423170.KS,2023-04-27,116.0
423170.KS,2024-04-29,160.0
423170.KS,2025-04-29,85.0
423170.KS,2026-04-29,250.0
473290.KS,2025-12-12,195.0
388420.KS,2023-04-27,90.0
388420.KS,2024-04-29,40.0
388420.KS,2025-07-30,50.0
388420.KS,2026-07-30,55.0
439870.KS,2025-12-12,1703.0
196230.KS,2025-12-12,1.458
473330.KS,2024-01-30,102.0
473330.KS,2024-02-28,101.0
473330.KS,2024-03-28,110.0
473330.KS,2024-04-29,98.0
473330.KS,2024-05-30,96.0
473330.KS,2024-06-27,95.0
473330.KS,2024-07-30,112.0
473330.KS,2024-08-29,85.0
473330.KS,2024-09-27,101.0
473330.KS,2024-10-30,84.0
473330.KS,2024-11-28,95.0
473330.KS,2024-12-27,155.0
473330.KS,2025-01-24,81.0
473330.KS,2025-02-27,130.0
473330.KS,2025-04-29,106.0
473330.KS,2025-05-29,125.0
473330.KS,2025-06-27,145.0
473330.KS,2025-07-30,125.0
473330.KS,2025-08-28,85.0
473330.KS,2025-09-29,85.0
473330.KS,2025-10-30,80.0
473330.KS,2025-11-27,130.0
473330.KS,2025-12-29,115.0
473330.KS,2026-01-29,75.0
473330.KS,2026-02-26,75.0
473330.KS,2026-03-30,77.0
473330.KS,2026-04-29,95.0
473330.KS,2026-05-28,75.0
473330.KS,2026-06-29,85.0
473330.KS,2026-07-30,65.0
473330.KS,2026-08-28,60.0
473330.KS,2026-09-29,60.0
213610.KS,2023-04-27,136.0
213610.KS,2024-04-29,120.0
213610.KS,2025-04-29,173.0
213610.KS,2026-04-29,221.0
213610.KS,2026-07-30,3.0
409820.KS,2025-12-29,122.0
123320.KS,2025-12-29,461.0
190620.KS,2023-12-27,3400.0
190620.KS,2024-12-27,3500.0
190620.KS,2025-12-29,2580.0
453870.KS,2023-07-28,15.0
453870.KS,2023-10-30,40.0
453870.KS,2024-01-30,40.0
453870.KS,2024-04-29,25.0
453870.KS,2024-07-30,70.0
453870.KS,2024-10-30,40.0
453870.KS,2025-01-24,40.0
453870.KS,2025-04-29,30.0
453870.KS,2025-07-30,21.0
453870.KS,2025-10-30,35.0
453870.KS,2026-01-29,40.0
453870.KS,2026-04-29,15.0
453870.KS,2026-07-30,50.0
307520.KS,2023-04-27,250.0
307520.KS,2023-10-30,10.0
307520.KS,2024-04-29,316.0
307520.KS,2024-07-30,70.0
307520.KS,2024-10-30,30.0
307520.KS,2025-04-29,215.0
307520.KS,2025-07-30,45.0
307520.KS,2025-10-30,45.0
307520.KS,2026-04-29,183.0
307520.KS,2026-07-30,64.0
364970.KS,2023-04-27,15.0
364970.KS,2024-04-29,14.0
364970.KS,2025-04-29,10.0
364970.KS,2026-04-29,45.0
483340.KS,2025-12-29,79.0
472920.KS,2025-12-29,7368.0
486830.KS,2025-12-29,200.0
495230.KS,2024-12-27,19.0
495230.KS,2025-01-24,21.0
495230.KS,2025-02-27,20.0
495230.KS,2025-04-29,20.0
495230.KS,2025-05-29,21.0
495230.KS,2025-06-27,25.0
495230.KS,2025-07-30,25.0
495230.KS,2025-08-28,25.0
495230.KS,2025-09-29,26.0
495230.KS,2025-10-30,31.0
495230.KS,2025-11-27,32.0
495230.KS,2025-12-29,34.0
495230.KS,2026-01-29,44.0
495230.KS,2026-02-26,53.0
495230.KS,2026-03-30,49.0
495230.KS,2026-04-29,60.0
495230.KS,2026-05-28,76.0
495230.KS,2026-06-29,83.0
495230.KS,2026-07-30,55.0
495230.KS,2026-08-28,61.0
495230.KS,2026-09-29,64.0
117700.KS,2023-04-27,30.0
117700.KS,2024-04-29,35.0
117700.KS,2025-04-29,59.0
117700.KS,2026-04-29,15.0
117700.KS,2026-07-30,19.0
139230.KS,2023-04-27,5.0
139230.KS,2024-04-29,21.0
139230.KS,2025-04-29,50.0
139230.KS,2025-10-30,25.0
139230.KS,2026-07-30,88.0
493810.KS,2024-11-14,135.0
493810.KS,2024-12-12,139.0
493810.KS,2025-01-14,1324.0852
493810.KS,2025-02-13,139.0
493810.KS,2025-03-13,118.0
493810.KS,2025-04-14,115.0
493810.KS,2025-05-14,119.0
493810.KS,2025-06-12,121.0
493810.KS,2025-07-14,128.0
493810.KS,2025-08-13,138.0
493810.KS,2025-09-12,140.0
493810.KS,2025-10-14,150.0
493810.KS,2025-11-13,158.0
493810.KS,2025-12-12,157.0
493810.KS,2026-01-14,154.0
493810.KS,2026-02-12,148.0
493810.KS,2026-03-12,143.0
493810.KS,2026-04-14,143.0
493810.KS,2026-05-14,162.0
493810.KS,2026-06-12,158.0
493810.KS,2026-07-14,155.0
493810.KS,2026-08-13,150.0
493810.KS,2026-09-14,138.0
422420.KS,2023-04-27,50.0
422420.KS,2025-12-29,15.0
422420.KS,2026-07-30,15.0
228790.KS,2023-04-27,15.0
228790.KS,2024-04-29,17.0
228790.KS,2025-04-29,10.0
228790.KS,2025-10-30,9.0
228790.KS,2026-04-29,20.0
0053L0.KS,2025-07-30,12.0
0053L0.KS,2025-10-30,14.0
0053L0.KS,2026-01-29,12.0
0053L0.KS,2026-04-29,12.0
0053L0.KS,2026-07-30,38.0
329650.KS,2025-08-13,23.0
329650.KS,2025-09-12,25.0
329650.KS,2025-10-14,28.0
329650.KS,2025-11-13,26.0
329650.KS,2025-12-12,34.0
329650.KS,2026-01-14,29.0
329650.KS,2026-02-12,26.0
329650.KS,2026-03-12,31.0
329650.KS,2026-04-14,33.0
329650.KS,2026-05-14,31.0
329650.KS,2026-06-12,33.0
329650.KS,2026-07-14,31.0
329650.KS,2026-08-13,31.0
329650.KS,2026-09-14,30.0
0092C0.KS,2025-12-12,340.0
283580.KS,2024-01-30,231.0
283580.KS,2025-01-24,172.0
283580.KS,2025-07-30,142.0
283580.KS,2025-10-30,120.0
283580.KS,2026-01-29,59.0
283580.KS,2026-04-29,42.0
283580.KS,2026-07-30,126.0
363570.KS,2025-12-12,1469.0
472160.KS,2025-12-29,45.0
498270.KS,2025-04-29,11.0
498270.KS,2025-07-30,10.0
498270.KS,2026-01-29,20.0
498270.KS,2026-04-29,12.0
498270.KS,2026-07-30,14.0
0089D0.KS,2025-11-13,28.0
0089D0.KS,2025-12-12,27.0
0089D0.KS,2026-01-14,27.0
0089D0.KS,2026-02-12,27.0
0089D0.KS,2026-03-12,62.0
0089D0.KS,2026-04-14,66.0
0089D0.KS,2026-05-14,67.0
0089D0.KS,2026-06-12,64.0
0089D0.KS,2026-07-14,66.0
0089D0.KS,2026-08-13,62.0
0089D0.KS,2026-09-14,61.0
0104N0.KS,2025-10-14,62.0
0104N0.KS,2025-11-13,71.0
0104N0.KS,2025-12-12,72.0
0104N0.KS,2026-01-14,80.0
0104N0.KS,2026-02-12,92.0
0104N0.KS,2026-03-12,97.0
0104N0.KS,2026-04-14,103.0
0104N0.KS,2026-05-14,137.0
0104N0.KS,2026-06-12,141.0
0104N0.KS,2026-07-14,137.0
0104N0.KS,2026-08-13,112.0
0104N0.KS,2026-09-14,126.0
433500.KS,2023-04-27,120.0
433500.KS,2024-04-29,180.0
433500.KS,2025-04-29,215.0
433500.KS,2026-04-29,280.0
437080.KS,2025-02-27,379.0
437080.KS,2025-03-28,430.0
437080.KS,2025-04-29,401.0
437080.KS,2025-05-29,395.0
437080.KS,2025-06-27,389.0
437080.KS,2025-07-30,369.0
437080.KS,2025-08-28,376.0
437080.KS,2025-09-29,367.0
437080.KS,2025-10-30,355.0
437080.KS,2025-11-27,377.0
437080.KS,2025-12-29,362.0
437080.KS,2026-01-29,372.0
437080.KS,2026-02-26,357.0
437080.KS,2026-03-30,328.0
437080.KS,2026-04-29,384.0
437080.KS,2026-05-28,369.0
437080.KS,2026-06-29,393.0
437080.KS,2026-07-30,375.0
437080.KS,2026-08-28,390.0
437080.KS,2026-09-29,402.0
244580.KS,2024-04-29,40.0
244580.KS,2025-04-29,15.0
0151S0.KS,2026-04-29,12.0
0151S0.KS,2026-07-30,13.0
458260.KS,2023-06-29,69.0
458260.KS,2023-07-28,160.0
458260.KS,2023-08-30,168.0
458260.KS,2023-10-30,245.0
458260.KS,2023-11-29,200.0
458260.KS,2023-12-27,120.0
458260.KS,2024-01-30,184.0
458260.KS,2024-02-28,156.0
458260.KS,2024-03-28,250.0
458260.KS,2024-04-29,212.0
458260.KS,2024-05-30,242.0
458260.KS,2024-06-27,103.0
458260.KS,2024-07-30,156.0
458260.KS,2024-08-29,215.0
458260.KS,2024-09-27,234.0
458260.KS,2024-10-30,200.0
458260.KS,2024-11-28,177.0
458260.KS,2024-12-27,130.0
458260.KS,2025-01-24,145.0
458260.KS,2025-02-27,205.0
458260.KS,2025-03-28,205.0
458260.KS,2025-04-29,205.0
458260.KS,2025-05-29,195.0
458260.KS,2025-06-27,195.0
458260.KS,2025-07-30,150.0
458260.KS,2025-08-28,200.0
458260.KS,2025-09-29,215.0
458260.KS,2025-10-30,191.0
458260.KS,2025-11-27,220.0
458260.KS,2025-12-29,180.0
458260.KS,2026-01-29,170.0
458260.KS,2026-02-26,196.0
458260.KS,2026-03-30,224.0
458260.KS,2026-04-29,150.0
458260.KS,2026-05-28,210.0
458260.KS,2026-06-29,175.0
458260.KS,2026-07-30,175.0
458260.KS,2026-08-28,175.0
458260.KS,2026-09-29,240.0
452360.KS,2023-04-27,21.0
452360.KS,2023-05-30,31.0
452360.KS,2023-06-29,32.0
452360.KS,2023-07-28,26.0
452360.KS,2023-08-30,33.0
452360.KS,2023-10-30,27.0
452360.KS,2023-11-29,40.0
452360.KS,2023-12-27,31.0
452360.KS,2024-01-30,29.0
452360.KS,2024-02-28,31.0
452360.KS,2024-03-28,25.0
452360.KS,2024-04-29,34.0
452360.KS,2024-05-30,40.0
452360.KS,2024-06-27,39.0
452360.KS,2024-07-30,36.0
452360.KS,2024-08-29,36.0
452360.KS,2024-09-27,31.0
452360.KS,2024-10-30,33.0
452360.KS,2024-11-28,45.0
452360.KS,2024-12-27,33.0
452360.KS,2025-01-24,40.0
452360.KS,2025-02-27,30.0
452360.KS,2025-03-28,34.0
452360.KS,2025-04-29,25.0
452360.KS,2025-05-29,29.0
452360.KS,2025-06-27,32.0
452360.KS,2025-07-30,27.0
452360.KS,2025-08-28,31.0
452360.KS,2025-09-29,34.0
452360.KS,2025-10-30,32.0
452360.KS,2025-11-27,32.0
452360.KS,2025-12-29,34.0
452360.KS,2026-01-29,28.0
452360.KS,2026-02-26,33.0
452360.KS,2026-03-30,30.0
452360.KS,2026-04-29,28.0
452360.KS,2026-05-28,29.0
452360.KS,2026-06-29,36.0
452360.KS,2026-07-30,31.0
452360.KS,2026-08-28,26.0
452360.KS,2026-09-29,36.0
488980.KS,2025-12-12,1255.0
0119H0.KS,2025-12-12,49.0
442320.KS,2025-12-29,78.0
442320.KS,2026-07-30,86.0
0233J0.KS,2026-09-29,7.0
266160.KS,2023-01-30,30.0
266160.KS,2023-04-27,365.0
266160.KS,2023-07-28,50.0
266160.KS,2023-10-30,56.0
266160.KS,2024-01-30,20.0
266160.KS,2024-04-29,405.0
266160.KS,2024-07-30,75.0
266160.KS,2025-01-24,90.0
266160.KS,2025-04-29,160.0
266160.KS,2025-07-30,400.0
266160.KS,2025-10-30,55.0
266160.KS,2026-01-29,90.0
266160.KS,2026-04-29,400.0
266160.KS,2026-07-30,80.0
157500.KS,2023-04-27,130.0
157500.KS,2023-07-28,5.0
157500.KS,2024-04-29,178.0
157500.KS,2025-04-29,265.0
157500.KS,2026-07-30,443.0
305080.KS,2025-11-27,65.0
0093A0.KS,2025-12-29,5.0
0093A0.KS,2026-04-29,10.0
478150.KS,2025-12-29,85.0
490090.KS,2025-12-29,37.0
448540.KS,2025-12-29,233.0
0153K0.KS,2026-03-12,32.0
0153K0.KS,2026-04-14,33.0
0153K0.KS,2026-05-14,40.0
0153K0.KS,2026-06-12,42.0
0153K0.KS,2026-07-14,44.0
0153K0.KS,2026-08-13,46.0
0153K0.KS,2026-09-14,47.0
480040.KS,2024-05-13,92.0
480040.KS,2024-06-13,157.0
480040.KS,2024-07-12,158.0
480040.KS,2024-08-13,125.0
480040.KS,2024-09-12,120.0
480040.KS,2024-10-14,133.0
480040.KS,2024-11-14,146.0
480040.KS,2025-01-14,133.0
480040.KS,2025-02-13,128.0
480040.KS,2025-03-13,111.0
480040.KS,2025-04-14,95.0
480040.KS,2025-05-14,110.0
480040.KS,2025-06-12,115.0
480040.KS,2025-07-14,124.0
480040.KS,2025-08-13,124.0
480040.KS,2025-09-12,125.0
480040.KS,2025-10-14,141.0
480040.KS,2025-11-13,157.0
480040.KS,2025-12-12,163.0
480040.KS,2026-01-14,168.0
480040.KS,2026-02-12,176.0
480040.KS,2026-03-12,167.0
480040.KS,2026-04-14,187.0
480040.KS,2026-05-14,243.0
480040.KS,2026-06-12,612.0
480040.KS,2026-07-14,569.0
480040.KS,2026-08-13,466.0
480040.KS,2026-09-14,433.0
486450.KS,2025-04-29,61.0
486450.KS,2026-04-29,120.0
267770.KS,2025-12-29,295.0
0005A0.KS,2025-01-24,114.0
0005A0.KS,2025-02-27,90.0
0005A0.KS,2025-04-29,105.0
0005A0.KS,2025-05-29,108.0
0005A0.KS,2025-06-27,110.0
0005A0.KS,2025-07-30,115.0
0005A0.KS,2025-08-28,116.0
0005A0.KS,2025-09-29,119.0
0005A0.KS,2025-10-30,120.0
0005A0.KS,2025-11-27,122.0
0005A0.KS,2025-12-29,125.0
0005A0.KS,2026-01-29,123.0
0005A0.KS,2026-02-26,119.0
0005A0.KS,2026-03-30,121.0
0005A0.KS,2026-04-29,124.0
0005A0.KS,2026-05-28,131.0
0005A0.KS,2026-06-29,132.0
0005A0.KS,2026-07-30,126.0
0005A0.KS,2026-08-28,119.0
0005A0.KS,2026-09-29,119.0
0005G0.KS,2025-04-29,24.0
0005G0.KS,2025-07-30,16.0
0005G0.KS,2025-10-30,17.0
0005G0.KS,2026-01-29,12.0
0005G0.KS,2026-04-29,66.0
0005G0.KS,2026-07-30,11.0
0069M0.KS,2025-09-12,6.0
0069M0.KS,2025-12-12,17.0
0069M0.KS,2026-03-12,15.0
0069M0.KS,2026-06-12,21.0
0069M0.KS,2026-09-14,14.0
302190.KS,2023-12-27,370.0
302190.KS,2024-12-27,800.0
302190.KS,2025-11-27,515.0
0190G0.KS,2026-05-28,83.0
0190G0.KS,2026-06-29,82.0
0190G0.KS,2026-07-30,66.0
0190G0.KS,2026-08-28,66.0
0190G0.KS,2026-09-29,68.0
433980.KS,2023-12-27,80.0
433980.KS,2024-04-29,75.0
433980.KS,2024-07-30,75.0
433980.KS,2024-10-30,75.0
433980.KS,2025-01-24,75.0
433980.KS,2025-04-29,40.0
433980.KS,2025-07-30,40.0
433980.KS,2025-10-30,50.0
433980.KS,2026-01-29,96.0
433980.KS,2026-04-29,30.0
433980.KS,2026-07-30,103.0
233160.KS,2025-12-29,27.0
0082V0.KS,2025-10-30,8.46
0082V0.KS,2026-01-29,65.0
0082V0.KS,2026-04-29,16.0
0082V0.KS,2026-07-30,79.0
494330.KS,2025-04-29,100.0
494330.KS,2025-07-30,100.0
494330.KS,2025-10-30,100.0
494330.KS,2026-01-29,100.0
494330.KS,2026-04-29,100.0
494330.KS,2026-07-30,100.0
0115D0.KS,2026-04-29,25.0
0091C0.KS,2025-10-14,48.0
0091C0.KS,2025-11-13,31.0
0091C0.KS,2025-12-12,30.0
0091C0.KS,2026-01-14,31.0
0091C0.KS,2026-02-12,32.0
0091C0.KS,2026-03-12,28.0
0091C0.KS,2026-04-14,33.0
0091C0.KS,2026-05-14,32.0
0091C0.KS,2026-06-12,34.0
0091C0.KS,2026-07-14,33.0
0091C0.KS,2026-08-13,34.0
0091C0.KS,2026-09-14,34.0
466930.KS,2024-04-29,311.0
466930.KS,2025-04-29,305.0
466930.KS,2026-04-29,392.0
412570.KS,2025-12-29,10.0
473460.KS,2024-04-29,11.0
473460.KS,2025-04-29,53.0
473460.KS,2025-07-30,13.0
473460.KS,2025-10-30,12.0
473460.KS,2026-01-29,13.0
473460.KS,2026-04-29,12.0
473460.KS,2026-07-30,15.0
414780.KS,2025-12-29,20.0
122090.KS,2023-04-27,500.0
122090.KS,2023-10-30,70.0
122090.KS,2024-04-29,350.0
122090.KS,2024-07-30,70.0
122090.KS,2024-10-30,80.0
122090.KS,2025-01-24,50.0
122090.KS,2025-04-29,300.0
122090.KS,2025-07-30,60.0
122090.KS,2025-10-30,85.0
122090.KS,2026-01-29,100.0
122090.KS,2026-04-29,275.0
122090.KS,2026-07-30,90.0
429000.KS,2023-01-30,15.0
429000.KS,2023-02-27,15.0
429000.KS,2023-03-30,22.0
429000.KS,2023-04-27,30.0
429000.KS,2023-05-30,14.0
429000.KS,2023-06-29,22.0
429000.KS,2023-07-28,17.0
429000.KS,2023-08-30,14.0
429000.KS,2023-10-30,20.0
429000.KS,2023-11-29,15.0
429000.KS,2023-12-27,15.0
429000.KS,2024-01-30,19.0
429000.KS,2024-02-28,15.0
429000.KS,2024-03-28,20.0
429000.KS,2024-04-29,18.0
429000.KS,2024-05-30,20.0
429000.KS,2024-06-27,23.0
429000.KS,2024-07-30,20.0
429000.KS,2024-08-29,20.0
429000.KS,2024-09-27,22.0
429000.KS,2024-10-30,22.0
429000.KS,2024-11-28,25.0
429000.KS,2024-12-27,22.0
429000.KS,2025-01-24,20.0
429000.KS,2025-02-27,23.0
429000.KS,2025-03-28,24.0
429000.KS,2025-04-29,23.0
429000.KS,2025-05-29,22.0
429000.KS,2025-06-27,22.0
429000.KS,2025-07-30,20.0
429000.KS,2025-08-28,22.0
429000.KS,2025-09-29,23.0
429000.KS,2025-10-30,20.0
429000.KS,2025-11-27,20.0
429000.KS,2025-12-29,25.0
429000.KS,2026-01-29,16.0
429000.KS,2026-02-26,24.0
429000.KS,2026-03-30,27.0
429000.KS,2026-04-29,24.0
429000.KS,2026-05-28,24.0
429000.KS,2026-06-29,28.0
429000.KS,2026-07-30,23.0
429000.KS,2026-08-28,20.0
429000.KS,2026-09-29,25.0
461950.KS,2024-04-29,10.0
461950.KS,2025-04-29,31.0
461950.KS,2026-04-29,10.0
461950.KS,2026-07-30,9.0
480020.KS,2024-05-13,91.0
480020.KS,2024-06-13,155.0
480020.KS,2024-07-12,156.0
480020.KS,2024-08-13,132.0
480020.KS,2024-09-12,129.0
480020.KS,2024-10-14,139.0
480020.KS,2024-11-14,167.0
480020.KS,2025-01-14,155.0
480020.KS,2025-02-13,149.0
480020.KS,2025-03-13,130.0
480020.KS,2025-04-14,116.0
480020.KS,2025-05-14,125.0
480020.KS,2025-06-12,129.0
480020.KS,2025-07-14,135.0
480020.KS,2025-08-13,145.0
480020.KS,2025-09-12,148.0
480020.KS,2025-10-14,150.0
480020.KS,2025-11-13,164.0
480020.KS,2025-12-12,166.0
480020.KS,2026-01-14,163.0
480020.KS,2026-02-12,154.0
480020.KS,2026-03-12,151.0
480020.KS,2026-04-14,150.0
480020.KS,2026-05-14,168.0
480020.KS,2026-06-12,389.0
480020.KS,2026-07-14,359.0
480020.KS,2026-08-13,335.0
480020.KS,2026-09-14,301.0
0099L0.KS,2025-11-27,744.0
403790.KS,2025-12-29,72.0
483290.KS,2024-06-27,101.0
483290.KS,2024-07-30,104.0
483290.KS,2024-08-29,102.0
483290.KS,2024-09-27,101.0
483290.KS,2024-10-30,105.0
483290.KS,2024-11-28,109.0
483290.KS,2024-12-27,106.0
483290.KS,2025-01-24,106.0
483290.KS,2025-02-27,106.0
483290.KS,2025-04-29,96.0
483290.KS,2025-05-29,89.0
483290.KS,2025-06-27,92.0
483290.KS,2025-07-30,90.0
483290.KS,2025-08-28,93.0
483290.KS,2025-09-29,90.0
483290.KS,2025-10-30,92.0
483290.KS,2025-11-27,93.0
483290.KS,2025-12-29,96.0
483290.KS,2026-01-29,98.0
483290.KS,2026-02-26,106.0
483290.KS,2026-03-30,108.0
483290.KS,2026-04-29,107.0
483290.KS,2026-05-28,110.0
483290.KS,2026-06-29,109.0
483290.KS,2026-07-30,133.0
483290.KS,2026-08-28,104.0
483290.KS,2026-09-29,99.0
476450.KS,2025-12-29,1454.0
0047A0.KS,2025-07-30,18.0
0047A0.KS,2025-10-30,30.0
0040X0.KS,2025-05-29,150.0
0040X0.KS,2025-06-27,150.0
0040X0.KS,2025-07-30,150.0
0040X0.KS,2025-08-28,150.0
0040X0.KS,2025-09-29,150.0
0040X0.KS,2025-10-30,250.0
0040X0.KS,2025-11-27,250.0
0040X0.KS,2025-12-29,250.0
0040X0.KS,2026-01-29,225.0
0040X0.KS,2026-02-26,205.0
0040X0.KS,2026-03-30,210.0
0040X0.KS,2026-04-29,175.0
0040X0.KS,2026-05-28,150.0
0040X0.KS,2026-06-29,147.0
0040X0.KS,2026-07-30,141.0
0040X0.KS,2026-08-28,143.0
0040X0.KS,2026-09-29,140.0
0005D0.KS,2025-12-29,13.0
337160.KS,2023-04-27,405.0
337160.KS,2024-04-29,250.0
337160.KS,2025-04-29,305.0
337160.KS,2026-01-29,23.0
337160.KS,2026-04-29,300.0
337160.KS,2026-07-30,80.0
272560.KS,2025-12-12,1.476
354500.KS,2025-04-29,40.0
354500.KS,2026-04-29,50.0
491820.KS,2025-04-29,115.0
491820.KS,2026-04-29,80.0
490600.KS,2024-10-30,135.0
490600.KS,2024-11-28,131.0
490600.KS,2024-12-27,112.0
490600.KS,2025-01-24,111.0
490600.KS,2025-02-27,112.0
490600.KS,2025-04-29,200.0
490600.KS,2025-05-29,155.0
490600.KS,2025-06-27,122.0
490600.KS,2025-07-30,100.0
490600.KS,2025-08-28,116.0
490600.KS,2025-09-29,120.0
490600.KS,2025-10-30,130.0
490600.KS,2025-11-27,120.0
490600.KS,2025-12-29,115.0
490600.KS,2026-01-29,99.0
490600.KS,2026-02-26,103.0
490600.KS,2026-03-30,142.0
490600.KS,2026-04-14,114.0
490600.KS,2026-05-14,157.0
490600.KS,2026-06-12,120.0
490600.KS,2026-07-14,149.0
490600.KS,2026-08-13,120.0
490600.KS,2026-09-14,88.0
237370.KS,2024-10-14,10.0
237370.KS,2024-11-14,11.0
237370.KS,2024-12-12,10.0
237370.KS,2025-01-14,11.0
237370.KS,2025-02-13,12.0
237370.KS,2025-03-13,12.0
237370.KS,2025-04-14,12.0
237370.KS,2025-05-14,10.0
237370.KS,2025-06-12,12.0
237370.KS,2025-07-14,10.0
237370.KS,2025-08-13,18.0
237370.KS,2025-09-12,24.0
237370.KS,2025-10-14,30.0
237370.KS,2025-11-13,36.0
237370.KS,2025-12-12,37.0
237370.KS,2026-01-14,39.0
237370.KS,2026-02-12,40.0
237370.KS,2026-03-12,39.0
237370.KS,2026-04-14,44.0
237370.KS,2026-05-14,35.0
237370.KS,2026-06-12,37.0
237370.KS,2026-07-14,39.0
237370.KS,2026-08-13,40.0
237370.KS,2026-09-14,48.0
480030.KS,2024-05-13,93.0
480030.KS,2024-06-13,132.0
480030.KS,2024-07-12,136.0
480030.KS,2024-08-13,127.0
480030.KS,2024-09-12,125.0
480030.KS,2024-10-14,131.0
480030.KS,2024-11-14,155.0
480030.KS,2025-01-14,139.0
480030.KS,2025-02-13,140.0
480030.KS,2025-03-13,128.0
480030.KS,2025-04-14,116.0
480030.KS,2025-05-14,122.0
480030.KS,2025-06-12,121.0
480030.KS,2025-07-14,126.0
480030.KS,2025-08-13,128.0
480030.KS,2025-09-12,128.0
480030.KS,2025-10-14,131.0
480030.KS,2025-11-13,138.0
480030.KS,2025-12-12,137.0
480030.KS,2026-01-14,139.0
480030.KS,2026-02-12,134.0
480030.KS,2026-03-12,134.0
480030.KS,2026-04-14,133.0
480030.KS,2026-05-14,142.0
480030.KS,2026-06-12,230.0
480030.KS,2026-07-14,224.0
480030.KS,2026-08-13,209.0
480030.KS,2026-09-14,192.0
488720.KS,2025-12-29,590.0
152870.KS,2023-04-27,750.0
152870.KS,2023-10-30,110.0
152870.KS,2024-04-29,550.0
152870.KS,2024-07-30,114.0
152870.KS,2024-10-30,176.0
152870.KS,2025-04-29,520.0
152870.KS,2025-07-30,110.0
152870.KS,2025-10-30,142.0
152870.KS,2026-04-29,730.0
152870.KS,2026-07-30,92.0
438560.KS,2023-12-27,3272.0
438560.KS,2024-12-27,5500.0
438560.KS,2025-12-29,2525.0
471760.KS,2024-04-29,40.0
471760.KS,2025-04-29,115.0
471760.KS,2026-04-29,5.0
472870.KS,2024-04-29,21.0
472870.KS,2024-05-30,21.0
472870.KS,2024-06-27,22.0
472870.KS,2024-07-30,22.0
472870.KS,2024-08-29,24.0
472870.KS,2024-09-27,24.0
472870.KS,2024-10-30,23.0
472870.KS,2024-11-28,22.0
472870.KS,2024-12-27,22.0
472870.KS,2025-01-24,21.0
472870.KS,2025-02-27,21.0
472870.KS,2025-03-28,23.0
472870.KS,2025-04-29,22.0
472870.KS,2025-05-29,21.0
472870.KS,2025-06-27,21.0
472870.KS,2025-07-30,21.0
472870.KS,2025-08-28,21.0
472870.KS,2025-09-29,20.0
472870.KS,2025-10-30,22.0
472870.KS,2025-11-27,21.0
472870.KS,2025-12-29,21.0
472870.KS,2026-01-29,20.0
472870.KS,2026-02-26,20.0
472870.KS,2026-03-30,20.0
472870.KS,2026-04-29,19.0
472870.KS,2026-05-28,20.0
472870.KS,2026-06-29,20.0
472870.KS,2026-07-30,18.0
472870.KS,2026-08-28,17.0
472870.KS,2026-09-29,16.0
200250.KS,2025-12-29,2.0
160580.KS,2025-12-29,2.0
457990.KS,2024-04-29,30.0
457990.KS,2025-04-29,100.0
457990.KS,2026-04-29,190.0
0151P0.KS,2026-07-30,30.0
394670.KS,2025-12-29,10.0
458210.KS,2025-12-29,16.0
219480.KS,2025-12-29,245.0
138520.KS,2023-04-27,190.0
138520.KS,2023-10-30,10.0
138520.KS,2024-04-29,200.0
138520.KS,2024-10-30,10.0
138520.KS,2025-04-29,210.0
138520.KS,2025-10-30,20.0
138520.KS,2026-04-29,185.0
0104H0.KS,2025-12-29,33.0
491610.KS,2025-11-13,742.0
0199C0.KS,2026-06-29,168.0
0199C0.KS,2026-07-30,175.0
0199C0.KS,2026-08-28,168.0
0199C0.KS,2026-09-29,157.0
481180.KS,2025-04-29,21.0
481180.KS,2026-04-29,5.0
0051G0.KS,2025-12-29,27.0
0051G0.KS,2026-04-29,30.0
0127M0.KS,2025-12-29,14.0
0127M0.KS,2026-01-29,18.0
0127M0.KS,2026-04-29,41.0
0127M0.KS,2026-07-30,45.0
143860.KS,2023-04-27,25.0
143860.KS,2024-04-29,67.0
143860.KS,2025-04-29,10.0
143860.KS,2026-04-29,72.0
0041E0.KS,2025-07-30,22.0
0041E0.KS,2025-10-30,30.0
0041E0.KS,2026-01-29,40.0
0041E0.KS,2026-04-29,30.0
0041E0.KS,2026-07-30,20.0
495330.KS,2024-12-27,23.0
495330.KS,2025-01-24,23.0
495330.KS,2025-02-27,23.0
495330.KS,2025-04-29,23.0
495330.KS,2025-05-29,23.0
495330.KS,2025-06-27,90.0
495330.KS,2025-07-30,3.0
495330.KS,2025-08-28,16.0
495330.KS,2025-09-29,28.0
495330.KS,2025-10-30,14.0
495330.KS,2025-11-27,22.0
495330.KS,2026-01-29,10.0
495330.KS,2026-02-26,17.0
495330.KS,2026-03-30,81.0
495330.KS,2026-04-29,31.0
495330.KS,2026-05-28,41.0
495330.KS,2026-06-29,54.0
495330.KS,2026-07-30,15.0
495330.KS,2026-08-28,40.0
495330.KS,2026-09-29,30.0
0085P0.KS,2025-08-28,32.0
0085P0.KS,2025-09-29,30.0
0085P0.KS,2025-10-30,34.0
0085P0.KS,2025-11-27,33.0
0085P0.KS,2025-12-29,33.0
0085P0.KS,2026-01-29,32.0
0085P0.KS,2026-02-26,30.0
0085P0.KS,2026-03-30,30.0
0085P0.KS,2026-04-29,30.0
0085P0.KS,2026-05-28,30.0
0085P0.KS,2026-06-29,32.0
0085P0.KS,2026-07-30,31.0
0085P0.KS,2026-08-28,31.0
0085P0.KS,2026-09-29,30.0
476030.KS,2024-07-30,15.0
476030.KS,2024-10-30,25.0
476030.KS,2025-01-24,25.0
476030.KS,2025-04-29,16.0
476030.KS,2025-07-30,20.0
476030.KS,2025-10-30,18.0
476030.KS,2026-01-29,19.0
476030.KS,2026-04-29,22.0
476030.KS,2026-07-30,17.0
0048K0.KS,2025-07-30,33.0
0048K0.KS,2025-10-30,6.0
0048K0.KS,2026-01-29,8.0
0048K0.KS,2026-04-29,21.0
0048K0.KS,2026-07-30,23.0
245340.KS,2023-01-30,15.0
245340.KS,2023-02-27,20.0
245340.KS,2023-03-30,50.0
245340.KS,2023-04-27,20.0
245340.KS,2023-05-30,25.0
245340.KS,2023-06-29,55.0
245340.KS,2023-07-28,24.0
245340.KS,2023-08-30,20.0
245340.KS,2023-10-30,20.0
245340.KS,2023-11-29,35.0
245340.KS,2023-12-27,40.0
245340.KS,2024-01-30,20.0
245340.KS,2024-02-28,20.0
245340.KS,2024-03-28,60.0
245340.KS,2024-04-29,23.0
245340.KS,2024-05-30,45.0
245340.KS,2024-06-27,55.0
245340.KS,2024-07-30,25.0
245340.KS,2024-08-29,36.0
245340.KS,2024-09-27,45.0
245340.KS,2024-10-30,60.0
245340.KS,2024-11-28,35.0
245340.KS,2024-12-27,58.0
245340.KS,2025-01-24,16.0
245340.KS,2025-02-27,37.0
245340.KS,2025-03-28,52.0
245340.KS,2025-04-29,22.0
245340.KS,2025-05-29,37.0
245340.KS,2025-06-27,45.0
245340.KS,2025-07-30,20.0
245340.KS,2025-08-28,40.0
245340.KS,2025-09-29,48.0
245340.KS,2025-10-30,22.0
245340.KS,2025-11-27,36.0
245340.KS,2025-12-29,55.0
245340.KS,2026-01-29,22.0
245340.KS,2026-02-26,40.0
245340.KS,2026-03-30,59.0
245340.KS,2026-04-29,25.0
245340.KS,2026-05-28,47.0
245340.KS,2026-06-29,58.0
245340.KS,2026-07-30,23.0
245340.KS,2026-08-28,35.0
245340.KS,2026-09-29,51.0
451530.KS,2025-11-27,612.0
463680.KS,2023-10-30,10.0
463680.KS,2024-01-30,15.0
463680.KS,2024-04-29,10.0
463680.KS,2024-07-30,10.0
463680.KS,2024-10-30,12.0
463680.KS,2025-01-24,14.0
463680.KS,2025-04-29,23.0
463680.KS,2025-07-30,22.0
463680.KS,2025-10-30,23.0
463680.KS,2026-01-29,30.0
463680.KS,2026-04-29,26.0
463680.KS,2026-07-30,23.0
325010.KS,2023-04-27,122.0
325010.KS,2024-04-29,80.0
325010.KS,2025-04-29,153.0
325010.KS,2026-04-29,70.0
325010.KS,2026-07-30,4.0
411420.KS,2025-01-24,15.0
411420.KS,2025-07-30,10.0
411420.KS,2025-10-30,9.0
411420.KS,2026-01-29,11.0
411420.KS,2026-04-29,9.0
411420.KS,2026-07-30,35.0
139220.KS,2023-04-27,30.0
139220.KS,2024-04-29,38.0
139220.KS,2025-04-29,50.0
139220.KS,2026-04-29,65.0
0092B0.KS,2025-12-29,5.0
0092B0.KS,2026-04-29,25.0
461500.KS,2025-10-30,3500.0
463290.KS,2025-12-29,1819.0
448100.KS,2023-05-30,40.0
448100.KS,2023-06-29,40.0
448100.KS,2023-07-28,40.0
448100.KS,2023-08-30,40.0
448100.KS,2023-10-30,40.0
448100.KS,2023-11-29,40.0
448100.KS,2023-12-27,40.0
448100.KS,2024-01-30,40.0
448100.KS,2024-02-28,40.0
448100.KS,2024-04-01,50.0
448100.KS,2024-04-29,50.0
448100.KS,2024-05-30,50.0
448100.KS,2024-06-27,50.0
448100.KS,2024-07-30,50.0
448100.KS,2024-08-29,50.0
448100.KS,2024-09-27,50.0
448100.KS,2024-10-30,50.0
448100.KS,2024-11-28,50.0
448100.KS,2024-12-27,50.0
448100.KS,2025-01-24,50.0
448100.KS,2025-02-27,60.0
448100.KS,2025-03-28,60.0
448100.KS,2025-04-29,60.0
448100.KS,2025-05-29,60.0
448100.KS,2025-06-27,70.0
448100.KS,2025-07-30,50.0
448100.KS,2025-08-28,50.0
448100.KS,2025-09-29,50.0
448100.KS,2025-10-30,60.0
448100.KS,2025-11-27,60.0
448100.KS,2025-12-29,60.0
448100.KS,2026-01-29,60.0
448100.KS,2026-02-26,60.0
448100.KS,2026-03-30,60.0
448100.KS,2026-04-29,60.0
448100.KS,2026-05-28,60.0
448100.KS,2026-06-29,60.0
448100.KS,2026-07-30,70.0
448100.KS,2026-08-28,70.0
448100.KS,2026-09-29,70.0
447620.KS,2023-04-27,2.0
447620.KS,2024-04-29,8.0
447620.KS,2025-04-29,9.0
447620.KS,2026-04-29,65.0
377990.KS,2023-04-27,40.0
377990.KS,2024-04-29,52.0
377990.KS,2025-04-29,55.0
377990.KS,2026-07-30,180.0
0000Y0.KS,2025-12-29,3100.0
438570.KS,2023-12-27,3226.0
438570.KS,2024-12-27,3500.0
438570.KS,2025-12-29,3280.0
469170.KS,2024-04-29,45.0
469170.KS,2024-07-30,10.0
469170.KS,2024-10-30,12.0
469170.KS,2025-01-24,8.0
469170.KS,2025-04-29,40.0
469170.KS,2025-07-30,7.0
469170.KS,2025-10-30,10.0
469170.KS,2026-01-29,13.0
469170.KS,2026-04-29,40.0
469170.KS,2026-07-30,8.0
0123G0.KS,2025-12-29,4.0
114820.KS,2023-03-08,521.0
114820.KS,2023-06-07,1287.0
114820.KS,2023-09-07,567.0
114820.KS,2023-12-07,1220.0
114820.KS,2024-03-07,518.0
114820.KS,2024-06-05,1205.0
114820.KS,2024-12-06,1246.0
114820.KS,2025-03-06,1050.0
114820.KS,2025-06-05,1771.0
114820.KS,2025-09-08,459.0
114820.KS,2025-11-27,553.0
192090.KS,2023-12-27,60.0
192090.KS,2024-12-27,80.0
192090.KS,2025-12-29,310.0
399110.KS,2023-01-30,29.0
399110.KS,2023-04-27,30.0
399110.KS,2023-07-28,29.0
399110.KS,2023-10-30,27.0
399110.KS,2024-01-30,33.0
399110.KS,2024-04-29,31.0
399110.KS,2024-07-30,35.0
399110.KS,2024-10-30,33.0
399110.KS,2025-01-24,36.0
399110.KS,2025-04-29,36.0
399110.KS,2025-07-30,44.0
399110.KS,2025-10-30,44.0
399110.KS,2026-01-29,48.0
399110.KS,2026-04-29,48.0
399110.KS,2026-07-30,46.0
326240.KS,2023-04-27,80.0
326240.KS,2024-04-29,30.0
326240.KS,2025-04-29,60.0
326240.KS,2026-04-29,100.0
0000J0.KS,2025-04-29,60.0
0000J0.KS,2026-04-29,50.0
491230.KS,2025-12-12,627.0
266370.KS,2023-04-27,120.0
266370.KS,2024-04-29,75.0
266370.KS,2025-04-29,197.0
266370.KS,2026-04-29,51.0
475310.KS,2025-04-29,26.0
475310.KS,2026-04-29,5.0
304940.KS,2025-12-29,228.0
367770.KS,2023-04-27,18.0
367770.KS,2024-04-29,80.0
367770.KS,2025-04-29,85.0
367770.KS,2026-04-29,100.0
319640.KS,2025-12-29,272.0
182480.KS,2023-01-30,40.0
182480.KS,2023-02-27,40.0
182480.KS,2023-03-30,40.0
182480.KS,2023-04-27,40.0
182480.KS,2023-05-30,40.0
182480.KS,2023-06-29,40.0
182480.KS,2023-07-28,50.0
182480.KS,2023-08-30,45.0
182480.KS,2023-10-30,45.0
182480.KS,2023-11-29,40.0
182480.KS,2023-12-27,60.0
182480.KS,2024-01-30,50.0
182480.KS,2024-02-28,40.0
182480.KS,2024-03-28,50.0
182480.KS,2024-04-29,40.0
182480.KS,2024-05-30,40.0
182480.KS,2024-06-27,50.0
182480.KS,2024-07-30,50.0
182480.KS,2024-08-29,40.0
182480.KS,2024-09-27,55.0
182480.KS,2024-10-30,40.0
182480.KS,2024-11-28,40.0
182480.KS,2024-12-27,40.0
182480.KS,2025-01-24,40.0
182480.KS,2025-02-27,35.0
182480.KS,2025-03-28,43.0
182480.KS,2025-04-29,35.0
182480.KS,2025-05-29,23.0
182480.KS,2025-06-27,45.0
182480.KS,2025-07-30,42.0
182480.KS,2025-08-28,23.0
182480.KS,2025-09-29,46.0
182480.KS,2025-10-30,45.0
182480.KS,2025-11-27,20.0
182480.KS,2025-12-29,50.0
182480.KS,2026-01-29,42.0
182480.KS,2026-02-26,10.0
182480.KS,2026-03-30,50.0
182480.KS,2026-04-29,50.0
182480.KS,2026-05-28,19.0
182480.KS,2026-06-29,46.0
182480.KS,2026-07-30,46.0
182480.KS,2026-08-28,20.0
182480.KS,2026-09-29,45.0
455860.KS,2024-04-29,5.0
455860.KS,2025-04-29,5.0
455860.KS,2026-04-29,16.0
0036R0.KS,2025-12-29,21.0
0036R0.KS,2026-07-30,39.0
476850.KS,2024-04-29,47.0
476850.KS,2024-07-30,83.0
476850.KS,2024-10-30,67.0
476850.KS,2025-01-24,240.0
476850.KS,2025-04-29,140.0
476850.KS,2025-07-30,288.0
476850.KS,2025-10-30,200.0
476850.KS,2026-01-29,417.0
476850.KS,2026-03-30,90.0
476850.KS,2026-04-29,107.0
476850.KS,2026-05-28,125.0
476850.KS,2026-06-29,136.0
476850.KS,2026-07-30,290.0
476850.KS,2026-08-28,108.0
476850.KS,2026-09-29,113.0
488500.KS,2024-10-30,19.0
488500.KS,2025-01-24,50.0
488500.KS,2025-04-29,43.0
488500.KS,2025-07-30,41.0
488500.KS,2025-10-30,44.0
488500.KS,2026-01-29,42.0
488500.KS,2026-04-29,48.0
488500.KS,2026-07-30,49.0
496090.KS,2025-04-29,180.0
496090.KS,2025-07-30,15.0
496090.KS,2025-10-30,40.0
496090.KS,2026-01-29,60.0
496090.KS,2026-04-29,150.0
496090.KS,2026-07-30,50.0
0137V0.KS,2026-01-29,10.0
0137V0.KS,2026-04-29,23.0
0137V0.KS,2026-07-30,16.0
0132K0.KS,2025-12-12,25.0
0132K0.KS,2026-01-14,212.0
0132K0.KS,2026-02-12,200.0
0132K0.KS,2026-03-12,195.0
0132K0.KS,2026-04-14,180.0
0132K0.KS,2026-05-14,187.0
0132K0.KS,2026-06-12,178.0
0132K0.KS,2026-07-14,177.0
0132K0.KS,2026-08-13,161.0
0132K0.KS,2026-09-14,160.0
309230.KS,2024-04-29,90.0
309230.KS,2024-07-30,100.0
309230.KS,2024-10-30,100.0
309230.KS,2025-01-24,110.0
309230.KS,2025-04-29,72.0
309230.KS,2025-07-30,40.0
309230.KS,2025-10-30,70.0
309230.KS,2026-01-29,100.0
309230.KS,2026-04-29,90.0
309230.KS,2026-07-30,98.0
0138Y0.KS,2025-12-29,2.0
464310.KS,2025-12-29,89.0
203780.KS,2023-12-27,30.0
203780.KS,2024-12-27,10.0
203780.KS,2025-12-29,160.0
0122W0.KS,2025-12-12,135.0
464930.KS,2025-12-29,150.0
0080Y0.KS,2025-12-29,15.0
372330.KS,2023-07-28,8.0
372330.KS,2024-01-30,10.0
372330.KS,2024-07-30,20.0
372330.KS,2025-01-24,8.0
372330.KS,2025-07-30,52.0
372330.KS,2025-10-30,11.0
372330.KS,2026-01-29,8.0
372330.KS,2026-04-29,6.0
372330.KS,2026-07-30,51.0
465610.KS,2025-12-29,470.0
458030.KS,2025-12-29,604.0
168580.KS,2025-12-29,775.0
475050.KS,2025-04-29,5.0
475050.KS,2026-04-29,60.0
486240.KS,2025-04-29,63.0
486240.KS,2026-04-29,82.0
0162L0.KS,2026-04-29,6.0
0162L0.KS,2026-07-30,17.0
0142D0.KS,2025-12-29,2.0
394660.KS,2025-12-29,141.0
0198A0.KS,2026-07-30,175.0
0198A0.KS,2026-08-28,225.0
0198A0.KS,2026-09-29,215.0
461460.KS,2025-12-12,681.0
453080.KS,2025-04-29,50.0
453080.KS,2025-07-30,25.0
453080.KS,2025-10-30,26.0
453080.KS,2026-01-29,26.0
453080.KS,2026-04-29,29.0
453080.KS,2026-07-30,30.0
473440.KS,2025-11-27,167.0
433970.KS,2023-12-27,50.0
433970.KS,2024-04-29,85.0
433970.KS,2024-07-30,80.0
433970.KS,2024-10-30,80.0
433970.KS,2025-01-24,80.0
433970.KS,2025-04-29,50.0
433970.KS,2025-07-30,50.0
433970.KS,2025-10-30,60.0
433970.KS,2026-01-29,88.0
433970.KS,2026-04-29,32.0
433970.KS,2026-07-30,66.0
0008T0.KS,2025-12-29,17.0
0008T0.KS,2026-04-29,72.0
195980.KS,2025-12-29,5.0
0035T0.KS,2025-12-29,89.0
0035T0.KS,2026-04-29,40.0
479620.KS,2025-04-29,46.0
479620.KS,2026-04-29,40.0
308620.KS,2025-12-29,160.0
143850.KS,2025-12-29,785.0
298770.KS,2023-04-27,21.0
298770.KS,2023-07-28,150.0
298770.KS,2023-10-30,130.0
298770.KS,2024-01-30,17.0
298770.KS,2024-04-29,72.0
298770.KS,2024-07-30,35.0
298770.KS,2024-10-30,209.0
298770.KS,2025-01-24,12.0
298770.KS,2025-04-29,11.0
298770.KS,2025-07-30,140.0
298770.KS,2025-10-30,240.0
298770.KS,2026-01-29,65.0
298770.KS,2026-04-29,102.0
298770.KS,2026-07-30,109.0
0007N0.KS,2026-04-29,1200.0
0007N0.KS,2026-07-30,150.0
0052T0.KS,2025-11-13,620.0
269540.KS,2023-04-27,220.0
269540.KS,2024-04-29,100.0
269540.KS,2025-04-29,255.0
269540.KS,2026-04-29,70.0
325020.KS,2023-01-30,34.0
325020.KS,2023-04-27,319.0
325020.KS,2023-07-28,34.0
325020.KS,2023-10-30,56.0
325020.KS,2024-01-30,50.0
325020.KS,2024-04-29,390.0
325020.KS,2024-07-30,128.0
325020.KS,2024-10-30,55.0
325020.KS,2025-01-24,50.0
325020.KS,2025-04-29,90.0
325020.KS,2025-07-30,143.0
325020.KS,2025-10-30,158.0
325020.KS,2026-01-29,191.0
325020.KS,2026-04-29,335.0
325020.KS,2026-07-30,156.0
454320.KS,2024-04-29,90.0
454320.KS,2025-04-29,140.0
454320.KS,2026-04-29,80.0
114100.KS,2023-03-08,560.0
114100.KS,2023-06-07,1250.0
114100.KS,2023-09-07,520.0
114100.KS,2023-12-07,1260.0
114100.KS,2024-03-07,720.0
114100.KS,2024-06-05,1030.0
114100.KS,2024-09-06,670.0
114100.KS,2024-12-06,1120.0
114100.KS,2025-03-06,650.0
114100.KS,2025-06-05,1100.0
114100.KS,2025-09-08,665.0
114100.KS,2025-12-08,757.0
114100.KS,2026-03-06,546.0
114100.KS,2026-06-08,942.0
114100.KS,2026-09-08,592.0
0066W0.KS,2025-12-29,3.0
444490.KS,2025-10-30,57.0
468380.KS,2023-11-29,52.0
468380.KS,2023-12-27,44.0
468380.KS,2024-01-30,53.0
468380.KS,2024-02-28,61.0
468380.KS,2024-03-28,61.0
468380.KS,2024-04-29,65.0
468380.KS,2024-05-30,61.0
468380.KS,2024-06-27,59.0
468380.KS,2024-07-30,60.0
468380.KS,2024-08-29,52.0
468380.KS,2024-09-27,57.0
468380.KS,2024-10-30,58.0
468380.KS,2024-11-28,61.0
468380.KS,2024-12-27,65.0
468380.KS,2025-01-24,66.0
468380.KS,2025-02-27,65.0
468380.KS,2025-04-29,63.0
468380.KS,2025-05-29,58.0
468380.KS,2025-06-27,59.0
468380.KS,2025-07-30,59.0
468380.KS,2025-08-28,60.0
468380.KS,2025-09-29,62.0
468380.KS,2025-10-30,62.0
468380.KS,2025-11-27,63.0
468380.KS,2025-12-29,68.0
468380.KS,2026-01-29,73.0
468380.KS,2026-02-26,64.0
468380.KS,2026-03-30,59.0
468380.KS,2026-04-29,71.0
468380.KS,2026-05-28,61.0
468380.KS,2026-06-29,65.0
468380.KS,2026-07-30,65.0
468380.KS,2026-08-28,63.0
468380.KS,2026-09-29,60.0
495040.KS,2025-01-14,20.0
495040.KS,2025-02-13,4.0
495040.KS,2025-03-13,80.0
495040.KS,2025-04-14,50.0
495040.KS,2025-05-14,20.0
495040.KS,2025-06-12,25.0
495040.KS,2025-07-14,20.0
495040.KS,2025-08-13,20.0
495040.KS,2025-09-12,20.0
495040.KS,2025-10-14,20.0
495040.KS,2025-11-13,20.0
495040.KS,2025-12-12,20.0
495040.KS,2026-01-14,20.0
495040.KS,2026-02-12,20.0
495040.KS,2026-03-12,20.0
495040.KS,2026-04-14,20.0
495040.KS,2026-05-14,20.0
495040.KS,2026-06-12,20.0
495040.KS,2026-07-14,45.0
495040.KS,2026-08-13,45.0
495040.KS,2026-09-14,45.0
211900.KS,2023-04-27,450.0
211900.KS,2024-04-29,510.0
211900.KS,2025-04-29,635.0
211900.KS,2025-09-29,30.0
211900.KS,2025-10-30,30.0
211900.KS,2025-11-27,30.0
211900.KS,2025-12-29,30.0
211900.KS,2026-01-29,24.0
211900.KS,2026-02-26,24.0
211900.KS,2026-03-30,30.0
211900.KS,2026-04-29,449.0
211900.KS,2026-05-28,24.0
211900.KS,2026-06-29,24.0
211900.KS,2026-07-30,24.0
211900.KS,2026-08-28,24.0
211900.KS,2026-09-29,24.0
329670.KS,2025-08-13,32.0
329670.KS,2025-09-12,34.0
329670.KS,2025-10-14,35.0
329670.KS,2025-11-13,35.0
329670.KS,2025-12-12,35.0
329670.KS,2026-01-14,32.0
329670.KS,2026-02-12,32.0
329670.KS,2026-03-12,31.0
329670.KS,2026-04-14,33.0
329670.KS,2026-05-14,34.0
329670.KS,2026-06-12,37.0
329670.KS,2026-07-14,35.0
329670.KS,2026-08-13,32.0
329670.KS,2026-09-14,32.0
453330.KS,2023-04-27,10.0
453330.KS,2023-05-30,10.0
453330.KS,2023-06-29,12.0
453330.KS,2023-07-28,12.0
453330.KS,2023-08-30,12.0
453330.KS,2023-10-30,13.0
453330.KS,2023-11-29,13.0
453330.KS,2023-12-27,13.0
453330.KS,2024-01-30,15.0
453330.KS,2024-02-28,15.0
453330.KS,2024-03-28,16.0
453330.KS,2024-04-29,16.0
453330.KS,2024-05-30,16.0
453330.KS,2024-06-27,16.0
453330.KS,2024-07-30,15.0
453330.KS,2024-08-29,15.0
453330.KS,2024-09-27,15.0
453330.KS,2024-10-30,16.0
453330.KS,2024-11-28,15.0
453330.KS,2024-12-27,15.0
453330.KS,2025-01-24,15.0
453330.KS,2025-02-27,14.0
453330.KS,2025-03-28,13.0
453330.KS,2025-04-29,13.0
453330.KS,2025-05-29,14.0
453330.KS,2025-06-27,15.0
453330.KS,2025-07-30,15.0
453330.KS,2025-08-28,15.0
453330.KS,2025-09-29,15.0
453330.KS,2025-10-30,15.0
453330.KS,2025-11-27,15.0
453330.KS,2025-12-29,16.0
453330.KS,2026-01-29,15.0
453330.KS,2026-02-26,16.0
453330.KS,2026-03-30,15.0
453330.KS,2026-04-29,15.0
453330.KS,2026-05-28,15.0
453330.KS,2026-06-29,16.0
453330.KS,2026-07-30,15.0
453330.KS,2026-08-28,15.0
453330.KS,2026-09-29,15.0
475280.KS,2025-11-27,128.0
485690.KS,2025-12-29,45.0
485690.KS,2026-07-30,30.0
329660.KS,2025-08-13,28.0
329660.KS,2025-09-12,30.0
329660.KS,2025-10-14,31.0
329660.KS,2025-11-13,31.0
329660.KS,2025-12-12,33.0
329660.KS,2026-01-14,27.0
329660.KS,2026-02-12,27.0
329660.KS,2026-03-12,28.0
329660.KS,2026-04-14,30.0
329660.KS,2026-05-14,33.0
329660.KS,2026-06-12,38.0
329660.KS,2026-07-14,37.0
329660.KS,2026-08-13,33.0
329660.KS,2026-09-14,32.0
0017Y0.KS,2025-11-13,1065.0
460960.KS,2023-08-30,90.0
460960.KS,2023-10-30,73.0
460960.KS,2023-11-29,60.0
460960.KS,2023-12-27,70.0
460960.KS,2024-01-30,64.0
460960.KS,2024-02-28,57.0
460960.KS,2024-03-28,70.0
460960.KS,2024-04-29,61.0
460960.KS,2024-05-30,62.0
460960.KS,2024-06-27,77.0
460960.KS,2024-07-30,71.0
460960.KS,2024-08-29,59.0
460960.KS,2024-09-27,73.0
460960.KS,2024-10-30,62.0
460960.KS,2024-11-28,61.0
460960.KS,2024-12-27,112.0
460960.KS,2025-01-24,89.0
460960.KS,2025-02-27,49.0
460960.KS,2025-03-28,55.0
460960.KS,2025-04-29,50.0
460960.KS,2025-05-29,51.0
460960.KS,2025-06-27,64.0
460960.KS,2025-07-30,51.0
460960.KS,2025-08-28,62.0
460960.KS,2025-09-29,62.0
460960.KS,2025-10-30,63.0
460960.KS,2025-11-27,60.0
460960.KS,2025-12-29,113.0
460960.KS,2026-01-29,64.0
460960.KS,2026-02-26,64.0
460960.KS,2026-03-30,71.0
460960.KS,2026-04-29,72.0
460960.KS,2026-05-28,73.0
460960.KS,2026-06-29,74.0
460960.KS,2026-07-30,70.0
460960.KS,2026-08-28,67.0
460960.KS,2026-09-29,65.0
337140.KS,2023-04-27,250.0
337140.KS,2024-04-29,225.0
337140.KS,2025-04-29,260.0
337140.KS,2026-04-29,214.0
337140.KS,2026-07-30,61.0
108450.KS,2023-04-27,200.0
108450.KS,2024-04-29,230.0
108450.KS,2025-04-29,270.0
108450.KS,2026-04-29,370.0
429760.KS,2023-04-27,130.0
429760.KS,2024-04-29,150.0
429760.KS,2024-07-30,50.0
429760.KS,2024-10-30,50.0
429760.KS,2025-01-24,50.0
429760.KS,2025-04-29,38.0
429760.KS,2025-07-30,40.0
429760.KS,2025-10-30,50.0
429760.KS,2026-01-29,40.0
429760.KS,2026-04-29,52.0
429760.KS,2026-07-30,40.0
449770.KS,2023-04-27,20.0
449770.KS,2023-07-28,40.0
449770.KS,2023-10-30,20.0
449770.KS,2024-01-30,20.0
449770.KS,2024-04-29,30.0
449770.KS,2024-07-30,20.0
449770.KS,2024-10-30,30.0
449770.KS,2025-04-29,95.0
449770.KS,2025-07-30,45.0
449770.KS,2025-10-30,47.0
449770.KS,2026-01-29,63.0
449770.KS,2026-04-29,55.0
449770.KS,2026-07-30,47.0
495750.KS,2025-04-29,165.0
495750.KS,2025-07-30,40.0
495750.KS,2025-10-30,35.0
495750.KS,2026-01-29,30.0
495750.KS,2026-04-29,170.0
495750.KS,2026-07-30,85.0
0018C0.KS,2025-03-13,45.0
0018C0.KS,2025-04-14,114.0
0018C0.KS,2025-05-14,128.0
0018C0.KS,2025-06-12,145.0
0018C0.KS,2025-07-14,155.0
0018C0.KS,2025-08-13,150.0
0018C0.KS,2025-09-12,145.0
0018C0.KS,2025-10-14,140.0
0018C0.KS,2025-11-13,150.0
0018C0.KS,2025-12-12,150.0
0018C0.KS,2026-01-14,145.0
0018C0.KS,2026-02-12,173.0
0018C0.KS,2026-03-12,159.0
0018C0.KS,2026-04-14,163.0
0018C0.KS,2026-05-14,159.0
0018C0.KS,2026-06-12,139.0
0018C0.KS,2026-07-14,138.0
0018C0.KS,2026-08-13,136.0
0018C0.KS,2026-09-14,135.0
490480.KS,2025-04-29,55.0
490480.KS,2026-04-29,11.0
0057H0.KS,2025-10-30,53.0
0057H0.KS,2025-12-29,34.0
0057H0.KS,2026-01-29,11.0
0057H0.KS,2026-02-26,12.0
0057H0.KS,2026-03-30,10.0
0057H0.KS,2026-04-29,11.0
0057H0.KS,2026-05-28,11.0
0057H0.KS,2026-06-29,12.0
0057H0.KS,2026-07-30,13.0
0057H0.KS,2026-08-28,12.0
0057H0.KS,2026-09-29,14.0
469060.KS,2024-01-30,15.0
469060.KS,2024-04-29,25.0
469060.KS,2024-07-30,30.0
469060.KS,2024-10-30,50.0
469060.KS,2025-01-24,40.0
469060.KS,2025-04-29,200.0
469060.KS,2025-07-30,40.0
469060.KS,2025-10-30,30.0
469060.KS,2026-01-29,40.0
469060.KS,2026-04-29,43.0
469060.KS,2026-07-30,44.0
365040.KS,2023-04-27,5.0
365040.KS,2024-04-29,5.0
365040.KS,2025-04-29,5.0
365040.KS,2026-04-29,5.0
138530.KS,2023-04-27,165.0
138530.KS,2023-10-30,20.0
138530.KS,2024-04-29,130.0
138530.KS,2024-10-30,30.0
138530.KS,2025-04-29,160.0
138530.KS,2025-10-30,30.0
138530.KS,2026-04-29,110.0
0049M0.KS,2025-06-27,101.0
0049M0.KS,2025-07-30,63.0
0049M0.KS,2025-08-28,64.0
0049M0.KS,2025-09-29,65.0
0049M0.KS,2025-10-30,68.0
0049M0.KS,2025-11-27,68.0
0049M0.KS,2025-12-29,69.0
0049M0.KS,2026-01-29,69.0
0049M0.KS,2026-02-26,69.0
0049M0.KS,2026-03-30,69.0
0049M0.KS,2026-04-29,71.0
0049M0.KS,2026-05-28,73.0
0049M0.KS,2026-06-29,74.0
0049M0.KS,2026-07-30,70.0
0049M0.KS,2026-08-28,68.0
0049M0.KS,2026-09-29,67.0
0098N0.KS,2025-10-14,35.0
0098N0.KS,2025-11-13,35.0
0098N0.KS,2025-12-12,35.0
0098N0.KS,2026-01-14,40.0
0098N0.KS,2026-02-12,40.0
0098N0.KS,2026-03-12,40.0
0098N0.KS,2026-04-14,70.0
0098N0.KS,2026-05-14,70.0
0098N0.KS,2026-06-12,70.0
0098N0.KS,2026-07-14,70.0
0098N0.KS,2026-08-13,70.0
0098N0.KS,2026-09-14,70.0
210780.KS,2023-04-27,690.0
210780.KS,2023-07-28,30.0
210780.KS,2023-10-30,60.0
210780.KS,2024-04-29,630.0
210780.KS,2024-07-30,60.0
210780.KS,2024-10-30,70.0
210780.KS,2025-01-24,38.0
210780.KS,2025-04-29,470.0
210780.KS,2025-07-30,45.0
210780.KS,2025-10-30,70.0
210780.KS,2026-01-29,47.0
210780.KS,2026-04-29,742.0
210780.KS,2026-07-30,241.0
364960.KS,2023-04-27,20.0
364960.KS,2024-04-29,14.0
364960.KS,2025-04-29,10.0
364960.KS,2026-04-29,30.0
0210E0.KS,2026-07-30,139.0
0210E0.KS,2026-08-28,147.0
0210E0.KS,2026-09-29,152.0
412770.KS,2025-12-29,40.0
292190.KS,2023-04-27,334.0
292190.KS,2024-04-29,320.0
292190.KS,2025-04-29,349.0
292190.KS,2026-04-29,339.0
292190.KS,2026-07-30,93.0
0080X0.KS,2025-09-12,36.0
0080X0.KS,2025-10-14,16.0
0080X0.KS,2025-11-13,11.0
0080X0.KS,2025-12-12,19.0
0080X0.KS,2026-01-14,11.0
0080X0.KS,2026-02-12,18.0
0080X0.KS,2026-03-12,20.0
0080X0.KS,2026-04-14,22.0
0080X0.KS,2026-05-14,18.0
0080X0.KS,2026-06-12,22.0
0080X0.KS,2026-07-14,20.0
0080X0.KS,2026-08-13,18.0
0080X0.KS,2026-09-14,20.0
228810.KS,2023-04-27,10.0
228810.KS,2024-04-29,14.0
228810.KS,2025-04-29,5.0
228810.KS,2026-04-29,5.0
298340.KS,2025-12-12,602.0
157490.KS,2023-04-27,45.0
157490.KS,2024-04-29,58.0
157490.KS,2025-04-29,45.0
157490.KS,2026-04-29,62.0
272910.KS,2025-11-27,1202.0
292770.KS,2025-12-29,625.0
0098Z0.KS,2026-04-29,300.0
0098Z0.KS,2026-07-30,120.0
475350.KS,2025-12-29,152.0
475350.KS,2026-07-30,85.0
441540.KS,2023-04-27,75.0
441540.KS,2024-04-29,65.0
441540.KS,2025-04-29,120.0
441540.KS,2026-04-29,200.0
0190Y0.KS,2026-07-30,31.0
0022T0.KS,2025-04-29,40.0
0022T0.KS,2025-05-29,36.0
0022T0.KS,2025-06-27,36.0
0022T0.KS,2025-07-30,36.0
0022T0.KS,2025-08-28,37.0
0022T0.KS,2025-09-29,40.0
0022T0.KS,2025-10-30,43.0
0022T0.KS,2025-11-27,46.0
0022T0.KS,2025-12-29,49.0
0022T0.KS,2026-01-29,55.0
0022T0.KS,2026-02-26,56.0
0022T0.KS,2026-03-30,51.0
0022T0.KS,2026-04-29,51.0
0022T0.KS,2026-05-28,50.0
0022T0.KS,2026-06-29,46.0
0022T0.KS,2026-07-30,44.0
0022T0.KS,2026-08-28,46.0
0022T0.KS,2026-09-29,43.0
266420.KS,2024-04-29,50.0
266420.KS,2025-04-29,43.0
0233A0.KS,2026-09-29,13.0
211560.KS,2023-01-30,15.0
211560.KS,2023-04-27,415.0
211560.KS,2023-07-28,30.0
211560.KS,2023-10-30,25.0
211560.KS,2024-04-29,581.0
211560.KS,2024-07-30,105.0
211560.KS,2025-04-29,785.0
211560.KS,2025-07-30,55.0
211560.KS,2025-10-30,90.0
211560.KS,2026-04-29,751.0
211560.KS,2026-07-30,65.0
465330.KS,2025-04-29,10.0
465330.KS,2026-04-29,11.0
453950.KS,2025-04-29,35.0
453950.KS,2025-10-30,70.0
453950.KS,2026-04-29,35.0
130730.KS,2023-12-27,3700.0
130730.KS,2024-12-27,3500.0
130730.KS,2025-12-29,3037.0
492500.KS,2025-12-29,757.0
491700.KS,2025-07-30,318.0
491700.KS,2025-10-30,438.0
491700.KS,2026-04-29,685.0
278620.KS,2025-12-12,1595.0
228800.KS,2023-04-27,15.0
228800.KS,2024-04-29,65.0
228800.KS,2025-04-29,45.0
228800.KS,2026-04-29,45.0
418670.KS,2025-12-29,33.0
433880.KS,2025-07-30,35.0
433880.KS,2025-10-30,35.0
433880.KS,2026-01-29,35.0
433880.KS,2026-04-29,35.0
433880.KS,2026-07-30,40.0
0222D0.KS,2026-08-28,85.0
0222D0.KS,2026-09-29,82.0
0113D0.KS,2025-12-29,16.0
277640.KS,2023-04-27,190.0
277640.KS,2023-07-28,30.0
277640.KS,2023-10-30,30.0
277640.KS,2024-04-29,190.0
277640.KS,2024-07-30,50.0
277640.KS,2024-10-30,15.0
277640.KS,2025-04-29,150.0
277640.KS,2025-07-30,15.0
277640.KS,2025-10-30,30.0
277640.KS,2026-04-29,150.0
277640.KS,2026-07-30,50.0
473640.KS,2025-01-24,150.0
473640.KS,2026-01-29,80.0
278240.KS,2025-12-29,60.0
252400.KS,2025-12-29,380.0
458750.KS,2023-07-28,56.0
458750.KS,2023-08-30,57.0
458750.KS,2023-10-30,51.0
458750.KS,2023-11-29,60.0
458750.KS,2023-12-27,59.0
458750.KS,2024-01-30,56.0
458750.KS,2024-02-28,56.0
458750.KS,2024-03-28,56.0
458750.KS,2024-04-29,60.0
458750.KS,2024-05-30,66.0
458750.KS,2024-06-27,66.0
458750.KS,2024-07-30,68.0
458750.KS,2024-08-29,64.0
458750.KS,2024-09-12,22.0
458750.KS,2024-10-14,68.0
458750.KS,2024-11-14,60.0
458750.KS,2024-12-12,76.0
458750.KS,2025-01-14,66.0
458750.KS,2025-02-13,60.0
458750.KS,2025-03-13,70.0
458750.KS,2025-04-14,56.0
458750.KS,2025-05-14,50.0
458750.KS,2025-06-12,70.0
458750.KS,2025-07-14,53.0
458750.KS,2025-08-13,51.0
458750.KS,2025-09-12,68.0
458750.KS,2025-10-14,63.0
458750.KS,2025-11-13,50.0
458750.KS,2025-12-12,73.0
458750.KS,2026-01-14,58.0
458750.KS,2026-02-12,62.0
458750.KS,2026-03-12,74.0
458750.KS,2026-04-14,63.0
458750.KS,2026-05-14,62.0
458750.KS,2026-06-12,69.0
458750.KS,2026-07-14,68.0
458750.KS,2026-08-13,60.0
458750.KS,2026-09-14,65.0
0115E0.KS,2026-04-29,41.0
0115E0.KS,2026-07-30,25.0
261240.KS,2025-12-29,135.0
419890.KS,2024-12-27,3500.0
419890.KS,2025-12-29,2864.0
495940.KS,2025-12-29,29.0
495940.KS,2026-07-30,25.0
455660.KS,2023-05-30,52.0
455660.KS,2023-06-29,52.0
455660.KS,2023-07-28,52.0
455660.KS,2023-08-30,53.0
455660.KS,2023-10-30,52.0
455660.KS,2023-11-29,53.0
455660.KS,2023-12-27,52.0
455660.KS,2024-01-30,52.0
455660.KS,2024-02-28,52.0
455660.KS,2024-03-28,53.0
455660.KS,2024-04-29,55.0
455660.KS,2024-05-30,54.0
455660.KS,2024-06-27,54.0
455660.KS,2024-07-30,54.0
455660.KS,2024-08-29,53.0
455660.KS,2024-09-27,53.0
455660.KS,2024-10-30,53.0
455660.KS,2024-11-28,53.0
455660.KS,2024-12-27,53.0
455660.KS,2025-01-24,53.0
455660.KS,2025-02-27,53.0
455660.KS,2025-03-28,53.0
455660.KS,2025-04-29,54.0
455660.KS,2025-05-29,54.0
455660.KS,2025-06-27,54.0
455660.KS,2025-07-30,57.0
455660.KS,2025-08-28,55.0
455660.KS,2025-09-29,55.0
455660.KS,2025-10-30,53.0
455660.KS,2025-11-27,54.0
455660.KS,2025-12-29,53.0
455660.KS,2026-01-29,54.0
455660.KS,2026-02-26,53.0
455660.KS,2026-03-30,50.0
455660.KS,2026-04-29,54.0
455660.KS,2026-05-28,54.0
455660.KS,2026-06-29,55.0
455660.KS,2026-07-30,55.0
455660.KS,2026-08-28,52.0
455660.KS,2026-09-29,51.0
440640.KS,2025-11-27,1635.0
275980.KS,2025-12-29,137.0
0040S0.KS,2026-01-29,12.0
480310.KS,2024-10-30,50.0
480310.KS,2025-01-24,11.0
480310.KS,2025-04-29,20.0
480310.KS,2025-07-30,8.0
480310.KS,2025-10-30,19.0
480310.KS,2026-01-29,8.0
480310.KS,2026-04-29,15.0
480310.KS,2026-07-30,25.0
140700.KS,2023-04-27,310.0
140700.KS,2024-04-29,435.0
140700.KS,2025-04-29,627.0
140700.KS,2026-04-29,328.0
140700.KS,2026-07-30,24.0
453640.KS,2023-07-28,25.0
453640.KS,2023-10-30,35.0
453640.KS,2024-01-30,30.0
453640.KS,2024-04-29,35.0
453640.KS,2024-07-30,39.0
453640.KS,2024-10-30,32.0
453640.KS,2025-01-24,34.0
453640.KS,2025-04-29,37.0
453640.KS,2025-07-30,48.0
453640.KS,2025-10-30,47.0
453640.KS,2026-01-29,48.0
453640.KS,2026-04-29,52.0
453640.KS,2026-07-30,56.0
225040.KS,2025-12-29,510.0
434960.KS,2023-01-30,80.0
434960.KS,2023-04-27,400.0
434960.KS,2023-07-28,100.0
434960.KS,2023-10-30,120.0
434960.KS,2024-01-30,90.0
434960.KS,2024-04-29,550.0
434960.KS,2024-07-30,100.0
434960.KS,2024-10-30,100.0
434960.KS,2025-01-24,90.0
434960.KS,2025-04-29,500.0
434960.KS,2025-07-30,120.0
434960.KS,2025-10-30,140.0
434960.KS,2026-01-29,140.0
434960.KS,2026-04-29,500.0
434960.KS,2026-07-30,120.0
442560.KS,2025-12-29,124.0
442560.KS,2026-07-30,53.0
385590.KS,2023-04-27,85.0
385590.KS,2024-04-29,100.0
385590.KS,2025-04-29,180.0
385590.KS,2026-04-29,135.0
476750.KS,2024-04-29,32.0
476750.KS,2024-05-30,18.0
476750.KS,2024-06-27,20.0
476750.KS,2024-07-30,22.0
476750.KS,2024-08-29,21.0
476750.KS,2024-09-27,22.0
476750.KS,2024-10-30,20.0
476750.KS,2024-11-28,20.0
476750.KS,2024-12-27,20.0
476750.KS,2025-01-24,25.0
476750.KS,2025-02-27,25.0
476750.KS,2025-03-28,24.0
476750.KS,2025-04-29,24.0
476750.KS,2025-05-29,23.0
476750.KS,2025-06-27,22.0
476750.KS,2025-07-30,22.0
476750.KS,2025-08-28,22.0
476750.KS,2025-09-29,23.0
476750.KS,2025-10-30,25.0
476750.KS,2025-11-27,23.0
476750.KS,2025-12-29,22.0
476750.KS,2026-01-29,21.0
476750.KS,2026-02-26,18.0
476750.KS,2026-03-30,18.0
476750.KS,2026-04-29,20.0
476750.KS,2026-05-28,21.0
476750.KS,2026-06-29,22.0
476750.KS,2026-07-30,22.0
476750.KS,2026-08-28,22.0
476750.KS,2026-09-29,22.0
0141S0.KS,2025-12-29,1.0
0141S0.KS,2026-04-29,10.0
455960.KS,2025-12-29,1.0
261070.KS,2023-04-27,5.0
261070.KS,2024-04-29,12.0
261070.KS,2025-04-29,40.0
261070.KS,2026-04-29,100.0
476260.KS,2025-04-29,40.0
0000D0.KS,2024-12-27,50.0
0000D0.KS,2025-01-24,101.0
0000D0.KS,2025-02-27,97.0
0000D0.KS,2025-04-29,89.0
0000D0.KS,2025-05-29,89.0
0000D0.KS,2025-06-27,92.0
0000D0.KS,2025-07-30,97.0
0000D0.KS,2025-08-28,98.0
0000D0.KS,2025-09-29,99.0
0000D0.KS,2025-10-30,105.0
0000D0.KS,2025-11-27,104.0
0000D0.KS,2025-12-29,101.0
0000D0.KS,2026-01-29,99.0
0000D0.KS,2026-02-26,100.0
0000D0.KS,2026-03-30,100.0
0000D0.KS,2026-04-29,102.0
0000D0.KS,2026-05-28,103.0
0000D0.KS,2026-06-29,104.0
0000D0.KS,2026-07-30,95.0
0000D0.KS,2026-08-28,91.0
0000D0.KS,2026-09-29,88.0
401470.KS,2023-04-27,42.0
401470.KS,2024-04-29,10.0
401470.KS,2025-04-29,48.0
401470.KS,2026-04-29,31.0
0166S0.KS,2026-04-29,5.0
0041D0.KS,2025-07-30,5.0
0041D0.KS,2025-10-30,6.0
0041D0.KS,2026-01-29,9.0
0041D0.KS,2026-04-29,6.0
0041D0.KS,2026-07-30,12.0
253150.KS,2025-12-29,906.0
253150.KS,2026-04-29,300.0
150460.KS,2023-04-27,45.0
150460.KS,2024-04-29,93.0
150460.KS,2024-07-30,20.0
150460.KS,2025-04-29,65.0
150460.KS,2025-10-30,15.0
150460.KS,2026-04-29,100.0
0111J0.KS,2026-01-29,10.0
0111J0.KS,2026-02-26,25.0
0111J0.KS,2026-03-30,30.0
0111J0.KS,2026-04-29,40.0
0111J0.KS,2026-05-28,40.0
0111J0.KS,2026-06-29,40.0
0111J0.KS,2026-07-30,40.0
0111J0.KS,2026-08-28,40.0
0111J0.KS,2026-09-29,40.0
275300.KS,2023-04-27,150.0
275300.KS,2024-04-29,185.0
275300.KS,2025-04-29,190.0
275300.KS,2026-04-29,106.0
275300.KS,2026-07-30,20.0
479730.KS,2024-07-30,45.0
479730.KS,2024-10-30,25.0
479730.KS,2025-01-24,20.0
479730.KS,2025-04-29,24.0
479730.KS,2025-07-30,20.0
479730.KS,2025-10-30,21.0
479730.KS,2026-01-29,15.0
479730.KS,2026-04-29,13.0
479730.KS,2026-07-30,34.0
101280.KS,2023-04-27,154.0
101280.KS,2023-10-30,213.0
101280.KS,2024-04-29,200.0
101280.KS,2024-10-30,204.0
101280.KS,2025-04-29,247.0
101280.KS,2025-07-30,32.0
101280.KS,2025-10-30,182.0
101280.KS,2026-01-29,29.0
101280.KS,2026-04-29,214.0
101280.KS,2026-07-30,50.0
0046Y0.KS,2025-06-27,29.0
0046Y0.KS,2025-07-30,9.0
0046Y0.KS,2025-08-28,16.0
0046Y0.KS,2025-09-29,16.0
0046Y0.KS,2025-10-30,11.0
0046Y0.KS,2025-11-27,17.0
0046Y0.KS,2025-12-29,18.0
0046Y0.KS,2026-01-29,10.0
0046Y0.KS,2026-02-26,16.0
0046Y0.KS,2026-03-30,20.0
0046Y0.KS,2026-04-29,13.0
0046Y0.KS,2026-05-28,14.0
0046Y0.KS,2026-06-29,17.0
0046Y0.KS,2026-07-30,11.0
0046Y0.KS,2026-08-28,12.0
0046Y0.KS,2026-09-29,14.0
114470.KS,2023-03-08,525.0
114470.KS,2023-06-07,523.0
114470.KS,2023-09-07,541.0
114470.KS,2023-12-07,1229.0
114470.KS,2024-03-07,580.0
114470.KS,2024-06-05,1150.0
114470.KS,2024-09-06,541.0
114470.KS,2024-12-06,1187.0
114470.KS,2025-03-06,500.0
114470.KS,2025-06-05,1020.0
114470.KS,2025-09-08,437.0
114470.KS,2025-12-08,854.0
114470.KS,2026-03-06,416.0
114470.KS,2026-06-08,833.0
114470.KS,2026-09-08,561.0
152500.KS,2025-12-29,236.0
287180.KS,2025-04-29,127.0
287180.KS,2026-04-29,200.0
292560.KS,2025-12-29,170.0
445150.KS,2023-04-27,75.0
445150.KS,2024-04-29,50.0
445150.KS,2025-04-29,189.0
445150.KS,2026-04-29,141.0
445150.KS,2026-07-30,5.0
0113P0.KS,2025-12-29,246.0
0118Z0.KS,2025-12-29,3.0
336160.KS,2023-01-30,240.0
336160.KS,2023-03-30,410.0
336160.KS,2023-04-27,140.0
336160.KS,2023-05-30,100.0
336160.KS,2023-06-29,920.0
336160.KS,2023-07-28,80.0
336160.KS,2023-08-30,440.0
336160.KS,2023-10-30,80.0
336160.KS,2023-11-29,440.0
336160.KS,2023-12-27,800.0
336160.KS,2024-01-30,90.0
336160.KS,2024-02-28,490.0
336160.KS,2024-03-28,490.0
336160.KS,2024-04-29,255.0
336160.KS,2024-05-30,340.0
336160.KS,2024-06-27,480.0
336160.KS,2024-07-30,240.0
336160.KS,2024-08-29,270.0
336160.KS,2024-09-27,280.0
336160.KS,2024-10-30,205.0
336160.KS,2024-11-28,275.0
336160.KS,2024-12-27,485.0
336160.KS,2025-01-24,200.0
336160.KS,2025-02-27,190.0
336160.KS,2025-03-28,400.0
336160.KS,2025-04-29,170.0
336160.KS,2025-05-29,155.0
336160.KS,2025-06-27,445.0
336160.KS,2025-07-30,200.0
336160.KS,2025-08-28,203.0
336160.KS,2025-09-29,401.0
336160.KS,2025-10-30,214.0
336160.KS,2025-11-27,360.0
336160.KS,2025-12-29,242.0
336160.KS,2026-01-29,320.0
336160.KS,2026-02-26,215.0
336160.KS,2026-03-30,227.0
336160.KS,2026-04-29,159.0
336160.KS,2026-05-28,251.0
336160.KS,2026-06-29,331.0
336160.KS,2026-07-30,317.0
336160.KS,2026-08-28,197.0
336160.KS,2026-09-29,271.0
473490.KS,2024-10-30,50.0
473490.KS,2025-04-29,20.0
473490.KS,2025-07-30,6.0
473490.KS,2025-10-30,33.0
473490.KS,2026-01-29,13.0
473490.KS,2026-04-29,13.0
473490.KS,2026-07-30,45.0
0139P0.KS,2025-12-29,22.0
0139P0.KS,2026-01-29,44.0
0139P0.KS,2026-02-26,44.0
0139P0.KS,2026-03-30,44.0
0139P0.KS,2026-04-29,44.0
0139P0.KS,2026-05-28,52.0
0139P0.KS,2026-06-29,52.0
0139P0.KS,2026-07-30,52.0
0139P0.KS,2026-08-28,52.0
0139P0.KS,2026-09-29,52.0
0118S0.KS,2025-12-29,3.0
0118S0.KS,2026-04-29,5.0
0000Z0.KS,2025-12-29,2.0
0000Z0.KS,2026-07-30,2.0
475260.KS,2025-11-27,135.0
316670.KS,2023-10-30,10.0
316670.KS,2024-10-30,10.0
316670.KS,2025-04-29,10.0
316670.KS,2026-04-29,15.0
204480.KS,2025-12-29,220.0
140950.KS,2023-04-27,400.0
140950.KS,2023-10-30,30.0
140950.KS,2024-04-29,440.0
140950.KS,2024-07-30,86.0
140950.KS,2024-10-30,133.0
140950.KS,2025-04-29,390.0
140950.KS,2025-07-30,100.0
140950.KS,2025-10-30,108.0
140950.KS,2026-04-29,490.0
140950.KS,2026-07-30,72.0
295020.KS,2025-12-12,698.0
442260.KS,2023-04-27,160.0
442260.KS,2024-04-29,260.0
442260.KS,2025-04-29,275.0
442260.KS,2026-04-29,350.0
461340.KS,2025-04-29,7.0
461340.KS,2025-07-30,15.0
461340.KS,2025-10-30,24.0
461340.KS,2026-01-29,12.0
461340.KS,2026-04-29,17.0
440910.KS,2025-10-30,45.0
0178H0.KS,2026-07-30,14.0
0141T0.KS,2025-12-29,20.0
305050.KS,2023-04-27,480.0
305050.KS,2024-04-29,400.0
305050.KS,2025-04-29,550.0
305050.KS,2026-04-29,940.0
447430.KS,2023-04-27,240.0
447430.KS,2024-04-29,380.0
447430.KS,2025-04-29,500.0
447430.KS,2025-07-30,30.0
447430.KS,2025-10-30,40.0
447430.KS,2026-01-29,130.0
447430.KS,2026-04-29,390.0
447430.KS,2026-07-30,29.0
360140.KS,2025-12-24,27.0
360140.KS,2025-12-29,27.0
0086B0.KS,2025-09-12,54.0
0086B0.KS,2025-10-14,54.0
0086B0.KS,2025-11-13,54.0
0086B0.KS,2025-12-12,54.0
0086B0.KS,2026-01-14,54.0
0086B0.KS,2026-02-12,54.0
0086B0.KS,2026-03-12,54.0
0086B0.KS,2026-04-14,54.0
0086B0.KS,2026-05-14,54.0
0086B0.KS,2026-06-12,54.0
0086B0.KS,2026-07-14,54.0
0086B0.KS,2026-08-13,54.0
0086B0.KS,2026-09-14,54.0
473590.KS,2025-12-29,24.0
371470.KS,2025-12-29,60.0
481430.KS,2025-12-12,1117.566
196030.KS,2025-12-29,406.0
375770.KS,2023-04-27,158.0
375770.KS,2024-04-29,150.0
375770.KS,2025-04-29,179.0
375770.KS,2026-01-29,1.0
375770.KS,2026-04-29,155.0
375770.KS,2026-07-30,47.0
238720.KS,2025-12-29,308.0
0186S0.KS,2026-07-30,20.0
453650.KS,2023-07-28,40.0
453650.KS,2023-10-30,35.0
453650.KS,2024-01-30,40.0
453650.KS,2024-04-29,40.0
453650.KS,2024-07-30,50.0
453650.KS,2024-10-30,40.0
453650.KS,2025-01-24,45.0
453650.KS,2025-04-29,60.0
453650.KS,2025-07-30,53.0
453650.KS,2025-10-30,54.0
453650.KS,2026-01-29,63.0
453650.KS,2026-04-29,75.0
453650.KS,2026-07-30,62.0
440650.KS,2025-12-29,370.0
0089C0.KS,2025-09-29,15.0
0089C0.KS,2025-10-30,7.0
0089C0.KS,2025-11-27,11.0
0089C0.KS,2025-12-29,11.0
0089C0.KS,2026-01-29,9.0
0089C0.KS,2026-02-26,10.0
0089C0.KS,2026-03-30,138.0
0089C0.KS,2026-04-29,7.0
0089C0.KS,2026-05-28,10.0
0089C0.KS,2026-06-29,12.0
0089C0.KS,2026-07-30,9.0
0089C0.KS,2026-08-28,10.0
0089C0.KS,2026-09-29,10.0
100910.KS,2023-04-27,80.0
100910.KS,2023-10-30,20.0
100910.KS,2024-04-29,50.0
100910.KS,2024-10-30,40.0
100910.KS,2025-04-29,80.0
100910.KS,2025-07-30,15.0
100910.KS,2025-10-30,15.0
100910.KS,2026-01-29,20.0
100910.KS,2026-04-29,60.0
100910.KS,2026-07-30,15.0
472840.KS,2024-04-29,450.0
472840.KS,2024-07-30,90.0
472840.KS,2024-10-30,110.0
472840.KS,2025-01-24,110.0
472840.KS,2025-04-29,477.0
472840.KS,2025-07-30,120.0
472840.KS,2025-10-30,151.0
472840.KS,2026-01-29,110.0
472840.KS,2026-04-29,512.0
472840.KS,2026-07-30,114.0
401170.KS,2023-04-27,35.0
401170.KS,2025-12-29,15.0
401170.KS,2026-04-29,16.0
448570.KS,2023-04-27,114.0
448570.KS,2024-04-29,80.0
448570.KS,2025-04-29,60.0
448570.KS,2026-04-29,280.0
0132H0.KS,2026-01-29,4.0
0132H0.KS,2026-04-29,8.0
0132H0.KS,2026-07-30,4.0
183700.KS,2023-06-07,550.0
183700.KS,2023-12-07,550.0
183700.KS,2024-06-05,450.0
183700.KS,2024-12-06,450.0
183700.KS,2025-06-05,460.0
183700.KS,2025-12-08,450.0
183700.KS,2026-06-08,350.0
491830.KS,2025-01-24,14.0
491830.KS,2025-04-29,13.0
491830.KS,2025-07-30,13.0
491830.KS,2025-10-30,13.0
491830.KS,2026-01-29,15.0
491830.KS,2026-04-29,15.0
491830.KS,2026-07-30,15.0
472830.KS,2024-01-30,97.0
472830.KS,2024-02-28,81.0
472830.KS,2024-03-28,81.0
472830.KS,2024-04-29,75.0
472830.KS,2024-05-30,80.0
472830.KS,2024-06-27,87.0
472830.KS,2024-07-30,87.0
472830.KS,2024-08-29,91.0
472830.KS,2024-09-27,86.0
472830.KS,2024-10-30,101.0
472830.KS,2024-11-28,98.0
472830.KS,2024-12-27,100.0
472830.KS,2025-01-24,103.0
472830.KS,2025-02-27,104.0
472830.KS,2025-04-29,86.0
472830.KS,2025-05-29,95.0
472830.KS,2025-06-27,90.0
472830.KS,2025-07-30,95.0
472830.KS,2025-08-28,97.0
472830.KS,2025-09-29,100.0
472830.KS,2025-10-30,86.0
472830.KS,2025-11-27,80.0
472830.KS,2025-12-29,80.0
472830.KS,2026-01-29,80.0
472830.KS,2026-02-26,72.0
472830.KS,2026-03-30,70.0
472830.KS,2026-04-29,68.0
472830.KS,2026-05-28,67.0
472830.KS,2026-06-29,65.0
472830.KS,2026-07-30,64.0
472830.KS,2026-08-28,54.0
472830.KS,2026-09-29,52.0
469050.KS,2024-01-30,15.0
469050.KS,2024-04-29,25.0
469050.KS,2024-07-30,30.0
469050.KS,2024-10-30,50.0
469050.KS,2025-01-24,35.0
469050.KS,2025-04-29,30.0
469050.KS,2025-07-30,40.0
469050.KS,2025-10-30,30.0
469050.KS,2026-01-29,31.0
469050.KS,2026-04-29,37.0
469050.KS,2026-07-30,42.0
275280.KS,2023-04-27,180.0
275280.KS,2024-04-29,160.0
275280.KS,2025-04-29,271.0
275280.KS,2026-04-29,156.0
275280.KS,2026-07-30,39.0
450910.KS,2024-04-29,18.0
450910.KS,2025-04-29,19.0
450910.KS,2026-04-29,30.0
139320.KS,2025-12-29,56.0
322410.KS,2023-01-30,15.0
322410.KS,2023-04-27,400.0
322410.KS,2023-07-28,30.0
322410.KS,2023-10-30,80.0
322410.KS,2024-01-30,75.0
322410.KS,2024-04-29,350.0
322410.KS,2024-07-30,40.0
322410.KS,2024-10-30,90.0
322410.KS,2025-01-24,55.0
322410.KS,2025-04-29,470.0
322410.KS,2025-07-30,125.0
322410.KS,2025-09-29,62.0
322410.KS,2025-10-30,50.0
322410.KS,2025-11-27,50.0
322410.KS,2025-12-29,42.3
322410.KS,2026-01-29,50.0
322410.KS,2026-02-26,50.0
322410.KS,2026-03-30,50.0
322410.KS,2026-04-29,60.0
322410.KS,2026-05-28,60.0
322410.KS,2026-06-29,70.0
322410.KS,2026-07-30,70.0
322410.KS,2026-08-28,70.0
322410.KS,2026-09-29,70.0
139280.KS,2023-04-27,145.0
139280.KS,2023-07-28,30.0
139280.KS,2023-10-30,25.0
139280.KS,2024-04-29,126.0
139280.KS,2024-07-30,25.0
139280.KS,2024-10-30,30.0
139280.KS,2025-04-29,95.0
139280.KS,2025-07-30,25.0
139280.KS,2025-10-30,45.0
139280.KS,2026-04-29,120.0
139280.KS,2026-07-30,12.0
494840.KS,2025-01-24,20.0
494840.KS,2025-04-29,27.0
494840.KS,2025-07-30,43.0
494840.KS,2025-10-30,36.0
494840.KS,2026-01-29,40.0
494840.KS,2026-04-29,40.0
494840.KS,2026-07-30,42.0
428510.KS,2024-01-30,33.0
428510.KS,2025-10-30,13.0
428510.KS,2026-01-29,4.0
428510.KS,2026-04-29,12.0
428510.KS,2026-07-30,43.0
365000.KS,2023-04-27,35.0
365000.KS,2024-04-29,13.0
365000.KS,2025-04-29,10.0
365000.KS,2026-04-29,25.0
449690.KS,2025-12-29,13.0
0007G0.KS,2025-12-29,42.0
0007G0.KS,2026-04-29,5.0
147970.KS,2023-04-27,500.0
147970.KS,2023-10-30,15.0
147970.KS,2024-04-29,270.0
147970.KS,2024-10-30,10.0
147970.KS,2025-04-29,750.0
147970.KS,2025-10-30,120.0
147970.KS,2026-04-29,750.0
276650.KS,2025-12-29,644.0
195930.KS,2025-12-29,40.0
352540.KS,2024-06-27,80.0
352540.KS,2024-07-30,80.0
352540.KS,2024-08-29,80.0
352540.KS,2024-09-27,80.0
352540.KS,2024-10-30,80.0
352540.KS,2024-11-28,77.0
352540.KS,2024-12-27,78.0
352540.KS,2025-01-24,70.0
352540.KS,2025-02-27,60.0
352540.KS,2025-03-28,60.0
352540.KS,2025-04-29,60.0
352540.KS,2025-05-29,60.0
352540.KS,2025-06-27,60.0
352540.KS,2025-07-30,60.0
352540.KS,2025-08-28,62.0
352540.KS,2025-09-29,63.0
352540.KS,2025-10-30,65.0
352540.KS,2025-11-27,61.0
352540.KS,2025-12-29,63.0
352540.KS,2026-01-29,60.0
352540.KS,2026-02-26,63.0
352540.KS,2026-03-30,64.0
352540.KS,2026-05-28,110.0
352540.KS,2026-06-29,58.0
352540.KS,2026-07-30,64.0
352540.KS,2026-08-28,65.0
352540.KS,2026-09-29,89.0
400970.KS,2023-04-27,15.0
400970.KS,2024-04-29,37.0
400970.KS,2025-04-29,20.0
400970.KS,2026-04-29,40.0
0085N0.KS,2025-08-28,32.0
0085N0.KS,2025-09-29,30.0
0085N0.KS,2025-10-30,32.0
0085N0.KS,2025-11-27,31.0
0085N0.KS,2025-12-29,30.0
0085N0.KS,2026-01-29,30.0
0085N0.KS,2026-02-26,29.0
0085N0.KS,2026-03-30,29.0
0085N0.KS,2026-04-29,30.0
0085N0.KS,2026-05-28,29.0
0085N0.KS,2026-06-29,32.0
0085N0.KS,2026-07-30,32.0
0085N0.KS,2026-08-28,32.0
0085N0.KS,2026-09-29,30.0
494410.KS,2025-01-24,15.0
494410.KS,2025-04-29,20.0
494410.KS,2025-07-30,25.0
494410.KS,2025-10-30,20.0
494410.KS,2026-01-29,20.0
494410.KS,2026-04-29,20.0
494410.KS,2026-07-30,15.0
464470.KS,2025-04-29,102.0
464470.KS,2025-05-29,96.0
464470.KS,2025-06-27,99.0
464470.KS,2025-07-30,99.0
464470.KS,2025-08-28,100.0
464470.KS,2025-09-29,98.0
464470.KS,2025-10-30,110.0
464470.KS,2025-11-27,110.0
464470.KS,2025-12-29,108.0
464470.KS,2026-01-29,107.0
464470.KS,2026-02-26,108.0
464470.KS,2026-03-30,108.0
464470.KS,2026-04-29,108.0
464470.KS,2026-05-28,106.0
464470.KS,2026-06-29,109.0
464470.KS,2026-07-30,100.0
464470.KS,2026-08-28,93.0
464470.KS,2026-09-29,93.0
385520.KS,2023-04-27,115.0
385520.KS,2024-04-29,100.0
385520.KS,2025-04-29,155.0
385520.KS,2026-04-29,136.0
276970.KS,2023-03-21,135.0
276970.KS,2023-06-20,139.0
276970.KS,2023-09-19,135.0
276970.KS,2023-12-19,131.0
276970.KS,2024-03-19,130.0
276970.KS,2024-06-25,124.0
276970.KS,2024-09-24,133.0
276970.KS,2024-12-24,124.0
276970.KS,2025-03-25,126.0
276970.KS,2025-06-24,115.0
276970.KS,2025-09-23,116.0
276970.KS,2025-12-23,117.0
276970.KS,2026-03-24,117.0
276970.KS,2026-06-23,114.0
276970.KS,2026-09-22,115.0
104530.KS,2023-04-27,520.0
104530.KS,2023-10-30,60.0
104530.KS,2024-04-29,400.0
104530.KS,2024-08-29,60.0
104530.KS,2024-09-27,60.0
104530.KS,2024-10-30,60.0
104530.KS,2024-11-28,30.0
104530.KS,2024-12-27,30.0
104530.KS,2025-01-24,40.0
104530.KS,2025-02-27,40.0
104530.KS,2025-03-28,40.0
104530.KS,2025-04-29,280.0
104530.KS,2025-05-29,40.0
104530.KS,2025-06-27,40.0
104530.KS,2025-08-13,40.0
104530.KS,2025-09-12,40.0
104530.KS,2025-10-14,40.0
104530.KS,2025-11-13,40.0
104530.KS,2025-12-12,60.0
104530.KS,2026-01-14,60.0
104530.KS,2026-02-12,70.0
104530.KS,2026-03-12,70.0
104530.KS,2026-04-14,75.0
104530.KS,2026-05-14,80.0
104530.KS,2026-06-12,80.0
104530.KS,2026-07-14,80.0
104530.KS,2026-08-13,80.0
104530.KS,2026-09-14,80.0
241390.KS,2023-06-07,100.0
241390.KS,2023-12-07,130.0
241390.KS,2024-06-05,120.0
241390.KS,2024-12-06,120.0
241390.KS,2025-06-05,130.0
241390.KS,2025-12-08,130.0
241390.KS,2026-06-08,250.0
117460.KS,2023-04-27,210.0
117460.KS,2024-04-29,90.0
117460.KS,2025-04-29,110.0
117460.KS,2026-04-29,41.0
117460.KS,2026-07-30,35.0
0184E0.KS,2026-07-30,30.0
0023B0.KS,2025-12-29,57.0
0023B0.KS,2026-04-29,10.0
380340.KS,2023-04-27,40.0
380340.KS,2024-04-29,20.0
380340.KS,2025-04-29,85.0
380340.KS,2026-04-29,75.0
266360.KS,2023-04-27,20.0
266360.KS,2024-04-29,25.0
266360.KS,2025-04-29,67.0
266360.KS,2026-04-29,32.0
465660.KS,2024-01-30,15.0
465660.KS,2024-04-29,10.0
465660.KS,2024-07-30,10.0
465660.KS,2024-10-30,15.0
465660.KS,2025-01-24,10.0
465660.KS,2025-04-29,10.0
465660.KS,2025-07-30,10.0
465660.KS,2025-10-30,15.0
465660.KS,2026-01-29,100.0
465660.KS,2026-04-29,80.0
465660.KS,2026-07-30,25.0
449780.KS,2023-04-27,25.0
449780.KS,2025-04-29,80.0
449780.KS,2025-07-30,40.0
449780.KS,2025-10-30,41.0
449780.KS,2026-01-29,46.0
449780.KS,2026-04-29,49.0
449780.KS,2026-07-30,43.0
105780.KS,2023-04-27,80.0
105780.KS,2024-04-29,80.0
105780.KS,2024-10-30,10.0
105780.KS,2025-01-24,20.0
105780.KS,2025-04-29,70.0
105780.KS,2025-07-30,10.0
105780.KS,2026-04-29,100.0
459560.KS,2024-01-30,15.0
459560.KS,2025-01-24,20.0
459560.KS,2025-07-30,20.0
459560.KS,2025-10-30,28.0
459560.KS,2026-01-29,55.0
459560.KS,2026-04-29,20.0
459560.KS,2026-07-30,39.0
261250.KS,2025-12-24,135.0
261250.KS,2025-12-29,135.0
0154F0.KS,2026-04-29,259.0
446690.KS,2023-04-27,32.0
446690.KS,2023-07-28,123.0
446690.KS,2023-10-30,46.0
446690.KS,2024-04-29,46.0
446690.KS,2024-07-30,20.0
446690.KS,2024-10-30,30.0
446690.KS,2025-01-24,20.0
446690.KS,2025-04-29,47.0
446690.KS,2025-07-30,20.0
446690.KS,2025-10-30,73.0
446690.KS,2026-01-29,52.0
446690.KS,2026-04-29,100.0
446690.KS,2026-07-30,56.0
491090.KS,2025-04-29,31.0
491090.KS,2025-07-30,13.0
491090.KS,2025-10-30,14.0
491090.KS,2026-01-29,14.0
491090.KS,2026-04-29,7.0
491090.KS,2026-07-30,18.0
475070.KS,2024-10-30,31.0
498860.KS,2025-01-14,10.0
498860.KS,2025-02-13,20.0
498860.KS,2025-03-13,30.0
498860.KS,2025-04-14,35.0
498860.KS,2025-05-14,43.0
498860.KS,2025-06-12,45.0
498860.KS,2025-07-14,55.0
498860.KS,2025-08-13,55.0
498860.KS,2025-09-12,55.0
498860.KS,2025-10-14,55.0
498860.KS,2025-11-13,61.0
498860.KS,2025-12-12,60.0
498860.KS,2026-01-14,55.0
498860.KS,2026-02-12,50.0
498860.KS,2026-03-12,50.0
498860.KS,2026-04-14,50.0
498860.KS,2026-05-14,45.0
498860.KS,2026-06-12,45.0
498860.KS,2026-07-14,43.0
498860.KS,2026-08-13,40.0
498860.KS,2026-09-14,40.0
452250.KS,2025-12-29,101.0
0166N0.KS,2026-04-29,5.0
0138T0.KS,2025-12-29,10.0
0138T0.KS,2026-01-29,103.0
0138T0.KS,2026-02-26,92.0
0138T0.KS,2026-03-30,119.0
0138T0.KS,2026-04-14,118.0
0138T0.KS,2026-05-14,163.0
0138T0.KS,2026-06-12,109.0
0138T0.KS,2026-07-14,144.0
0138T0.KS,2026-08-13,118.0
0138T0.KS,2026-09-14,74.0
0089B0.KS,2025-12-29,38.0
0089B0.KS,2026-01-29,9.0
0089B0.KS,2026-02-26,9.0
0089B0.KS,2026-03-30,11.0
0089B0.KS,2026-04-29,10.0
0089B0.KS,2026-05-28,10.0
0089B0.KS,2026-06-29,10.0
0089B0.KS,2026-07-30,11.0
0089B0.KS,2026-08-28,10.0
0089B0.KS,2026-09-29,11.0
122260.KS,2023-12-27,3000.0
122260.KS,2024-12-27,3500.0
122260.KS,2025-12-29,2948.0
474800.KS,2024-10-30,200.0
474800.KS,2025-04-29,180.0
474800.KS,2025-07-30,85.0
474800.KS,2025-10-30,75.0
474800.KS,2026-01-29,41.0
474800.KS,2026-04-29,85.0
474800.KS,2026-07-30,70.0
261060.KS,2023-04-27,100.0
261060.KS,2024-04-29,68.0
261060.KS,2025-04-29,155.0
261060.KS,2026-04-29,10.0
217770.KS,2025-12-29,20.0
156080.KS,2023-04-27,290.0
156080.KS,2024-04-29,325.0
156080.KS,2025-04-29,358.0
156080.KS,2026-04-29,317.0
156080.KS,2026-07-30,81.0
275290.KS,2023-04-27,300.0
275290.KS,2024-04-29,350.0
275290.KS,2025-04-29,348.0
275290.KS,2026-04-29,217.0
275290.KS,2026-07-30,88.0
494340.KS,2025-12-29,26.0
469790.KS,2024-10-30,50.0
469790.KS,2025-04-29,150.0
469790.KS,2025-07-30,15.0
469790.KS,2025-10-30,20.0
469790.KS,2026-01-29,40.0
469790.KS,2026-04-29,80.0
469790.KS,2026-07-30,40.0
322400.KS,2023-01-30,20.0
322400.KS,2023-04-27,90.0
322400.KS,2024-04-29,85.0
322400.KS,2025-04-29,120.0
322400.KS,2026-04-29,140.0
465350.KS,2025-12-29,360.0
395170.KS,2023-04-27,105.0
395170.KS,2024-04-29,119.0
395170.KS,2025-04-29,171.0
395170.KS,2026-01-29,15.0
395170.KS,2026-04-29,139.0
395170.KS,2026-07-30,9.0
261140.KS,2023-04-27,400.0
261140.KS,2023-07-28,15.0
261140.KS,2023-10-30,50.0
261140.KS,2024-04-29,390.0
261140.KS,2024-07-30,65.0
261140.KS,2024-10-30,45.0
261140.KS,2025-04-29,315.0
261140.KS,2025-07-30,45.0
261140.KS,2025-10-30,60.0
261140.KS,2026-04-29,315.0
261140.KS,2026-07-30,50.0
464920.KS,2025-04-29,125.0
464920.KS,2026-04-29,215.0
153270.KS,2023-04-27,390.0
153270.KS,2023-10-30,100.0
153270.KS,2024-04-29,250.0
153270.KS,2024-10-30,280.0
153270.KS,2025-04-29,440.0
153270.KS,2025-07-30,65.0
153270.KS,2025-10-30,60.0
153270.KS,2026-01-29,140.0
153270.KS,2026-04-29,300.0
153270.KS,2026-07-30,120.0
468630.KS,2023-11-29,34.0
468630.KS,2023-12-27,33.0
468630.KS,2024-01-30,37.0
468630.KS,2024-02-28,36.0
468630.KS,2024-03-28,37.0
468630.KS,2024-04-29,40.0
468630.KS,2024-05-30,40.0
468630.KS,2024-06-27,39.0
468630.KS,2024-07-30,36.0
468630.KS,2024-08-29,37.0
468630.KS,2024-09-27,38.0
468630.KS,2024-10-30,40.0
468630.KS,2024-11-28,38.0
468630.KS,2024-12-27,38.0
468630.KS,2025-01-24,39.0
468630.KS,2025-02-27,40.0
468630.KS,2025-04-29,43.0
468630.KS,2025-05-29,42.0
468630.KS,2025-06-27,38.0
468630.KS,2025-07-30,38.0
468630.KS,2025-08-28,42.0
468630.KS,2025-09-29,37.0
468630.KS,2025-10-30,39.0
468630.KS,2025-11-27,40.0
468630.KS,2025-12-29,39.0
468630.KS,2026-01-29,49.0
468630.KS,2026-02-26,40.0
468630.KS,2026-03-30,39.0
468630.KS,2026-04-29,46.0
468630.KS,2026-05-28,42.0
468630.KS,2026-06-29,43.0
468630.KS,2026-07-30,40.0
468630.KS,2026-08-28,44.0
468630.KS,2026-09-29,41.0
227540.KS,2023-04-27,25.0
227540.KS,2024-04-29,30.0
227540.KS,2025-04-29,65.0
227540.KS,2026-04-29,90.0
0083S0.KS,2025-10-30,12.0
0083S0.KS,2026-07-30,19.0
174360.KS,2025-12-29,260.0
099140.KS,2023-07-28,168.0
099140.KS,2024-01-30,358.0
099140.KS,2024-07-30,206.0
099140.KS,2025-01-24,354.0
099140.KS,2025-07-30,390.0
099140.KS,2025-10-30,168.0
099140.KS,2026-01-29,115.0
099140.KS,2026-04-29,19.0
099140.KS,2026-07-30,284.0
387270.KS,2025-12-29,100.0
139270.KS,2023-04-27,340.0
139270.KS,2023-07-28,30.0
139270.KS,2023-10-30,40.0
139270.KS,2024-01-30,30.0
139270.KS,2024-04-29,248.0
139270.KS,2024-07-30,25.0
139270.KS,2024-10-30,40.0
139270.KS,2025-01-24,45.0
139270.KS,2025-04-29,230.0
139270.KS,2025-07-30,55.0
139270.KS,2025-10-30,60.0
139270.KS,2026-01-29,48.0
139270.KS,2026-04-29,250.0
139270.KS,2026-07-30,60.0
117680.KS,2023-04-27,230.0
117680.KS,2024-04-29,180.0
117680.KS,2025-04-29,331.0
117680.KS,2025-10-30,25.0
117680.KS,2026-01-29,10.0
117680.KS,2026-04-29,135.0
117680.KS,2026-07-30,70.0
253250.KS,2025-12-29,346.0
395290.KS,2023-04-27,35.0
395290.KS,2024-04-29,30.0
459750.KS,2025-12-29,229.0
459750.KS,2026-07-30,92.0
426150.KS,2025-12-29,717.0
459790.KS,2025-12-29,80.0
475270.KS,2025-11-27,123.0
248270.KS,2025-12-29,71.0
145850.KS,2023-01-30,130.0
145850.KS,2023-04-27,940.0
145850.KS,2023-07-28,160.0
145850.KS,2023-10-30,160.0
145850.KS,2024-01-30,160.0
145850.KS,2024-04-29,700.0
145850.KS,2024-07-30,160.0
145850.KS,2024-10-30,200.0
145850.KS,2025-01-24,240.0
145850.KS,2025-04-29,850.0
145850.KS,2025-07-30,170.0
145850.KS,2025-10-30,240.0
145850.KS,2026-01-29,170.0
145850.KS,2026-04-29,1000.0
145850.KS,2026-07-30,500.0
476690.KS,2024-03-28,15.0
476690.KS,2024-04-29,10.0
476690.KS,2024-05-30,15.0
476690.KS,2024-06-27,15.0
476690.KS,2024-07-30,12.0
476690.KS,2024-08-29,20.0
476690.KS,2024-09-27,15.0
476690.KS,2024-10-30,12.0
476690.KS,2024-11-28,12.0
476690.KS,2024-12-27,15.0
476690.KS,2025-01-24,12.0
476690.KS,2025-02-27,25.0
476690.KS,2025-04-29,16.0
476690.KS,2025-05-29,14.0
476690.KS,2025-06-27,15.0
476690.KS,2025-07-30,12.0
476690.KS,2025-08-28,15.0
476690.KS,2025-09-29,10.0
476690.KS,2025-10-30,12.0
476690.KS,2025-11-27,12.0
476690.KS,2025-12-29,12.0
476690.KS,2026-01-29,12.0
476690.KS,2026-02-26,12.0
476690.KS,2026-03-30,33.0
476690.KS,2026-04-29,12.0
476690.KS,2026-05-28,12.0
476690.KS,2026-06-29,15.0
476690.KS,2026-07-30,11.0
476690.KS,2026-08-28,11.0
476690.KS,2026-09-29,11.0
192720.KS,2023-04-27,1120.0
192720.KS,2023-10-30,60.0
192720.KS,2024-04-29,1105.0
192720.KS,2024-07-30,90.0
192720.KS,2024-10-30,67.0
192720.KS,2025-04-29,1410.0
192720.KS,2025-07-30,90.0
192720.KS,2025-10-30,112.0
192720.KS,2026-04-29,1230.0
192720.KS,2026-07-30,151.0
245350.KS,2023-01-30,65.0
245350.KS,2023-04-27,100.0
245350.KS,2023-07-28,450.0
245350.KS,2023-10-30,135.0
245350.KS,2024-01-30,55.0
245350.KS,2024-04-29,30.0
245350.KS,2024-07-30,450.0
245350.KS,2024-10-30,70.0
245350.KS,2025-01-24,70.0
245350.KS,2025-04-29,54.0
245350.KS,2025-07-30,480.0
245350.KS,2025-10-30,70.0
245350.KS,2026-01-29,60.0
245350.KS,2026-04-29,110.0
245350.KS,2026-07-30,520.0
256440.KS,2025-12-29,42.0
289480.KS,2023-01-30,60.0
289480.KS,2023-02-27,60.0
289480.KS,2023-03-30,60.0
289480.KS,2023-04-27,60.0
289480.KS,2023-05-30,60.0
289480.KS,2023-06-29,61.0
289480.KS,2023-07-28,61.0
289480.KS,2023-08-30,61.0
289480.KS,2023-10-30,56.0
289480.KS,2023-11-29,60.0
289480.KS,2023-12-27,61.0
289480.KS,2024-01-30,61.0
289480.KS,2024-02-28,62.0
289480.KS,2024-03-28,63.0
289480.KS,2024-04-29,62.0
289480.KS,2024-05-30,64.0
289480.KS,2024-06-27,65.0
289480.KS,2024-07-30,63.0
289480.KS,2024-08-29,62.0
289480.KS,2024-09-27,58.0
289480.KS,2024-10-30,60.0
289480.KS,2024-11-28,59.0
289480.KS,2024-12-27,56.0
289480.KS,2025-01-24,57.0
289480.KS,2025-02-27,59.0
289480.KS,2025-03-28,61.0
289480.KS,2025-04-29,59.0
289480.KS,2025-05-29,60.0
289480.KS,2025-06-27,61.0
289480.KS,2025-07-30,61.0
289480.KS,2025-08-28,61.0
289480.KS,2025-09-29,64.0
289480.KS,2025-10-30,70.0
289480.KS,2025-11-27,62.0
289480.KS,2025-12-29,67.0
289480.KS,2026-01-29,70.0
289480.KS,2026-02-26,71.0
289480.KS,2026-03-30,73.0
289480.KS,2026-04-29,80.0
289480.KS,2026-05-28,82.0
289480.KS,2026-06-29,87.0
289480.KS,2026-07-30,78.0
289480.KS,2026-08-28,88.0
289480.KS,2026-09-29,94.0
352560.KS,2024-06-27,40.0
352560.KS,2024-07-30,45.0
352560.KS,2024-08-29,40.0
352560.KS,2024-09-27,47.0
352560.KS,2024-10-30,43.0
352560.KS,2024-11-28,45.0
352560.KS,2024-12-27,43.0
352560.KS,2025-01-24,45.0
352560.KS,2025-02-27,38.0
352560.KS,2025-03-28,38.0
352560.KS,2025-04-29,38.0
352560.KS,2025-05-29,38.0
352560.KS,2025-06-27,38.0
352560.KS,2025-07-30,38.0
352560.KS,2025-08-28,38.0
352560.KS,2025-09-29,36.0
352560.KS,2025-10-30,37.0
352560.KS,2025-11-27,33.0
352560.KS,2025-12-29,33.0
352560.KS,2026-01-29,33.0
352560.KS,2026-02-26,33.0
352560.KS,2026-03-30,32.0
352560.KS,2026-05-28,58.0
352560.KS,2026-06-29,48.0
352560.KS,2026-07-30,39.0
352560.KS,2026-08-28,26.0
352560.KS,2026-09-29,39.0
496770.KS,2025-04-29,30.0
496770.KS,2026-04-29,180.0
223190.KS,2025-04-29,373.0
223190.KS,2026-04-29,295.0
223190.KS,2026-07-30,94.0
415920.KS,2025-04-29,5.0
415920.KS,2026-04-29,70.0
0224X0.KS,2026-08-28,12.0
0224X0.KS,2026-09-29,12.0
0049K0.KS,2025-06-27,34.0
0049K0.KS,2025-07-30,25.0
0049K0.KS,2025-08-28,20.0
0049K0.KS,2025-09-29,20.0
0049K0.KS,2025-10-30,16.0
0049K0.KS,2025-11-27,20.0
0049K0.KS,2025-12-29,20.0
0049K0.KS,2026-01-29,16.0
0049K0.KS,2026-02-26,20.0
0049K0.KS,2026-03-30,23.0
0049K0.KS,2026-04-29,20.0
0049K0.KS,2026-05-28,21.0
0049K0.KS,2026-06-29,24.0
0049K0.KS,2026-07-30,21.0
0049K0.KS,2026-08-28,20.0
0049K0.KS,2026-09-29,20.0
0107F0.KS,2025-10-30,31.0
0107F0.KS,2025-11-27,32.0
0107F0.KS,2025-12-29,32.0
0107F0.KS,2026-01-29,32.0
0107F0.KS,2026-02-26,32.0
0107F0.KS,2026-03-30,32.0
0107F0.KS,2026-04-29,33.0
0107F0.KS,2026-05-28,34.0
0107F0.KS,2026-06-29,34.0
0107F0.KS,2026-07-30,34.0
0107F0.KS,2026-08-28,34.0
0107F0.KS,2026-09-29,34.0
167860.KS,2023-12-27,3500.0
167860.KS,2024-12-27,4000.0
167860.KS,2025-12-29,3631.0
481340.KS,2024-06-27,48.0
481340.KS,2024-07-30,42.0
481340.KS,2024-08-29,47.0
481340.KS,2024-09-27,43.0
481340.KS,2024-10-30,44.0
481340.KS,2024-11-28,42.0
481340.KS,2024-12-27,43.0
481340.KS,2025-01-24,44.0
481340.KS,2025-02-27,45.0
481340.KS,2025-04-29,38.0
481340.KS,2025-05-29,35.0
481340.KS,2025-06-27,34.0
481340.KS,2025-07-30,34.0
481340.KS,2025-08-28,35.0
481340.KS,2025-09-29,34.0
481340.KS,2025-10-30,38.0
481340.KS,2025-11-27,39.0
481340.KS,2025-12-29,38.0
481340.KS,2026-01-29,37.0
481340.KS,2026-02-26,37.0
481340.KS,2026-03-30,37.0
481340.KS,2026-04-29,35.0
481340.KS,2026-05-28,35.0
481340.KS,2026-06-29,35.0
481340.KS,2026-07-30,34.0
481340.KS,2026-08-28,31.0
481340.KS,2026-09-29,33.0
476070.KS,2024-04-29,56.0
476070.KS,2024-07-30,18.0
476070.KS,2024-10-30,15.0
476070.KS,2025-01-24,10.0
476070.KS,2025-04-29,34.0
476070.KS,2025-07-30,45.0
476070.KS,2025-10-30,27.0
476070.KS,2026-01-29,17.0
476070.KS,2026-04-29,110.0
476070.KS,2026-07-30,15.0
0013R0.KS,2025-04-29,112.0
0013R0.KS,2025-05-29,113.0
0013R0.KS,2025-06-27,109.0
0013R0.KS,2025-07-30,118.0
0013R0.KS,2025-08-28,127.0
0013R0.KS,2025-09-29,140.0
0013R0.KS,2025-10-30,132.0
0013R0.KS,2025-11-27,109.0
0013R0.KS,2025-12-29,110.0
0013R0.KS,2026-01-29,125.0
0013R0.KS,2026-02-26,120.0
0013R0.KS,2026-03-30,106.0
0013R0.KS,2026-04-29,112.0
0013R0.KS,2026-05-28,120.0
0013R0.KS,2026-06-29,121.0
0013R0.KS,2026-07-30,102.0
0013R0.KS,2026-08-28,103.0
0013R0.KS,2026-09-29,84.0
0137W0.KS,2026-01-29,13.0
0137W0.KS,2026-04-29,28.0
0137W0.KS,2026-07-30,10.0
139250.KS,2023-04-27,210.0
139250.KS,2024-04-29,137.0
139250.KS,2024-07-30,25.0
139250.KS,2024-10-30,20.0
139250.KS,2025-04-29,165.0
139250.KS,2025-07-30,20.0
139250.KS,2025-10-30,20.0
139250.KS,2026-04-29,20.0
139250.KS,2026-07-30,50.0
0152E0.KS,2026-02-26,70.0
0152E0.KS,2026-03-30,50.0
0152E0.KS,2026-04-29,50.0
0152E0.KS,2026-05-28,50.0
0152E0.KS,2026-06-29,50.0
0152E0.KS,2026-07-30,50.0
0152E0.KS,2026-08-28,50.0
0152E0.KS,2026-09-29,50.0
437350.KS,2025-12-29,272.0
277540.KS,2025-12-29,666.0
0047R0.KS,2025-09-29,11.0
0047R0.KS,2025-12-29,12.0
0047R0.KS,2026-03-30,12.0
0047R0.KS,2026-06-29,13.0
0047R0.KS,2026-09-29,14.0
440340.KS,2023-01-30,20.0
440340.KS,2023-02-27,25.0
440340.KS,2023-03-30,30.0
440340.KS,2023-04-27,25.0
440340.KS,2023-05-30,25.0
440340.KS,2023-06-29,25.0
440340.KS,2023-07-28,30.0
440340.KS,2023-08-30,25.0
440340.KS,2023-10-30,30.0
440340.KS,2023-11-29,25.0
440340.KS,2023-12-27,30.0
440340.KS,2024-01-30,30.0
440340.KS,2024-02-28,25.0
440340.KS,2024-03-28,30.0
440340.KS,2024-04-29,30.0
440340.KS,2024-05-30,30.0
440340.KS,2024-06-27,30.0
440340.KS,2024-07-30,31.0
440340.KS,2024-08-29,31.0
440340.KS,2024-09-27,28.0
440340.KS,2024-10-30,36.0
440340.KS,2024-11-28,29.0
440340.KS,2024-12-27,40.0
440340.KS,2025-01-24,29.0
440340.KS,2025-02-27,31.0
440340.KS,2025-03-28,39.0
440340.KS,2025-04-29,33.0
440340.KS,2025-05-29,45.0
440340.KS,2025-06-27,45.0
440340.KS,2025-07-30,39.0
440340.KS,2025-08-28,29.0
440340.KS,2025-09-29,33.0
440340.KS,2025-10-30,35.0
440340.KS,2025-11-27,30.0
440340.KS,2025-12-29,35.0
440340.KS,2026-01-29,35.0
440340.KS,2026-02-26,40.0
440340.KS,2026-03-30,42.0
440340.KS,2026-04-29,46.0
440340.KS,2026-05-28,46.0
440340.KS,2026-06-29,46.0
440340.KS,2026-07-30,44.0
440340.KS,2026-08-28,46.0
440340.KS,2026-09-29,41.0
496120.KS,2025-04-29,175.0
496120.KS,2025-07-30,40.0
496120.KS,2025-10-30,40.0
496120.KS,2026-01-29,50.0
496120.KS,2026-04-29,150.0
496120.KS,2026-07-30,48.0
292500.KS,2023-01-30,37.0
292500.KS,2023-04-27,155.0
292500.KS,2023-07-28,30.0
292500.KS,2023-10-30,25.0
292500.KS,2024-01-30,30.0
292500.KS,2024-04-29,144.0
292500.KS,2024-07-30,30.0
292500.KS,2024-10-30,32.0
292500.KS,2025-01-24,41.0
292500.KS,2025-04-29,135.0
292500.KS,2025-07-30,40.0
292500.KS,2025-10-30,28.0
292500.KS,2026-01-29,75.0
292500.KS,2026-04-29,200.0
292500.KS,2026-07-30,40.0
493420.KS,2025-06-12,31.0
493420.KS,2025-07-14,18.0
493420.KS,2025-08-13,16.0
493420.KS,2025-09-12,45.0
493420.KS,2025-10-14,21.0
493420.KS,2025-11-13,22.0
493420.KS,2025-12-12,45.0
493420.KS,2026-01-14,26.0
493420.KS,2026-02-12,27.0
493420.KS,2026-03-12,35.0
493420.KS,2026-04-14,34.0
493420.KS,2026-05-14,26.0
493420.KS,2026-06-12,44.0
493420.KS,2026-07-14,26.0
493420.KS,2026-08-13,21.0
493420.KS,2026-09-14,45.0
475380.KS,2024-03-28,38.0
475380.KS,2024-04-29,38.0
475380.KS,2024-05-30,38.0
475380.KS,2024-06-27,38.0
475380.KS,2024-07-30,39.0
475380.KS,2024-08-29,39.0
475380.KS,2024-09-27,41.0
475380.KS,2024-10-30,40.0
475380.KS,2024-11-28,40.0
475380.KS,2024-12-27,40.0
475380.KS,2025-01-24,40.0
475380.KS,2025-02-27,39.0
475380.KS,2025-04-29,33.0
475380.KS,2025-05-29,32.0
475380.KS,2025-06-27,33.0
475380.KS,2025-07-30,33.0
475380.KS,2025-08-28,33.0
475380.KS,2025-09-29,33.0
475380.KS,2025-10-30,34.0
475380.KS,2025-11-27,34.0
475380.KS,2025-12-29,34.0
475380.KS,2026-01-29,31.0
475380.KS,2026-02-26,31.0
475380.KS,2026-03-30,33.0
475380.KS,2026-04-29,35.0
475380.KS,2026-05-28,35.0
475380.KS,2026-06-29,35.0
475380.KS,2026-07-30,33.0
475380.KS,2026-08-28,32.0
475380.KS,2026-09-29,32.0
367740.KS,2023-01-30,25.0
367740.KS,2023-04-27,165.0
367740.KS,2023-07-28,20.0
367740.KS,2023-10-30,40.0
367740.KS,2024-01-30,20.0
367740.KS,2024-04-29,180.0
367740.KS,2024-07-30,15.0
367740.KS,2024-10-30,45.0
367740.KS,2025-01-24,20.0
367740.KS,2025-04-29,80.0
367740.KS,2025-07-30,45.0
367740.KS,2025-10-30,20.0
367740.KS,2026-04-29,140.0
292160.KS,2023-04-27,240.0
292160.KS,2023-07-28,30.0
292160.KS,2023-10-30,35.0
292160.KS,2024-04-29,200.0
292160.KS,2024-07-30,65.0
292160.KS,2024-10-30,50.0
292160.KS,2025-01-24,44.0
292160.KS,2025-04-29,161.0
292160.KS,2025-07-30,50.0
292160.KS,2025-10-30,65.0
292160.KS,2026-01-29,48.0
292160.KS,2026-04-29,277.0
292160.KS,2026-07-30,60.0
159800.KS,2023-04-27,530.0
159800.KS,2024-04-29,560.0
159800.KS,2025-04-29,490.0
159800.KS,2026-04-29,730.0
245360.KS,2023-12-27,150.0
245360.KS,2024-12-27,370.0
245360.KS,2025-04-29,55.0
245360.KS,2025-07-30,180.0
245360.KS,2025-10-30,70.0
245360.KS,2026-01-29,65.0
245360.KS,2026-04-29,15.0
245360.KS,2026-07-30,74.0
0115C0.KS,2025-12-12,35.0
0115C0.KS,2026-01-14,34.0
0115C0.KS,2026-02-12,34.0
0115C0.KS,2026-03-12,34.0
0115C0.KS,2026-04-14,34.0
0115C0.KS,2026-05-14,34.0
0115C0.KS,2026-06-12,34.0
0115C0.KS,2026-07-14,35.0
0115C0.KS,2026-08-13,33.0
0115C0.KS,2026-09-14,33.0
368190.KS,2023-04-27,20.0
368190.KS,2024-04-29,15.0
0097L0.KS,2025-09-29,30.0
0097L0.KS,2025-10-30,30.0
0097L0.KS,2025-11-27,30.0
0097L0.KS,2025-12-29,30.0
0097L0.KS,2026-01-29,30.0
0097L0.KS,2026-02-26,40.0
0097L0.KS,2026-03-30,40.0
0097L0.KS,2026-04-29,45.0
0097L0.KS,2026-05-28,45.0
0097L0.KS,2026-06-29,50.0
0097L0.KS,2026-07-30,50.0
0097L0.KS,2026-08-28,55.0
0097L0.KS,2026-09-29,55.0
364690.KS,2023-04-27,183.0
364690.KS,2024-04-29,180.0
364690.KS,2025-04-29,255.0
364690.KS,2026-04-29,136.0
364690.KS,2026-07-30,57.0
0103T0.KS,2026-01-29,41.0
0103T0.KS,2026-04-29,45.0
442550.KS,2025-12-29,131.0
442550.KS,2026-07-30,49.0
414270.KS,2025-12-29,58.0
195970.KS,2025-12-29,5.0
479850.KS,2025-04-29,35.0
479850.KS,2026-04-29,40.0
138230.KS,2023-12-27,600.0
138230.KS,2025-12-29,180.0
0127R0.KS,2025-12-29,1.0
0127R0.KS,2026-07-30,8.0
300950.KS,2023-04-27,20.0
300950.KS,2024-04-29,5.0
300950.KS,2025-04-29,34.0
300950.KS,2026-04-29,4.0
375760.KS,2023-01-30,15.0
375760.KS,2023-04-27,95.0
375760.KS,2023-07-28,15.0
375760.KS,2023-10-30,20.0
375760.KS,2024-01-30,20.0
375760.KS,2024-04-29,100.0
375760.KS,2024-07-30,20.0
375760.KS,2024-10-30,15.0
375760.KS,2025-01-24,20.0
375760.KS,2025-04-29,100.0
375760.KS,2025-07-30,30.0
375760.KS,2025-10-30,10.0
375760.KS,2026-01-29,10.0
375760.KS,2026-04-29,120.0
375760.KS,2026-07-30,30.0
376410.KS,2023-04-27,150.0
376410.KS,2023-07-28,15.0
376410.KS,2023-10-30,15.0
376410.KS,2024-04-29,110.0
376410.KS,2024-07-30,20.0
376410.KS,2024-10-30,20.0
376410.KS,2025-01-24,20.0
376410.KS,2025-04-29,85.0
376410.KS,2025-07-30,30.0
376410.KS,2025-10-30,30.0
376410.KS,2026-01-29,24.0
376410.KS,2026-04-29,85.0
376410.KS,2026-07-30,58.0
0223A0.KS,2026-08-28,219.0
0223A0.KS,2026-09-29,235.0
0047P0.KS,2025-09-29,20.306
0047P0.KS,2025-12-29,12.0
0047P0.KS,2026-03-30,12.0
0047P0.KS,2026-06-29,14.0
0047P0.KS,2026-09-29,13.0
108590.KS,2023-01-30,120.0
108590.KS,2023-04-27,590.0
108590.KS,2023-07-28,140.0
108590.KS,2023-10-30,140.0
108590.KS,2024-01-30,140.0
108590.KS,2024-04-29,550.0
108590.KS,2024-07-30,120.0
108590.KS,2024-10-30,130.0
108590.KS,2025-01-24,150.0
108590.KS,2025-04-29,700.0
108590.KS,2025-07-30,120.0
108590.KS,2025-10-30,160.0
108590.KS,2026-01-29,120.0
108590.KS,2026-04-29,500.0
108590.KS,2026-07-30,100.0
280930.KS,2025-12-29,40.0
469160.KS,2025-12-29,231.0
388280.KS,2023-04-27,120.0
388280.KS,2024-04-29,80.0
388280.KS,2025-04-29,75.0
388280.KS,2026-04-29,100.0
261120.KS,2025-12-29,56.0
464600.KS,2024-04-29,70.0
464600.KS,2025-04-29,60.0
464600.KS,2026-04-29,135.0
225130.KS,2025-12-29,504.0
239660.KS,2025-12-12,1413.0
411540.KS,2023-01-30,8.0
411540.KS,2023-04-27,86.0
411540.KS,2023-07-28,7.0
411540.KS,2023-10-30,19.0
411540.KS,2024-01-30,14.0
411540.KS,2024-04-29,100.0
411540.KS,2024-07-30,15.0
411540.KS,2024-10-30,16.0
411540.KS,2025-01-24,20.0
411540.KS,2025-04-29,55.0
411540.KS,2025-07-30,100.0
411540.KS,2025-10-30,29.0
411540.KS,2026-01-29,10.0
411540.KS,2026-04-29,35.0
411540.KS,2026-07-30,23.0
304770.KS,2023-04-27,40.0
304770.KS,2024-04-29,20.0
304770.KS,2025-04-29,15.0
304770.KS,2026-04-29,10.0
461450.KS,2024-04-29,25.0
461450.KS,2025-04-29,52.0
461450.KS,2026-04-29,37.0
447660.KS,2024-04-29,50.0
447660.KS,2024-07-30,50.0
447660.KS,2024-10-30,40.0
447660.KS,2025-01-24,30.0
447660.KS,2025-04-29,30.0
447660.KS,2025-07-30,20.0
447660.KS,2025-10-30,20.0
447660.KS,2026-01-29,20.0
447660.KS,2026-04-29,20.0
447660.KS,2026-07-30,25.0
0026E0.KS,2026-03-19,83.0
337120.KS,2023-04-27,230.0
337120.KS,2024-04-29,243.0
337120.KS,2025-04-29,288.0
337120.KS,2026-04-29,204.0
337120.KS,2026-07-30,83.0
471460.KS,2024-08-29,141.0
471460.KS,2024-09-27,126.0
471460.KS,2024-10-30,126.0
471460.KS,2024-11-28,126.0
471460.KS,2024-12-27,126.0
471460.KS,2025-01-24,126.0
471460.KS,2025-02-27,126.0
471460.KS,2025-04-29,114.0
471460.KS,2025-05-29,114.0
471460.KS,2025-06-27,114.0
471460.KS,2025-07-30,114.0
471460.KS,2025-08-28,114.0
471460.KS,2025-09-29,109.0
471460.KS,2025-10-30,109.0
471460.KS,2025-11-27,109.0
471460.KS,2025-12-29,109.0
471460.KS,2026-01-29,109.0
471460.KS,2026-02-26,109.0
471460.KS,2026-03-30,127.0
471460.KS,2026-04-29,127.0
471460.KS,2026-05-28,127.0
471460.KS,2026-06-29,127.0
471460.KS,2026-07-30,127.0
471460.KS,2026-08-28,127.0
471460.KS,2026-09-29,163.0
300640.KS,2023-04-27,60.0
300640.KS,2024-04-29,15.0
300640.KS,2025-04-29,30.0
300640.KS,2026-04-29,31.0
371450.KS,2025-12-29,47.0
364990.KS,2023-04-27,50.0
364990.KS,2024-04-29,20.0
364990.KS,2025-04-29,10.0
364990.KS,2026-04-29,45.0
0192S0.KS,2026-06-29,14.0
0192S0.KS,2026-07-30,10.0
0192S0.KS,2026-08-28,12.0
0192S0.KS,2026-09-29,12.0
269420.KS,2025-12-29,37.0
253290.KS,2023-06-07,40.0
253290.KS,2023-12-07,110.0
253290.KS,2024-06-05,40.0
253290.KS,2024-12-06,90.0
253290.KS,2025-06-05,50.0
253290.KS,2025-12-08,50.0
253290.KS,2026-06-08,50.0
289040.KS,2023-04-27,200.0
289040.KS,2024-04-29,200.0
289040.KS,2025-04-29,242.0
289040.KS,2026-04-29,168.0
289040.KS,2026-07-30,36.0
226980.KS,2023-04-27,200.0
226980.KS,2024-04-29,240.0
226980.KS,2025-04-29,327.0
226980.KS,2026-04-29,293.0
226980.KS,2026-07-30,111.0
152380.KS,2025-12-29,750.0
289250.KS,2023-04-27,140.0
289250.KS,2023-07-28,30.0
289250.KS,2023-10-30,29.0
289250.KS,2024-04-29,120.0
289250.KS,2024-07-30,20.0
289250.KS,2024-10-30,25.0
289250.KS,2025-04-29,90.0
289250.KS,2025-07-30,25.0
289250.KS,2025-10-30,32.0
289250.KS,2026-04-29,90.0
289250.KS,2026-07-30,20.0
417630.KS,2023-04-27,75.0
417630.KS,2023-10-30,10.0
417630.KS,2024-04-29,65.0
417630.KS,2025-04-29,80.0
417630.KS,2025-10-30,25.0
417630.KS,2026-04-29,20.0
489000.KS,2025-12-29,120.0
477730.KS,2024-07-30,40.0
477730.KS,2025-07-30,106.0
477730.KS,2025-10-30,11.0
477730.KS,2026-01-29,10.0
477730.KS,2026-04-29,35.0
477730.KS,2026-07-30,60.0
463300.KS,2025-12-29,204.0
463300.KS,2026-07-30,114.0
304760.KS,2023-01-30,35.0
304760.KS,2023-04-27,200.0
304760.KS,2023-07-28,30.0
304760.KS,2023-10-30,30.0
304760.KS,2024-01-30,35.0
304760.KS,2024-04-29,165.0
304760.KS,2024-07-30,40.0
304760.KS,2024-10-30,40.0
304760.KS,2025-01-24,40.0
304760.KS,2025-04-29,180.0
304760.KS,2025-07-30,45.0
304760.KS,2025-10-30,40.0
304760.KS,2026-01-29,35.0
304760.KS,2026-04-29,250.0
304760.KS,2026-07-30,60.0
456680.KS,2025-12-29,90.0
437070.KS,2025-07-30,225.0
437070.KS,2025-08-28,230.0
437070.KS,2025-09-29,228.0
437070.KS,2025-10-30,222.0
437070.KS,2025-11-27,274.0
437070.KS,2025-12-29,233.0
437070.KS,2026-01-29,239.0
437070.KS,2026-02-26,237.0
437070.KS,2026-03-30,219.0
437070.KS,2026-04-29,261.0
437070.KS,2026-05-28,243.0
437070.KS,2026-06-29,259.0
437070.KS,2026-07-30,249.0
437070.KS,2026-08-28,247.0
437070.KS,2026-09-29,251.0
465670.KS,2023-10-30,15.0
465670.KS,2023-11-29,12.0
465670.KS,2023-12-27,20.0
465670.KS,2024-01-30,19.0
465670.KS,2024-02-28,14.0
465670.KS,2024-03-28,25.0
465670.KS,2024-04-29,18.0
465670.KS,2024-05-30,15.0
465670.KS,2024-06-27,20.0
465670.KS,2024-07-30,18.0
465670.KS,2024-08-29,24.0
465670.KS,2024-09-27,18.0
465670.KS,2024-10-30,20.0
465670.KS,2024-11-28,22.0
465670.KS,2024-12-27,26.0
465670.KS,2025-01-24,17.0
465670.KS,2025-02-27,23.0
465670.KS,2025-04-29,30.0
465670.KS,2025-05-29,20.0
465670.KS,2025-06-27,26.0
465670.KS,2025-07-30,34.0
465670.KS,2025-08-28,25.0
465670.KS,2025-09-29,30.0
465670.KS,2025-10-30,15.0
465670.KS,2025-11-27,26.0
465670.KS,2025-12-29,35.0
465670.KS,2026-01-29,16.0
465670.KS,2026-02-26,21.0
465670.KS,2026-03-30,12.0
465670.KS,2026-04-29,16.0
465670.KS,2026-05-28,17.0
465670.KS,2026-06-29,25.0
465670.KS,2026-07-30,18.0
465670.KS,2026-08-28,17.0
465670.KS,2026-09-29,22.0
404260.KS,2023-04-27,135.0
404260.KS,2024-04-29,150.0
404260.KS,2025-04-29,201.0
404260.KS,2026-04-29,156.0
404260.KS,2026-07-30,42.0
091220.KS,2023-04-27,365.0
091220.KS,2023-07-28,30.0
091220.KS,2023-10-30,65.0
091220.KS,2024-01-30,60.0
091220.KS,2024-04-29,218.0
091220.KS,2024-07-30,60.0
091220.KS,2024-10-30,60.0
091220.KS,2025-01-24,51.0
091220.KS,2025-04-29,205.0
091220.KS,2025-07-30,70.0
091220.KS,2025-10-30,95.0
091220.KS,2026-01-29,88.0
091220.KS,2026-04-29,221.0
091220.KS,2026-07-30,146.0
0153X0.KS,2026-02-26,45.0
0153X0.KS,2026-03-30,47.0
0153X0.KS,2026-04-29,47.0
0153X0.KS,2026-05-28,48.0
0153X0.KS,2026-06-29,47.0
0153X0.KS,2026-07-30,47.0
0153X0.KS,2026-08-28,48.0
0153X0.KS,2026-09-29,45.0
379790.KS,2025-12-29,477.0
379790.KS,2026-07-30,210.0
228820.KS,2023-04-27,100.0
228820.KS,2023-07-28,20.0
228820.KS,2023-10-30,15.0
228820.KS,2024-04-29,89.0
228820.KS,2024-07-30,25.0
228820.KS,2024-10-30,25.0
228820.KS,2025-04-29,90.0
228820.KS,2025-07-30,25.0
228820.KS,2025-10-30,23.0
228820.KS,2026-04-29,90.0
228820.KS,2026-07-30,30.0
169950.KS,2025-10-30,255.0
229720.KS,2023-04-27,316.0
229720.KS,2024-04-29,269.0
229720.KS,2025-04-29,325.0
229720.KS,2026-04-29,287.0
229720.KS,2026-07-30,31.0
183710.KS,2023-06-07,300.0
183710.KS,2023-12-07,250.0
183710.KS,2024-06-05,300.0
183710.KS,2024-12-06,250.0
183710.KS,2025-06-05,300.0
183710.KS,2025-12-08,250.0
183710.KS,2026-06-08,450.0
0067V0.KS,2026-01-29,146.0
487950.KS,2024-08-29,65.0
487950.KS,2024-09-27,62.0
487950.KS,2024-10-30,65.0
487950.KS,2024-11-28,64.0
487950.KS,2024-12-27,64.0
487950.KS,2025-01-24,63.0
487950.KS,2025-02-27,58.0
487950.KS,2025-04-29,54.0
487950.KS,2025-05-29,59.0
487950.KS,2025-06-27,58.0
487950.KS,2025-07-30,57.0
487950.KS,2025-08-28,55.0
487950.KS,2025-09-29,60.0
487950.KS,2025-10-30,61.0
487950.KS,2025-11-27,58.0
487950.KS,2025-12-29,58.0
487950.KS,2026-01-29,63.0
487950.KS,2026-02-26,60.0
487950.KS,2026-03-30,65.0
487950.KS,2026-04-29,65.0
487950.KS,2026-05-28,79.0
487950.KS,2026-06-29,86.0
487950.KS,2026-07-30,77.0
487950.KS,2026-08-28,75.0
487950.KS,2026-09-29,77.0
284980.KS,2023-04-27,320.0
284980.KS,2024-04-29,400.0
284980.KS,2024-07-30,40.0
284980.KS,2024-10-30,70.0
284980.KS,2025-01-24,20.0
284980.KS,2025-04-29,300.0
284980.KS,2025-07-30,70.0
284980.KS,2025-10-30,70.0
284980.KS,2026-01-29,130.0
284980.KS,2026-04-29,380.0
284980.KS,2026-07-30,110.0
461910.KS,2025-12-29,350.0
497780.KS,2025-01-24,43.0
497780.KS,2025-02-27,37.0
497780.KS,2025-04-29,36.0
497780.KS,2025-05-29,35.0
497780.KS,2025-06-27,35.0
497780.KS,2025-07-30,36.0
497780.KS,2025-08-28,37.0
497780.KS,2025-09-29,38.0
497780.KS,2025-10-30,37.0
497780.KS,2025-11-27,39.0
497780.KS,2025-12-29,38.0
497780.KS,2026-01-29,40.0
497780.KS,2026-02-26,44.0
497780.KS,2026-03-30,49.0
497780.KS,2026-04-29,46.0
497780.KS,2026-05-28,48.0
497780.KS,2026-06-29,47.0
497780.KS,2026-07-30,45.0
497780.KS,2026-08-28,42.0
497780.KS,2026-09-29,40.0
381560.KS,2023-04-27,135.0
381560.KS,2023-10-30,10.0
381560.KS,2024-01-30,10.0
381560.KS,2024-04-29,110.0
381560.KS,2024-07-30,8.0
381560.KS,2024-10-30,10.0
381560.KS,2025-04-29,85.0
381560.KS,2025-07-30,20.0
381560.KS,2026-04-29,287320.78
381560.KS,2026-07-30,30.0
416090.KS,2025-12-29,8.0
445910.KS,2023-04-27,320.0
445910.KS,2023-07-28,15.0
445910.KS,2023-10-30,30.0
445910.KS,2024-04-29,253.0
445910.KS,2024-07-30,25.0
445910.KS,2024-10-30,30.0
445910.KS,2025-01-24,29.0
445910.KS,2025-04-29,265.0
445910.KS,2025-07-30,65.0
445910.KS,2025-10-30,75.0
445910.KS,2026-01-29,19.0
445910.KS,2026-04-29,277.0
445910.KS,2026-07-30,25.0
213630.KS,2025-12-29,187.0
438320.KS,2025-12-29,50.0
0104P0.KS,2025-10-30,98.0
0104P0.KS,2025-11-27,98.0
0104P0.KS,2025-12-29,100.0
0104P0.KS,2026-01-29,103.0
0104P0.KS,2026-02-26,114.0
0104P0.KS,2026-03-30,112.0
0104P0.KS,2026-04-29,114.0
0104P0.KS,2026-05-28,113.0
0104P0.KS,2026-06-29,104.0
0104P0.KS,2026-07-30,105.0
0104P0.KS,2026-08-28,109.0
0104P0.KS,2026-09-29,110.0
461900.KS,2025-04-29,10.0
461900.KS,2026-04-29,15.0
407310.KS,2023-01-30,7.0
407310.KS,2023-04-27,85.0
407310.KS,2023-07-28,7.0
407310.KS,2023-10-30,16.0
407310.KS,2024-01-30,18.0
407310.KS,2024-04-29,95.0
407310.KS,2024-07-30,16.0
407310.KS,2024-10-30,15.0
407310.KS,2025-01-24,15.0
407310.KS,2025-04-29,100.0
407310.KS,2025-07-30,30.0
407310.KS,2026-01-29,10.0
407310.KS,2026-04-29,110.0
407310.KS,2026-07-30,20.0
227830.KS,2023-04-27,500.0
227830.KS,2023-10-30,80.0
227830.KS,2024-04-29,400.0
227830.KS,2024-07-30,100.0
227830.KS,2024-10-30,100.0
227830.KS,2025-01-24,100.0
227830.KS,2025-04-29,310.0
227830.KS,2025-07-30,70.0
227830.KS,2025-10-30,65.0
227830.KS,2026-01-29,120.0
227830.KS,2026-04-29,360.0
227830.KS,2026-07-30,70.0
0018Z0.KS,2025-12-29,48.0
0018Z0.KS,2026-07-30,43.0
276000.KS,2025-12-29,23.0
0144M0.KS,2026-04-29,4.0
0144M0.KS,2026-07-30,2.0
385600.KS,2023-04-27,65.0
385600.KS,2024-04-29,50.0
385600.KS,2025-04-29,30.0
385600.KS,2026-04-29,120.0
292050.KS,2023-04-27,190.0
292050.KS,2024-04-29,230.0
292050.KS,2024-07-30,80.0
292050.KS,2024-10-30,45.0
292050.KS,2025-04-29,80.0
292050.KS,2025-07-30,200.0
292050.KS,2025-10-30,50.0
292050.KS,2026-04-29,380.0
391670.KS,2025-07-30,155.0
391670.KS,2026-04-29,130.0
195920.KS,2025-12-29,50.0
289260.KS,2023-04-27,100.0
289260.KS,2023-07-28,10.0
289260.KS,2024-04-29,80.0
289260.KS,2024-10-30,10.0
289260.KS,2025-04-29,45.0
289260.KS,2025-10-30,20.0
289260.KS,2026-04-29,45.0
449580.KS,2025-12-29,155.0
449580.KS,2026-07-30,171.0
0086C0.KS,2025-09-12,27.0
0086C0.KS,2025-10-14,28.0
0086C0.KS,2025-11-13,28.0
0086C0.KS,2025-12-12,28.0
0086C0.KS,2026-01-14,28.0
0086C0.KS,2026-02-12,28.0
0086C0.KS,2026-03-12,28.0
0086C0.KS,2026-04-14,28.0
0086C0.KS,2026-05-14,28.0
0086C0.KS,2026-06-12,28.0
0086C0.KS,2026-07-14,28.0
0086C0.KS,2026-08-13,28.0
0086C0.KS,2026-09-14,28.0
0105D0.KS,2025-12-29,4.0
0105D0.KS,2026-04-29,55.0
457690.KS,2025-12-12,170.0
225060.KS,2025-12-29,116.0
468370.KS,2023-11-29,41.0
468370.KS,2023-12-27,24.0
468370.KS,2024-04-29,3.0
468370.KS,2024-05-30,65.0
468370.KS,2024-06-27,71.0
468370.KS,2024-07-30,40.0
468370.KS,2024-08-29,15.0
468370.KS,2024-09-27,2.0
468370.KS,2024-10-30,11.0
468370.KS,2024-11-28,8.0
468370.KS,2024-12-27,18.0
468370.KS,2025-01-24,15.0
468370.KS,2025-04-29,90.0
468370.KS,2025-05-29,51.0
468370.KS,2025-06-27,25.0
468370.KS,2025-07-30,35.0
468370.KS,2025-08-28,25.0
468370.KS,2025-09-29,39.0
468370.KS,2025-10-30,17.0
468370.KS,2025-11-27,38.0
468370.KS,2025-12-29,32.0
468370.KS,2026-01-29,31.0
468370.KS,2026-05-28,47.0
468370.KS,2026-06-29,115.0
468370.KS,2026-07-30,98.0
468370.KS,2026-08-28,66.0
0065G0.KS,2025-10-30,14.0
0065G0.KS,2026-01-29,4.0
0065G0.KS,2026-04-29,9.0
0065G0.KS,2026-07-30,53.0
451600.KS,2025-12-12,1296.0
460660.KS,2023-07-28,25.0
460660.KS,2023-08-30,25.0
460660.KS,2023-10-30,25.0
460660.KS,2023-11-29,25.0
460660.KS,2023-12-27,25.0
460660.KS,2024-01-30,30.0
460660.KS,2024-02-28,30.0
460660.KS,2024-03-28,30.0
460660.KS,2024-04-29,30.0
460660.KS,2024-05-30,30.0
460660.KS,2024-06-27,30.0
460660.KS,2024-07-30,30.0
460660.KS,2024-08-29,30.0
460660.KS,2024-09-27,30.0
460660.KS,2024-10-30,30.0
460660.KS,2024-11-28,30.0
460660.KS,2024-12-27,30.0
460660.KS,2025-01-24,30.0
460660.KS,2025-02-27,30.0
460660.KS,2025-04-29,27.0
460660.KS,2025-05-29,27.0
460660.KS,2025-06-27,27.0
460660.KS,2025-07-30,27.0
460660.KS,2025-08-28,27.0
460660.KS,2025-09-29,27.0
460660.KS,2025-10-30,28.0
460660.KS,2025-11-27,28.0
460660.KS,2025-12-29,28.0
460660.KS,2026-01-29,28.0
460660.KS,2026-02-26,30.0
460660.KS,2026-03-30,29.0
460660.KS,2026-04-29,29.0
460660.KS,2026-05-28,29.0
460660.KS,2026-06-29,31.0
460660.KS,2026-07-30,30.0
460660.KS,2026-08-28,29.0
460660.KS,2026-09-29,28.0
494420.KS,2024-11-14,100.0
494420.KS,2024-12-12,110.0
494420.KS,2025-01-14,110.0
494420.KS,2025-02-13,110.0
494420.KS,2025-03-13,110.0
494420.KS,2025-04-14,104.0
494420.KS,2025-05-14,105.0
494420.KS,2025-06-12,101.0
494420.KS,2025-07-14,110.0
494420.KS,2025-08-13,107.0
494420.KS,2025-09-12,110.0
494420.KS,2025-10-14,110.0
494420.KS,2025-11-13,110.0
494420.KS,2025-12-12,115.0
494420.KS,2026-01-14,100.0
494420.KS,2026-02-12,100.0
494420.KS,2026-03-12,100.0
494420.KS,2026-04-14,105.0
494420.KS,2026-05-14,106.0
494420.KS,2026-06-12,111.0
494420.KS,2026-07-14,115.0
494420.KS,2026-08-13,118.0
494420.KS,2026-09-14,104.0
488290.KS,2025-12-29,157.0
219390.KS,2025-12-29,1.0
415760.KS,2025-12-29,106.0
483330.KS,2025-12-29,63.0
131890.KS,2023-04-27,400.0
131890.KS,2024-04-29,400.0
131890.KS,2025-04-29,480.0
131890.KS,2026-04-29,700.0
250730.KS,2025-12-29,355.0
419650.KS,2025-04-29,7.0
419650.KS,2026-04-29,11.0
130680.KS,2025-12-29,27.0
484890.KS,2025-12-12,670.0
432840.KS,2023-04-27,80.0
432840.KS,2023-07-28,30.0
432840.KS,2023-08-30,9.0
432840.KS,2023-10-30,9.0
432840.KS,2023-11-29,12.0
432840.KS,2023-12-27,12.0
432840.KS,2024-01-30,10.0
432840.KS,2024-02-28,7.0
432840.KS,2024-03-28,10.0
432840.KS,2024-04-29,11.0
432840.KS,2024-05-30,8.0
432840.KS,2024-06-27,9.0
432840.KS,2024-07-30,10.0
432840.KS,2024-08-29,10.0
432840.KS,2024-09-27,12.0
432840.KS,2024-10-30,10.0
432840.KS,2024-11-28,7.0
432840.KS,2024-12-27,13.0
432840.KS,2025-01-24,8.0
432840.KS,2025-02-27,9.0
432840.KS,2025-03-28,11.0
432840.KS,2025-04-29,13.0
432840.KS,2025-05-29,9.0
432840.KS,2025-06-27,14.0
432840.KS,2025-07-30,12.0
432840.KS,2025-08-28,9.0
432840.KS,2025-09-29,15.0
432840.KS,2025-10-30,13.0
432840.KS,2025-11-27,8.0
432840.KS,2025-12-29,15.0
432840.KS,2026-01-29,9.0
432840.KS,2026-02-26,10.0
432840.KS,2026-03-30,11.0
432840.KS,2026-04-29,13.0
432840.KS,2026-05-28,10.0
432840.KS,2026-06-29,12.0
432840.KS,2026-07-30,13.0
432840.KS,2026-08-28,10.0
432840.KS,2026-09-29,10.0
332620.KS,2025-03-28,347.0
332620.KS,2025-04-29,322.0
332620.KS,2025-05-29,309.0
332620.KS,2025-06-27,319.0
332620.KS,2025-07-30,320.0
332620.KS,2025-08-28,326.0
332620.KS,2025-09-29,336.0
332620.KS,2025-10-30,353.0
332620.KS,2025-11-27,352.0
332620.KS,2025-12-29,351.0
332620.KS,2026-01-29,385.0
332620.KS,2026-02-26,348.0
332620.KS,2026-03-30,346.0
332620.KS,2026-04-29,348.0
332620.KS,2026-05-28,345.0
332620.KS,2026-06-29,356.0
332620.KS,2026-07-30,327.0
332620.KS,2026-08-28,309.0
332620.KS,2026-09-29,302.0
244620.KS,2023-04-27,188.0
244620.KS,2024-04-29,100.0
244620.KS,2025-04-29,263.0
244620.KS,2026-01-29,14.0
244620.KS,2026-04-29,129.0
387280.KS,2023-04-27,10.0
387280.KS,2024-04-29,5.0
387280.KS,2025-04-29,5.0
387280.KS,2026-04-29,5.0
114460.KS,2023-03-08,520.0
114460.KS,2023-06-07,1229.0
114460.KS,2023-09-07,541.0
114460.KS,2023-12-07,1229.0
114460.KS,2024-03-07,580.0
114460.KS,2024-06-05,1166.0
114460.KS,2024-09-06,541.0
114460.KS,2024-12-06,1187.0
114460.KS,2025-03-06,500.0
114460.KS,2025-06-05,1020.0
114460.KS,2025-09-08,437.0
114460.KS,2025-12-08,854.0
114460.KS,2026-03-06,416.0
114460.KS,2026-06-08,833.0
114460.KS,2026-09-08,562.0
491510.KS,2025-04-29,344.0
491510.KS,2026-07-30,250.0
337150.KS,2023-04-27,230.0
337150.KS,2024-04-29,220.0
337150.KS,2025-04-29,281.0
337150.KS,2026-04-29,221.0
337150.KS,2026-07-30,79.0
453010.KS,2025-12-12,1122.0
0090B0.KS,2025-12-29,10.0
0090B0.KS,2026-04-29,55.0
404650.KS,2023-01-30,10.0
404650.KS,2023-04-27,81.0
404650.KS,2023-07-28,9.0
404650.KS,2023-10-30,16.0
404650.KS,2024-01-30,10.0
404650.KS,2024-04-29,100.0
404650.KS,2024-07-30,15.0
404650.KS,2024-10-30,16.0
404650.KS,2025-01-24,15.0
404650.KS,2025-04-29,85.0
404650.KS,2025-07-30,65.0
404650.KS,2025-10-30,16.0
404650.KS,2026-01-29,37.0
404650.KS,2026-04-29,97.0
404650.KS,2026-07-30,21.0
104520.KS,2023-04-27,160.0
104520.KS,2023-10-30,10.0
104520.KS,2024-04-29,100.0
104520.KS,2024-10-30,80.0
104520.KS,2025-04-29,180.0
104520.KS,2025-07-30,15.0
104520.KS,2025-10-30,20.0
104520.KS,2026-01-29,30.0
104520.KS,2026-04-29,110.0
104520.KS,2026-07-30,20.0
0084E0.KS,2025-11-27,20.0
0084E0.KS,2025-12-29,16.0
0084E0.KS,2026-01-29,16.0
0084E0.KS,2026-02-26,16.0
0084E0.KS,2026-03-30,16.0
0084E0.KS,2026-04-29,16.0
0084E0.KS,2026-05-28,16.0
0084E0.KS,2026-06-29,16.0
0084E0.KS,2026-07-30,16.0
0084E0.KS,2026-08-28,16.0
0084E0.KS,2026-09-29,16.0
234310.KS,2025-04-29,70.0
234310.KS,2025-07-30,150.0
234310.KS,2026-04-29,150.0
373490.KS,2023-04-27,38.0
373490.KS,2024-04-29,40.0
373490.KS,2025-04-29,200.0
373490.KS,2026-04-29,120.0
438900.KS,2023-04-27,125.0
438900.KS,2024-04-29,175.0
438900.KS,2025-04-29,140.0
438900.KS,2026-04-29,220.0
438900.KS,2026-07-30,10.0
453630.KS,2023-07-28,65.0
453630.KS,2023-10-30,55.0
453630.KS,2024-01-30,70.0
453630.KS,2024-04-29,55.0
453630.KS,2024-07-30,60.0
453630.KS,2024-10-30,55.0
453630.KS,2025-01-24,70.0
453630.KS,2025-04-29,72.0
453630.KS,2025-07-30,72.0
453630.KS,2025-10-30,65.0
453630.KS,2026-01-29,80.0
453630.KS,2026-04-29,74.0
453630.KS,2026-07-30,74.0
496130.KS,2025-12-29,344.0
0153P0.KS,2026-02-26,72.0
0153P0.KS,2026-03-30,54.0
0153P0.KS,2026-04-29,54.0
0153P0.KS,2026-05-28,54.0
0153P0.KS,2026-06-29,54.0
0153P0.KS,2026-07-30,54.0
0153P0.KS,2026-08-28,54.0
0153P0.KS,2026-09-29,54.0
236350.KS,2025-12-29,1065.0
102960.KS,2023-04-27,10.0
102960.KS,2024-04-29,10.0
102960.KS,2025-04-29,59.0
102960.KS,2026-04-29,8.0
0127V0.KS,2025-12-29,18.0
0127V0.KS,2026-01-29,12.0
0127V0.KS,2026-02-26,10.0
0127V0.KS,2026-03-30,10.0
0127V0.KS,2026-04-29,10.0
0127V0.KS,2026-05-28,10.0
0127V0.KS,2026-06-29,10.0
0127V0.KS,2026-07-30,10.0
0127V0.KS,2026-08-28,10.0
0127V0.KS,2026-09-29,10.0
417450.KS,2025-12-29,99.0
417450.KS,2026-07-30,107.0
485810.KS,2025-12-29,33.0
0104G0.KS,2026-04-29,35.0
472720.KS,2025-12-29,381.0
279540.KS,2023-04-27,240.0
279540.KS,2024-04-29,250.0
279540.KS,2025-04-29,295.0
279540.KS,2026-04-29,212.0
279540.KS,2026-07-30,71.0
0194R0.KS,2026-07-14,16.0
0194R0.KS,2026-08-13,6.0
0194R0.KS,2026-09-14,8.0
137610.KS,2025-12-29,49.0
300610.KS,2023-04-27,20.0
300610.KS,2024-04-29,44.0
300610.KS,2025-04-29,15.0
300610.KS,2026-04-29,55.0
0127T0.KS,2025-12-29,23.0
0127T0.KS,2026-01-29,15.0
0127T0.KS,2026-02-26,15.0
0127T0.KS,2026-03-30,15.0
0127T0.KS,2026-04-29,15.0
0127T0.KS,2026-05-28,15.0
0127T0.KS,2026-06-29,15.0
0127T0.KS,2026-07-30,15.0
0127T0.KS,2026-08-28,15.0
0127T0.KS,2026-09-29,15.0
363510.KS,2025-12-12,1425.0
280920.KS,2023-04-27,170.0
280920.KS,2024-04-29,180.0
280920.KS,2025-04-29,290.0
280920.KS,2026-04-29,150.0
140710.KS,2023-04-27,115.0
140710.KS,2024-04-29,90.0
140710.KS,2025-04-29,105.0
140710.KS,2026-04-29,26.0
140710.KS,2026-07-30,93.0
166400.KS,2023-01-30,45.0
166400.KS,2023-02-27,40.0
166400.KS,2023-03-30,40.0
166400.KS,2023-04-27,27.0
166400.KS,2023-05-30,13.0
166400.KS,2023-06-29,25.0
166400.KS,2023-07-28,14.0
166400.KS,2023-08-30,26.0
166400.KS,2023-10-30,25.0
166400.KS,2023-11-29,54.0
166400.KS,2023-12-27,12.0
166400.KS,2024-01-30,49.0
166400.KS,2024-02-28,60.0
166400.KS,2024-03-28,30.0
166400.KS,2024-04-29,50.0
166400.KS,2024-05-30,52.0
166400.KS,2024-06-27,34.0
166400.KS,2024-07-30,37.0
166400.KS,2024-08-29,52.0
166400.KS,2024-09-27,45.0
166400.KS,2024-10-30,50.0
166400.KS,2024-11-28,49.0
166400.KS,2024-12-27,48.0
166400.KS,2025-01-24,50.0
166400.KS,2025-02-27,31.0
166400.KS,2025-03-28,42.0
166400.KS,2025-04-29,50.0
166400.KS,2025-05-29,52.0
166400.KS,2025-06-27,56.0
166400.KS,2025-07-30,57.0
166400.KS,2025-08-28,57.0
166400.KS,2025-09-29,63.0
166400.KS,2025-10-30,67.0
166400.KS,2025-11-27,63.0
166400.KS,2025-12-29,68.0
166400.KS,2026-01-29,75.0
166400.KS,2026-02-26,78.0
166400.KS,2026-03-30,78.0
166400.KS,2026-04-29,90.0
166400.KS,2026-05-28,92.0
166400.KS,2026-06-29,100.0
166400.KS,2026-07-30,83.0
166400.KS,2026-08-28,94.0
166400.KS,2026-09-29,102.0
290080.KS,2023-01-30,55.0
290080.KS,2023-02-27,55.0
290080.KS,2023-03-30,50.0
290080.KS,2023-04-27,55.0
290080.KS,2023-05-30,50.0
290080.KS,2023-06-29,50.0
290080.KS,2023-07-28,50.0
290080.KS,2023-08-30,51.0
290080.KS,2023-10-30,52.0
290080.KS,2023-11-29,52.0
290080.KS,2023-12-27,52.0
290080.KS,2024-01-30,52.0
290080.KS,2024-02-28,53.0
290080.KS,2024-03-28,53.0
290080.KS,2024-04-29,53.0
290080.KS,2024-05-30,55.0
290080.KS,2024-06-27,55.0
290080.KS,2024-07-30,55.0
290080.KS,2024-08-29,55.0
290080.KS,2024-09-27,56.0
290080.KS,2024-10-30,57.0
290080.KS,2024-11-28,55.0
290080.KS,2024-12-27,59.0
290080.KS,2025-01-24,59.0
290080.KS,2025-02-27,60.0
290080.KS,2025-03-28,61.0
290080.KS,2025-04-29,60.0
290080.KS,2025-05-29,63.0
290080.KS,2025-06-27,67.0
290080.KS,2025-07-30,67.0
290080.KS,2025-08-28,67.0
290080.KS,2025-09-29,65.0
290080.KS,2025-10-30,62.0
290080.KS,2025-11-27,65.0
290080.KS,2025-12-29,79.0
290080.KS,2026-01-29,75.0
290080.KS,2026-02-26,60.0
290080.KS,2026-03-30,60.0
290080.KS,2026-04-29,69.0
290080.KS,2026-05-28,50.0
290080.KS,2026-06-29,47.0
290080.KS,2026-07-30,100.0
290080.KS,2026-08-28,60.0
290080.KS,2026-09-29,58.0
0004G0.KS,2025-04-29,28.0
0004G0.KS,2025-05-29,27.0
0004G0.KS,2025-06-27,22.0
0004G0.KS,2025-07-30,34.0
0004G0.KS,2025-08-28,12.0
0004G0.KS,2025-09-29,26.0
0004G0.KS,2025-10-30,33.0
0004G0.KS,2025-11-27,15.0
0004G0.KS,2025-12-29,23.0
0004G0.KS,2026-01-29,34.0
0004G0.KS,2026-02-26,30.0
0004G0.KS,2026-03-30,20.0
0004G0.KS,2026-04-29,28.0
0004G0.KS,2026-05-28,27.0
0004G0.KS,2026-06-29,20.0
0004G0.KS,2026-07-30,26.0
0004G0.KS,2026-08-28,26.0
0004G0.KS,2026-09-29,14.0
0013P0.KS,2025-04-29,21.0
0013P0.KS,2025-05-29,18.0
0013P0.KS,2025-06-27,17.0
0013P0.KS,2025-07-30,18.0
0013P0.KS,2025-08-28,18.0
0013P0.KS,2025-09-29,19.0
0013P0.KS,2025-10-30,19.0
0013P0.KS,2025-11-27,19.0
0013P0.KS,2025-12-29,22.0
0013P0.KS,2026-01-29,22.0
0013P0.KS,2026-02-26,21.0
0013P0.KS,2026-03-30,17.0
0013P0.KS,2026-04-29,19.0
0013P0.KS,2026-05-28,21.0
0013P0.KS,2026-06-29,18.0
0013P0.KS,2026-07-30,22.0
0013P0.KS,2026-08-28,23.0
0013P0.KS,2026-09-29,17.0
0028X0.KS,2025-07-30,11.0
0028X0.KS,2025-10-30,17.0
0028X0.KS,2026-01-29,18.0
0028X0.KS,2026-04-29,46.0
0028X0.KS,2026-07-30,22.0
489860.KS,2025-04-29,131.0
489860.KS,2025-07-30,90.0
489860.KS,2025-10-30,15.0
489860.KS,2026-01-29,30.0
489860.KS,2026-04-29,30.0
489860.KS,2026-07-30,50.0
453820.KS,2025-12-29,135.0
0015F0.KS,2025-04-29,15.0
0015F0.KS,2025-05-29,20.0
0015F0.KS,2025-06-27,20.0
0015F0.KS,2025-07-30,20.0
0015F0.KS,2025-08-28,20.0
0015F0.KS,2025-09-29,20.0
0015F0.KS,2025-10-30,20.0
0015F0.KS,2025-11-27,20.0
0015F0.KS,2025-12-29,20.0
0015F0.KS,2026-01-29,20.0
0015F0.KS,2026-02-26,20.0
0015F0.KS,2026-03-30,20.0
0015F0.KS,2026-04-29,20.0
0015F0.KS,2026-05-28,20.0
0015F0.KS,2026-06-29,20.0
0015F0.KS,2026-07-30,20.0
0015F0.KS,2026-08-28,20.0
0015F0.KS,2026-09-29,20.0
453060.KS,2025-12-29,10.0
457700.KS,2025-12-12,184.0
404540.KS,2023-04-27,50.0
404540.KS,2023-07-28,9.0
404540.KS,2023-10-30,20.0
404540.KS,2024-04-29,124.0
404540.KS,2024-07-30,25.0
404540.KS,2025-01-24,18.0
404540.KS,2025-04-29,80.0
404540.KS,2025-07-30,20.0
404540.KS,2025-10-30,25.0
404540.KS,2026-01-29,20.0
404540.KS,2026-04-29,110.0
404540.KS,2026-07-30,82.0
0220A0.KS,2026-08-28,21.0
0220A0.KS,2026-09-29,10.0
395760.KS,2023-04-27,10.0
395760.KS,2024-04-29,45.0
395760.KS,2025-04-29,40.0
395760.KS,2026-04-29,35.0
435550.KS,2025-07-30,200.0
435550.KS,2026-07-30,180.0
251590.KS,2023-04-27,600.0
251590.KS,2024-04-29,650.0
251590.KS,2024-07-30,25.0
251590.KS,2024-10-30,110.0
251590.KS,2025-01-24,15.0
251590.KS,2025-04-29,520.0
251590.KS,2025-07-30,40.0
251590.KS,2025-10-30,30.0
251590.KS,2026-01-29,85.0
251590.KS,2026-04-29,450.0
251590.KS,2026-07-30,48.0
140580.KS,2023-04-27,180.0
140580.KS,2024-04-29,230.0
140580.KS,2024-10-30,30.0
140580.KS,2025-01-24,10.0
140580.KS,2025-04-29,150.0
140580.KS,2025-07-30,10.0
140580.KS,2026-04-29,150.0
396510.KS,2025-12-29,110.0
0203D0.KS,2026-06-29,74.0
0203D0.KS,2026-07-30,65.0
0203D0.KS,2026-08-28,63.0
0203D0.KS,2026-09-29,64.0
332610.KS,2025-03-28,398.0
332610.KS,2025-04-29,386.0
332610.KS,2025-05-29,374.0
332610.KS,2025-06-27,377.0
332610.KS,2025-07-30,377.0
332610.KS,2025-08-28,381.0
332610.KS,2025-09-29,382.0
332610.KS,2025-10-30,395.0
332610.KS,2025-11-27,404.0
332610.KS,2025-12-29,406.0
332610.KS,2026-01-29,402.0
332610.KS,2026-02-26,397.0
332610.KS,2026-03-30,382.0
332610.KS,2026-04-29,392.0
332610.KS,2026-05-28,398.0
332610.KS,2026-06-29,414.0
332610.KS,2026-07-30,400.0
332610.KS,2026-08-28,378.0
332610.KS,2026-09-29,369.0
282000.KS,2025-12-12,1479.0
176950.KS,2025-12-29,565.0
430500.KS,2024-12-27,1500.0
430500.KS,2025-12-29,1325.0
266410.KS,2023-04-27,130.0
266410.KS,2024-04-29,126.0
266410.KS,2025-04-29,148.0
266410.KS,2026-04-29,80.0
266410.KS,2026-07-30,51.0
428560.KS,2023-04-27,21.0
428560.KS,2023-07-28,23.0
428560.KS,2023-10-30,33.0
428560.KS,2024-01-30,59.0
428560.KS,2024-04-29,28.0
428560.KS,2024-07-30,25.0
428560.KS,2024-10-30,27.0
428560.KS,2025-01-24,70.0
428560.KS,2025-04-29,44.0
428560.KS,2025-07-30,42.0
428560.KS,2025-10-30,44.0
428560.KS,2026-01-29,38.0
428560.KS,2026-04-29,75.0
428560.KS,2026-07-30,51.0
453660.KS,2023-07-28,13.0
453660.KS,2023-10-30,15.0
453660.KS,2024-01-30,11.0
453660.KS,2024-04-29,15.0
453660.KS,2024-07-30,14.0
453660.KS,2024-10-30,18.0
453660.KS,2025-01-24,19.0
453660.KS,2025-04-29,35.0
453660.KS,2025-07-30,40.0
453660.KS,2025-10-30,30.0
453660.KS,2026-01-29,34.0
453660.KS,2026-04-29,34.0
453660.KS,2026-07-30,35.0
448490.KS,2023-12-27,760.0
448490.KS,2024-12-27,900.0
448490.KS,2025-12-29,500.0
252650.KS,2023-04-27,218.0
252650.KS,2024-04-29,220.0
252650.KS,2025-04-29,249.0
252650.KS,2026-01-29,8.0
252650.KS,2026-04-29,138.0
252650.KS,2026-07-30,100.0
464610.KS,2024-04-29,15.0
464610.KS,2025-04-29,15.0
464610.KS,2026-04-29,12.0
446700.KS,2023-04-27,245.0
446700.KS,2025-04-29,15.0
446700.KS,2026-04-29,16.0
407820.KS,2025-12-29,5.0
354240.KS,2025-12-29,721.0
269370.KS,2023-01-30,90.0
269370.KS,2023-04-27,80.0
269370.KS,2023-07-28,180.0
269370.KS,2023-10-30,75.0
269370.KS,2024-01-30,100.0
269370.KS,2024-04-29,100.0
269370.KS,2024-07-30,250.0
269370.KS,2024-10-30,105.0
269370.KS,2025-01-24,100.0
269370.KS,2025-04-29,80.0
269370.KS,2025-07-30,80.0
269370.KS,2025-10-30,100.0
269370.KS,2026-01-29,120.0
269370.KS,2026-04-29,101.0
269370.KS,2026-07-30,250.0
269530.KS,2023-04-27,500.0
269530.KS,2024-04-29,400.0
269530.KS,2024-07-30,100.0
269530.KS,2025-01-24,100.0
269530.KS,2025-04-29,120.0
269530.KS,2025-07-30,150.0
269530.KS,2025-10-30,160.0
269530.KS,2026-01-29,100.0
269530.KS,2026-04-29,125.0
269530.KS,2026-07-30,260.0
0000H0.KS,2025-07-30,24.0
0000H0.KS,2025-10-30,33.0
0000H0.KS,2026-01-29,10.0
0000H0.KS,2026-04-29,14.0
0000H0.KS,2026-07-30,15.0
252000.KS,2023-04-27,230.0
252000.KS,2024-04-29,180.0
252000.KS,2024-07-30,20.0
252000.KS,2025-04-29,255.0
252000.KS,2025-07-30,25.0
252000.KS,2025-10-30,35.0
252000.KS,2026-04-29,255.0
252000.KS,2026-07-30,60.0
482030.KS,2025-12-29,17.0
438740.KS,2025-12-29,81.0
140570.KS,2023-04-27,120.0
140570.KS,2024-04-29,80.0
140570.KS,2025-04-29,50.0
140570.KS,2025-07-30,30.0
140570.KS,2026-04-29,160.0
419420.KS,2023-07-28,6.0
419420.KS,2024-01-30,3.0
419420.KS,2024-07-30,10.0
419420.KS,2025-01-24,5.0
419420.KS,2025-07-30,7.0
419420.KS,2025-10-30,8.0
419420.KS,2026-01-29,10.0
419420.KS,2026-04-29,6.0
419420.KS,2026-07-30,8.0
0068M0.KS,2026-06-18,85.0
0093B0.KS,2025-09-29,4.0
0093B0.KS,2025-12-29,11.0
0093B0.KS,2026-03-30,11.0
0093B0.KS,2026-06-29,16.0
0093B0.KS,2026-09-29,14.0
435040.KS,2023-04-27,50.0
435040.KS,2023-07-28,50.0
435040.KS,2023-10-30,45.0
435040.KS,2024-01-30,48.0
435040.KS,2024-04-29,55.0
435040.KS,2024-07-30,45.0
435040.KS,2024-10-30,45.0
435040.KS,2025-01-24,42.0
435040.KS,2025-04-29,38.0
435040.KS,2025-07-30,49.0
435040.KS,2025-10-30,42.0
435040.KS,2026-01-29,38.0
435040.KS,2026-04-29,30.0
435040.KS,2026-07-30,32.0
237440.KS,2023-06-07,92.0
237440.KS,2023-12-07,92.0
237440.KS,2024-06-05,89.0
237440.KS,2024-12-06,89.0
237440.KS,2025-06-05,89.0
237440.KS,2025-11-27,42.0
0189Z0.KS,2026-07-30,10.0
0189Z0.KS,2026-08-28,20.0
0189Z0.KS,2026-09-29,20.0
310080.KS,2025-12-29,205.0
0001P0.KS,2025-04-29,10.0
0001P0.KS,2026-04-29,10.0
461580.KS,2024-04-29,35.0
461580.KS,2025-04-29,30.0
461580.KS,2026-04-29,20.0
463640.KS,2023-10-30,60.0
463640.KS,2024-01-30,65.0
463640.KS,2024-04-29,60.0
463640.KS,2024-07-30,75.0
463640.KS,2024-10-30,76.0
463640.KS,2025-01-24,75.0
463640.KS,2025-04-29,89.0
463640.KS,2025-07-30,85.0
463640.KS,2025-10-30,81.0
463640.KS,2026-01-29,90.0
463640.KS,2026-04-29,87.0
463640.KS,2026-07-30,90.0
0113G0.KS,2025-12-29,3.0
460270.KS,2025-12-29,1.0
281990.KS,2023-04-27,380.0
281990.KS,2024-04-29,320.0
281990.KS,2025-04-29,300.0
281990.KS,2025-10-30,100.0
281990.KS,2026-01-29,80.0
281990.KS,2026-04-29,270.0
281990.KS,2026-07-30,32.0
291130.KS,2025-12-29,246.0
371870.KS,2025-12-29,20.0
0194N0.KS,2026-06-29,28.0
0194N0.KS,2026-07-30,11.0
0194N0.KS,2026-08-28,11.0
0194N0.KS,2026-09-29,13.0
463690.KS,2024-01-30,22.0
463690.KS,2024-04-29,19.0
463690.KS,2024-07-30,23.0
463690.KS,2024-10-30,30.0
463690.KS,2025-01-24,26.0
463690.KS,2025-04-29,28.0
463690.KS,2025-07-30,29.0
463690.KS,2025-10-30,37.0
463690.KS,2026-01-29,40.0
463690.KS,2026-04-29,45.0
463690.KS,2026-07-30,45.0
429010.KS,2025-12-29,108.0
181480.KS,2024-08-29,300.0
181480.KS,2024-09-27,317.0
181480.KS,2024-10-30,303.0
181480.KS,2024-11-28,290.0
181480.KS,2024-12-27,280.0
181480.KS,2025-01-24,250.0
181480.KS,2025-02-27,254.0
181480.KS,2025-03-28,241.0
181480.KS,2025-04-29,248.0
181480.KS,2025-05-29,221.0
181480.KS,2025-06-27,270.0
181480.KS,2025-07-30,280.0
181480.KS,2025-08-28,250.0
181480.KS,2025-09-29,261.0
181480.KS,2025-10-30,260.0
181480.KS,2025-11-27,220.0
181480.KS,2025-12-29,220.0
181480.KS,2026-01-29,250.0
181480.KS,2026-02-26,268.0
181480.KS,2026-03-30,220.0
181480.KS,2026-04-29,210.0
181480.KS,2026-05-28,210.0
181480.KS,2026-06-29,280.0
181480.KS,2026-07-30,245.0
181480.KS,2026-08-28,214.0
181480.KS,2026-09-29,207.0
139240.KS,2023-04-27,195.0
139240.KS,2023-07-28,10.0
139240.KS,2023-10-30,35.0
139240.KS,2024-04-29,110.0
139240.KS,2024-10-30,40.0
139240.KS,2025-04-29,160.0
139240.KS,2025-10-30,40.0
139240.KS,2026-04-29,260.0
217780.KS,2025-12-29,185.0
0094L0.KS,2025-09-29,102.0
0094L0.KS,2025-10-30,103.0
0094L0.KS,2025-11-27,87.0
0094L0.KS,2025-12-29,108.0
0094L0.KS,2026-01-29,101.0
0094L0.KS,2026-02-26,87.0
0094L0.KS,2026-03-30,89.0
0094L0.KS,2026-04-29,87.0
0094L0.KS,2026-05-28,84.0
0094L0.KS,2026-06-29,83.0
0094L0.KS,2026-07-30,83.0
0094L0.KS,2026-08-28,76.0
0094L0.KS,2026-09-29,70.0
261110.KS,2025-12-29,248.0
341850.KS,2023-01-30,7.0
341850.KS,2023-02-27,38.0
341850.KS,2023-04-27,30.0
341850.KS,2023-05-30,7.0
341850.KS,2023-06-29,7.0
341850.KS,2023-07-28,12.0
341850.KS,2023-08-30,22.0
341850.KS,2023-10-30,27.0
341850.KS,2023-11-29,10.0
341850.KS,2023-12-27,11.0
341850.KS,2024-01-30,9.0
341850.KS,2024-02-28,35.0
341850.KS,2024-03-28,36.0
341850.KS,2024-04-29,31.0
341850.KS,2024-05-30,11.0
341850.KS,2024-06-27,31.0
341850.KS,2024-07-30,9.0
341850.KS,2024-08-29,24.0
341850.KS,2024-09-27,32.0
341850.KS,2024-10-30,22.0
341850.KS,2024-11-28,9.0
341850.KS,2024-12-27,10.0
341850.KS,2025-01-24,7.0
341850.KS,2025-02-27,31.0
341850.KS,2025-03-28,24.0
341850.KS,2025-04-29,24.0
341850.KS,2025-05-29,24.0
341850.KS,2025-06-27,24.0
341850.KS,2025-07-30,24.0
341850.KS,2025-08-28,24.0
341850.KS,2025-09-29,24.0
341850.KS,2025-10-30,24.0
341850.KS,2025-11-27,24.0
341850.KS,2025-12-29,24.0
341850.KS,2026-01-29,24.0
341850.KS,2026-02-26,24.0
341850.KS,2026-03-30,24.0
341850.KS,2026-04-29,24.0
341850.KS,2026-05-28,24.0
341850.KS,2026-06-29,24.0
341850.KS,2026-07-30,24.0
341850.KS,2026-08-28,24.0
341850.KS,2026-09-29,24.0
117690.KS,2023-12-27,10.0
117690.KS,2024-12-27,500.0
117690.KS,2025-12-29,660.0
381570.KS,2023-04-25,50.0
381570.KS,2023-04-27,50.0
381570.KS,2024-04-29,30.0
381570.KS,2025-04-29,15.0
381570.KS,2025-07-30,5.0
381570.KS,2026-04-29,35.0
0174R0.KS,2026-07-30,12.0
354350.KS,2025-12-29,5.0
487910.KS,2025-12-29,3.0
270800.KS,2023-04-27,270.0
270800.KS,2024-04-29,270.0
270800.KS,2025-04-29,140.0
270800.KS,2025-07-30,150.0
270800.KS,2025-10-30,20.0
270800.KS,2026-01-29,70.0
270800.KS,2026-04-29,200.0
270800.KS,2026-07-30,35.0
0084D0.KS,2025-08-28,12.0
0084D0.KS,2025-09-29,12.0
0084D0.KS,2025-10-30,12.0
0084D0.KS,2025-11-27,13.0
0084D0.KS,2025-12-29,13.0
0084D0.KS,2026-01-29,13.0
0084D0.KS,2026-02-26,13.0
0084D0.KS,2026-03-30,13.0
0084D0.KS,2026-04-29,13.0
0084D0.KS,2026-05-28,14.0
0084D0.KS,2026-06-29,14.0
0084D0.KS,2026-07-30,14.0
0084D0.KS,2026-08-28,14.0
0084D0.KS,2026-09-29,14.0
399580.KS,2025-12-29,141.0
399580.KS,2026-07-30,57.0
266390.KS,2023-04-27,100.0
266390.KS,2024-04-29,177.0
266390.KS,2025-04-29,162.0
266390.KS,2026-04-29,65.0
266390.KS,2026-07-30,114.0
0216K0.KS,2026-08-28,10.0
0216K0.KS,2026-09-29,10.0
494180.KS,2025-12-29,21.0
395150.KS,2023-04-27,5.0
395150.KS,2024-04-29,5.0
395150.KS,2025-04-29,7.0
456250.KS,2023-10-30,103.0
456250.KS,2024-04-29,30.0
456250.KS,2024-10-30,30.0
456250.KS,2025-04-29,17.0
456250.KS,2025-07-30,95.0
456250.KS,2025-10-30,25.0
456250.KS,2026-01-29,16.0
456250.KS,2026-04-29,5.0
456250.KS,2026-07-30,75.0
215620.KS,2023-04-27,125.0
215620.KS,2024-04-29,110.0
215620.KS,2025-04-29,270.0
215620.KS,2026-04-29,510.0
174350.KS,2023-04-27,545.0
174350.KS,2023-07-28,25.0
174350.KS,2023-10-30,20.0
174350.KS,2024-04-29,520.0
174350.KS,2024-07-30,15.0
174350.KS,2024-10-30,15.0
174350.KS,2025-04-29,525.0
174350.KS,2025-07-30,40.0
174350.KS,2025-10-30,25.0
174350.KS,2026-04-29,525.0
174350.KS,2026-07-30,60.0
497510.KS,2025-04-29,112.0
497510.KS,2025-07-30,60.0
497510.KS,2025-10-30,51.0
497510.KS,2026-01-29,58.0
497510.KS,2026-04-29,100.0
497510.KS,2026-07-30,79.0
105010.KS,2023-04-27,40.0
105010.KS,2023-07-28,40.0
105010.KS,2023-10-30,25.0
105010.KS,2024-01-30,30.0
105010.KS,2024-04-29,30.0
105010.KS,2024-07-30,30.0
105010.KS,2024-10-30,25.0
105010.KS,2025-01-24,30.0
105010.KS,2025-04-29,40.0
105010.KS,2025-07-30,50.0
105010.KS,2025-10-30,45.0
105010.KS,2026-01-29,60.0
105010.KS,2026-04-29,42.0
105010.KS,2026-07-30,53.0
429980.KS,2023-04-27,43.0
429980.KS,2024-04-29,40.0
429980.KS,2025-04-29,65.0
429980.KS,2026-04-29,75.0
0008E0.KS,2025-12-29,6.0
435540.KS,2025-07-30,195.0
435540.KS,2026-07-30,235.0
449680.KS,2025-12-29,6.0
395750.KS,2023-04-27,60.0
395750.KS,2024-04-29,30.0
395750.KS,2025-04-29,40.0
395750.KS,2026-04-29,40.0
497520.KS,2025-12-29,88.0
395280.KS,2023-04-27,5.0
395280.KS,2024-04-29,10.0
395280.KS,2025-04-29,10.0
182490.KS,2023-12-27,387.0
182490.KS,2024-12-27,133.0
182490.KS,2025-11-27,46.0
375270.KS,2025-12-29,230.0
0067Y0.KS,2025-10-30,12.0
0176P0.KS,2026-04-29,195.0
0176P0.KS,2026-05-28,175.0
0176P0.KS,2026-06-29,325.0
0176P0.KS,2026-07-30,165.0
0176P0.KS,2026-08-28,185.0
0176P0.KS,2026-09-29,220.0
227550.KS,2023-04-27,125.0
227550.KS,2024-04-29,98.0
227550.KS,2025-04-29,155.0
227550.KS,2026-04-29,270.0
304670.KS,2025-12-29,120.0
480460.KS,2024-06-27,25.0
480460.KS,2024-07-30,50.0
480460.KS,2024-08-29,50.0
480460.KS,2024-09-27,50.0
480460.KS,2024-10-30,50.0
480460.KS,2024-11-28,50.0
480460.KS,2024-12-27,50.0
480460.KS,2025-01-24,50.0
480460.KS,2025-02-27,50.0
480460.KS,2025-04-29,50.0
480460.KS,2025-05-29,50.0
480460.KS,2025-06-27,50.0
480460.KS,2025-07-30,50.0
480460.KS,2025-08-28,50.0
480460.KS,2025-09-29,50.0
480460.KS,2025-10-30,50.0
480460.KS,2025-11-27,50.0
480460.KS,2025-12-29,50.0
480460.KS,2026-01-29,50.0
480460.KS,2026-02-26,50.0
480460.KS,2026-03-30,50.0
480460.KS,2026-04-29,50.0
480460.KS,2026-05-28,50.0
480460.KS,2026-06-29,50.0
480460.KS,2026-07-30,50.0
480460.KS,2026-08-28,50.0
480460.KS,2026-09-29,50.0
371150.KS,2025-12-29,65.0
371150.KS,2026-07-30,55.0
189400.KS,2025-12-29,5.0
227570.KS,2023-04-27,340.0
227570.KS,2024-04-29,400.0
227570.KS,2025-04-29,325.0
227570.KS,2026-04-29,325.0
285690.KS,2023-04-27,111.0
285690.KS,2024-04-29,97.0
285690.KS,2025-04-29,121.0
494210.KS,2024-11-28,160.0
494210.KS,2024-12-27,110.0
494210.KS,2025-01-24,110.0
494210.KS,2025-02-27,110.0
494210.KS,2025-04-29,95.0
494210.KS,2025-05-29,94.0
494210.KS,2025-06-27,98.0
494210.KS,2025-07-30,103.0
494210.KS,2025-08-28,104.0
494210.KS,2025-09-29,107.0
494210.KS,2025-10-30,112.0
494210.KS,2025-11-27,111.0
494210.KS,2025-12-29,112.0
494210.KS,2026-01-29,111.0
494210.KS,2026-02-26,108.0
494210.KS,2026-03-30,107.0
494210.KS,2026-04-29,113.0
494210.KS,2026-05-28,121.0
494210.KS,2026-06-29,120.0
494210.KS,2026-07-30,112.0
494210.KS,2026-08-28,109.0
494210.KS,2026-09-29,108.0
435530.KS,2025-07-30,215.0
435530.KS,2026-07-30,250.0
0138D0.KS,2026-04-29,90.0
253280.KS,2023-04-27,16.0
253280.KS,2025-04-29,20.0
253280.KS,2026-04-29,25.0
272570.KS,2025-12-12,1.381
225800.KS,2025-12-29,160.0
402460.KS,2023-04-27,55.0
402460.KS,2023-07-28,10.0
402460.KS,2023-10-30,15.0
402460.KS,2024-01-30,10.0
402460.KS,2024-04-29,50.0
402460.KS,2024-10-30,10.0
402460.KS,2025-04-29,45.0
402460.KS,2025-07-30,10.0
402460.KS,2025-10-30,5.0
402460.KS,2026-04-29,50.0
402460.KS,2026-07-30,15.0
488480.KS,2025-12-29,188.0
488480.KS,2026-07-30,115.0
0005C0.KS,2025-12-29,196.0
315270.KS,2023-04-27,225.0
315270.KS,2023-07-28,30.0
315270.KS,2023-10-30,40.0
315270.KS,2024-04-29,266.0
315270.KS,2024-07-30,30.0
315270.KS,2024-10-30,60.0
315270.KS,2025-04-29,195.0
315270.KS,2025-07-30,65.0
315270.KS,2025-10-30,70.0
315270.KS,2026-04-29,150.0
315270.KS,2026-07-30,90.0
487920.KS,2025-12-29,3.0
437370.KS,2025-12-29,221.0
437370.KS,2026-07-30,72.0
244670.KS,2023-04-27,220.0
244670.KS,2024-04-29,290.0
244670.KS,2025-04-29,206.0
244670.KS,2026-01-29,78.0
244670.KS,2026-04-29,76.0
244670.KS,2026-07-30,179.0
400590.KS,2025-12-29,2.0
225050.KS,2025-12-29,230.0
0094X0.KS,2026-01-29,10.0
0094X0.KS,2026-07-30,61.0
256450.KS,2025-12-29,5.0
0082F0.KS,2026-01-29,12.0
326230.KS,2023-04-27,130.0
326230.KS,2024-04-29,110.0
326230.KS,2025-04-29,20.0
326230.KS,2025-07-30,100.0
326230.KS,2026-04-29,80.0
0036Z0.KS,2025-12-29,254.0
0036Z0.KS,2026-07-30,250.0
139290.KS,2023-04-27,370.0
139290.KS,2023-10-30,45.0
139290.KS,2024-04-29,516.0
139290.KS,2024-10-30,40.0
139290.KS,2025-04-29,500.0
139290.KS,2025-10-30,80.0
139290.KS,2026-04-29,200.0
456200.KS,2025-12-29,15.0
307510.KS,2023-04-27,25.0
307510.KS,2024-04-29,46.0
307510.KS,2025-04-29,205.0
307510.KS,2026-07-30,156.0
138920.KS,2025-12-29,27.0
289670.KS,2025-12-12,487.0
451670.KS,2025-12-29,201.0
368680.KS,2023-04-27,10.0
368680.KS,2024-04-29,10.0
368680.KS,2025-04-29,35.0
368680.KS,2026-04-29,44.0
368680.KS,2026-07-30,9.0
0047N0.KS,2025-12-29,25.0
0047N0.KS,2026-04-29,40.0
429740.KS,2023-04-27,400.0
429740.KS,2023-07-28,50.0
429740.KS,2023-10-30,170.0
429740.KS,2024-01-30,40.0
429740.KS,2024-02-28,35.0
429740.KS,2024-03-28,40.0
429740.KS,2024-04-29,45.0
429740.KS,2024-05-30,45.0
429740.KS,2024-06-27,40.0
429740.KS,2024-07-30,50.0
429740.KS,2024-08-29,50.0
429740.KS,2024-09-27,50.0
429740.KS,2024-10-30,50.0
429740.KS,2024-11-28,50.0
429740.KS,2024-12-27,45.0
429740.KS,2025-01-24,40.0
429740.KS,2025-02-27,40.0
429740.KS,2025-03-28,45.0
429740.KS,2025-04-29,50.0
429740.KS,2025-05-29,40.0
429740.KS,2025-06-27,40.0
429740.KS,2025-07-30,40.0
429740.KS,2025-08-28,40.0
429740.KS,2025-09-29,40.0
429740.KS,2025-10-30,40.0
429740.KS,2025-11-27,40.0
429740.KS,2025-12-29,40.0
429740.KS,2026-01-29,40.0
429740.KS,2026-02-26,30.0
429740.KS,2026-03-30,30.0
429740.KS,2026-04-29,35.0
429740.KS,2026-05-28,27.0
429740.KS,2026-06-29,27.0
429740.KS,2026-07-30,28.0
429740.KS,2026-08-28,27.0
429740.KS,2026-09-29,131.0
483020.KS,2025-04-29,25.0
483020.KS,2026-04-29,30.0
400580.KS,2025-12-29,100.0
316300.KS,2024-08-29,55.0
316300.KS,2024-09-27,60.0
316300.KS,2024-10-30,58.0
316300.KS,2024-11-28,54.0
316300.KS,2024-12-27,55.0
316300.KS,2025-01-24,60.0
316300.KS,2025-02-27,55.0
316300.KS,2025-03-28,56.0
316300.KS,2025-04-29,56.0
316300.KS,2025-05-29,50.0
316300.KS,2025-06-27,57.0
316300.KS,2025-07-30,60.0
316300.KS,2025-08-28,57.0
316300.KS,2025-09-29,61.0
316300.KS,2025-10-30,65.0
316300.KS,2025-11-27,69.0
316300.KS,2025-12-29,69.0
316300.KS,2026-01-29,57.0
316300.KS,2026-02-26,69.0
316300.KS,2026-03-30,61.0
316300.KS,2026-04-29,64.0
316300.KS,2026-05-28,67.0
316300.KS,2026-06-29,68.0
316300.KS,2026-07-30,65.0
316300.KS,2026-08-28,52.0
316300.KS,2026-09-29,49.0
267450.KS,2025-12-29,174.0
0166T0.KS,2026-04-29,5.0
314700.KS,2023-04-27,205.0
314700.KS,2024-04-29,185.0
314700.KS,2025-04-29,120.0
314700.KS,2025-10-30,5.0
314700.KS,2026-04-29,130.0
314700.KS,2026-07-30,15.0
0053M0.KS,2026-04-29,263.0
0114X0.KS,2025-12-29,7.0
401590.KS,2025-12-29,30.0
407300.KS,2023-01-30,15.0
407300.KS,2023-04-27,85.0
407300.KS,2024-04-29,120.0
407300.KS,2025-04-29,85.0
407300.KS,2026-01-29,5.0
407300.KS,2026-04-29,140.0
407300.KS,2026-07-30,10.0
291890.KS,2025-12-29,62.0
238670.KS,2023-04-27,70.0
238670.KS,2024-04-29,100.0
238670.KS,2025-04-29,105.0
238670.KS,2026-04-29,200.0
499150.KS,2025-01-24,10.0
499150.KS,2025-02-27,10.0
499150.KS,2025-04-29,9.0
499150.KS,2025-05-29,9.0
499150.KS,2025-06-27,9.0
499150.KS,2025-07-30,9.0
499150.KS,2025-08-28,9.0
499150.KS,2025-09-29,10.0
499150.KS,2025-10-30,10.0
499150.KS,2025-11-27,9.0
499150.KS,2025-12-29,10.0
499150.KS,2026-01-29,10.0
499150.KS,2026-02-26,10.0
499150.KS,2026-03-30,10.0
499150.KS,2026-04-29,10.0
499150.KS,2026-05-28,10.0
499150.KS,2026-06-29,10.0
499150.KS,2026-07-30,10.0
499150.KS,2026-08-28,10.0
499150.KS,2026-09-29,10.0
0087F0.KS,2025-12-29,10.0
390400.KS,2023-07-28,14.0
390400.KS,2024-01-30,10.0
390400.KS,2024-07-30,15.0
390400.KS,2025-01-24,10.0
390400.KS,2025-07-30,15.0
390400.KS,2025-10-30,9.0
390400.KS,2026-01-29,16.0
390400.KS,2026-04-29,19.0
390400.KS,2026-07-30,10.0
220130.KS,2025-12-29,2.0
0174J0.KS,2026-04-29,10.0
0174J0.KS,2026-05-28,10.0
0174J0.KS,2026-06-29,10.0
0174J0.KS,2026-07-30,20.0
0174J0.KS,2026-08-28,40.0
0174J0.KS,2026-09-29,50.0
219900.KS,2025-12-29,37.0
295000.KS,2025-12-12,347.0
0015E0.KS,2025-04-29,15.0
0015E0.KS,2025-05-29,20.0
0015E0.KS,2025-06-27,20.0
0015E0.KS,2025-07-30,20.0
0015E0.KS,2025-08-28,20.0
0015E0.KS,2025-09-29,20.0
0015E0.KS,2025-10-30,20.0
0015E0.KS,2025-11-27,20.0
0015E0.KS,2025-12-29,20.0
0015E0.KS,2026-01-29,20.0
0015E0.KS,2026-02-26,20.0
0015E0.KS,2026-03-30,20.0
0015E0.KS,2026-04-29,20.0
0015E0.KS,2026-05-28,20.0
0015E0.KS,2026-06-29,20.0
0015E0.KS,2026-07-30,20.0
0015E0.KS,2026-08-28,20.0
0015E0.KS,2026-09-29,20.0
0102X0.KS,2025-12-29,9.0
0102X0.KS,2026-04-29,32.0
0102X0.KS,2026-07-30,32.0
483030.KS,2024-10-30,40.0
483030.KS,2025-04-29,40.0
483030.KS,2025-07-30,145.0
483030.KS,2025-10-30,35.0
483030.KS,2026-01-29,42.0
483030.KS,2026-04-29,50.0
483030.KS,2026-07-30,40.0
413220.KS,2025-12-29,58.0
476310.KS,2025-12-29,151.0
476310.KS,2026-07-30,114.0
227560.KS,2023-04-27,170.0
227560.KS,2023-10-30,25.0
227560.KS,2024-04-29,119.0
227560.KS,2024-07-30,15.0
227560.KS,2024-10-30,20.0
227560.KS,2025-04-29,140.0
227560.KS,2025-07-30,15.0
227560.KS,2025-10-30,45.0
227560.KS,2026-04-29,250.0
227560.KS,2026-07-30,30.0
0015K0.KS,2025-12-29,50.0
474390.KS,2025-12-12,915.0
411860.KS,2023-07-28,150.0
411860.KS,2024-07-30,170.0
411860.KS,2025-04-29,30.0
411860.KS,2025-07-30,200.0
411860.KS,2026-01-29,5.0
411860.KS,2026-04-29,109.0
411860.KS,2026-07-30,350.0
267440.KS,2025-12-29,199.0
0073X0.KS,2025-07-30,95.0
0073X0.KS,2025-08-28,105.0
0073X0.KS,2025-09-29,114.0
0073X0.KS,2025-10-30,122.0
0073X0.KS,2025-11-27,120.0
0073X0.KS,2025-12-29,110.0
0073X0.KS,2026-01-29,116.0
0073X0.KS,2026-02-26,112.0
0073X0.KS,2026-03-30,108.0
0073X0.KS,2026-04-29,105.0
0073X0.KS,2026-05-28,100.0
0073X0.KS,2026-06-29,100.0
0073X0.KS,2026-07-30,95.0
0073X0.KS,2026-08-28,83.0
0073X0.KS,2026-09-29,79.0
266550.KS,2023-04-27,100.0
266550.KS,2024-04-29,350.0
266550.KS,2025-04-29,390.0
266550.KS,2026-04-29,400.0
498610.KS,2025-12-29,101.0
498610.KS,2026-07-30,55.0
391600.KS,2025-12-29,54.0
0078V0.KS,2025-12-29,7.0
0078V0.KS,2026-04-29,5.0
205720.KS,2025-12-29,1.0
277650.KS,2023-04-27,350.0
277650.KS,2023-10-30,15.0
277650.KS,2024-04-29,310.0
277650.KS,2025-04-29,215.0
277650.KS,2026-04-29,215.0
0128D0.KS,2025-12-29,117.0
0128D0.KS,2026-01-29,121.0
0128D0.KS,2026-02-26,108.0
0128D0.KS,2026-03-30,105.0
0128D0.KS,2026-04-29,105.0
0128D0.KS,2026-05-28,104.0
0128D0.KS,2026-06-29,100.0
0128D0.KS,2026-07-30,95.0
0128D0.KS,2026-08-28,88.0
0128D0.KS,2026-09-29,81.0
0050E0.KS,2025-12-29,97.0
0050E0.KS,2026-04-29,15.0
291680.KS,2025-12-29,143.0
373790.KS,2023-04-27,100.0
373790.KS,2024-01-30,120.0
373790.KS,2024-04-29,40.0
373790.KS,2024-07-30,20.0
373790.KS,2024-08-29,30.0
373790.KS,2024-09-27,20.0
373790.KS,2024-10-30,20.0
373790.KS,2024-11-28,20.0
373790.KS,2024-12-27,20.0
373790.KS,2025-01-24,20.0
373790.KS,2025-02-27,20.0
373790.KS,2025-03-28,20.0
373790.KS,2025-04-29,20.0
373790.KS,2025-05-29,25.0
373790.KS,2025-06-27,25.0
373790.KS,2025-07-30,25.0
373790.KS,2025-08-28,25.0
373790.KS,2025-09-29,25.0
373790.KS,2025-10-30,25.0
373790.KS,2025-11-27,25.0
373790.KS,2025-12-29,25.0
373790.KS,2026-01-29,25.0
373790.KS,2026-02-26,24.0
373790.KS,2026-03-30,25.0
373790.KS,2026-04-29,24.0
373790.KS,2026-05-28,24.0
373790.KS,2026-06-29,25.0
373790.KS,2026-07-30,25.0
373790.KS,2026-08-28,30.0
373790.KS,2026-09-29,25.0
226380.KS,2023-04-27,50.0
226380.KS,2024-04-29,45.0
226380.KS,2025-04-29,70.0
226380.KS,2026-04-29,60.0
243890.KS,2025-12-29,85.0
0131A0.KS,2025-12-29,1.0
225030.KS,2025-12-29,56.0
334690.KS,2025-12-29,39.0
244660.KS,2023-04-27,162.0
244660.KS,2024-04-29,170.0
244660.KS,2025-04-29,184.0
244660.KS,2026-04-29,136.0
244660.KS,2026-07-30,79.0
427120.KS,2025-12-29,5.0
427120.KS,2026-04-29,100.0
321410.KS,2025-10-30,85.0
321410.KS,2026-01-29,169.0
321410.KS,2026-04-29,60.0
321410.KS,2026-07-30,88.0
0079X0.KS,2025-12-29,34.0
267490.KS,2025-12-29,94.0
491630.KS,2025-12-29,496.0
334700.KS,2025-12-29,59.0
280320.KS,2025-12-29,289.0
261920.KS,2025-12-29,180.0
412560.KS,2025-12-29,12.0
465620.KS,2025-12-29,188.0
